{
  "buildNumber": "276",
  "buildId": "BdYYCv-Z",
  "sessionId": "P2QeoMsYc",
  "durationSec": 36.503,
  "avgFps": 36.54354782867889,
  "minFps": 28.01787382721959,
  "maxFps": 42.24570034076106,
  "avgSectionTimingsMs": {
    "hud": 0.02487922729789347,
    "camera": 0.008695652183511215,
    "autoEngage": 0.005436971321539969,
    "syncPlayers": 0.1278807413520398,
    "syncUnits": 0.5307010477536345,
    "syncResources": 0.02828364200307706,
    "sendClientPoses": 0.08976631763479001,
    "effectsAndFog": 0.06156325568411256,
    "syncStructures": 0.20410447712264843
  },
  "userAgent": "Mozilla/5.0 (Linux; Android 10; K) AppleWebKit/537.36 (KHTML, like Gecko) Chrome/145.0.0.0 Mobile Safari/537.36",
  "timestamp": "2026-04-13T20:20:55.475Z"
}