{
  "buildNumber": "274",
  "buildId": "CB7E_Olw",
  "sessionId": "PJns0EXEj",
  "durationSec": 20.799,
  "avgFps": 43.09865112466661,
  "minFps": 37.22873589649656,
  "maxFps": 47.48005890965272,
  "avgSectionTimingsMs": {
    "hud": 0.018149466206311898,
    "camera": 0.006998813944213614,
    "autoEngage": 0.003976261120521704,
    "syncPlayers": 0.09346793386687009,
    "syncUnits": 0.4100950121030105,
    "syncResources": 0.020783848122576352,
    "sendClientPoses": 0.05890736320098052,
    "effectsAndFog": 0.05498812331722921,
    "syncStructures": 0.27756410244947827
  },
  "userAgent": "Mozilla/5.0 (Linux; Android 10; K) AppleWebKit/537.36 (KHTML, like Gecko) Chrome/145.0.0.0 Mobile Safari/537.36",
  "timestamp": "2026-04-13T20:10:49.284Z"
}