{
  "buildNumber": "274",
  "buildId": "CB7E_Olw",
  "sessionId": "PJns0EXEj",
  "durationSec": 21.63,
  "avgFps": 42.90850683784745,
  "minFps": 37.171551922372416,
  "maxFps": 47.48005890965272,
  "avgSectionTimingsMs": {
    "hud": 0.018484500532993355,
    "camera": 0.007233065592572007,
    "autoEngage": 0.004078116021849245,
    "syncPlayers": 0.09344827621832662,
    "syncUnits": 0.4304597702519647,
    "syncResources": 0.020574712787551443,
    "sendClientPoses": 0.061839080302194614,
    "effectsAndFog": 0.05482758602191662,
    "syncStructures": 0.26913580224837785
  },
  "userAgent": "Mozilla/5.0 (Linux; Android 10; K) AppleWebKit/537.36 (KHTML, like Gecko) Chrome/145.0.0.0 Mobile Safari/537.36",
  "timestamp": "2026-04-13T20:10:50.115Z"
}