{
  "buildNumber": "277",
  "buildId": "CMEduUks",
  "sessionId": "q0WoIYLvG",
  "durationSec": 0.137,
  "avgFps": 33.36236808667137,
  "minFps": 33.36236808667137,
  "maxFps": 33.36236808667137,
  "avgSectionTimingsMs": {
    "hud": 0,
    "camera": 0.019999998807907104,
    "autoEngage": 0.01111111044883728,
    "syncPlayers": 0.07499999552965164,
    "syncUnits": 1.175000011920929,
    "syncResources": 0.02499999850988388,
    "sendClientPoses": 0.17499999701976776,
    "effectsAndFog": 0.07499999552965164,
    "syncStructures": 0.09999999403953552
  },
  "userAgent": "Mozilla/5.0 (Linux; Android 10; K) AppleWebKit/537.36 (KHTML, like Gecko) Chrome/145.0.0.0 Mobile Safari/537.36",
  "timestamp": "2026-04-13T20:25:55.909Z"
}