{
  "buildNumber": "277",
  "buildId": "CMEduUks",
  "sessionId": "q0WoIYLvG",
  "durationSec": 19.788,
  "avgFps": 37.986722114480074,
  "minFps": 36.94121099749357,
  "maxFps": 39.361938941941844,
  "avgSectionTimingsMs": {
    "hud": 0.021603260675202244,
    "camera": 0.007880434596344181,
    "autoEngage": 0.004078858061601806,
    "syncPlayers": 0.07537414962742604,
    "syncUnits": 0.057414966416196755,
    "syncResources": 0.024489795634535703,
    "sendClientPoses": 0.009659863937468757,
    "effectsAndFog": 0.04952380924808736,
    "syncStructures": 0.24765100655139693
  },
  "userAgent": "Mozilla/5.0 (Linux; Android 10; K) AppleWebKit/537.36 (KHTML, like Gecko) Chrome/145.0.0.0 Mobile Safari/537.36",
  "timestamp": "2026-04-13T20:25:24.627Z"
}