{
  "buildNumber": "277",
  "buildId": "CMEduUks",
  "sessionId": "q0WoIYLvG",
  "durationSec": 19.141,
  "avgFps": 37.98143356672649,
  "minFps": 36.94121099749357,
  "maxFps": 39.361938941941844,
  "avgSectionTimingsMs": {
    "hud": 0.021288515222506698,
    "camera": 0.007983193093655156,
    "autoEngage": 0.0037841627292058313,
    "syncPlayers": 0.07419354835365799,
    "syncUnits": 0.034221599346123434,
    "syncResources": 0.024684431634812,
    "sendClientPoses": 0.005049088350686586,
    "effectsAndFog": 0.04782608669737111,
    "syncStructures": 0.2527777778191699
  },
  "userAgent": "Mozilla/5.0 (Linux; Android 10; K) AppleWebKit/537.36 (KHTML, like Gecko) Chrome/145.0.0.0 Mobile Safari/537.36",
  "timestamp": "2026-04-13T20:25:23.980Z"
}