{
  "buildNumber": "273",
  "buildId": "BF-xNiwv",
  "sessionId": "P_6xpY7hD",
  "durationSec": 1.697,
  "avgFps": 39.04792041389303,
  "minFps": 38.68112189989097,
  "maxFps": 40.321994488695054,
  "avgSectionTimingsMs": {
    "hud": 0.02786885226359133,
    "camera": 0.00983606547605796,
    "autoEngage": 0.003305785173226979,
    "syncPlayers": 0.07499999900658925,
    "syncUnits": 0.028333333631356556,
    "syncResources": 0.03333333283662796,
    "sendClientPoses": 0.0016666665673255921,
    "effectsAndFog": 8.160000000894069,
    "syncStructures": 0.00833333283662796
  },
  "userAgent": "Mozilla/5.0 (Linux; Android 10; K) AppleWebKit/537.36 (KHTML, like Gecko) Chrome/145.0.0.0 Mobile Safari/537.36",
  "timestamp": "2026-04-13T20:01:58.586Z"
}