{
  "buildNumber": "276",
  "buildId": "BdYYCv-Z",
  "sessionId": "P2QeoMsYc",
  "durationSec": 21.482,
  "avgFps": 39.21877494502434,
  "minFps": 35.05566234700809,
  "maxFps": 42.24570034076106,
  "avgSectionTimingsMs": {
    "hud": 0.027023661626528386,
    "camera": 0.006475716198366576,
    "autoEngage": 0.00492211830950229,
    "syncPlayers": 0.11184538670460185,
    "syncUnits": 0.22768079796039553,
    "syncResources": 0.02743142129774403,
    "sendClientPoses": 0.04201995025846429,
    "effectsAndFog": 0.059226933002769204,
    "syncStructures": 0.28930817591319297
  },
  "userAgent": "Mozilla/5.0 (Linux; Android 10; K) AppleWebKit/537.36 (KHTML, like Gecko) Chrome/145.0.0.0 Mobile Safari/537.36",
  "timestamp": "2026-04-13T20:20:40.454Z"
}