{
  "buildNumber": "276",
  "buildId": "BdYYCv-Z",
  "sessionId": "P2QeoMsYc",
  "durationSec": 11.276,
  "avgFps": 41.03048195860994,
  "minFps": 39.638383967582946,
  "maxFps": 42.24570034076106,
  "avgSectionTimingsMs": {
    "hud": 0.026666666865348816,
    "camera": 0.0057777778969870675,
    "autoEngage": 0.003448275822288335,
    "syncPlayers": 0.10579064634435692,
    "syncUnits": 0.06815144731632054,
    "syncResources": 0.02605790610037296,
    "sendClientPoses": 0.007572383153146518,
    "effectsAndFog": 0.05812917639789709,
    "syncStructures": 0.33294117590960337
  },
  "userAgent": "Mozilla/5.0 (Linux; Android 10; K) AppleWebKit/537.36 (KHTML, like Gecko) Chrome/145.0.0.0 Mobile Safari/537.36",
  "timestamp": "2026-04-13T20:20:30.248Z"
}