{
  "buildNumber": "276",
  "buildId": "BdYYCv-Z",
  "sessionId": "P2QeoMsYc",
  "durationSec": 50.574,
  "avgFps": 34.257456884175284,
  "minFps": 23.512293066686027,
  "maxFps": 42.24570034076106,
  "avgSectionTimingsMs": {
    "hud": 0.02623261714780376,
    "camera": 0.01024020224922677,
    "autoEngage": 0.006291495323407285,
    "syncPlayers": 0.14452877927248725,
    "syncUnits": 0.7556609743045599,
    "syncResources": 0.029222011283407626,
    "sendClientPoses": 0.1211258696838695,
    "effectsAndFog": 0.06268184709820394,
    "syncStructures": 0.19623655881932986
  },
  "userAgent": "Mozilla/5.0 (Linux; Android 10; K) AppleWebKit/537.36 (KHTML, like Gecko) Chrome/145.0.0.0 Mobile Safari/537.36",
  "timestamp": "2026-04-13T20:21:09.547Z"
}