{
  "buildNumber": "277",
  "buildId": "CMEduUks",
  "sessionId": "q0WoIYLvG",
  "durationSec": 30.893,
  "avgFps": 36.55337689059573,
  "minFps": 28.940932728632177,
  "maxFps": 39.361938941941844,
  "avgSectionTimingsMs": {
    "hud": 0.02274436072299355,
    "camera": 0.008834586331718847,
    "autoEngage": 0.005688763597956497,
    "syncPlayers": 0.08156161785462165,
    "syncUnits": 0.4930385704435275,
    "syncResources": 0.025776105199573407,
    "sendClientPoses": 0.05606773274189329,
    "effectsAndFog": 0.04967074313482247,
    "syncStructures": 0.19304347841635994
  },
  "userAgent": "Mozilla/5.0 (Linux; Android 10; K) AppleWebKit/537.36 (KHTML, like Gecko) Chrome/145.0.0.0 Mobile Safari/537.36",
  "timestamp": "2026-04-13T20:25:35.733Z"
}