{
  "buildNumber": "274",
  "buildId": "CB7E_Olw",
  "sessionId": "PJns0EXEj",
  "durationSec": 23.94,
  "avgFps": 42.417703085872716,
  "minFps": 35.78399795633448,
  "maxFps": 47.48005890965272,
  "avgSectionTimingsMs": {
    "hud": 0.018172157241484816,
    "camera": 0.0075451648387341395,
    "autoEngage": 0.004359383284570308,
    "syncPlayers": 0.09872340455334237,
    "syncUnits": 0.5324468087959797,
    "syncResources": 0.02031914899323849,
    "sendClientPoses": 0.07053191484288966,
    "effectsAndFog": 0.05627659552908958,
    "syncStructures": 0.2558659213548266
  },
  "userAgent": "Mozilla/5.0 (Linux; Android 10; K) AppleWebKit/537.36 (KHTML, like Gecko) Chrome/145.0.0.0 Mobile Safari/537.36",
  "timestamp": "2026-04-13T20:10:52.427Z"
}