{
  "buildNumber": "277",
  "buildId": "CMEduUks",
  "sessionId": "q0WoIYLvG",
  "durationSec": 14.179,
  "avgFps": 38.14207267981321,
  "minFps": 37.25494799665809,
  "maxFps": 39.361938941941844,
  "avgSectionTimingsMs": {
    "hud": 0.02068311185266759,
    "camera": 0.008159392585790588,
    "autoEngage": 0.003418803554654461,
    "syncPlayers": 0.07585551314934125,
    "syncUnits": 0.033840304545123316,
    "syncResources": 0.026235740957604614,
    "sendClientPoses": 0.004752851767685024,
    "effectsAndFog": 0.05076045591115045,
    "syncStructures": 0.23773584894414218
  },
  "userAgent": "Mozilla/5.0 (Linux; Android 10; K) AppleWebKit/537.36 (KHTML, like Gecko) Chrome/145.0.0.0 Mobile Safari/537.36",
  "timestamp": "2026-04-13T20:25:19.019Z"
}