{
  "buildNumber": "277",
  "buildId": "CMEduUks",
  "sessionId": "q0WoIYLvG",
  "durationSec": 26.779,
  "avgFps": 37.33106175153064,
  "minFps": 31.02319479666466,
  "maxFps": 39.361938941941844,
  "avgSectionTimingsMs": {
    "hud": 0.02323869597773948,
    "camera": 0.007991587608018508,
    "autoEngage": 0.0049973698994286875,
    "syncPlayers": 0.07894736832694003,
    "syncUnits": 0.3074736845179608,
    "syncResources": 0.026210526133838452,
    "sendClientPoses": 0.04136842103380906,
    "effectsAndFog": 0.04947368408504285,
    "syncStructures": 0.2109452735132246
  },
  "userAgent": "Mozilla/5.0 (Linux; Android 10; K) AppleWebKit/537.36 (KHTML, like Gecko) Chrome/145.0.0.0 Mobile Safari/537.36",
  "timestamp": "2026-04-13T20:25:31.618Z"
}