{
  "buildNumber": "277",
  "buildId": "CMEduUks",
  "sessionId": "q0WoIYLvG",
  "durationSec": 17.988,
  "avgFps": 37.97290919447298,
  "minFps": 36.94121099749357,
  "maxFps": 39.361938941941844,
  "avgSectionTimingsMs": {
    "hud": 0.02119402974399168,
    "camera": 0.008208955045956284,
    "autoEngage": 0.003734130103522223,
    "syncPlayers": 0.0738415545234053,
    "syncUnits": 0.034678625240810605,
    "syncResources": 0.02526158410693854,
    "sendClientPoses": 0.005082212221462096,
    "effectsAndFog": 0.04753363190388644,
    "syncStructures": 0.2540740739416193
  },
  "userAgent": "Mozilla/5.0 (Linux; Android 10; K) AppleWebKit/537.36 (KHTML, like Gecko) Chrome/145.0.0.0 Mobile Safari/537.36",
  "timestamp": "2026-04-13T20:25:22.827Z"
}