{
  "buildNumber": "276",
  "buildId": "BdYYCv-Z",
  "sessionId": "P2QeoMsYc",
  "durationSec": 3.881,
  "avgFps": 41.4818416286102,
  "minFps": 41.125914193165954,
  "maxFps": 41.88124505024189,
  "avgSectionTimingsMs": {
    "hud": 0.025925926404234804,
    "camera": 0.005555555592348546,
    "autoEngage": 0.0027863778196990305,
    "syncPlayers": 0.11242236113696365,
    "syncUnits": 0.032298136016596916,
    "syncResources": 0.02857142834929946,
    "sendClientPoses": 0.0018633541113101178,
    "effectsAndFog": 0.06335403682282252,
    "syncStructures": 0.06071428422416959
  },
  "userAgent": "Mozilla/5.0 (Linux; Android 10; K) AppleWebKit/537.36 (KHTML, like Gecko) Chrome/145.0.0.0 Mobile Safari/537.36",
  "timestamp": "2026-04-13T20:20:22.853Z"
}