{
  "buildNumber": "277",
  "buildId": "CMEduUks",
  "sessionId": "q0WoIYLvG",
  "durationSec": 11.978,
  "avgFps": 38.28956483187484,
  "minFps": 37.45324088294771,
  "maxFps": 39.361938941941844,
  "avgSectionTimingsMs": {
    "hud": 0.02044943818885289,
    "camera": 0.00853932560159919,
    "autoEngage": 0.0035995502439741343,
    "syncPlayers": 0.07567567559512886,
    "syncUnits": 0.033558558907594765,
    "syncResources": 0.02837837769373043,
    "sendClientPoses": 0.0045045045045045045,
    "effectsAndFog": 0.05225225195691392,
    "syncStructures": 0.20111111137602064
  },
  "userAgent": "Mozilla/5.0 (Linux; Android 10; K) AppleWebKit/537.36 (KHTML, like Gecko) Chrome/145.0.0.0 Mobile Safari/537.36",
  "timestamp": "2026-04-13T20:25:16.817Z"
}