{
  "buildNumber": "276",
  "buildId": "BdYYCv-Z",
  "sessionId": "P2QeoMsYc",
  "durationSec": 30.978,
  "avgFps": 37.51176755882729,
  "minFps": 30.805502326874386,
  "maxFps": 42.24570034076106,
  "avgSectionTimingsMs": {
    "hud": 0.02518315037419071,
    "camera": 0.007783882865757296,
    "autoEngage": 0.00499312867006467,
    "syncPlayers": 0.11814848779539358,
    "syncUnits": 0.39495875352462645,
    "syncResources": 0.026856095145100525,
    "sendClientPoses": 0.07186067844617268,
    "effectsAndFog": 0.060128322852848866,
    "syncStructures": 0.22532751037043774
  },
  "userAgent": "Mozilla/5.0 (Linux; Android 10; K) AppleWebKit/537.36 (KHTML, like Gecko) Chrome/145.0.0.0 Mobile Safari/537.36",
  "timestamp": "2026-04-13T20:20:49.951Z"
}