{
  "buildNumber": "277",
  "buildId": "CMEduUks",
  "sessionId": "q0WoIYLvG",
  "durationSec": 9.358,
  "avgFps": 38.3650107568467,
  "minFps": 38.014368527508694,
  "maxFps": 39.361938941941844,
  "avgSectionTimingsMs": {
    "hud": 0.02091690539288999,
    "camera": 0.00802292241408012,
    "autoEngage": 0.003586800744920071,
    "syncPlayers": 0.0741379310687383,
    "syncUnits": 0.030459770440370185,
    "syncResources": 0.029597700412931114,
    "sendClientPoses": 0.004597701132297516,
    "effectsAndFog": 0.05402298811180838,
    "syncStructures": 0.18571428656578065
  },
  "userAgent": "Mozilla/5.0 (Linux; Android 10; K) AppleWebKit/537.36 (KHTML, like Gecko) Chrome/145.0.0.0 Mobile Safari/537.36",
  "timestamp": "2026-04-13T20:25:14.198Z"
}