{
  "buildNumber": "274",
  "buildId": "CB7E_Olw",
  "sessionId": "PJns0EXEj",
  "durationSec": 10.795,
  "avgFps": 45.30377908237385,
  "minFps": 44.012616156154714,
  "maxFps": 47.48005890965272,
  "avgSectionTimingsMs": {
    "hud": 0.01898734196077419,
    "camera": 0.006329114175547024,
    "autoEngage": 0.0024287222620048643,
    "syncPlayers": 0.0837209311650621,
    "syncUnits": 0.01754756860954817,
    "syncResources": 0.01923890068465509,
    "sendClientPoses": 0.005285412262156448,
    "effectsAndFog": 0.05200845614296185,
    "syncStructures": 0.364634146777595
  },
  "userAgent": "Mozilla/5.0 (Linux; Android 10; K) AppleWebKit/537.36 (KHTML, like Gecko) Chrome/145.0.0.0 Mobile Safari/537.36",
  "timestamp": "2026-04-13T20:10:39.281Z"
}