{
  "buildNumber": "274",
  "buildId": "CB7E_Olw",
  "sessionId": "PJns0EXEj",
  "durationSec": 7.141,
  "avgFps": 45.8151120386862,
  "minFps": 44.792959703402545,
  "maxFps": 47.48005890965272,
  "avgSectionTimingsMs": {
    "hud": 0.019303797638114496,
    "camera": 0.0050632914033117175,
    "autoEngage": 0.002218700437651572,
    "syncPlayers": 0.07936508040579539,
    "syncUnits": 0.019682539266253275,
    "syncResources": 0.022857142913909185,
    "sendClientPoses": 0.005396825358981178,
    "effectsAndFog": 0.05269841239565895,
    "syncStructures": 0.22909090844067662
  },
  "userAgent": "Mozilla/5.0 (Linux; Android 10; K) AppleWebKit/537.36 (KHTML, like Gecko) Chrome/145.0.0.0 Mobile Safari/537.36",
  "timestamp": "2026-04-13T20:10:35.627Z"
}