{
  "buildNumber": "275",
  "buildId": "DlwQSAVw",
  "sessionId": "7MiGiHpAI",
  "durationSec": 20.615,
  "avgFps": 21.109231680457466,
  "minFps": 15.453768091335075,
  "maxFps": 23.285890513152527,
  "avgSectionTimingsMs": {
    "hud": 0.017543859779834747,
    "camera": 0.010745613786735032,
    "autoEngage": 0.006586169012291633,
    "syncPlayers": 0.12219780225020188,
    "syncUnits": 0.859560439154342,
    "syncStructures": 0.07236842105263158,
    "syncResources": 0.029010988788290337,
    "sendClientPoses": 0.19208791229751085,
    "effectsAndFog": 16.479340659786057
  },
  "userAgent": "Mozilla/5.0 (Linux; Android 10; K) AppleWebKit/537.36 (KHTML, like Gecko) Chrome/145.0.0.0 Mobile Safari/537.36",
  "timestamp": "2026-04-13T20:14:41.843Z"
}