{
  "buildNumber": "273",
  "buildId": "BF-xNiwv",
  "sessionId": "P_6xpY7hD",
  "durationSec": 3.225,
  "avgFps": 38.21827719166238,
  "minFps": 36.25813106868867,
  "maxFps": 40.321994488695054,
  "avgSectionTimingsMs": {
    "hud": 0.02702702702702703,
    "camera": 0.008108107893316596,
    "autoEngage": 0.003167420760538783,
    "syncPlayers": 0.06818181818181818,
    "syncUnits": 0.0290909084406766,
    "syncResources": 0.04545454599640586,
    "sendClientPoses": 0.0009090908549048683,
    "effectsAndFog": 9.013636363907294,
    "syncStructures": 0.00416666641831398
  },
  "userAgent": "Mozilla/5.0 (Linux; Android 10; K) AppleWebKit/537.36 (KHTML, like Gecko) Chrome/145.0.0.0 Mobile Safari/537.36",
  "timestamp": "2026-04-13T20:02:00.114Z"
}