{
  "buildNumber": "276",
  "buildId": "BdYYCv-Z",
  "sessionId": "P2QeoMsYc",
  "durationSec": 24.653,
  "avgFps": 38.657203151810855,
  "minFps": 32.99223255264404,
  "maxFps": 42.24570034076106,
  "avgSectionTimingsMs": {
    "hud": 0.027161862792038336,
    "camera": 0.006762749538189027,
    "autoEngage": 0.0050471435635207566,
    "syncPlayers": 0.11376248609344915,
    "syncUnits": 0.2840177582516919,
    "syncResources": 0.026304106369664217,
    "sendClientPoses": 0.05405105453617168,
    "effectsAndFog": 0.05982241983815912,
    "syncStructures": 0.26010928958491547
  },
  "userAgent": "Mozilla/5.0 (Linux; Android 10; K) AppleWebKit/537.36 (KHTML, like Gecko) Chrome/145.0.0.0 Mobile Safari/537.36",
  "timestamp": "2026-04-13T20:20:43.625Z"
}