{
  "buildNumber": "277",
  "buildId": "CMEduUks",
  "sessionId": "q0WoIYLvG",
  "durationSec": 15.504,
  "avgFps": 38.04782876022975,
  "minFps": 36.94121099749357,
  "maxFps": 39.361938941941844,
  "avgSectionTimingsMs": {
    "hud": 0.0208695650100708,
    "camera": 0.008347825900368068,
    "autoEngage": 0.0033942559836116224,
    "syncPlayers": 0.07595818798716475,
    "syncUnits": 0.03466899007662663,
    "syncResources": 0.025609755609509007,
    "sendClientPoses": 0.005226480836236934,
    "effectsAndFog": 0.048432055406454136,
    "syncStructures": 0.23448275851792302
  },
  "userAgent": "Mozilla/5.0 (Linux; Android 10; K) AppleWebKit/537.36 (KHTML, like Gecko) Chrome/145.0.0.0 Mobile Safari/537.36",
  "timestamp": "2026-04-13T20:25:20.343Z"
}