{
  "buildNumber": "273",
  "buildId": "BF-xNiwv",
  "sessionId": "P_6xpY7hD",
  "durationSec": 21.863,
  "avgFps": 33.97318346830429,
  "minFps": 31.135007847593187,
  "maxFps": 40.321994488695054,
  "avgSectionTimingsMs": {
    "hud": 0.023823109911103733,
    "camera": 0.008559201056198795,
    "autoEngage": 0.003925767287792775,
    "syncPlayers": 0.0754285717010498,
    "syncUnits": 0.033285714175019944,
    "syncResources": 0.029142857236521585,
    "sendClientPoses": 0.0052857143112591334,
    "effectsAndFog": 10.061428571045399,
    "syncStructures": 0.15220125759922484
  },
  "userAgent": "Mozilla/5.0 (Linux; Android 10; K) AppleWebKit/537.36 (KHTML, like Gecko) Chrome/145.0.0.0 Mobile Safari/537.36",
  "timestamp": "2026-04-13T20:02:18.752Z"
}