{
  "buildNumber": "277",
  "buildId": "CMEduUks",
  "sessionId": "q0WoIYLvG",
  "durationSec": 9.186,
  "avgFps": 38.37171804702252,
  "minFps": 38.014368527508694,
  "maxFps": 39.361938941941844,
  "avgSectionTimingsMs": {
    "hud": 0.02105263154409085,
    "camera": 0.007894736632966158,
    "autoEngage": 0.0036603222828832938,
    "syncPlayers": 0.07419354842205551,
    "syncUnits": 0.030791789118495505,
    "syncResources": 0.02961876761179166,
    "sendClientPoses": 0.004692082093957582,
    "effectsAndFog": 0.053958943949416936,
    "syncStructures": 0.1884057979652847
  },
  "userAgent": "Mozilla/5.0 (Linux; Android 10; K) AppleWebKit/537.36 (KHTML, like Gecko) Chrome/145.0.0.0 Mobile Safari/537.36",
  "timestamp": "2026-04-13T20:25:14.025Z"
}