{
  "buildNumber": "277",
  "buildId": "CMEduUks",
  "sessionId": "q0WoIYLvG",
  "durationSec": 8.766,
  "avgFps": 38.388130627365086,
  "minFps": 38.014368527508694,
  "maxFps": 39.361938941941844,
  "avgSectionTimingsMs": {
    "hud": 0.02055214711127837,
    "camera": 0.007668711473605384,
    "autoEngage": 0.003533026269320885,
    "syncPlayers": 0.07446153851655814,
    "syncUnits": 0.031076923333681547,
    "syncResources": 0.028923076207821186,
    "sendClientPoses": 0.004615384615384616,
    "effectsAndFog": 0.054461538058060865,
    "syncStructures": 0.15303030384309363
  },
  "userAgent": "Mozilla/5.0 (Linux; Android 10; K) AppleWebKit/537.36 (KHTML, like Gecko) Chrome/145.0.0.0 Mobile Safari/537.36",
  "timestamp": "2026-04-13T20:25:13.605Z"
}