{
  "buildNumber": "277",
  "buildId": "CMEduUks",
  "sessionId": "q0WoIYLvG",
  "durationSec": 14.095,
  "avgFps": 38.14715163792288,
  "minFps": 37.25494799665809,
  "maxFps": 39.361938941941844,
  "avgSectionTimingsMs": {
    "hud": 0.020801526615182864,
    "camera": 0.008206106665480228,
    "autoEngage": 0.0034383955521023377,
    "syncPlayers": 0.07590822166056296,
    "syncUnits": 0.034034417190697636,
    "syncResources": 0.02638623277954116,
    "sendClientPoses": 0.004588910145239894,
    "effectsAndFog": 0.05086042029679847,
    "syncStructures": 0.23773584894414218
  },
  "userAgent": "Mozilla/5.0 (Linux; Android 10; K) AppleWebKit/537.36 (KHTML, like Gecko) Chrome/145.0.0.0 Mobile Safari/537.36",
  "timestamp": "2026-04-13T20:25:18.934Z"
}