{
  "buildNumber": "277",
  "buildId": "CMEduUks",
  "sessionId": "q0WoIYLvG",
  "durationSec": 9.666,
  "avgFps": 38.35393684015393,
  "minFps": 38.014368527508694,
  "maxFps": 39.361938941941844,
  "avgSectionTimingsMs": {
    "hud": 0.020498614974959736,
    "camera": 0.008033240848631079,
    "autoEngage": 0.0034674065453665598,
    "syncPlayers": 0.07249999998344316,
    "syncUnits": 0.03138888917035527,
    "syncResources": 0.02944444368282954,
    "sendClientPoses": 0.004444444427887598,
    "effectsAndFog": 0.05361111064751943,
    "syncStructures": 0.21232876793978966
  },
  "userAgent": "Mozilla/5.0 (Linux; Android 10; K) AppleWebKit/537.36 (KHTML, like Gecko) Chrome/145.0.0.0 Mobile Safari/537.36",
  "timestamp": "2026-04-13T20:25:14.505Z"
}