{
  "buildNumber": "277",
  "buildId": "CMEduUks",
  "sessionId": "q0WoIYLvG",
  "durationSec": 12.905,
  "avgFps": 38.225041932867576,
  "minFps": 37.33993066221078,
  "maxFps": 39.361938941941844,
  "avgSectionTimingsMs": {
    "hud": 0.02104166659216086,
    "camera": 0.008124999764064948,
    "autoEngage": 0.003441084630795142,
    "syncPlayers": 0.07599164909510124,
    "syncUnits": 0.03507306935393985,
    "syncResources": 0.027557410688639185,
    "sendClientPoses": 0.004592901916245081,
    "effectsAndFog": 0.05198329823997673,
    "syncStructures": 0.20309278399673933
  },
  "userAgent": "Mozilla/5.0 (Linux; Android 10; K) AppleWebKit/537.36 (KHTML, like Gecko) Chrome/145.0.0.0 Mobile Safari/537.36",
  "timestamp": "2026-04-13T20:25:17.744Z"
}