{
  "buildNumber": "276",
  "buildId": "BdYYCv-Z",
  "sessionId": "P2QeoMsYc",
  "durationSec": 12.631,
  "avgFps": 40.850296153677355,
  "minFps": 38.546590981765405,
  "maxFps": 42.24570034076106,
  "avgSectionTimingsMs": {
    "hud": 0.02655935641265731,
    "camera": 0.00623742471518411,
    "autoEngage": 0.004229607208737914,
    "syncPlayers": 0.10987903267866181,
    "syncUnits": 0.09939516101393008,
    "syncResources": 0.02701612862367784,
    "sendClientPoses": 0.01834677442187263,
    "effectsAndFog": 0.0576612907912462,
    "syncStructures": 0.3157894730567932
  },
  "userAgent": "Mozilla/5.0 (Linux; Android 10; K) AppleWebKit/537.36 (KHTML, like Gecko) Chrome/145.0.0.0 Mobile Safari/537.36",
  "timestamp": "2026-04-13T20:20:31.603Z"
}