{
  "buildNumber": "273",
  "buildId": "BF-xNiwv",
  "sessionId": "P_6xpY7hD",
  "durationSec": 47.281,
  "avgFps": 30.311275272622094,
  "minFps": 18.36505218394369,
  "maxFps": 40.321994488695054,
  "avgSectionTimingsMs": {
    "hud": 0.02593180022005237,
    "camera": 0.008009516181310522,
    "autoEngage": 0.005156683855612852,
    "syncPlayers": 0.0829365084332133,
    "syncUnits": 0.48055555548459766,
    "syncResources": 0.027619047557550763,
    "sendClientPoses": 0.0715079364559007,
    "effectsAndFog": 15.068730158678123,
    "syncStructures": 0.15272727301626493
  },
  "userAgent": "Mozilla/5.0 (Linux; Android 10; K) AppleWebKit/537.36 (KHTML, like Gecko) Chrome/145.0.0.0 Mobile Safari/537.36",
  "timestamp": "2026-04-13T20:02:44.171Z"
}