{
  "buildNumber": "276",
  "buildId": "BdYYCv-Z",
  "sessionId": "P2QeoMsYc",
  "durationSec": 41.66,
  "avgFps": 35.70072195933038,
  "minFps": 25.682952480482772,
  "maxFps": 42.24570034076106,
  "avgSectionTimingsMs": {
    "hud": 0.02583697251704409,
    "camera": 0.009461426491994178,
    "autoEngage": 0.005715325697144466,
    "syncPlayers": 0.13605243992128255,
    "syncUnits": 0.6705753826261521,
    "syncResources": 0.029206117768402266,
    "sendClientPoses": 0.10393299371850638,
    "effectsAndFog": 0.06365622743931636,
    "syncStructures": 0.19180327819996193
  },
  "userAgent": "Mozilla/5.0 (Linux; Android 10; K) AppleWebKit/537.36 (KHTML, like Gecko) Chrome/145.0.0.0 Mobile Safari/537.36",
  "timestamp": "2026-04-13T20:21:00.633Z"
}