{
  "buildNumber": "273",
  "buildId": "BF-xNiwv",
  "sessionId": "P_6xpY7hD",
  "durationSec": 16.685,
  "avgFps": 34.61622998799719,
  "minFps": 31.992790271339192,
  "maxFps": 40.321994488695054,
  "avgSectionTimingsMs": {
    "hud": 0.02261029424912789,
    "camera": 0.008823529378894497,
    "autoEngage": 0.004047838091959949,
    "syncPlayers": 0.07348066326882519,
    "syncUnits": 0.03370165737074822,
    "syncResources": 0.027624309447149765,
    "sendClientPoses": 0.004604051510492961,
    "effectsAndFog": 9.790976058712321,
    "syncStructures": 0.17459016378785744
  },
  "userAgent": "Mozilla/5.0 (Linux; Android 10; K) AppleWebKit/537.36 (KHTML, like Gecko) Chrome/145.0.0.0 Mobile Safari/537.36",
  "timestamp": "2026-04-13T20:02:13.574Z"
}