{
  "buildNumber": "275",
  "buildId": "DlwQSAVw",
  "sessionId": "7MiGiHpAI",
  "durationSec": 3.949,
  "avgFps": 17.259269112775065,
  "minFps": 15.453768091335075,
  "maxFps": 19.50685631014899,
  "avgSectionTimingsMs": {
    "hud": 0.02261904946395329,
    "camera": 0.009523809310935792,
    "autoEngage": 0.0071856284926751415,
    "syncPlayers": 0.12289156576237047,
    "syncUnits": 1.2927710841219109,
    "syncStructures": 0.07500000085149493,
    "syncResources": 0.039759035570075714,
    "sendClientPoses": 0.21686746987951808,
    "effectsAndFog": 17.749397590576883
  },
  "userAgent": "Mozilla/5.0 (Linux; Android 10; K) AppleWebKit/537.36 (KHTML, like Gecko) Chrome/145.0.0.0 Mobile Safari/537.36",
  "timestamp": "2026-04-13T20:14:25.177Z"
}