{
  "buildNumber": "277",
  "buildId": "CMEduUks",
  "sessionId": "q0WoIYLvG",
  "durationSec": 19.191,
  "avgFps": 37.98216452755177,
  "minFps": 36.94121099749357,
  "maxFps": 39.361938941941844,
  "avgSectionTimingsMs": {
    "hud": 0.02150837968847605,
    "camera": 0.00796089367160584,
    "autoEngage": 0.003773585055609169,
    "syncPlayers": 0.07412587408419255,
    "syncUnits": 0.03412587459270771,
    "syncResources": 0.02475524444680114,
    "sendClientPoses": 0.005034965026628721,
    "effectsAndFog": 0.04797202769692961,
    "syncStructures": 0.2527777778191699
  },
  "userAgent": "Mozilla/5.0 (Linux; Android 10; K) AppleWebKit/537.36 (KHTML, like Gecko) Chrome/145.0.0.0 Mobile Safari/537.36",
  "timestamp": "2026-04-13T20:25:24.030Z"
}