{
  "buildNumber": "273",
  "buildId": "BF-xNiwv",
  "sessionId": "P_6xpY7hD",
  "durationSec": 22.056,
  "avgFps": 33.94512240990741,
  "minFps": 31.135007847593187,
  "maxFps": 40.321994488695054,
  "avgSectionTimingsMs": {
    "hud": 0.023870056547687552,
    "camera": 0.008615819116433462,
    "autoEngage": 0.0038869257739912915,
    "syncPlayers": 0.07538896773795596,
    "syncUnits": 0.03323903810522681,
    "syncResources": 0.028995756802835424,
    "sendClientPoses": 0.00537482321346666,
    "effectsAndFog": 10.029137199046419,
    "syncStructures": 0.16708074500842124
  },
  "userAgent": "Mozilla/5.0 (Linux; Android 10; K) AppleWebKit/537.36 (KHTML, like Gecko) Chrome/145.0.0.0 Mobile Safari/537.36",
  "timestamp": "2026-04-13T20:02:18.945Z"
}