{
  "buildNumber": "277",
  "buildId": "CMEduUks",
  "sessionId": "q0WoIYLvG",
  "durationSec": 6.681,
  "avgFps": 28.774025979590817,
  "minFps": 28.48434442172548,
  "maxFps": 30.259186777423363,
  "avgSectionTimingsMs": {
    "hud": 0.02741935480666417,
    "camera": 0.009677419579157265,
    "autoEngage": 0.009164420501241144,
    "syncPlayers": 0.10864864861642992,
    "syncUnits": 1.3875675673420365,
    "syncResources": 0.02486486596030158,
    "sendClientPoses": 0.18540540482546833,
    "effectsAndFog": 0.04756756763200502,
    "syncStructures": 0.06304347709469173
  },
  "userAgent": "Mozilla/5.0 (Linux; Android 10; K) AppleWebKit/537.36 (KHTML, like Gecko) Chrome/145.0.0.0 Mobile Safari/537.36",
  "timestamp": "2026-04-13T20:26:06.296Z"
}