{
  "buildNumber": "276",
  "buildId": "BdYYCv-Z",
  "sessionId": "P2QeoMsYc",
  "durationSec": 0.284,
  "avgFps": 41.125914193165954,
  "minFps": 41.125914193165954,
  "maxFps": 41.125914193165954,
  "avgSectionTimingsMs": {
    "hud": 0.0416666641831398,
    "camera": 0.00833333283662796,
    "autoEngage": 0.004347825827805892,
    "syncPlayers": 0.19090909307653253,
    "syncUnits": 0.03636363690549677,
    "syncResources": 0.045454545454545456,
    "sendClientPoses": 0,
    "effectsAndFog": 0.14545454491268506,
    "syncStructures": 0.09999999403953552
  },
  "userAgent": "Mozilla/5.0 (Linux; Android 10; K) AppleWebKit/537.36 (KHTML, like Gecko) Chrome/145.0.0.0 Mobile Safari/537.36",
  "timestamp": "2026-04-13T20:20:19.256Z"
}