{
  "buildNumber": "277",
  "buildId": "CMEduUks",
  "sessionId": "q0WoIYLvG",
  "durationSec": 17.245,
  "avgFps": 37.9784155947519,
  "minFps": 36.94121099749357,
  "maxFps": 39.361938941941844,
  "avgSectionTimingsMs": {
    "hud": 0.021028037290335443,
    "camera": 0.008099688315688636,
    "autoEngage": 0.0037412316373615457,
    "syncPlayers": 0.07425897034951566,
    "syncUnits": 0.03463338582824433,
    "syncResources": 0.02511700434543413,
    "sendClientPoses": 0.004992199669390127,
    "effectsAndFog": 0.04695787798037953,
    "syncStructures": 0.2519379842650983
  },
  "userAgent": "Mozilla/5.0 (Linux; Android 10; K) AppleWebKit/537.36 (KHTML, like Gecko) Chrome/145.0.0.0 Mobile Safari/537.36",
  "timestamp": "2026-04-13T20:25:22.084Z"
}