{
  "buildNumber": "277",
  "buildId": "CMEduUks",
  "sessionId": "q0WoIYLvG",
  "durationSec": 2.314,
  "avgFps": 38.57501002095319,
  "minFps": 38.39109065484229,
  "maxFps": 39.361938941941844,
  "avgSectionTimingsMs": {
    "hud": 0.022352940194747026,
    "camera": 0.0058823529411764705,
    "autoEngage": 0.004733728410224238,
    "syncPlayers": 0.07976190391040984,
    "syncUnits": 0.027380952877657756,
    "syncResources": 0.023809523454734256,
    "sendClientPoses": 0.00238095223903656,
    "effectsAndFog": 0.03690476112422489,
    "syncStructures": 0.0058823543436387
  },
  "userAgent": "Mozilla/5.0 (Linux; Android 10; K) AppleWebKit/537.36 (KHTML, like Gecko) Chrome/145.0.0.0 Mobile Safari/537.36",
  "timestamp": "2026-04-13T20:25:07.153Z"
}