{
  "buildNumber": "276",
  "buildId": "BdYYCv-Z",
  "sessionId": "P2QeoMsYc",
  "durationSec": 31.603,
  "avgFps": 37.3954348731014,
  "minFps": 30.10412674515579,
  "maxFps": 42.24570034076106,
  "avgSectionTimingsMs": {
    "hud": 0.0252252254131678,
    "camera": 0.007747747822924777,
    "autoEngage": 0.005002253210829313,
    "syncPlayers": 0.11830477920386896,
    "syncUnits": 0.4111812444717848,
    "syncResources": 0.026690712159984923,
    "sendClientPoses": 0.07376014444610898,
    "effectsAndFog": 0.06005410300492165,
    "syncStructures": 0.22350427304577625
  },
  "userAgent": "Mozilla/5.0 (Linux; Android 10; K) AppleWebKit/537.36 (KHTML, like Gecko) Chrome/145.0.0.0 Mobile Safari/537.36",
  "timestamp": "2026-04-13T20:20:50.576Z"
}