{
  "buildNumber": "276",
  "buildId": "BdYYCv-Z",
  "sessionId": "P2QeoMsYc",
  "durationSec": 32.356,
  "avgFps": 37.24821138352694,
  "minFps": 30.10412674515579,
  "maxFps": 42.24570034076106,
  "avgSectionTimingsMs": {
    "hud": 0.025066196155674354,
    "camera": 0.007943512850489536,
    "autoEngage": 0.004988962411880493,
    "syncPlayers": 0.11890459381860052,
    "syncUnits": 0.42773851591685635,
    "syncResources": 0.02685512346955997,
    "sendClientPoses": 0.07597173163305324,
    "effectsAndFog": 0.06015901085871268,
    "syncStructures": 0.22041666619479655
  },
  "userAgent": "Mozilla/5.0 (Linux; Android 10; K) AppleWebKit/537.36 (KHTML, like Gecko) Chrome/145.0.0.0 Mobile Safari/537.36",
  "timestamp": "2026-04-13T20:20:51.329Z"
}