{
  "buildNumber": "273",
  "buildId": "BF-xNiwv",
  "sessionId": "P_6xpY7hD",
  "durationSec": 29.061,
  "avgFps": 33.39421150340261,
  "minFps": 29.359513071453023,
  "maxFps": 40.321994488695054,
  "avgSectionTimingsMs": {
    "hud": 0.026315789408328242,
    "camera": 0.008114034963542955,
    "autoEngage": 0.00427866153709194,
    "syncPlayers": 0.0761800223857197,
    "syncUnits": 0.10000000002617108,
    "syncResources": 0.027661910008651366,
    "sendClientPoses": 0.01470911090643555,
    "effectsAndFog": 10.405049395875272,
    "syncStructures": 0.20047169783205357
  },
  "userAgent": "Mozilla/5.0 (Linux; Android 10; K) AppleWebKit/537.36 (KHTML, like Gecko) Chrome/145.0.0.0 Mobile Safari/537.36",
  "timestamp": "2026-04-13T20:02:25.950Z"
}