{
  "buildNumber": "275",
  "buildId": "DlwQSAVw",
  "sessionId": "7MiGiHpAI",
  "durationSec": 5.069,
  "avgFps": 17.799131096054822,
  "minFps": 15.453768091335075,
  "maxFps": 20.130142232611743,
  "avgSectionTimingsMs": {
    "hud": 0.024074075674569165,
    "camera": 0.00833333311257539,
    "autoEngage": 0.007441860298777736,
    "syncPlayers": 0.12897196161412747,
    "syncUnits": 1.2046728975304932,
    "syncStructures": 0.07777777728107241,
    "syncResources": 0.04018691572073464,
    "sendClientPoses": 0.2037383178684199,
    "effectsAndFog": 17.712149532877397
  },
  "userAgent": "Mozilla/5.0 (Linux; Android 10; K) AppleWebKit/537.36 (KHTML, like Gecko) Chrome/145.0.0.0 Mobile Safari/537.36",
  "timestamp": "2026-04-13T20:14:26.297Z"
}