{
  "buildNumber": "276",
  "buildId": "BdYYCv-Z",
  "sessionId": "P2QeoMsYc",
  "durationSec": 35.13,
  "avgFps": 36.78121368342288,
  "minFps": 28.8095534706126,
  "maxFps": 42.24570034076106,
  "avgSectionTimingsMs": {
    "hud": 0.02477216258854933,
    "camera": 0.008202154106015299,
    "autoEngage": 0.005138831246309245,
    "syncPlayers": 0.12230514096185738,
    "syncUnits": 0.4860696519291025,
    "syncResources": 0.027280265171927203,
    "sendClientPoses": 0.085323383213078,
    "effectsAndFog": 0.06069651765016774,
    "syncStructures": 0.20926640887518186
  },
  "userAgent": "Mozilla/5.0 (Linux; Android 10; K) AppleWebKit/537.36 (KHTML, like Gecko) Chrome/145.0.0.0 Mobile Safari/537.36",
  "timestamp": "2026-04-13T20:20:54.102Z"
}