{
  "buildNumber": "273",
  "buildId": "BF-xNiwv",
  "sessionId": "P_6xpY7hD",
  "durationSec": 22.418,
  "avgFps": 33.902266322969396,
  "minFps": 31.135007847593187,
  "maxFps": 40.321994488695054,
  "avgSectionTimingsMs": {
    "hud": 0.02430555559694767,
    "camera": 0.008611111011770036,
    "autoEngage": 0.0038220986589281984,
    "syncPlayers": 0.07482614773370957,
    "syncUnits": 0.03351877598669665,
    "syncResources": 0.02878998615811365,
    "sendClientPoses": 0.005424200286454054,
    "effectsAndFog": 10.024061195666336,
    "syncStructures": 0.16564417141346843
  },
  "userAgent": "Mozilla/5.0 (Linux; Android 10; K) AppleWebKit/537.36 (KHTML, like Gecko) Chrome/145.0.0.0 Mobile Safari/537.36",
  "timestamp": "2026-04-13T20:02:19.307Z"
}