{
  "buildNumber": "276",
  "buildId": "BdYYCv-Z",
  "sessionId": "P2QeoMsYc",
  "durationSec": 5.198,
  "avgFps": 41.56540076921167,
  "minFps": 41.125914193165954,
  "maxFps": 42.24570034076106,
  "avgSectionTimingsMs": {
    "hud": 0.025688073913985435,
    "camera": 0.007339449650650725,
    "autoEngage": 0.0025287356869927767,
    "syncPlayers": 0.10460829583730566,
    "syncUnits": 0.03225806396677747,
    "syncResources": 0.02580645158543565,
    "sendClientPoses": 0.0027649769310577675,
    "effectsAndFog": 0.05852534570452255,
    "syncStructures": 0.04999999858831104
  },
  "userAgent": "Mozilla/5.0 (Linux; Android 10; K) AppleWebKit/537.36 (KHTML, like Gecko) Chrome/145.0.0.0 Mobile Safari/537.36",
  "timestamp": "2026-04-13T20:20:24.170Z"
}