{
  "buildNumber": "273",
  "buildId": "BF-xNiwv",
  "sessionId": "P_6xpY7hD",
  "durationSec": 2.925,
  "avgFps": 38.38999333187081,
  "minFps": 37.010841424918226,
  "maxFps": 40.321994488695054,
  "avgSectionTimingsMs": {
    "hud": 0.026732673149297732,
    "camera": 0.007920791902164421,
    "autoEngage": 0.0034825870053685126,
    "syncPlayers": 0.07100000023841858,
    "syncUnits": 0.02799999952316284,
    "syncResources": 0.04599999994039536,
    "sendClientPoses": 0.0009999999403953552,
    "effectsAndFog": 8.90200000077486,
    "syncStructures": 0.00476190447807312
  },
  "userAgent": "Mozilla/5.0 (Linux; Android 10; K) AppleWebKit/537.36 (KHTML, like Gecko) Chrome/145.0.0.0 Mobile Safari/537.36",
  "timestamp": "2026-04-13T20:01:59.814Z"
}