{
  "buildNumber": "277",
  "buildId": "CMEduUks",
  "sessionId": "q0WoIYLvG",
  "durationSec": 9.487,
  "avgFps": 38.36038223941303,
  "minFps": 38.014368527508694,
  "maxFps": 39.361938941941844,
  "avgSectionTimingsMs": {
    "hud": 0.02062146887604126,
    "camera": 0.007909604300886898,
    "autoEngage": 0.0035360680611163926,
    "syncPlayers": 0.07365439093484419,
    "syncUnits": 0.030878187239001223,
    "syncResources": 0.029461755630990263,
    "sendClientPoses": 0.004532577886797551,
    "effectsAndFog": 0.05382436218410308,
    "syncStructures": 0.21830985999443162
  },
  "userAgent": "Mozilla/5.0 (Linux; Android 10; K) AppleWebKit/537.36 (KHTML, like Gecko) Chrome/145.0.0.0 Mobile Safari/537.36",
  "timestamp": "2026-04-13T20:25:14.326Z"
}