{
  "buildNumber": "276",
  "buildId": "BdYYCv-Z",
  "sessionId": "P2QeoMsYc",
  "durationSec": 27.493,
  "avgFps": 38.117710339871536,
  "minFps": 32.168598108146696,
  "maxFps": 42.24570034076106,
  "avgSectionTimingsMs": {
    "hud": 0.02623612533664607,
    "camera": 0.007366296742205423,
    "autoEngage": 0.004946996382184247,
    "syncPlayers": 0.11545454543648344,
    "syncUnits": 0.324848485083291,
    "syncResources": 0.026464646271984988,
    "sendClientPoses": 0.0634343435065915,
    "effectsAndFog": 0.05919191945682872,
    "syncStructures": 0.24215686218995675
  },
  "userAgent": "Mozilla/5.0 (Linux; Android 10; K) AppleWebKit/537.36 (KHTML, like Gecko) Chrome/145.0.0.0 Mobile Safari/537.36",
  "timestamp": "2026-04-13T20:20:46.465Z"
}