{
  "buildNumber": "273",
  "buildId": "BF-xNiwv",
  "sessionId": "P_6xpY7hD",
  "durationSec": 64.769,
  "avgFps": 27.91086756523345,
  "minFps": 18.005645273948964,
  "maxFps": 40.321994488695054,
  "avgSectionTimingsMs": {
    "hud": 0.025923566909352685,
    "camera": 0.008025477627280411,
    "autoEngage": 0.005447594801989966,
    "syncPlayers": 0.0885914599652348,
    "syncUnits": 0.5889738685884166,
    "syncResources": 0.027151051507473295,
    "sendClientPoses": 0.11848311055002887,
    "effectsAndFog": 18.457743785672314,
    "syncStructures": 0.12889908267817365
  },
  "userAgent": "Mozilla/5.0 (Linux; Android 10; K) AppleWebKit/537.36 (KHTML, like Gecko) Chrome/145.0.0.0 Mobile Safari/537.36",
  "timestamp": "2026-04-13T20:03:01.659Z"
}