{
  "buildNumber": "276",
  "buildId": "BdYYCv-Z",
  "sessionId": "P2QeoMsYc",
  "durationSec": 24.53,
  "avgFps": 38.68243687385615,
  "minFps": 32.99223255264404,
  "maxFps": 42.24570034076106,
  "avgSectionTimingsMs": {
    "hud": 0.02706013390906404,
    "camera": 0.00679287314414978,
    "autoEngage": 0.005069637796672938,
    "syncPlayers": 0.11315496091459906,
    "syncUnits": 0.2819397995370952,
    "syncResources": 0.026198439075795305,
    "sendClientPoses": 0.0537346712788079,
    "effectsAndFog": 0.05997770373504962,
    "syncStructures": 0.260989010989011
  },
  "userAgent": "Mozilla/5.0 (Linux; Android 10; K) AppleWebKit/537.36 (KHTML, like Gecko) Chrome/145.0.0.0 Mobile Safari/537.36",
  "timestamp": "2026-04-13T20:20:43.503Z"
}