{
  "buildNumber": "276",
  "buildId": "BdYYCv-Z",
  "sessionId": "P2QeoMsYc",
  "durationSec": 10.476,
  "avgFps": 41.12379785799833,
  "minFps": 39.638383967582946,
  "maxFps": 42.24570034076106,
  "avgSectionTimingsMs": {
    "hud": 0.026840855276782837,
    "camera": 0.006175772098917293,
    "autoEngage": 0.003210463719475709,
    "syncPlayers": 0.10357142899717603,
    "syncUnits": 0.03690476147901444,
    "syncResources": 0.02619047583568664,
    "sendClientPoses": 0.0026190475338981264,
    "effectsAndFog": 0.05595238152004424,
    "syncStructures": 0.3455696196495732
  },
  "userAgent": "Mozilla/5.0 (Linux; Android 10; K) AppleWebKit/537.36 (KHTML, like Gecko) Chrome/145.0.0.0 Mobile Safari/537.36",
  "timestamp": "2026-04-13T20:20:29.448Z"
}