{
  "buildNumber": "275",
  "buildId": "DlwQSAVw",
  "sessionId": "7MiGiHpAI",
  "durationSec": 16.34,
  "avgFps": 20.610958179417278,
  "minFps": 15.453768091335075,
  "maxFps": 22.854172486012928,
  "avgSectionTimingsMs": {
    "hud": 0.0167130923370797,
    "camera": 0.010306406402986362,
    "autoEngage": 0.006136680621981122,
    "syncPlayers": 0.12486033516223204,
    "syncUnits": 0.8932960895020202,
    "syncStructures": 0.07750000009934108,
    "syncResources": 0.02960893828109656,
    "sendClientPoses": 0.1857541899441341,
    "effectsAndFog": 16.530726257565966
  },
  "userAgent": "Mozilla/5.0 (Linux; Android 10; K) AppleWebKit/537.36 (KHTML, like Gecko) Chrome/145.0.0.0 Mobile Safari/537.36",
  "timestamp": "2026-04-13T20:14:37.568Z"
}