{
  "buildNumber": "276",
  "buildId": "BdYYCv-Z",
  "sessionId": "P2QeoMsYc",
  "durationSec": 4.108,
  "avgFps": 41.492253963439936,
  "minFps": 41.125914193165954,
  "maxFps": 41.88124505024189,
  "avgSectionTimingsMs": {
    "hud": 0.025581395903299022,
    "camera": 0.005813953488372093,
    "autoEngage": 0.0026239068098040433,
    "syncPlayers": 0.11169590779215272,
    "syncUnits": 0.03157894670614722,
    "syncResources": 0.02748538004724603,
    "sendClientPoses": 0.002339181321406225,
    "effectsAndFog": 0.061988303535862974,
    "syncStructures": 0.05666666527589162
  },
  "userAgent": "Mozilla/5.0 (Linux; Android 10; K) AppleWebKit/537.36 (KHTML, like Gecko) Chrome/145.0.0.0 Mobile Safari/537.36",
  "timestamp": "2026-04-13T20:20:23.080Z"
}