{
  "buildNumber": "277",
  "buildId": "CMEduUks",
  "sessionId": "q0WoIYLvG",
  "durationSec": 31.378,
  "avgFps": 36.45451397940142,
  "minFps": 28.940932728632177,
  "maxFps": 39.361938941941844,
  "avgSectionTimingsMs": {
    "hud": 0.0225417437878522,
    "camera": 0.008812615817243402,
    "autoEngage": 0.0056148492681454614,
    "syncPlayers": 0.0817084491474272,
    "syncUnits": 0.5058495825711731,
    "syncResources": 0.025626740775511237,
    "sendClientPoses": 0.05719591448898103,
    "effectsAndFog": 0.04958217262446936,
    "syncStructures": 0.19098712459142628
  },
  "userAgent": "Mozilla/5.0 (Linux; Android 10; K) AppleWebKit/537.36 (KHTML, like Gecko) Chrome/145.0.0.0 Mobile Safari/537.36",
  "timestamp": "2026-04-13T20:25:36.217Z"
}