{
  "buildNumber": "275",
  "buildId": "DlwQSAVw",
  "sessionId": "7MiGiHpAI",
  "durationSec": 5.166,
  "avgFps": 17.84151311671949,
  "minFps": 15.453768091335075,
  "maxFps": 20.130142232611743,
  "avgSectionTimingsMs": {
    "hud": 0.024545456062663683,
    "camera": 0.008181817965074018,
    "autoEngage": 0.007305935909758964,
    "syncPlayers": 0.12844036587881386,
    "syncUnits": 1.2000000003827822,
    "syncStructures": 0.07837837773400384,
    "syncResources": 0.03944954112035419,
    "sendClientPoses": 0.20733944976001706,
    "effectsAndFog": 17.76788990842093
  },
  "userAgent": "Mozilla/5.0 (Linux; Android 10; K) AppleWebKit/537.36 (KHTML, like Gecko) Chrome/145.0.0.0 Mobile Safari/537.36",
  "timestamp": "2026-04-13T20:14:26.394Z"
}