{
  "buildNumber": "274",
  "buildId": "CB7E_Olw",
  "sessionId": "PJns0EXEj",
  "durationSec": 10.596,
  "avgFps": 45.32876933255877,
  "minFps": 44.012616156154714,
  "maxFps": 47.48005890965272,
  "avgSectionTimingsMs": {
    "hud": 0.018924731400705153,
    "camera": 0.00645161315958987,
    "autoEngage": 0.0023681377697298933,
    "syncPlayers": 0.08340517328730945,
    "syncUnits": 0.01788793093171613,
    "syncResources": 0.018965517267070967,
    "sendClientPoses": 0.005387931034482759,
    "effectsAndFog": 0.05215517193849745,
    "syncStructures": 0.3679012350830031
  },
  "userAgent": "Mozilla/5.0 (Linux; Android 10; K) AppleWebKit/537.36 (KHTML, like Gecko) Chrome/145.0.0.0 Mobile Safari/537.36",
  "timestamp": "2026-04-13T20:10:39.082Z"
}