{
  "buildNumber": "277",
  "buildId": "CMEduUks",
  "sessionId": "q0WoIYLvG",
  "durationSec": 38.806,
  "avgFps": 35.05890985784983,
  "minFps": 26.510727529094936,
  "maxFps": 39.361938941941844,
  "avgSectionTimingsMs": {
    "hud": 0.022519684846945633,
    "camera": 0.00968503926213332,
    "autoEngage": 0.00626230804457257,
    "syncPlayers": 0.08668242673220082,
    "syncUnits": 0.7563435778409313,
    "syncResources": 0.026241134573287903,
    "sendClientPoses": 0.0780141842562538,
    "effectsAndFog": 0.049724192319656565,
    "syncStructures": 0.16678321736675877
  },
  "userAgent": "Mozilla/5.0 (Linux; Android 10; K) AppleWebKit/537.36 (KHTML, like Gecko) Chrome/145.0.0.0 Mobile Safari/537.36",
  "timestamp": "2026-04-13T20:25:43.645Z"
}