{
  "buildNumber": "277",
  "buildId": "CMEduUks",
  "sessionId": "q0WoIYLvG",
  "durationSec": 24.922,
  "avgFps": 37.604903146324624,
  "minFps": 33.37456852740384,
  "maxFps": 39.361938941941844,
  "avgSectionTimingsMs": {
    "hud": 0.023222222129503887,
    "camera": 0.007999999821186066,
    "autoEngage": 0.004780433686857028,
    "syncPlayers": 0.07730812013348165,
    "syncUnits": 0.2381535041517888,
    "syncResources": 0.02569521666899141,
    "sendClientPoses": 0.034482758521238076,
    "effectsAndFog": 0.04961067839246969,
    "syncStructures": 0.22139037436342493
  },
  "userAgent": "Mozilla/5.0 (Linux; Android 10; K) AppleWebKit/537.36 (KHTML, like Gecko) Chrome/145.0.0.0 Mobile Safari/537.36",
  "timestamp": "2026-04-13T20:25:29.762Z"
}