{
  "buildNumber": "276",
  "buildId": "BdYYCv-Z",
  "sessionId": "P2QeoMsYc",
  "durationSec": 54.613,
  "avgFps": 33.65730579379466,
  "minFps": 23.47566485001089,
  "maxFps": 42.24570034076106,
  "avgSectionTimingsMs": {
    "hud": 0.02649164701276292,
    "camera": 0.010143198037346679,
    "autoEngage": 0.006356311472306782,
    "syncPlayers": 0.14883582083146962,
    "syncUnits": 0.8172537314891816,
    "syncResources": 0.029313432761092686,
    "sendClientPoses": 0.12764179096293093,
    "effectsAndFog": 0.06346268682337519,
    "syncStructures": 0.20942928018995904
  },
  "userAgent": "Mozilla/5.0 (Linux; Android 10; K) AppleWebKit/537.36 (KHTML, like Gecko) Chrome/145.0.0.0 Mobile Safari/537.36",
  "timestamp": "2026-04-13T20:21:13.585Z"
}