{
  "buildNumber": "273",
  "buildId": "BF-xNiwv",
  "sessionId": "P_6xpY7hD",
  "durationSec": 7.087,
  "avgFps": 37.05804181062929,
  "minFps": 33.92933053345227,
  "maxFps": 40.321994488695054,
  "avgSectionTimingsMs": {
    "hud": 0.02416666696468989,
    "camera": 0.00791666644314925,
    "autoEngage": 0.002505219181793468,
    "syncPlayers": 0.06569037726733475,
    "syncUnits": 0.03389121336418216,
    "syncResources": 0.031799163154977134,
    "sendClientPoses": 0.003347280259910488,
    "effectsAndFog": 9.016736401424248,
    "syncStructures": 0.005769230425357819
  },
  "userAgent": "Mozilla/5.0 (Linux; Android 10; K) AppleWebKit/537.36 (KHTML, like Gecko) Chrome/145.0.0.0 Mobile Safari/537.36",
  "timestamp": "2026-04-13T20:02:03.976Z"
}