{
  "buildNumber": "277",
  "buildId": "CMEduUks",
  "sessionId": "q0WoIYLvG",
  "durationSec": 6.936,
  "avgFps": 28.769503811757495,
  "minFps": 28.48434442172548,
  "maxFps": 30.259186777423363,
  "avgSectionTimingsMs": {
    "hud": 0.028497409172008693,
    "camera": 0.00932642508664897,
    "autoEngage": 0.008831168846650557,
    "syncPlayers": 0.10729166694606344,
    "syncUnits": 1.389062499627471,
    "syncResources": 0.0244791676911215,
    "sendClientPoses": 0.1833333329608043,
    "effectsAndFog": 0.047916666604578495,
    "syncStructures": 0.06666666579743226
  },
  "userAgent": "Mozilla/5.0 (Linux; Android 10; K) AppleWebKit/537.36 (KHTML, like Gecko) Chrome/145.0.0.0 Mobile Safari/537.36",
  "timestamp": "2026-04-13T20:26:06.552Z"
}