{
  "buildNumber": "274",
  "buildId": "CB7E_Olw",
  "sessionId": "PJns0EXEj",
  "durationSec": 17.341,
  "avgFps": 44.03171611390918,
  "minFps": 38.46811471762148,
  "maxFps": 47.48005890965272,
  "avgSectionTimingsMs": {
    "hud": 0.01810584954066529,
    "camera": 0.006685237034449671,
    "autoEngage": 0.003902439041004779,
    "syncPlayers": 0.09163179977003334,
    "syncUnits": 0.3016736401839901,
    "syncResources": 0.020920502341442028,
    "sendClientPoses": 0.046164574275621977,
    "effectsAndFog": 0.054811715331536455,
    "syncStructures": 0.31221374050351497
  },
  "userAgent": "Mozilla/5.0 (Linux; Android 10; K) AppleWebKit/537.36 (KHTML, like Gecko) Chrome/145.0.0.0 Mobile Safari/537.36",
  "timestamp": "2026-04-13T20:10:45.827Z"
}