{
  "buildNumber": "274",
  "buildId": "CB7E_Olw",
  "sessionId": "PJns0EXEj",
  "durationSec": 10.685,
  "avgFps": 45.31754414555318,
  "minFps": 44.012616156154714,
  "maxFps": 47.48005890965272,
  "avgSectionTimingsMs": {
    "hud": 0.018976546045559557,
    "camera": 0.006396588740318314,
    "autoEngage": 0.002454642456903529,
    "syncPlayers": 0.08290598382297744,
    "syncUnits": 0.017735042633154452,
    "syncResources": 0.019230769294449408,
    "sendClientPoses": 0.005341880341880342,
    "effectsAndFog": 0.05213675164004676,
    "syncStructures": 0.3679012350830031
  },
  "userAgent": "Mozilla/5.0 (Linux; Android 10; K) AppleWebKit/537.36 (KHTML, like Gecko) Chrome/145.0.0.0 Mobile Safari/537.36",
  "timestamp": "2026-04-13T20:10:39.170Z"
}