{
  "buildNumber": "274",
  "buildId": "CB7E_Olw",
  "sessionId": "PJns0EXEj",
  "durationSec": 11.193,
  "avgFps": 45.27324155428367,
  "minFps": 44.012616156154714,
  "maxFps": 47.48005890965272,
  "avgSectionTimingsMs": {
    "hud": 0.018737271033576454,
    "camera": 0.006109979876189999,
    "autoEngage": 0.002344546363015909,
    "syncPlayers": 0.08387755185973887,
    "syncUnits": 0.017142857033379224,
    "syncResources": 0.018775510301395338,
    "sendClientPoses": 0.005306122436815379,
    "effectsAndFog": 0.05142857091767447,
    "syncStructures": 0.4070588238099042
  },
  "userAgent": "Mozilla/5.0 (Linux; Android 10; K) AppleWebKit/537.36 (KHTML, like Gecko) Chrome/145.0.0.0 Mobile Safari/537.36",
  "timestamp": "2026-04-13T20:10:39.678Z"
}