{
  "buildNumber": "276",
  "buildId": "BdYYCv-Z",
  "sessionId": "P2QeoMsYc",
  "durationSec": 24.878,
  "avgFps": 38.61357851573365,
  "minFps": 32.99223255264404,
  "maxFps": 42.24570034076106,
  "avgSectionTimingsMs": {
    "hud": 0.027172717520899507,
    "camera": 0.006710671158907043,
    "autoEngage": 0.005008255280697812,
    "syncPlayers": 0.11398678410814722,
    "syncUnits": 0.28656387683578527,
    "syncResources": 0.026321585712716443,
    "sendClientPoses": 0.05473568300318613,
    "effectsAndFog": 0.060022026727115534,
    "syncStructures": 0.25923913036999496
  },
  "userAgent": "Mozilla/5.0 (Linux; Android 10; K) AppleWebKit/537.36 (KHTML, like Gecko) Chrome/145.0.0.0 Mobile Safari/537.36",
  "timestamp": "2026-04-13T20:20:43.850Z"
}