{
  "buildNumber": "277",
  "buildId": "CMEduUks",
  "sessionId": "q0WoIYLvG",
  "durationSec": 5.551,
  "avgFps": 28.81966798191534,
  "minFps": 28.48434442172548,
  "maxFps": 30.259186777423363,
  "avgSectionTimingsMs": {
    "hud": 0.027922077999486553,
    "camera": 0.010389610737949223,
    "autoEngage": 0.009120521114392856,
    "syncPlayers": 0.10915032671947106,
    "syncUnits": 1.4496732023027208,
    "syncResources": 0.023529412699680702,
    "sendClientPoses": 0.1882352940007752,
    "effectsAndFog": 0.04771241837856816,
    "syncStructures": 0.06578947289993889
  },
  "userAgent": "Mozilla/5.0 (Linux; Android 10; K) AppleWebKit/537.36 (KHTML, like Gecko) Chrome/145.0.0.0 Mobile Safari/537.36",
  "timestamp": "2026-04-13T20:26:05.166Z"
}