{
  "buildNumber": "273",
  "buildId": "BF-xNiwv",
  "sessionId": "P_6xpY7hD",
  "durationSec": 44.567,
  "avgFps": 30.75631597082032,
  "minFps": 18.86530888045911,
  "maxFps": 40.321994488695054,
  "avgSectionTimingsMs": {
    "hud": 0.026008230521355147,
    "camera": 0.008230452601311139,
    "autoEngage": 0.005063812273330972,
    "syncPlayers": 0.08245469573302167,
    "syncUnits": 0.436161449752883,
    "syncResources": 0.026935749504672243,
    "sendClientPoses": 0.06400329485854757,
    "effectsAndFog": 14.380230642425563,
    "syncStructures": 0.15382165637365572
  },
  "userAgent": "Mozilla/5.0 (Linux; Android 10; K) AppleWebKit/537.36 (KHTML, like Gecko) Chrome/145.0.0.0 Mobile Safari/537.36",
  "timestamp": "2026-04-13T20:02:41.456Z"
}