{
  "buildNumber": "273",
  "buildId": "BF-xNiwv",
  "sessionId": "P_6xpY7hD",
  "durationSec": 60.842,
  "avgFps": 28.358582640780426,
  "minFps": 18.005645273948964,
  "maxFps": 40.321994488695054,
  "avgSectionTimingsMs": {
    "hud": 0.026449033989261423,
    "camera": 0.00792804791242738,
    "autoEngage": 0.005231589476135086,
    "syncPlayers": 0.08766666714350382,
    "syncUnits": 0.5753999998966853,
    "syncResources": 0.02699999992052714,
    "sendClientPoses": 0.1104666668176651,
    "effectsAndFog": 17.81333333327373,
    "syncStructures": 0.13398058271234475
  },
  "userAgent": "Mozilla/5.0 (Linux; Android 10; K) AppleWebKit/537.36 (KHTML, like Gecko) Chrome/145.0.0.0 Mobile Safari/537.36",
  "timestamp": "2026-04-13T20:02:57.732Z"
}