{
  "buildNumber": "273",
  "buildId": "BF-xNiwv",
  "sessionId": "P_6xpY7hD",
  "durationSec": 12.591,
  "avgFps": 35.316431658746346,
  "minFps": 32.298311318800174,
  "maxFps": 40.321994488695054,
  "avgSectionTimingsMs": {
    "hud": 0.021739130434782608,
    "camera": 0.00821256018491183,
    "autoEngage": 0.004111245508782088,
    "syncPlayers": 0.07021791796418714,
    "syncUnits": 0.0343825664849316,
    "syncResources": 0.02615012123856071,
    "sendClientPoses": 0.0033898304507461066,
    "effectsAndFog": 9.71549636796658,
    "syncStructures": 0.15978260824213858
  },
  "userAgent": "Mozilla/5.0 (Linux; Android 10; K) AppleWebKit/537.36 (KHTML, like Gecko) Chrome/145.0.0.0 Mobile Safari/537.36",
  "timestamp": "2026-04-13T20:02:09.480Z"
}