{
  "buildNumber": "277",
  "buildId": "CMEduUks",
  "sessionId": "q0WoIYLvG",
  "durationSec": 32.005,
  "avgFps": 36.35414627188887,
  "minFps": 28.205699546474133,
  "maxFps": 39.361938941941844,
  "avgSectionTimingsMs": {
    "hud": 0.02243589724485691,
    "camera": 0.008974358848818056,
    "autoEngage": 0.005588639563395788,
    "syncPlayers": 0.08276810236855672,
    "syncUnits": 0.5351970673263018,
    "syncResources": 0.025756186842372065,
    "sendClientPoses": 0.05939505034144268,
    "effectsAndFog": 0.05022914747269628,
    "syncStructures": 0.18818565410903737
  },
  "userAgent": "Mozilla/5.0 (Linux; Android 10; K) AppleWebKit/537.36 (KHTML, like Gecko) Chrome/145.0.0.0 Mobile Safari/537.36",
  "timestamp": "2026-04-13T20:25:36.844Z"
}