{
  "buildNumber": "273",
  "buildId": "BF-xNiwv",
  "sessionId": "P_6xpY7hD",
  "durationSec": 27.887,
  "avgFps": 33.510234566313436,
  "minFps": 30.47935076193736,
  "maxFps": 40.321994488695054,
  "avgSectionTimingsMs": {
    "hud": 0.025368063426908793,
    "camera": 0.008267270546672298,
    "autoEngage": 0.004192634547398381,
    "syncPlayers": 0.0763038553280625,
    "syncUnits": 0.07244897949722619,
    "syncResources": 0.027210884387530977,
    "sendClientPoses": 0.011224489836465745,
    "effectsAndFog": 10.230045351041417,
    "syncStructures": 0.19802955644471304
  },
  "userAgent": "Mozilla/5.0 (Linux; Android 10; K) AppleWebKit/537.36 (KHTML, like Gecko) Chrome/145.0.0.0 Mobile Safari/537.36",
  "timestamp": "2026-04-13T20:02:24.776Z"
}