{
  "buildNumber": "277",
  "buildId": "CMEduUks",
  "sessionId": "q0WoIYLvG",
  "durationSec": 39.901,
  "avgFps": 34.886977710948955,
  "minFps": 26.510727529094936,
  "maxFps": 39.361938941941844,
  "avgSectionTimingsMs": {
    "hud": 0.02232486509744528,
    "camera": 0.009853733512784445,
    "autoEngage": 0.006237966926179577,
    "syncPlayers": 0.08728813523504142,
    "syncUnits": 0.7618644070138549,
    "syncResources": 0.02634822785027773,
    "sendClientPoses": 0.08066255770313721,
    "effectsAndFog": 0.04984591680884545,
    "syncStructures": 0.1648464169315104
  },
  "userAgent": "Mozilla/5.0 (Linux; Android 10; K) AppleWebKit/537.36 (KHTML, like Gecko) Chrome/145.0.0.0 Mobile Safari/537.36",
  "timestamp": "2026-04-13T20:25:44.741Z"
}