{
  "buildNumber": "277",
  "buildId": "CMEduUks",
  "sessionId": "q0WoIYLvG",
  "durationSec": 1.512,
  "avgFps": 38.67532967519556,
  "minFps": 38.39109065484229,
  "maxFps": 39.361938941941844,
  "avgSectionTimingsMs": {
    "hud": 0.023636362769386986,
    "camera": 0.0036363634196194734,
    "autoEngage": 0.005504587921527548,
    "syncPlayers": 0.07962962874659786,
    "syncUnits": 0.025925926588199758,
    "syncResources": 0.02037036970809654,
    "sendClientPoses": 0.0018518517414728801,
    "effectsAndFog": 0.0499999992273472,
    "syncStructures": 0.00909091125835072
  },
  "userAgent": "Mozilla/5.0 (Linux; Android 10; K) AppleWebKit/537.36 (KHTML, like Gecko) Chrome/145.0.0.0 Mobile Safari/537.36",
  "timestamp": "2026-04-13T20:25:06.352Z"
}