{
  "buildNumber": "273",
  "buildId": "BF-xNiwv",
  "sessionId": "P_6xpY7hD",
  "durationSec": 34.476,
  "avgFps": 32.581050916192474,
  "minFps": 23.839220387073325,
  "maxFps": 40.321994488695054,
  "avgSectionTimingsMs": {
    "hud": 0.0265306121985581,
    "camera": 0.007871720023938355,
    "autoEngage": 0.004666990760349798,
    "syncPlayers": 0.07830739345995832,
    "syncUnits": 0.22480544758098134,
    "syncResources": 0.027529182832992494,
    "sendClientPoses": 0.029961089389797316,
    "effectsAndFog": 11.723735408299396,
    "syncStructures": 0.17649402395187622
  },
  "userAgent": "Mozilla/5.0 (Linux; Android 10; K) AppleWebKit/537.36 (KHTML, like Gecko) Chrome/145.0.0.0 Mobile Safari/537.36",
  "timestamp": "2026-04-13T20:02:31.365Z"
}