{
  "buildNumber": "274",
  "buildId": "CB7E_Olw",
  "sessionId": "PJns0EXEj",
  "durationSec": 20.858,
  "avgFps": 43.08475783418573,
  "minFps": 37.22873589649656,
  "maxFps": 47.48005890965272,
  "avgSectionTimingsMs": {
    "hud": 0.01822485207805972,
    "camera": 0.006982248704108966,
    "autoEngage": 0.003966844279502114,
    "syncPlayers": 0.09348341268244513,
    "syncUnits": 0.4111374410054695,
    "syncResources": 0.02073459729764134,
    "sendClientPoses": 0.0593601893545327,
    "effectsAndFog": 0.054976303112732855,
    "syncStructures": 0.2757961782300548
  },
  "userAgent": "Mozilla/5.0 (Linux; Android 10; K) AppleWebKit/537.36 (KHTML, like Gecko) Chrome/145.0.0.0 Mobile Safari/537.36",
  "timestamp": "2026-04-13T20:10:49.344Z"
}