{
  "buildNumber": "276",
  "buildId": "BdYYCv-Z",
  "sessionId": "P2QeoMsYc",
  "durationSec": 23.015,
  "avgFps": 38.967048692223074,
  "minFps": 34.54174676025607,
  "maxFps": 42.24570034076106,
  "avgSectionTimingsMs": {
    "hud": 0.027144536148367142,
    "camera": 0.006815511282406458,
    "autoEngage": 0.004879482576666265,
    "syncPlayers": 0.11282352952396169,
    "syncUnits": 0.25411764719906976,
    "syncResources": 0.026588235111797556,
    "sendClientPoses": 0.04823529422283172,
    "effectsAndFog": 0.05976470621193156,
    "syncStructures": 0.2719298245614035
  },
  "userAgent": "Mozilla/5.0 (Linux; Android 10; K) AppleWebKit/537.36 (KHTML, like Gecko) Chrome/145.0.0.0 Mobile Safari/537.36",
  "timestamp": "2026-04-13T20:20:41.988Z"
}