{
  "buildNumber": "277",
  "buildId": "CMEduUks",
  "sessionId": "q0WoIYLvG",
  "durationSec": 16.807,
  "avgFps": 37.98722797066753,
  "minFps": 36.94121099749357,
  "maxFps": 39.361938941941844,
  "avgSectionTimingsMs": {
    "hud": 0.021279999923706053,
    "camera": 0.008159999847412109,
    "autoEngage": 0.0038430746122777126,
    "syncPlayers": 0.07451923067371051,
    "syncUnits": 0.034775641484138295,
    "syncResources": 0.025480768906000335,
    "sendClientPoses": 0.005128205109101076,
    "effectsAndFog": 0.0472756406913201,
    "syncStructures": 0.2373015871123662
  },
  "userAgent": "Mozilla/5.0 (Linux; Android 10; K) AppleWebKit/537.36 (KHTML, like Gecko) Chrome/145.0.0.0 Mobile Safari/537.36",
  "timestamp": "2026-04-13T20:25:21.646Z"
}