{
  "buildNumber": "273",
  "buildId": "BF-xNiwv",
  "sessionId": "P_6xpY7hD",
  "durationSec": 26.594,
  "avgFps": 33.59468049566002,
  "minFps": 31.135007847593187,
  "maxFps": 40.321994488695054,
  "avgSectionTimingsMs": {
    "hud": 0.024852767955288027,
    "camera": 0.008362779628542483,
    "autoEngage": 0.003830288727282073,
    "syncPlayers": 0.07558962302106731,
    "syncUnits": 0.033608490601181984,
    "syncResources": 0.02700471705844942,
    "sendClientPoses": 0.005542452886419476,
    "effectsAndFog": 10.149999999458778,
    "syncStructures": 0.19845360809380247
  },
  "userAgent": "Mozilla/5.0 (Linux; Android 10; K) AppleWebKit/537.36 (KHTML, like Gecko) Chrome/145.0.0.0 Mobile Safari/537.36",
  "timestamp": "2026-04-13T20:02:23.484Z"
}