{
  "buildNumber": "277",
  "buildId": "CMEduUks",
  "sessionId": "q0WoIYLvG",
  "durationSec": 17.065,
  "avgFps": 37.9819870764222,
  "minFps": 36.94121099749357,
  "maxFps": 39.361938941941844,
  "avgSectionTimingsMs": {
    "hud": 0.020944881814671315,
    "camera": 0.008188976218381267,
    "autoEngage": 0.0037825060604687656,
    "syncPlayers": 0.07413249211356467,
    "syncUnits": 0.03454258723025818,
    "syncResources": 0.025236592730889185,
    "sendClientPoses": 0.0050473185931846545,
    "effectsAndFog": 0.04731861165833398,
    "syncStructures": 0.2531249998137355
  },
  "userAgent": "Mozilla/5.0 (Linux; Android 10; K) AppleWebKit/537.36 (KHTML, like Gecko) Chrome/145.0.0.0 Mobile Safari/537.36",
  "timestamp": "2026-04-13T20:25:21.904Z"
}