{
  "buildNumber": "277",
  "buildId": "CMEduUks",
  "sessionId": "q0WoIYLvG",
  "durationSec": 21.834,
  "avgFps": 37.92461678546192,
  "minFps": 35.96194021310538,
  "maxFps": 39.361938941941844,
  "avgSectionTimingsMs": {
    "hud": 0.023258706304564405,
    "camera": 0.007835820725011588,
    "autoEngage": 0.004418170667243582,
    "syncPlayers": 0.07696139482157316,
    "syncUnits": 0.1290161896167627,
    "syncResources": 0.025404731964560254,
    "sendClientPoses": 0.020298878995151922,
    "effectsAndFog": 0.0486924032197052,
    "syncStructures": 0.2445121952673284
  },
  "userAgent": "Mozilla/5.0 (Linux; Android 10; K) AppleWebKit/537.36 (KHTML, like Gecko) Chrome/145.0.0.0 Mobile Safari/537.36",
  "timestamp": "2026-04-13T20:25:26.673Z"
}