{
  "buildNumber": "276",
  "buildId": "BdYYCv-Z",
  "sessionId": "P2QeoMsYc",
  "durationSec": 22.828,
  "avgFps": 38.998470954461915,
  "minFps": 34.54174676025607,
  "maxFps": 42.24570034076106,
  "avgSectionTimingsMs": {
    "hud": 0.02710059204045132,
    "camera": 0.0066272190689335205,
    "autoEngage": 0.004914150303676327,
    "syncPlayers": 0.11303317546844482,
    "syncUnits": 0.25106635085920587,
    "syncResources": 0.02677725100121792,
    "sendClientPoses": 0.047630331880673414,
    "effectsAndFog": 0.059597156730025865,
    "syncStructures": 0.27396449693561303
  },
  "userAgent": "Mozilla/5.0 (Linux; Android 10; K) AppleWebKit/537.36 (KHTML, like Gecko) Chrome/145.0.0.0 Mobile Safari/537.36",
  "timestamp": "2026-04-13T20:20:41.801Z"
}