{
  "buildNumber": "274",
  "buildId": "CB7E_Olw",
  "sessionId": "PJns0EXEj",
  "durationSec": 12.619,
  "avgFps": 45.11207627759434,
  "minFps": 42.882096587837026,
  "maxFps": 47.48005890965272,
  "avgSectionTimingsMs": {
    "hud": 0.018566176569198862,
    "camera": 0.006066176711636431,
    "autoEngage": 0.002943882233743396,
    "syncPlayers": 0.08821362877199443,
    "syncUnits": 0.07200736630687397,
    "syncResources": 0.01988950289415391,
    "sendClientPoses": 0.01749539589355005,
    "effectsAndFog": 0.05340699777418737,
    "syncStructures": 0.3781250004346172
  },
  "userAgent": "Mozilla/5.0 (Linux; Android 10; K) AppleWebKit/537.36 (KHTML, like Gecko) Chrome/145.0.0.0 Mobile Safari/537.36",
  "timestamp": "2026-04-13T20:10:41.104Z"
}