{
  "buildNumber": "273",
  "buildId": "BF-xNiwv",
  "sessionId": "P_6xpY7hD",
  "durationSec": 10.372,
  "avgFps": 35.89068919914649,
  "minFps": 32.298311318800174,
  "maxFps": 40.321994488695054,
  "avgSectionTimingsMs": {
    "hud": 0.022352941246593698,
    "camera": 0.007352941001162809,
    "autoEngage": 0.004418262238003895,
    "syncPlayers": 0.0690265493934485,
    "syncUnits": 0.03362831842582838,
    "syncResources": 0.029498525161658767,
    "sendClientPoses": 0.0032448377405296033,
    "effectsAndFog": 9.77463126815526,
    "syncStructures": 0.13815789395257047
  },
  "userAgent": "Mozilla/5.0 (Linux; Android 10; K) AppleWebKit/537.36 (KHTML, like Gecko) Chrome/145.0.0.0 Mobile Safari/537.36",
  "timestamp": "2026-04-13T20:02:07.261Z"
}