{
  "buildNumber": "273",
  "buildId": "BF-xNiwv",
  "sessionId": "P_6xpY7hD",
  "durationSec": 53.213,
  "avgFps": 29.376921303971024,
  "minFps": 18.005645273948964,
  "maxFps": 40.321994488695054,
  "avgSectionTimingsMs": {
    "hud": 0.026153846232445686,
    "camera": 0.00798534794604822,
    "autoEngage": 0.0052400146617518975,
    "syncPlayers": 0.08541055770913178,
    "syncUnits": 0.5495601171884369,
    "syncResources": 0.02734604095521211,
    "sendClientPoses": 0.09112903235420104,
    "effectsAndFog": 16.391935483866597,
    "syncStructures": 0.14316939916767057
  },
  "userAgent": "Mozilla/5.0 (Linux; Android 10; K) AppleWebKit/537.36 (KHTML, like Gecko) Chrome/145.0.0.0 Mobile Safari/537.36",
  "timestamp": "2026-04-13T20:02:50.102Z"
}