{
  "buildNumber": "273",
  "buildId": "BF-xNiwv",
  "sessionId": "P_6xpY7hD",
  "durationSec": 12.525,
  "avgFps": 35.328985695357616,
  "minFps": 32.298311318800174,
  "maxFps": 40.321994488695054,
  "avgSectionTimingsMs": {
    "hud": 0.021844660194174758,
    "camera": 0.008252426981925964,
    "autoEngage": 0.004131227260951139,
    "syncPlayers": 0.07055961099564304,
    "syncUnits": 0.03430656925605161,
    "syncResources": 0.026277372436801883,
    "sendClientPoses": 0.0034063259760538736,
    "effectsAndFog": 9.701946471946952,
    "syncStructures": 0.1604395600465628
  },
  "userAgent": "Mozilla/5.0 (Linux; Android 10; K) AppleWebKit/537.36 (KHTML, like Gecko) Chrome/145.0.0.0 Mobile Safari/537.36",
  "timestamp": "2026-04-13T20:02:09.414Z"
}