{
  "buildNumber": "276",
  "buildId": "BdYYCv-Z",
  "sessionId": "P2QeoMsYc",
  "durationSec": 20.829,
  "avgFps": 39.33199068140762,
  "minFps": 35.407549796010784,
  "maxFps": 42.24570034076106,
  "avgSectionTimingsMs": {
    "hud": 0.027016645662305296,
    "camera": 0.0065300897736860755,
    "autoEngage": 0.004804612351563556,
    "syncPlayers": 0.11051282057395348,
    "syncUnits": 0.2142307691849195,
    "syncResources": 0.027564102411270143,
    "sendClientPoses": 0.03910256421718842,
    "effectsAndFog": 0.05897435939464814,
    "syncStructures": 0.29740259728648444
  },
  "userAgent": "Mozilla/5.0 (Linux; Android 10; K) AppleWebKit/537.36 (KHTML, like Gecko) Chrome/145.0.0.0 Mobile Safari/537.36",
  "timestamp": "2026-04-13T20:20:39.801Z"
}