{
  "buildNumber": "273",
  "buildId": "BF-xNiwv",
  "sessionId": "P_6xpY7hD",
  "durationSec": 38.044,
  "avgFps": 31.929022296051258,
  "minFps": 20.96475332559742,
  "maxFps": 40.321994488695054,
  "avgSectionTimingsMs": {
    "hud": 0.026618049268626907,
    "camera": 0.007930720053484143,
    "autoEngage": 0.0047879616963064295,
    "syncPlayers": 0.07901459891539421,
    "syncUnits": 0.2972627737606964,
    "syncResources": 0.026916058394160582,
    "sendClientPoses": 0.042335766428796044,
    "effectsAndFog": 12.75136861278519,
    "syncStructures": 0.16703296722946587
  },
  "userAgent": "Mozilla/5.0 (Linux; Android 10; K) AppleWebKit/537.36 (KHTML, like Gecko) Chrome/145.0.0.0 Mobile Safari/537.36",
  "timestamp": "2026-04-13T20:02:34.934Z"
}