{
  "buildNumber": "273",
  "buildId": "BF-xNiwv",
  "sessionId": "P_6xpY7hD",
  "durationSec": 55.418,
  "avgFps": 29.05729053273613,
  "minFps": 18.005645273948964,
  "maxFps": 40.321994488695054,
  "avgSectionTimingsMs": {
    "hud": 0.026263345263606713,
    "camera": 0.007829181473450304,
    "autoEngage": 0.005197579207561244,
    "syncPlayers": 0.08596866146961168,
    "syncUnits": 0.5617521366799659,
    "syncResources": 0.027207977072126167,
    "sendClientPoses": 0.09729344737410885,
    "effectsAndFog": 16.820868945890172,
    "syncStructures": 0.14052631596201345
  },
  "userAgent": "Mozilla/5.0 (Linux; Android 10; K) AppleWebKit/537.36 (KHTML, like Gecko) Chrome/145.0.0.0 Mobile Safari/537.36",
  "timestamp": "2026-04-13T20:02:52.308Z"
}