{
  "buildNumber": "274",
  "buildId": "CB7E_Olw",
  "sessionId": "PJns0EXEj",
  "durationSec": 2.566,
  "avgFps": 46.46362218106792,
  "minFps": 45.86004418223954,
  "maxFps": 47.48005890965272,
  "avgSectionTimingsMs": {
    "hud": 0.020689655223797107,
    "camera": 0.005172413998636706,
    "autoEngage": 0.0008658008141951127,
    "syncPlayers": 0.08434782676074816,
    "syncUnits": 0.023478260506754337,
    "syncResources": 0.02695652194645094,
    "sendClientPoses": 0.0052173912525177,
    "effectsAndFog": 0.06000000005183013,
    "syncStructures": 0
  },
  "userAgent": "Mozilla/5.0 (Linux; Android 10; K) AppleWebKit/537.36 (KHTML, like Gecko) Chrome/145.0.0.0 Mobile Safari/537.36",
  "timestamp": "2026-04-13T20:10:31.051Z"
}