{
  "buildNumber": "277",
  "buildId": "CMEduUks",
  "sessionId": "q0WoIYLvG",
  "durationSec": 31.065,
  "avgFps": 36.51777144549769,
  "minFps": 28.940932728632177,
  "maxFps": 39.361938941941844,
  "avgSectionTimingsMs": {
    "hud": 0.022731524605523547,
    "camera": 0.008793264599577973,
    "autoEngage": 0.00566214327227584,
    "syncPlayers": 0.08174157282163141,
    "syncUnits": 0.49784644229916597,
    "syncResources": 0.02565543054976267,
    "sendClientPoses": 0.05655430703797144,
    "effectsAndFog": 0.04962546810898442,
    "syncStructures": 0.19264069276970702
  },
  "userAgent": "Mozilla/5.0 (Linux; Android 10; K) AppleWebKit/537.36 (KHTML, like Gecko) Chrome/145.0.0.0 Mobile Safari/537.36",
  "timestamp": "2026-04-13T20:25:35.904Z"
}