{
  "buildNumber": "277",
  "buildId": "CMEduUks",
  "sessionId": "q0WoIYLvG",
  "durationSec": 7.617,
  "avgFps": 28.755671773625245,
  "minFps": 28.48434442172548,
  "maxFps": 30.259186777423363,
  "avgSectionTimingsMs": {
    "hud": 0.02735849034111455,
    "camera": 0.008962264460212779,
    "autoEngage": 0.008747044889075819,
    "syncPlayers": 0.10758293889710123,
    "syncUnits": 1.3450236961739888,
    "syncResources": 0.02464455069523852,
    "sendClientPoses": 0.18388625555693822,
    "effectsAndFog": 0.04644549740434258,
    "syncStructures": 0.06415094238407207
  },
  "userAgent": "Mozilla/5.0 (Linux; Android 10; K) AppleWebKit/537.36 (KHTML, like Gecko) Chrome/145.0.0.0 Mobile Safari/537.36",
  "timestamp": "2026-04-13T20:26:07.232Z"
}