{
  "buildNumber": "274",
  "buildId": "CB7E_Olw",
  "sessionId": "PJns0EXEj",
  "durationSec": 10.817,
  "avgFps": 45.30106084463444,
  "minFps": 44.012616156154714,
  "maxFps": 47.48005890965272,
  "avgSectionTimingsMs": {
    "hud": 0.018947368609277825,
    "camera": 0.006315789724651136,
    "autoEngage": 0.002423603774624454,
    "syncPlayers": 0.083544304728005,
    "syncUnits": 0.017510548422608196,
    "syncResources": 0.019198312286586198,
    "sendClientPoses": 0.005485232054935729,
    "effectsAndFog": 0.05210970411320779,
    "syncStructures": 0.364634146777595
  },
  "userAgent": "Mozilla/5.0 (Linux; Android 10; K) AppleWebKit/537.36 (KHTML, like Gecko) Chrome/145.0.0.0 Mobile Safari/537.36",
  "timestamp": "2026-04-13T20:10:39.302Z"
}