{
  "buildNumber": "277",
  "buildId": "CMEduUks",
  "sessionId": "q0WoIYLvG",
  "durationSec": 16.982,
  "avgFps": 37.98354193033201,
  "minFps": 36.94121099749357,
  "maxFps": 39.361938941941844,
  "avgSectionTimingsMs": {
    "hud": 0.021044303722019438,
    "camera": 0.008227847940936873,
    "autoEngage": 0.0038004752103997334,
    "syncPlayers": 0.0743264658893156,
    "syncUnits": 0.034706815061780805,
    "syncResources": 0.025198097935569267,
    "sendClientPoses": 0.005071315353532601,
    "effectsAndFog": 0.047226624046754914,
    "syncStructures": 0.23543307067841057
  },
  "userAgent": "Mozilla/5.0 (Linux; Android 10; K) AppleWebKit/537.36 (KHTML, like Gecko) Chrome/145.0.0.0 Mobile Safari/537.36",
  "timestamp": "2026-04-13T20:25:21.822Z"
}