{
  "buildNumber": "277",
  "buildId": "CMEduUks",
  "sessionId": "q0WoIYLvG",
  "durationSec": 4.454,
  "avgFps": 38.47989144718141,
  "minFps": 38.293317991131715,
  "maxFps": 39.361938941941844,
  "avgSectionTimingsMs": {
    "hud": 0.01987951796456992,
    "camera": 0.007831325373017645,
    "autoEngage": 0.00302114830636546,
    "syncPlayers": 0.070909091017463,
    "syncUnits": 0.02727272727272727,
    "syncResources": 0.026060605229753436,
    "sendClientPoses": 0.0018181817098097367,
    "effectsAndFog": 0.04303030191045819,
    "syncStructures": 0.17272727417223382
  },
  "userAgent": "Mozilla/5.0 (Linux; Android 10; K) AppleWebKit/537.36 (KHTML, like Gecko) Chrome/145.0.0.0 Mobile Safari/537.36",
  "timestamp": "2026-04-13T20:25:09.293Z"
}