{
  "buildNumber": "274",
  "buildId": "CB7E_Olw",
  "sessionId": "PJns0EXEj",
  "durationSec": 27.867,
  "avgFps": 41.33145516418265,
  "minFps": 31.92384310337146,
  "maxFps": 47.48005890965272,
  "avgSectionTimingsMs": {
    "hud": 0.018396226302632747,
    "camera": 0.008018868008874497,
    "autoEngage": 0.004436054731551742,
    "syncPlayers": 0.10075542997706037,
    "syncUnits": 0.5929178471436919,
    "syncResources": 0.020679886691180798,
    "sendClientPoses": 0.08423040594775458,
    "effectsAndFog": 0.05646836619764369,
    "syncStructures": 0.2326923075776834
  },
  "userAgent": "Mozilla/5.0 (Linux; Android 10; K) AppleWebKit/537.36 (KHTML, like Gecko) Chrome/145.0.0.0 Mobile Safari/537.36",
  "timestamp": "2026-04-13T20:10:56.352Z"
}