{
  "buildNumber": "274",
  "buildId": "CB7E_Olw",
  "sessionId": "PJns0EXEj",
  "durationSec": 7.71,
  "avgFps": 45.749274215659355,
  "minFps": 44.792959703402545,
  "maxFps": 47.48005890965272,
  "avgSectionTimingsMs": {
    "hud": 0.019469026882739895,
    "camera": 0.005899705278486629,
    "autoEngage": 0.002215657267647973,
    "syncPlayers": 0.08165680586233647,
    "syncUnits": 0.018934910819375303,
    "syncResources": 0.021301775200832526,
    "sendClientPoses": 0.005325443734078718,
    "effectsAndFog": 0.05295857954660111,
    "syncStructures": 0.30169491444603874
  },
  "userAgent": "Mozilla/5.0 (Linux; Android 10; K) AppleWebKit/537.36 (KHTML, like Gecko) Chrome/145.0.0.0 Mobile Safari/537.36",
  "timestamp": "2026-04-13T20:10:36.195Z"
}