{
  "buildNumber": "277",
  "buildId": "CMEduUks",
  "sessionId": "q0WoIYLvG",
  "durationSec": 21.624,
  "avgFps": 37.94185484820532,
  "minFps": 36.94121099749357,
  "maxFps": 39.361938941941844,
  "avgSectionTimingsMs": {
    "hud": 0.023212045019812687,
    "camera": 0.007904642237025491,
    "autoEngage": 0.0043942248828741865,
    "syncPlayers": 0.07726130653266332,
    "syncUnits": 0.1218592968568131,
    "syncResources": 0.025125627878622794,
    "sendClientPoses": 0.019472361621844708,
    "effectsAndFog": 0.04886934647907564,
    "syncStructures": 0.24629629651705423
  },
  "userAgent": "Mozilla/5.0 (Linux; Android 10; K) AppleWebKit/537.36 (KHTML, like Gecko) Chrome/145.0.0.0 Mobile Safari/537.36",
  "timestamp": "2026-04-13T20:25:26.464Z"
}