{
  "buildNumber": "276",
  "buildId": "BdYYCv-Z",
  "sessionId": "P2QeoMsYc",
  "durationSec": 9.467,
  "avgFps": 41.2665371963031,
  "minFps": 39.85117862344393,
  "maxFps": 42.24570034076106,
  "avgSectionTimingsMs": {
    "hud": 0.02774869131792278,
    "camera": 0.006020942517600134,
    "autoEngage": 0.003145478382648053,
    "syncPlayers": 0.10498687734441181,
    "syncUnits": 0.03569553757277061,
    "syncResources": 0.02572178457352746,
    "sendClientPoses": 0.0018372703099188217,
    "effectsAndFog": 0.05511811062732706,
    "syncStructures": 0.3366197179740583
  },
  "userAgent": "Mozilla/5.0 (Linux; Android 10; K) AppleWebKit/537.36 (KHTML, like Gecko) Chrome/145.0.0.0 Mobile Safari/537.36",
  "timestamp": "2026-04-13T20:20:28.439Z"
}