{
  "buildNumber": "273",
  "buildId": "BF-xNiwv",
  "sessionId": "P_6xpY7hD",
  "durationSec": 22.594,
  "avgFps": 33.8853158234878,
  "minFps": 31.135007847593187,
  "maxFps": 40.321994488695054,
  "avgSectionTimingsMs": {
    "hud": 0.024517906352508168,
    "camera": 0.008539944805061194,
    "autoEngage": 0.003790489297172762,
    "syncPlayers": 0.07531034506600479,
    "syncUnits": 0.03337931024617162,
    "syncResources": 0.028551724203701678,
    "sendClientPoses": 0.0053793103530489165,
    "effectsAndFog": 10.0142068961571,
    "syncStructures": 0.16424242384505994
  },
  "userAgent": "Mozilla/5.0 (Linux; Android 10; K) AppleWebKit/537.36 (KHTML, like Gecko) Chrome/145.0.0.0 Mobile Safari/537.36",
  "timestamp": "2026-04-13T20:02:19.483Z"
}