{
  "buildNumber": "275",
  "buildId": "DlwQSAVw",
  "sessionId": "7MiGiHpAI",
  "durationSec": 6.433,
  "avgFps": 18.288757037877478,
  "minFps": 15.453768091335075,
  "maxFps": 20.130142232611743,
  "avgSectionTimingsMs": {
    "hud": 0.02408759219803079,
    "camera": 0.010218977710626421,
    "autoEngage": 0.007692307452142457,
    "syncPlayers": 0.14411764613845768,
    "syncUnits": 1.1625000003944426,
    "syncStructures": 0.0826086946155714,
    "syncResources": 0.03749999951790361,
    "sendClientPoses": 0.2161764712894664,
    "effectsAndFog": 17.471323529367936
  },
  "userAgent": "Mozilla/5.0 (Linux; Android 10; K) AppleWebKit/537.36 (KHTML, like Gecko) Chrome/145.0.0.0 Mobile Safari/537.36",
  "timestamp": "2026-04-13T20:14:27.662Z"
}