{
  "buildNumber": "276",
  "buildId": "BdYYCv-Z",
  "sessionId": "P2QeoMsYc",
  "durationSec": 46.101,
  "avgFps": 34.953060240566245,
  "minFps": 24.825465433277753,
  "maxFps": 42.24570034076106,
  "avgSectionTimingsMs": {
    "hud": 0.02608108125828408,
    "camera": 0.009459459439322755,
    "autoEngage": 0.005947955267459165,
    "syncPlayers": 0.14077079104684026,
    "syncUnits": 0.7279918867240813,
    "syncResources": 0.029276538028194746,
    "sendClientPoses": 0.11230561199665393,
    "effectsAndFog": 0.06288032472496342,
    "syncStructures": 0.19999999950769026
  },
  "userAgent": "Mozilla/5.0 (Linux; Android 10; K) AppleWebKit/537.36 (KHTML, like Gecko) Chrome/145.0.0.0 Mobile Safari/537.36",
  "timestamp": "2026-04-13T20:21:05.073Z"
}