{
  "buildNumber": "276",
  "buildId": "BdYYCv-Z",
  "sessionId": "P2QeoMsYc",
  "durationSec": 0.565,
  "avgFps": 41.125914193165954,
  "minFps": 41.125914193165954,
  "maxFps": 41.125914193165954,
  "avgSectionTimingsMs": {
    "hud": 0.029166666169961292,
    "camera": 0.008333334078391394,
    "autoEngage": 0.00425531952939135,
    "syncPlayers": 0.16956521894620813,
    "syncUnits": 0.0260869562625885,
    "syncResources": 0.0260869562625885,
    "sendClientPoses": 0.004347825827805892,
    "effectsAndFog": 0.09565217339474222,
    "syncStructures": 0.125
  },
  "userAgent": "Mozilla/5.0 (Linux; Android 10; K) AppleWebKit/537.36 (KHTML, like Gecko) Chrome/145.0.0.0 Mobile Safari/537.36",
  "timestamp": "2026-04-13T20:20:19.537Z"
}