{
  "buildNumber": "274",
  "buildId": "CB7E_Olw",
  "sessionId": "PJns0EXEj",
  "durationSec": 8.777,
  "avgFps": 45.55990945866532,
  "minFps": 44.13353983316393,
  "maxFps": 47.48005890965272,
  "avgSectionTimingsMs": {
    "hud": 0.017875647992667755,
    "camera": 0.006735751588727526,
    "autoEngage": 0.0025940337224383916,
    "syncPlayers": 0.0807792213830081,
    "syncUnits": 0.01922077892662643,
    "syncResources": 0.020779220856629407,
    "sendClientPoses": 0.005194805117396565,
    "effectsAndFog": 0.052207791882675963,
    "syncStructures": 0.38656716382325584
  },
  "userAgent": "Mozilla/5.0 (Linux; Android 10; K) AppleWebKit/537.36 (KHTML, like Gecko) Chrome/145.0.0.0 Mobile Safari/537.36",
  "timestamp": "2026-04-13T20:10:37.262Z"
}