{
  "buildNumber": "275",
  "buildId": "DlwQSAVw",
  "sessionId": "7MiGiHpAI",
  "durationSec": 7.271,
  "avgFps": 18.56488090372151,
  "minFps": 15.453768091335075,
  "maxFps": 20.823205005844105,
  "avgSectionTimingsMs": {
    "hud": 0.023717949787775677,
    "camera": 0.010897435629979158,
    "autoEngage": 0.007717041628153761,
    "syncPlayers": 0.13999999973081773,
    "syncUnits": 1.1103225809912527,
    "syncStructures": 0.0811320740096974,
    "syncResources": 0.03483870913905482,
    "sendClientPoses": 0.21161290407180786,
    "effectsAndFog": 17.308387097043376
  },
  "userAgent": "Mozilla/5.0 (Linux; Android 10; K) AppleWebKit/537.36 (KHTML, like Gecko) Chrome/145.0.0.0 Mobile Safari/537.36",
  "timestamp": "2026-04-13T20:14:28.499Z"
}