{
  "buildNumber": "273",
  "buildId": "BF-xNiwv",
  "sessionId": "P_6xpY7hD",
  "durationSec": 37.713,
  "avgFps": 31.98932075051754,
  "minFps": 20.96475332559742,
  "maxFps": 40.321994488695054,
  "avgSectionTimingsMs": {
    "hud": 0.026581118267463174,
    "camera": 0.007882676356216835,
    "autoEngage": 0.004768454839963533,
    "syncPlayers": 0.07899082603804562,
    "syncUnits": 0.28972477070782165,
    "syncResources": 0.026788990814751442,
    "sendClientPoses": 0.041467889869978666,
    "effectsAndFog": 12.656422017965841,
    "syncStructures": 0.167896679186733
  },
  "userAgent": "Mozilla/5.0 (Linux; Android 10; K) AppleWebKit/537.36 (KHTML, like Gecko) Chrome/145.0.0.0 Mobile Safari/537.36",
  "timestamp": "2026-04-13T20:02:34.603Z"
}