{
  "buildNumber": "274",
  "buildId": "CB7E_Olw",
  "sessionId": "PJns0EXEj",
  "durationSec": 35.009,
  "avgFps": 39.6811123183073,
  "minFps": 31.192882327528594,
  "maxFps": 47.48005890965272,
  "avgSectionTimingsMs": {
    "hud": 0.0195940670606031,
    "camera": 0.008040593365595547,
    "autoEngage": 0.004451386191238886,
    "syncPlayers": 0.10562500017695128,
    "syncUnits": 0.6442968752468005,
    "syncResources": 0.020703125023283066,
    "sendClientPoses": 0.10023437484633177,
    "effectsAndFog": 0.05609374982304871,
    "syncStructures": 0.21853281816460451
  },
  "userAgent": "Mozilla/5.0 (Linux; Android 10; K) AppleWebKit/537.36 (KHTML, like Gecko) Chrome/145.0.0.0 Mobile Safari/537.36",
  "timestamp": "2026-04-13T20:11:03.494Z"
}