{
  "buildNumber": "274",
  "buildId": "CB7E_Olw",
  "sessionId": "PJns0EXEj",
  "durationSec": 3.761,
  "avgFps": 46.47980702588964,
  "minFps": 45.86004418223954,
  "maxFps": 47.48005890965272,
  "avgSectionTimingsMs": {
    "hud": 0.018562874394262623,
    "camera": 0.004790419411516475,
    "autoEngage": 0.0015015014120050379,
    "syncPlayers": 0.08132530174341547,
    "syncUnits": 0.023493975580456745,
    "syncResources": 0.027108433555407697,
    "sendClientPoses": 0.00481927718024656,
    "effectsAndFog": 0.05843373450888208,
    "syncStructures": 0.003448276684201997
  },
  "userAgent": "Mozilla/5.0 (Linux; Android 10; K) AppleWebKit/537.36 (KHTML, like Gecko) Chrome/145.0.0.0 Mobile Safari/537.36",
  "timestamp": "2026-04-13T20:10:32.246Z"
}