{
  "buildNumber": "276",
  "buildId": "BdYYCv-Z",
  "sessionId": "P2QeoMsYc",
  "durationSec": 13.601,
  "avgFps": 40.67005366108721,
  "minFps": 37.659943236324054,
  "maxFps": 42.24570034076106,
  "avgSectionTimingsMs": {
    "hud": 0.026226415442970562,
    "camera": 0.006603773753598051,
    "autoEngage": 0.004721435288194219,
    "syncPlayers": 0.11020793981272692,
    "syncUnits": 0.12892249485720758,
    "syncResources": 0.02722117158325498,
    "sendClientPoses": 0.024007561695823597,
    "effectsAndFog": 0.059168242495542214,
    "syncStructures": 0.29901960784313725
  },
  "userAgent": "Mozilla/5.0 (Linux; Android 10; K) AppleWebKit/537.36 (KHTML, like Gecko) Chrome/145.0.0.0 Mobile Safari/537.36",
  "timestamp": "2026-04-13T20:20:32.574Z"
}