{
  "buildNumber": "275",
  "buildId": "DlwQSAVw",
  "sessionId": "7MiGiHpAI",
  "durationSec": 5.37,
  "avgFps": 17.921815892715706,
  "minFps": 15.453768091335075,
  "maxFps": 20.130142232611743,
  "avgSectionTimingsMs": {
    "hud": 0.02543859785063225,
    "camera": 0.007894736632966158,
    "autoEngage": 0.0074889866003381,
    "syncPlayers": 0.1336283172126365,
    "syncUnits": 1.2176991157827124,
    "syncStructures": 0.08157894642729509,
    "syncResources": 0.039823008585820156,
    "sendClientPoses": 0.2123893807947108,
    "effectsAndFog": 17.687610619363532
  },
  "userAgent": "Mozilla/5.0 (Linux; Android 10; K) AppleWebKit/537.36 (KHTML, like Gecko) Chrome/145.0.0.0 Mobile Safari/537.36",
  "timestamp": "2026-04-13T20:14:26.598Z"
}