{
  "buildNumber": "277",
  "buildId": "CMEduUks",
  "sessionId": "q0WoIYLvG",
  "durationSec": 41.821,
  "avgFps": 34.58873303684223,
  "minFps": 26.510727529094936,
  "maxFps": 39.361938941941844,
  "avgSectionTimingsMs": {
    "hud": 0.022633135935963965,
    "camera": 0.009615384505168927,
    "autoEngage": 0.006215316352692526,
    "syncPlayers": 0.08756476647319131,
    "syncUnits": 0.7918578831907734,
    "syncResources": 0.026424870258962375,
    "sendClientPoses": 0.08475203550717815,
    "effectsAndFog": 0.05018504816545194,
    "syncStructures": 0.16058631954829933
  },
  "userAgent": "Mozilla/5.0 (Linux; Android 10; K) AppleWebKit/537.36 (KHTML, like Gecko) Chrome/145.0.0.0 Mobile Safari/537.36",
  "timestamp": "2026-04-13T20:25:46.660Z"
}