{
  "buildNumber": "277",
  "buildId": "CMEduUks",
  "sessionId": "q0WoIYLvG",
  "durationSec": 4.347,
  "avgFps": 38.48158654632959,
  "minFps": 38.293317991131715,
  "maxFps": 39.361938941941844,
  "avgSectionTimingsMs": {
    "hud": 0.0203703702599914,
    "camera": 0.008024691431610673,
    "autoEngage": 0.003095975508999898,
    "syncPlayers": 0.07204968958907987,
    "syncUnits": 0.02732919258360537,
    "syncResources": 0.026086955707265724,
    "sendClientPoses": 0.0018633539262025254,
    "effectsAndFog": 0.04223602380811798,
    "syncStructures": 0.17812500149011612
  },
  "userAgent": "Mozilla/5.0 (Linux; Android 10; K) AppleWebKit/537.36 (KHTML, like Gecko) Chrome/145.0.0.0 Mobile Safari/537.36",
  "timestamp": "2026-04-13T20:25:09.186Z"
}