{
  "buildNumber": "275",
  "buildId": "DlwQSAVw",
  "sessionId": "7MiGiHpAI",
  "durationSec": 21.261,
  "avgFps": 21.16840847602015,
  "minFps": 15.453768091335075,
  "maxFps": 23.285890513152527,
  "avgSectionTimingsMs": {
    "hud": 0.01719745234319359,
    "camera": 0.010828025211953814,
    "autoEngage": 0.006588735375216866,
    "syncPlayers": 0.12234042553191489,
    "syncUnits": 0.8497872338015983,
    "syncStructures": 0.07324840783313581,
    "syncResources": 0.02893617000985653,
    "sendClientPoses": 0.19276595749753586,
    "effectsAndFog": 16.471702128204893
  },
  "userAgent": "Mozilla/5.0 (Linux; Android 10; K) AppleWebKit/537.36 (KHTML, like Gecko) Chrome/145.0.0.0 Mobile Safari/537.36",
  "timestamp": "2026-04-13T20:14:42.489Z"
}