{
  "buildNumber": "276",
  "buildId": "BdYYCv-Z",
  "sessionId": "P2QeoMsYc",
  "durationSec": 22.917,
  "avgFps": 38.9827042415107,
  "minFps": 34.54174676025607,
  "maxFps": 42.24570034076106,
  "avgSectionTimingsMs": {
    "hud": 0.02724056634700523,
    "camera": 0.006721698239726841,
    "autoEngage": 0.004896755081362429,
    "syncPlayers": 0.11298701307849592,
    "syncUnits": 0.25253837090315473,
    "syncResources": 0.026682408317624466,
    "sendClientPoses": 0.04781582064865049,
    "effectsAndFog": 0.05974026004989426,
    "syncStructures": 0.2729411765056498
  },
  "userAgent": "Mozilla/5.0 (Linux; Android 10; K) AppleWebKit/537.36 (KHTML, like Gecko) Chrome/145.0.0.0 Mobile Safari/537.36",
  "timestamp": "2026-04-13T20:20:41.891Z"
}