{
  "buildNumber": "273",
  "buildId": "BF-xNiwv",
  "sessionId": "P_6xpY7hD",
  "durationSec": 8.868,
  "avgFps": 36.44569830259098,
  "minFps": 33.1969979000892,
  "maxFps": 40.321994488695054,
  "avgSectionTimingsMs": {
    "hud": 0.02191780834165338,
    "camera": 0.007191780597379763,
    "autoEngage": 0.003602058359934576,
    "syncPlayers": 0.06872852295125063,
    "syncUnits": 0.03367697578115562,
    "syncResources": 0.029896907175529452,
    "sendClientPoses": 0.003780068708039641,
    "effectsAndFog": 9.645017181577552,
    "syncStructures": 0.0061538457870483395
  },
  "userAgent": "Mozilla/5.0 (Linux; Android 10; K) AppleWebKit/537.36 (KHTML, like Gecko) Chrome/145.0.0.0 Mobile Safari/537.36",
  "timestamp": "2026-04-13T20:02:05.757Z"
}