{
  "buildNumber": "273",
  "buildId": "BF-xNiwv",
  "sessionId": "P_6xpY7hD",
  "durationSec": 55.589,
  "avgFps": 29.034137233589526,
  "minFps": 18.005645273948964,
  "maxFps": 40.321994488695054,
  "avgSectionTimingsMs": {
    "hud": 0.026278409154408357,
    "camera": 0.007812499978833578,
    "autoEngage": 0.005222024873137263,
    "syncPlayers": 0.08585643262073514,
    "syncUnits": 0.5623312010439728,
    "syncResources": 0.027221037550182653,
    "sendClientPoses": 0.09772565751187583,
    "effectsAndFog": 16.855152807425505,
    "syncStructures": 0.14015748048704754
  },
  "userAgent": "Mozilla/5.0 (Linux; Android 10; K) AppleWebKit/537.36 (KHTML, like Gecko) Chrome/145.0.0.0 Mobile Safari/537.36",
  "timestamp": "2026-04-13T20:02:52.478Z"
}