{
  "buildNumber": "274",
  "buildId": "CB7E_Olw",
  "sessionId": "PJns0EXEj",
  "durationSec": 13.488,
  "avgFps": 44.94585203991309,
  "minFps": 41.91157244087777,
  "maxFps": 47.48005890965272,
  "avgSectionTimingsMs": {
    "hud": 0.01871750435341582,
    "camera": 0.00606585809221714,
    "autoEngage": 0.003209019937622785,
    "syncPlayers": 0.08940972310180466,
    "syncUnits": 0.11232638866123226,
    "syncResources": 0.020138889085501432,
    "sendClientPoses": 0.023090277694993548,
    "effectsAndFog": 0.053472221828997135,
    "syncStructures": 0.37475728149552945
  },
  "userAgent": "Mozilla/5.0 (Linux; Android 10; K) AppleWebKit/537.36 (KHTML, like Gecko) Chrome/145.0.0.0 Mobile Safari/537.36",
  "timestamp": "2026-04-13T20:10:41.973Z"
}