{
  "buildNumber": "276",
  "buildId": "BdYYCv-Z",
  "sessionId": "P2QeoMsYc",
  "durationSec": 31.572,
  "avgFps": 37.402009542288,
  "minFps": 30.10412674515579,
  "maxFps": 42.24570034076106,
  "avgSectionTimingsMs": {
    "hud": 0.025247971333287877,
    "camera": 0.007754734069834538,
    "autoEngage": 0.005006765843405614,
    "syncPlayers": 0.1183212997680967,
    "syncUnits": 0.41064981960217445,
    "syncResources": 0.02671480125038202,
    "sendClientPoses": 0.07364620954228653,
    "effectsAndFog": 0.06001805075669547,
    "syncStructures": 0.22350427304577625
  },
  "userAgent": "Mozilla/5.0 (Linux; Android 10; K) AppleWebKit/537.36 (KHTML, like Gecko) Chrome/145.0.0.0 Mobile Safari/537.36",
  "timestamp": "2026-04-13T20:20:50.544Z"
}