{
  "buildNumber": "273",
  "buildId": "BF-xNiwv",
  "sessionId": "P_6xpY7hD",
  "durationSec": 51.256,
  "avgFps": 29.676097025335643,
  "minFps": 18.010036042575933,
  "maxFps": 40.321994488695054,
  "avgSectionTimingsMs": {
    "hud": 0.026240601575464234,
    "camera": 0.00812030069361952,
    "autoEngage": 0.005189921038632287,
    "syncPlayers": 0.08457486884229788,
    "syncUnits": 0.5313017305751956,
    "syncResources": 0.027915725993249003,
    "sendClientPoses": 0.08502633565794354,
    "effectsAndFog": 15.983897667347353,
    "syncStructures": 0.14563380303517193
  },
  "userAgent": "Mozilla/5.0 (Linux; Android 10; K) AppleWebKit/537.36 (KHTML, like Gecko) Chrome/145.0.0.0 Mobile Safari/537.36",
  "timestamp": "2026-04-13T20:02:48.145Z"
}