{
  "buildNumber": "277",
  "buildId": "CMEduUks",
  "sessionId": "q0WoIYLvG",
  "durationSec": 25.551,
  "avgFps": 37.52195540869874,
  "minFps": 33.37456852740384,
  "maxFps": 39.361938941941844,
  "avgSectionTimingsMs": {
    "hud": 0.023093681806832356,
    "camera": 0.008061001990355697,
    "autoEngage": 0.004741144521359851,
    "syncPlayers": 0.07775354414625803,
    "syncUnits": 0.2568157036405873,
    "syncResources": 0.025736095731104993,
    "sendClientPoses": 0.037295528885582414,
    "effectsAndFog": 0.04983642297586672,
    "syncStructures": 0.2166666666356226
  },
  "userAgent": "Mozilla/5.0 (Linux; Android 10; K) AppleWebKit/537.36 (KHTML, like Gecko) Chrome/145.0.0.0 Mobile Safari/537.36",
  "timestamp": "2026-04-13T20:25:30.393Z"
}