{
  "buildNumber": "273",
  "buildId": "BF-xNiwv",
  "sessionId": "P_6xpY7hD",
  "durationSec": 45.033,
  "avgFps": 30.677649010212406,
  "minFps": 18.648981660344333,
  "maxFps": 40.321994488695054,
  "avgSectionTimingsMs": {
    "hud": 0.026001635381459994,
    "camera": 0.00817661480833445,
    "autoEngage": 0.005071574656753696,
    "syncPlayers": 0.08256955864288998,
    "syncUnits": 0.4458265138482111,
    "syncResources": 0.027086742966147763,
    "sendClientPoses": 0.06522094922935905,
    "effectsAndFog": 14.50245499171914,
    "syncStructures": 0.15299684580192205
  },
  "userAgent": "Mozilla/5.0 (Linux; Android 10; K) AppleWebKit/537.36 (KHTML, like Gecko) Chrome/145.0.0.0 Mobile Safari/537.36",
  "timestamp": "2026-04-13T20:02:41.922Z"
}