{
  "buildNumber": "274",
  "buildId": "CB7E_Olw",
  "sessionId": "PJns0EXEj",
  "durationSec": 18.06,
  "avgFps": 43.83314248527941,
  "minFps": 37.85108603821611,
  "maxFps": 47.48005890965272,
  "avgSectionTimingsMs": {
    "hud": 0.017876344142101146,
    "camera": 0.006720430347868191,
    "autoEngage": 0.004102219249389279,
    "syncPlayers": 0.09125168294637072,
    "syncUnits": 0.3259757739137031,
    "syncResources": 0.020726783559588693,
    "sendClientPoses": 0.049663525972199474,
    "effectsAndFog": 0.05491251659906729,
    "syncStructures": 0.30441176453057456
  },
  "userAgent": "Mozilla/5.0 (Linux; Android 10; K) AppleWebKit/537.36 (KHTML, like Gecko) Chrome/145.0.0.0 Mobile Safari/537.36",
  "timestamp": "2026-04-13T20:10:46.546Z"
}