{
  "buildNumber": "274",
  "buildId": "CB7E_Olw",
  "sessionId": "PJns0EXEj",
  "durationSec": 17.033,
  "avgFps": 44.118278511871246,
  "minFps": 38.46811471762148,
  "maxFps": 47.48005890965272,
  "avgSectionTimingsMs": {
    "hud": 0.017963224834903462,
    "camera": 0.006789250623387359,
    "autoEngage": 0.0038924274803979635,
    "syncPlayers": 0.09107648785999072,
    "syncUnits": 0.29107648720991175,
    "syncResources": 0.020963173032482352,
    "sendClientPoses": 0.04447592039283882,
    "effectsAndFog": 0.05410764862390145,
    "syncStructures": 0.3170542636120966
  },
  "userAgent": "Mozilla/5.0 (Linux; Android 10; K) AppleWebKit/537.36 (KHTML, like Gecko) Chrome/145.0.0.0 Mobile Safari/537.36",
  "timestamp": "2026-04-13T20:10:45.518Z"
}