{
  "buildNumber": "273",
  "buildId": "BF-xNiwv",
  "sessionId": "P_6xpY7hD",
  "durationSec": 26.008,
  "avgFps": 33.621558875219556,
  "minFps": 31.135007847593187,
  "maxFps": 40.321994488695054,
  "avgSectionTimingsMs": {
    "hud": 0.02472989198540439,
    "camera": 0.008163265213101996,
    "autoEngage": 0.0037837837730442083,
    "syncPlayers": 0.07560096193964665,
    "syncUnits": 0.033774038490194544,
    "syncResources": 0.027163461602937717,
    "sendClientPoses": 0.00564903851885062,
    "effectsAndFog": 10.078605768772272,
    "syncStructures": 0.20105263104564267
  },
  "userAgent": "Mozilla/5.0 (Linux; Android 10; K) AppleWebKit/537.36 (KHTML, like Gecko) Chrome/145.0.0.0 Mobile Safari/537.36",
  "timestamp": "2026-04-13T20:02:22.897Z"
}