{
  "buildNumber": "274",
  "buildId": "CB7E_Olw",
  "sessionId": "PJns0EXEj",
  "durationSec": 30.234,
  "avgFps": 40.69563677947692,
  "minFps": 31.192882327528594,
  "maxFps": 47.48005890965272,
  "avgSectionTimingsMs": {
    "hud": 0.0187996468076849,
    "camera": 0.00794351287679344,
    "autoEngage": 0.004370860916626112,
    "syncPlayers": 0.10185512402769534,
    "syncUnits": 0.648144876604156,
    "syncResources": 0.020583038853461667,
    "sendClientPoses": 0.09045936383122691,
    "effectsAndFog": 0.0567137808028885,
    "syncStructures": 0.22008928563445807
  },
  "userAgent": "Mozilla/5.0 (Linux; Android 10; K) AppleWebKit/537.36 (KHTML, like Gecko) Chrome/145.0.0.0 Mobile Safari/537.36",
  "timestamp": "2026-04-13T20:10:58.719Z"
}