{
  "buildNumber": "276",
  "buildId": "BdYYCv-Z",
  "sessionId": "P2QeoMsYc",
  "durationSec": 26.459,
  "avgFps": 38.30769094952558,
  "minFps": 32.55813081086227,
  "maxFps": 42.24570034076106,
  "avgSectionTimingsMs": {
    "hud": 0.026381647810573002,
    "camera": 0.007507820727305567,
    "autoEngage": 0.00495565980750568,
    "syncPlayers": 0.11471816281436131,
    "syncUnits": 0.3090814198357576,
    "syncResources": 0.026722338042826643,
    "sendClientPoses": 0.05949895622088167,
    "effectsAndFog": 0.059498956469752846,
    "syncStructures": 0.24846938739017566
  },
  "userAgent": "Mozilla/5.0 (Linux; Android 10; K) AppleWebKit/537.36 (KHTML, like Gecko) Chrome/145.0.0.0 Mobile Safari/537.36",
  "timestamp": "2026-04-13T20:20:45.433Z"
}