{
  "buildNumber": "276",
  "buildId": "BdYYCv-Z",
  "sessionId": "P2QeoMsYc",
  "durationSec": 6.898,
  "avgFps": 41.63998924626157,
  "minFps": 40.51320644167809,
  "maxFps": 42.24570034076106,
  "avgSectionTimingsMs": {
    "hud": 0.02730496491946227,
    "camera": 0.007092198792924272,
    "autoEngage": 0.003197158049944239,
    "syncPlayers": 0.10604982274282869,
    "syncUnits": 0.034519572487081075,
    "syncResources": 0.02669039124695856,
    "sendClientPoses": 0.0024911031604237404,
    "effectsAndFog": 0.05729537385638498,
    "syncStructures": 0.18823529341641596
  },
  "userAgent": "Mozilla/5.0 (Linux; Android 10; K) AppleWebKit/537.36 (KHTML, like Gecko) Chrome/145.0.0.0 Mobile Safari/537.36",
  "timestamp": "2026-04-13T20:20:25.871Z"
}