{
  "buildNumber": "273",
  "buildId": "BF-xNiwv",
  "sessionId": "P_6xpY7hD",
  "durationSec": 26.246,
  "avgFps": 33.61051774773254,
  "minFps": 31.135007847593187,
  "maxFps": 40.321994488695054,
  "avgSectionTimingsMs": {
    "hud": 0.024642857164144515,
    "camera": 0.008333333226896467,
    "autoEngage": 0.0038117927195700668,
    "syncPlayers": 0.07556615057662218,
    "syncUnits": 0.03373063171861851,
    "syncResources": 0.026936829622937045,
    "sendClientPoses": 0.005601907089015156,
    "effectsAndFog": 10.106197854119916,
    "syncStructures": 0.200523559803738
  },
  "userAgent": "Mozilla/5.0 (Linux; Android 10; K) AppleWebKit/537.36 (KHTML, like Gecko) Chrome/145.0.0.0 Mobile Safari/537.36",
  "timestamp": "2026-04-13T20:02:23.136Z"
}