{
  "buildNumber": "276",
  "buildId": "BdYYCv-Z",
  "sessionId": "P2QeoMsYc",
  "durationSec": 39.664,
  "avgFps": 35.973711421855846,
  "minFps": 27.76340537041469,
  "maxFps": 42.24570034076106,
  "avgSectionTimingsMs": {
    "hud": 0.025319308982945134,
    "camera": 0.009316303513266823,
    "autoEngage": 0.005636978478684366,
    "syncPlayers": 0.13157894739082882,
    "syncUnits": 0.598947368707872,
    "syncResources": 0.02894736821938278,
    "sendClientPoses": 0.09631578969328027,
    "effectsAndFog": 0.06240601521685608,
    "syncStructures": 0.1941580749868937
  },
  "userAgent": "Mozilla/5.0 (Linux; Android 10; K) AppleWebKit/537.36 (KHTML, like Gecko) Chrome/145.0.0.0 Mobile Safari/537.36",
  "timestamp": "2026-04-13T20:20:58.636Z"
}