{
  "buildNumber": "277",
  "buildId": "CMEduUks",
  "sessionId": "q0WoIYLvG",
  "durationSec": 2.696,
  "avgFps": 38.53471166975415,
  "minFps": 38.293317991131715,
  "maxFps": 39.361938941941844,
  "avgSectionTimingsMs": {
    "hud": 0.019999999403953552,
    "camera": 0.005999999940395355,
    "autoEngage": 0.004020101011697971,
    "syncPlayers": 0.07676767580436938,
    "syncUnits": 0.02525252555355881,
    "syncResources": 0.026262625600352432,
    "sendClientPoses": 0.0030303028496828947,
    "effectsAndFog": 0.03838383790218469,
    "syncStructures": 0.005000001192092896
  },
  "userAgent": "Mozilla/5.0 (Linux; Android 10; K) AppleWebKit/537.36 (KHTML, like Gecko) Chrome/145.0.0.0 Mobile Safari/537.36",
  "timestamp": "2026-04-13T20:25:07.535Z"
}