{
  "buildNumber": "276",
  "buildId": "BdYYCv-Z",
  "sessionId": "P2QeoMsYc",
  "durationSec": 0.84,
  "avgFps": 41.13805427381643,
  "minFps": 41.125914193165954,
  "maxFps": 41.344435644874466,
  "avgSectionTimingsMs": {
    "hud": 0.02499999933772617,
    "camera": 0.005555556052260929,
    "autoEngage": 0.004225352280576464,
    "syncPlayers": 0.14571428724697658,
    "syncUnits": 0.03142857040677752,
    "syncResources": 0.025714285033089774,
    "sendClientPoses": 0.002857142686843872,
    "effectsAndFog": 0.0742857141154153,
    "syncStructures": 0.09999999900658925
  },
  "userAgent": "Mozilla/5.0 (Linux; Android 10; K) AppleWebKit/537.36 (KHTML, like Gecko) Chrome/145.0.0.0 Mobile Safari/537.36",
  "timestamp": "2026-04-13T20:20:19.812Z"
}