{
  "buildNumber": "276",
  "buildId": "BdYYCv-Z",
  "sessionId": "P2QeoMsYc",
  "durationSec": 20.619,
  "avgFps": 39.36748304083627,
  "minFps": 35.407549796010784,
  "maxFps": 42.24570034076106,
  "avgSectionTimingsMs": {
    "hud": 0.027002584333567656,
    "camera": 0.006589147433138017,
    "autoEngage": 0.004783451769069926,
    "syncPlayers": 0.11034928861750051,
    "syncUnits": 0.21086675279507508,
    "syncResources": 0.0276843465546587,
    "sendClientPoses": 0.0379042692125846,
    "effectsAndFog": 0.059120310887328095,
    "syncStructures": 0.2888888886161879
  },
  "userAgent": "Mozilla/5.0 (Linux; Android 10; K) AppleWebKit/537.36 (KHTML, like Gecko) Chrome/145.0.0.0 Mobile Safari/537.36",
  "timestamp": "2026-04-13T20:20:39.591Z"
}