{
  "buildNumber": "273",
  "buildId": "BF-xNiwv",
  "sessionId": "P_6xpY7hD",
  "durationSec": 25.11,
  "avgFps": 33.675704712190296,
  "minFps": 31.135007847593187,
  "maxFps": 40.321994488695054,
  "avgSectionTimingsMs": {
    "hud": 0.025124378131693277,
    "camera": 0.008333333244371176,
    "autoEngage": 0.003733665196140434,
    "syncPlayers": 0.07546699904415706,
    "syncUnits": 0.03362391029912538,
    "syncResources": 0.0273972602739726,
    "sendClientPoses": 0.005603985130267304,
    "effectsAndFog": 10.074968866363706,
    "syncStructures": 0.20601092840804427
  },
  "userAgent": "Mozilla/5.0 (Linux; Android 10; K) AppleWebKit/537.36 (KHTML, like Gecko) Chrome/145.0.0.0 Mobile Safari/537.36",
  "timestamp": "2026-04-13T20:02:22.000Z"
}