{
  "buildNumber": "273",
  "buildId": "BF-xNiwv",
  "sessionId": "P_6xpY7hD",
  "durationSec": 18.07,
  "avgFps": 34.436622581438904,
  "minFps": 31.992790271339192,
  "maxFps": 40.321994488695054,
  "avgSectionTimingsMs": {
    "hud": 0.022773972776246397,
    "camera": 0.008732876702122493,
    "autoEngage": 0.0041131105245232275,
    "syncPlayers": 0.07461406564017307,
    "syncUnits": 0.033790737441637096,
    "syncResources": 0.027958833741896352,
    "sendClientPoses": 0.004459691241920301,
    "effectsAndFog": 9.932075471452743,
    "syncStructures": 0.17121212116696619
  },
  "userAgent": "Mozilla/5.0 (Linux; Android 10; K) AppleWebKit/537.36 (KHTML, like Gecko) Chrome/145.0.0.0 Mobile Safari/537.36",
  "timestamp": "2026-04-13T20:02:14.960Z"
}