{
  "buildNumber": "274",
  "buildId": "CB7E_Olw",
  "sessionId": "PJns0EXEj",
  "durationSec": 6.481,
  "avgFps": 45.91569049377682,
  "minFps": 44.792959703402545,
  "maxFps": 47.48005890965272,
  "avgSectionTimingsMs": {
    "hud": 0.01881533123890282,
    "camera": 0.005226481043918623,
    "autoEngage": 0.0022687608762977426,
    "syncPlayers": 0.0825174836428849,
    "syncUnits": 0.019930069575776588,
    "syncResources": 0.02377622371370142,
    "sendClientPoses": 0.00559440557356481,
    "effectsAndFog": 0.05244755213494067,
    "syncStructures": 0.24999999940395357
  },
  "userAgent": "Mozilla/5.0 (Linux; Android 10; K) AppleWebKit/537.36 (KHTML, like Gecko) Chrome/145.0.0.0 Mobile Safari/537.36",
  "timestamp": "2026-04-13T20:10:34.966Z"
}