{
  "buildNumber": "274",
  "buildId": "CB7E_Olw",
  "sessionId": "PJns0EXEj",
  "durationSec": 12.235,
  "avgFps": 45.17530821586725,
  "minFps": 42.882096587837026,
  "maxFps": 47.48005890965272,
  "avgSectionTimingsMs": {
    "hud": 0.018147448172866735,
    "camera": 0.006238185503081698,
    "autoEngage": 0.002838221381267739,
    "syncPlayers": 0.08787878862384593,
    "syncUnits": 0.060606060549616814,
    "syncResources": 0.019886363805695015,
    "sendClientPoses": 0.014962121166966179,
    "effectsAndFog": 0.053598484419512024,
    "syncStructures": 0.37741935509507374
  },
  "userAgent": "Mozilla/5.0 (Linux; Android 10; K) AppleWebKit/537.36 (KHTML, like Gecko) Chrome/145.0.0.0 Mobile Safari/537.36",
  "timestamp": "2026-04-13T20:10:40.721Z"
}