{
  "buildNumber": "275",
  "buildId": "DlwQSAVw",
  "sessionId": "7MiGiHpAI",
  "durationSec": 20.788,
  "avgFps": 21.125363734408833,
  "minFps": 15.453768091335075,
  "maxFps": 23.285890513152527,
  "avgSectionTimingsMs": {
    "hud": 0.017391304477401403,
    "camera": 0.01065217366685038,
    "autoEngage": 0.0065288356585393665,
    "syncPlayers": 0.12222222233909408,
    "syncUnits": 0.8568627446695091,
    "syncStructures": 0.07254901956888585,
    "syncResources": 0.0289760346895729,
    "sendClientPoses": 0.19215686291391293,
    "effectsAndFog": 16.477995643169013
  },
  "userAgent": "Mozilla/5.0 (Linux; Android 10; K) AppleWebKit/537.36 (KHTML, like Gecko) Chrome/145.0.0.0 Mobile Safari/537.36",
  "timestamp": "2026-04-13T20:14:42.017Z"
}