{
  "buildNumber": "273",
  "buildId": "BF-xNiwv",
  "sessionId": "P_6xpY7hD",
  "durationSec": 56.035,
  "avgFps": 28.972874737730816,
  "minFps": 18.005645273948964,
  "maxFps": 40.321994488695054,
  "avgSectionTimingsMs": {
    "hud": 0.026200565051729397,
    "camera": 0.0077683615608740665,
    "autoEngage": 0.00519251148635867,
    "syncPlayers": 0.08586572486604481,
    "syncUnits": 0.563604240177377,
    "syncResources": 0.027279151833941997,
    "sendClientPoses": 0.09886925806005094,
    "effectsAndFog": 16.942261484128426,
    "syncStructures": 0.13968668422873276
  },
  "userAgent": "Mozilla/5.0 (Linux; Android 10; K) AppleWebKit/537.36 (KHTML, like Gecko) Chrome/145.0.0.0 Mobile Safari/537.36",
  "timestamp": "2026-04-13T20:02:52.924Z"
}