{
  "buildNumber": "273",
  "buildId": "BF-xNiwv",
  "sessionId": "P_6xpY7hD",
  "durationSec": 31.357,
  "avgFps": 33.10062513618538,
  "minFps": 26.952226102692325,
  "maxFps": 40.321994488695054,
  "avgSectionTimingsMs": {
    "hud": 0.026659750963147745,
    "camera": 0.00809128616484369,
    "autoEngage": 0.004514789822563088,
    "syncPlayers": 0.07694704095646353,
    "syncUnits": 0.16188992750236178,
    "syncResources": 0.02762201456266029,
    "sendClientPoses": 0.021079958382672858,
    "effectsAndFog": 10.912045690222321,
    "syncStructures": 0.18864628789726823
  },
  "userAgent": "Mozilla/5.0 (Linux; Android 10; K) AppleWebKit/537.36 (KHTML, like Gecko) Chrome/145.0.0.0 Mobile Safari/537.36",
  "timestamp": "2026-04-13T20:02:28.247Z"
}