{
  "buildNumber": "275",
  "buildId": "DlwQSAVw",
  "sessionId": "7MiGiHpAI",
  "durationSec": 17.488,
  "avgFps": 20.750827173492272,
  "minFps": 15.453768091335075,
  "maxFps": 22.854172486012928,
  "avgSectionTimingsMs": {
    "hud": 0.015584415971458732,
    "camera": 0.010909090645901568,
    "autoEngage": 0.006111833534563162,
    "syncPlayers": 0.12656249990686774,
    "syncUnits": 0.8781250000465661,
    "syncStructures": 0.07674418632374254,
    "syncResources": 0.029947916356225807,
    "sendClientPoses": 0.18723958334885538,
    "effectsAndFog": 16.52005208376795
  },
  "userAgent": "Mozilla/5.0 (Linux; Android 10; K) AppleWebKit/537.36 (KHTML, like Gecko) Chrome/145.0.0.0 Mobile Safari/537.36",
  "timestamp": "2026-04-13T20:14:38.716Z"
}