{
  "buildNumber": "276",
  "buildId": "BdYYCv-Z",
  "sessionId": "P2QeoMsYc",
  "durationSec": 16.179,
  "avgFps": 40.12680837629901,
  "minFps": 36.559663552824205,
  "maxFps": 42.24570034076106,
  "avgSectionTimingsMs": {
    "hud": 0.0259259262042729,
    "camera": 0.0066022545627157855,
    "autoEngage": 0.004593070047118796,
    "syncPlayers": 0.10838709689917103,
    "syncUnits": 0.1827419352146887,
    "syncResources": 0.027258064285401375,
    "sendClientPoses": 0.03677419371181919,
    "effectsAndFog": 0.05854838745247933,
    "syncStructures": 0.2866666667163372
  },
  "userAgent": "Mozilla/5.0 (Linux; Android 10; K) AppleWebKit/537.36 (KHTML, like Gecko) Chrome/145.0.0.0 Mobile Safari/537.36",
  "timestamp": "2026-04-13T20:20:35.152Z"
}