{
  "buildNumber": "274",
  "buildId": "CB7E_Olw",
  "sessionId": "PJns0EXEj",
  "durationSec": 13.088,
  "avgFps": 45.02683815020766,
  "minFps": 41.91157244087777,
  "maxFps": 47.48005890965272,
  "avgSectionTimingsMs": {
    "hud": 0.018683274074381355,
    "camera": 0.006049822286778922,
    "autoEngage": 0.003116651825467498,
    "syncPlayers": 0.08930481372670056,
    "syncUnits": 0.09126559691420638,
    "syncResources": 0.019786096352306916,
    "sendClientPoses": 0.020320855625597975,
    "effectsAndFog": 0.053119429239402265,
    "syncStructures": 0.37600000023841856
  },
  "userAgent": "Mozilla/5.0 (Linux; Android 10; K) AppleWebKit/537.36 (KHTML, like Gecko) Chrome/145.0.0.0 Mobile Safari/537.36",
  "timestamp": "2026-04-13T20:10:41.574Z"
}