{
  "buildNumber": "277",
  "buildId": "CMEduUks",
  "sessionId": "q0WoIYLvG",
  "durationSec": 32.079,
  "avgFps": 36.33924965995941,
  "minFps": 28.205699546474133,
  "maxFps": 39.361938941941844,
  "avgSectionTimingsMs": {
    "hud": 0.022394880979327004,
    "camera": 0.008957952342695903,
    "autoEngage": 0.005624142734765679,
    "syncPlayers": 0.08270814243196241,
    "syncUnits": 0.5378774020885614,
    "syncResources": 0.025800548800610668,
    "sendClientPoses": 0.059743824265795026,
    "effectsAndFog": 0.05032021947007384,
    "syncStructures": 0.18739495808336915
  },
  "userAgent": "Mozilla/5.0 (Linux; Android 10; K) AppleWebKit/537.36 (KHTML, like Gecko) Chrome/145.0.0.0 Mobile Safari/537.36",
  "timestamp": "2026-04-13T20:25:36.918Z"
}