{
  "buildNumber": "277",
  "buildId": "CMEduUks",
  "sessionId": "q0WoIYLvG",
  "durationSec": 17.452,
  "avgFps": 37.97442809433758,
  "minFps": 36.94121099749357,
  "maxFps": 39.361938941941844,
  "avgSectionTimingsMs": {
    "hud": 0.020923076822207523,
    "camera": 0.008461538278139554,
    "autoEngage": 0.0036951502623055145,
    "syncPlayers": 0.07395993832079766,
    "syncUnits": 0.0345146384187766,
    "syncResources": 0.025269645250449748,
    "sendClientPoses": 0.004930662539413052,
    "effectsAndFog": 0.046995377136489096,
    "syncStructures": 0.2488549615590627
  },
  "userAgent": "Mozilla/5.0 (Linux; Android 10; K) AppleWebKit/537.36 (KHTML, like Gecko) Chrome/145.0.0.0 Mobile Safari/537.36",
  "timestamp": "2026-04-13T20:25:22.291Z"
}