{
  "buildNumber": "273",
  "buildId": "BF-xNiwv",
  "sessionId": "P_6xpY7hD",
  "durationSec": 0.371,
  "avgFps": 39.3186743395337,
  "minFps": 39.24149586652129,
  "maxFps": 40.321994488695054,
  "avgSectionTimingsMs": {
    "hud": 0.0357142835855484,
    "camera": 0.014285715562956674,
    "autoEngage": 0.007407408069681238,
    "syncPlayers": 0.09999999403953552,
    "syncUnits": 0.030769231227728035,
    "syncResources": 0.038461538461538464,
    "sendClientPoses": 0,
    "effectsAndFog": 8.207692309067799,
    "syncStructures": 0
  },
  "userAgent": "Mozilla/5.0 (Linux; Android 10; K) AppleWebKit/537.36 (KHTML, like Gecko) Chrome/145.0.0.0 Mobile Safari/537.36",
  "timestamp": "2026-04-13T20:01:57.260Z"
}