{
  "buildNumber": "277",
  "buildId": "CMEduUks",
  "sessionId": "q0WoIYLvG",
  "durationSec": 36.344,
  "avgFps": 35.5144388051261,
  "minFps": 26.803205994891698,
  "maxFps": 39.361938941941844,
  "avgSectionTimingsMs": {
    "hud": 0.022342192473205617,
    "camera": 0.009634551366302263,
    "autoEngage": 0.0061487329293446365,
    "syncPlayers": 0.08528678266583932,
    "syncUnits": 0.7042394018084034,
    "syncResources": 0.026267663994533067,
    "sendClientPoses": 0.07140482113644765,
    "effectsAndFog": 0.0494596840734791,
    "syncStructures": 0.17360594835423182
  },
  "userAgent": "Mozilla/5.0 (Linux; Android 10; K) AppleWebKit/537.36 (KHTML, like Gecko) Chrome/145.0.0.0 Mobile Safari/537.36",
  "timestamp": "2026-04-13T20:25:41.185Z"
}