{
  "buildNumber": "275",
  "buildId": "DlwQSAVw",
  "sessionId": "7MiGiHpAI",
  "durationSec": 19.6,
  "avgFps": 21.00852350038477,
  "minFps": 15.453768091335075,
  "maxFps": 23.285890513152527,
  "avgSectionTimingsMs": {
    "hud": 0.017281106196790248,
    "camera": 0.010368663319794264,
    "autoEngage": 0.0063437139217966294,
    "syncPlayers": 0.12286374151844351,
    "syncUnits": 0.8625866045990387,
    "syncStructures": 0.07379310357159581,
    "syncResources": 0.029561200676008405,
    "sendClientPoses": 0.19076212483520597,
    "effectsAndFog": 16.40739030079533
  },
  "userAgent": "Mozilla/5.0 (Linux; Android 10; K) AppleWebKit/537.36 (KHTML, like Gecko) Chrome/145.0.0.0 Mobile Safari/537.36",
  "timestamp": "2026-04-13T20:14:40.828Z"
}