{
  "buildNumber": "274",
  "buildId": "CB7E_Olw",
  "sessionId": "PJns0EXEj",
  "durationSec": 0.821,
  "avgFps": 47.381876198900436,
  "minFps": 45.86004418223954,
  "maxFps": 47.48005890965272,
  "avgSectionTimingsMs": {
    "hud": 0.030303028496828945,
    "camera": 0.0030303028496828947,
    "autoEngage": 0,
    "syncPlayers": 0.11562500055879354,
    "syncUnits": 0.018749999813735485,
    "syncResources": 0.04062499850988388,
    "sendClientPoses": 0,
    "effectsAndFog": 0.07499999925494194,
    "syncStructures": 0
  },
  "userAgent": "Mozilla/5.0 (Linux; Android 10; K) AppleWebKit/537.36 (KHTML, like Gecko) Chrome/145.0.0.0 Mobile Safari/537.36",
  "timestamp": "2026-04-13T20:10:29.306Z"
}