{
  "buildNumber": "273",
  "buildId": "BF-xNiwv",
  "sessionId": "P_6xpY7hD",
  "durationSec": 1.766,
  "avgFps": 39.03627601662313,
  "minFps": 38.68112189989097,
  "maxFps": 40.321994488695054,
  "avgSectionTimingsMs": {
    "hud": 0.02698412679490589,
    "camera": 0.009523809429198976,
    "autoEngage": 0.004,
    "syncPlayers": 0.07258064419992509,
    "syncUnits": 0.029032258256789175,
    "syncResources": 0.03225806403544641,
    "sendClientPoses": 0.0016129031296699277,
    "effectsAndFog": 8.345161291380082,
    "syncStructures": 0.007692307233810425
  },
  "userAgent": "Mozilla/5.0 (Linux; Android 10; K) AppleWebKit/537.36 (KHTML, like Gecko) Chrome/145.0.0.0 Mobile Safari/537.36",
  "timestamp": "2026-04-13T20:01:58.655Z"
}