{
  "buildNumber": "276",
  "buildId": "BdYYCv-Z",
  "sessionId": "P2QeoMsYc",
  "durationSec": 50.76,
  "avgFps": 34.23035684932663,
  "minFps": 23.512293066686027,
  "maxFps": 42.24570034076106,
  "avgSectionTimingsMs": {
    "hud": 0.026355611796938305,
    "camera": 0.01021437576183906,
    "autoEngage": 0.006275622739809915,
    "syncPlayers": 0.14460567826352286,
    "syncUnits": 0.7565930601738229,
    "syncResources": 0.029400630835855045,
    "sendClientPoses": 0.12164037851881153,
    "effectsAndFog": 0.062649842448039,
    "syncStructures": 0.2201072382703224
  },
  "userAgent": "Mozilla/5.0 (Linux; Android 10; K) AppleWebKit/537.36 (KHTML, like Gecko) Chrome/145.0.0.0 Mobile Safari/537.36",
  "timestamp": "2026-04-13T20:21:09.732Z"
}