{
  "buildNumber": "273",
  "buildId": "BF-xNiwv",
  "sessionId": "P_6xpY7hD",
  "durationSec": 0.102,
  "avgFps": 39.51162052206473,
  "minFps": 39.24149586652129,
  "maxFps": 40.321994488695054,
  "avgSectionTimingsMs": {
    "hud": 0.02499999850988388,
    "camera": 0,
    "autoEngage": 0,
    "syncPlayers": 0.09999999403953552,
    "syncUnits": 0.06666666269302368,
    "syncResources": 0.03333333134651184,
    "sendClientPoses": 0,
    "effectsAndFog": 10.433333347241083
  },
  "userAgent": "Mozilla/5.0 (Linux; Android 10; K) AppleWebKit/537.36 (KHTML, like Gecko) Chrome/145.0.0.0 Mobile Safari/537.36",
  "timestamp": "2026-04-13T20:01:56.991Z"
}