{
  "buildNumber": "276",
  "buildId": "BdYYCv-Z",
  "sessionId": "P2QeoMsYc",
  "durationSec": 8.494,
  "avgFps": 41.41051316331313,
  "minFps": 40.13490483125857,
  "maxFps": 42.24570034076106,
  "avgSectionTimingsMs": {
    "hud": 0.027616279329671416,
    "camera": 0.006686046632916429,
    "autoEngage": 0.0032023289491689534,
    "syncPlayers": 0.10553935934781333,
    "syncUnits": 0.03556851265034244,
    "syncResources": 0.025655976363590786,
    "sendClientPoses": 0.0020408162917757173,
    "effectsAndFog": 0.055393586266492614,
    "syncStructures": 0.3365079363187154
  },
  "userAgent": "Mozilla/5.0 (Linux; Android 10; K) AppleWebKit/537.36 (KHTML, like Gecko) Chrome/145.0.0.0 Mobile Safari/537.36",
  "timestamp": "2026-04-13T20:20:27.466Z"
}