{
  "buildNumber": "273",
  "buildId": "BF-xNiwv",
  "sessionId": "P_6xpY7hD",
  "durationSec": 33.443,
  "avgFps": 32.76223348991844,
  "minFps": 24.785627182764433,
  "maxFps": 40.321994488695054,
  "avgSectionTimingsMs": {
    "hud": 0.026785714226582692,
    "camera": 0.008035714191103738,
    "autoEngage": 0.004565756803115012,
    "syncPlayers": 0.07755710073592291,
    "syncUnits": 0.2044687190619339,
    "syncResources": 0.02750744785310732,
    "sendClientPoses": 0.02691161860420545,
    "effectsAndFog": 11.449652432655506,
    "syncStructures": 0.18073770477146398
  },
  "userAgent": "Mozilla/5.0 (Linux; Android 10; K) AppleWebKit/537.36 (KHTML, like Gecko) Chrome/145.0.0.0 Mobile Safari/537.36",
  "timestamp": "2026-04-13T20:02:30.333Z"
}