{
  "buildNumber": "274",
  "buildId": "CB7E_Olw",
  "sessionId": "PJns0EXEj",
  "durationSec": 28.19,
  "avgFps": 41.25893289937554,
  "minFps": 31.192882327528594,
  "maxFps": 47.48005890965272,
  "avgSectionTimingsMs": {
    "hud": 0.018539325714334566,
    "camera": 0.007958801581841729,
    "autoEngage": 0.0044496486979848605,
    "syncPlayers": 0.10084348674008192,
    "syncUnits": 0.6266166824767159,
    "syncResources": 0.020712277407722152,
    "sendClientPoses": 0.08500468594064864,
    "effectsAndFog": 0.05660730999769624,
    "syncStructures": 0.23095238081046512
  },
  "userAgent": "Mozilla/5.0 (Linux; Android 10; K) AppleWebKit/537.36 (KHTML, like Gecko) Chrome/145.0.0.0 Mobile Safari/537.36",
  "timestamp": "2026-04-13T20:10:56.675Z"
}