{
  "buildNumber": "274",
  "buildId": "CB7E_Olw",
  "sessionId": "PJns0EXEj",
  "durationSec": 23.338,
  "avgFps": 42.52516051237709,
  "minFps": 35.78399795633448,
  "maxFps": 47.48005890965272,
  "avgSectionTimingsMs": {
    "hud": 0.017926565836109302,
    "camera": 0.007559395377115864,
    "autoEngage": 0.004321988098432024,
    "syncPlayers": 0.09600000030285603,
    "syncUnits": 0.4911351354057724,
    "syncResources": 0.02043243250331363,
    "sendClientPoses": 0.0672432431659183,
    "effectsAndFog": 0.05621621602290385,
    "syncStructures": 0.2577142853396279
  },
  "userAgent": "Mozilla/5.0 (Linux; Android 10; K) AppleWebKit/537.36 (KHTML, like Gecko) Chrome/145.0.0.0 Mobile Safari/537.36",
  "timestamp": "2026-04-13T20:10:51.824Z"
}