{
  "buildNumber": "277",
  "buildId": "CMEduUks",
  "sessionId": "q0WoIYLvG",
  "durationSec": 5.096,
  "avgFps": 28.833560698113526,
  "minFps": 28.48434442172548,
  "maxFps": 30.259186777423363,
  "avgSectionTimingsMs": {
    "hud": 0.027659574298993916,
    "camera": 0.009929078267821183,
    "autoEngage": 0.009608540776785583,
    "syncPlayers": 0.10999999982970102,
    "syncUnits": 1.4971428568874086,
    "syncResources": 0.02357142972094672,
    "sendClientPoses": 0.18642857117312295,
    "effectsAndFog": 0.04928571454116276,
    "syncStructures": 0.06857142789023263
  },
  "userAgent": "Mozilla/5.0 (Linux; Android 10; K) AppleWebKit/537.36 (KHTML, like Gecko) Chrome/145.0.0.0 Mobile Safari/537.36",
  "timestamp": "2026-04-13T20:26:04.711Z"
}