{
  "buildNumber": "275",
  "buildId": "DlwQSAVw",
  "sessionId": "7MiGiHpAI",
  "durationSec": 11.16,
  "avgFps": 19.63555287133263,
  "minFps": 15.453768091335075,
  "maxFps": 22.205779708880364,
  "avgSectionTimingsMs": {
    "hud": 0.018852459846949967,
    "camera": 0.01065573743620857,
    "autoEngage": 0.007186858255026032,
    "syncPlayers": 0.1329218106260025,
    "syncUnits": 0.9794238685580438,
    "syncStructures": 0.08414634080921732,
    "syncResources": 0.032098765235869485,
    "sendClientPoses": 0.19135802505928792,
    "effectsAndFog": 16.79094650176327
  },
  "userAgent": "Mozilla/5.0 (Linux; Android 10; K) AppleWebKit/537.36 (KHTML, like Gecko) Chrome/145.0.0.0 Mobile Safari/537.36",
  "timestamp": "2026-04-13T20:14:32.388Z"
}