{
  "buildNumber": "276",
  "buildId": "BdYYCv-Z",
  "sessionId": "P2QeoMsYc",
  "durationSec": 14.727,
  "avgFps": 40.427318514007055,
  "minFps": 36.99495742724304,
  "maxFps": 42.24570034076106,
  "avgSectionTimingsMs": {
    "hud": 0.025964912667609096,
    "camera": 0.006315789620081584,
    "autoEngage": 0.004741000830865513,
    "syncPlayers": 0.1096660809588139,
    "syncUnits": 0.16309314557663795,
    "syncResources": 0.027592266800114475,
    "sendClientPoses": 0.030404218209020284,
    "effectsAndFog": 0.0586994731363387,
    "syncStructures": 0.28363636379892176
  },
  "userAgent": "Mozilla/5.0 (Linux; Android 10; K) AppleWebKit/537.36 (KHTML, like Gecko) Chrome/145.0.0.0 Mobile Safari/537.36",
  "timestamp": "2026-04-13T20:20:33.699Z"
}