{
  "buildNumber": "276",
  "buildId": "BdYYCv-Z",
  "sessionId": "P2QeoMsYc",
  "durationSec": 51.925,
  "avgFps": 34.05155194649667,
  "minFps": 23.512293066686027,
  "maxFps": 42.24570034076106,
  "avgSectionTimingsMs": {
    "hud": 0.026224426745038113,
    "camera": 0.010229386199873128,
    "autoEngage": 0.006263565804607184,
    "syncPlayers": 0.14627791565863726,
    "syncUnits": 0.7645161292578091,
    "syncResources": 0.029466501129768032,
    "sendClientPoses": 0.12214640197032142,
    "effectsAndFog": 0.06265508705200096,
    "syncStructures": 0.2170157064318033
  },
  "userAgent": "Mozilla/5.0 (Linux; Android 10; K) AppleWebKit/537.36 (KHTML, like Gecko) Chrome/145.0.0.0 Mobile Safari/537.36",
  "timestamp": "2026-04-13T20:21:10.898Z"
}