{
  "buildNumber": "277",
  "buildId": "CMEduUks",
  "sessionId": "q0WoIYLvG",
  "durationSec": 7.257,
  "avgFps": 28.76415012791522,
  "minFps": 28.48434442172548,
  "maxFps": 30.259186777423363,
  "avgSectionTimingsMs": {
    "hud": 0.02772277210018422,
    "camera": 0.009405940918639154,
    "autoEngage": 0.008436724580547058,
    "syncPlayers": 0.1064676618694666,
    "syncUnits": 1.3661691539026612,
    "syncResources": 0.02487562278016883,
    "sendClientPoses": 0.18457711395339585,
    "effectsAndFog": 0.04676616903561265,
    "syncStructures": 0.06399999916553498
  },
  "userAgent": "Mozilla/5.0 (Linux; Android 10; K) AppleWebKit/537.36 (KHTML, like Gecko) Chrome/145.0.0.0 Mobile Safari/537.36",
  "timestamp": "2026-04-13T20:26:06.872Z"
}