{
  "buildNumber": "277",
  "buildId": "CMEduUks",
  "sessionId": "q0WoIYLvG",
  "durationSec": 6.183,
  "avgFps": 38.40013088315052,
  "minFps": 38.014368527508694,
  "maxFps": 39.361938941941844,
  "avgSectionTimingsMs": {
    "hud": 0.021645021257978497,
    "camera": 0.006493506493506494,
    "autoEngage": 0.0028199569004993892,
    "syncPlayers": 0.06913043467894844,
    "syncUnits": 0.028260869694792707,
    "syncResources": 0.024782607995945474,
    "sendClientPoses": 0.0026086954966835353,
    "effectsAndFog": 0.042173912473346876,
    "syncStructures": 0.16956521894620813
  },
  "userAgent": "Mozilla/5.0 (Linux; Android 10; K) AppleWebKit/537.36 (KHTML, like Gecko) Chrome/145.0.0.0 Mobile Safari/537.36",
  "timestamp": "2026-04-13T20:25:11.022Z"
}