{
  "buildNumber": "276",
  "buildId": "BdYYCv-Z",
  "sessionId": "P2QeoMsYc",
  "durationSec": 3.497,
  "avgFps": 41.44408360956697,
  "minFps": 41.125914193165954,
  "maxFps": 41.88124505024189,
  "avgSectionTimingsMs": {
    "hud": 0.025850340419886063,
    "camera": 0.005442176951843054,
    "autoEngage": 0.002730375569021336,
    "syncPlayers": 0.1143835625828129,
    "syncUnits": 0.02945205426379426,
    "syncResources": 0.028767123206021036,
    "sendClientPoses": 0.0020547946021981433,
    "effectsAndFog": 0.06575342380020717,
    "syncStructures": 0.06538461377987495
  },
  "userAgent": "Mozilla/5.0 (Linux; Android 10; K) AppleWebKit/537.36 (KHTML, like Gecko) Chrome/145.0.0.0 Mobile Safari/537.36",
  "timestamp": "2026-04-13T20:20:22.470Z"
}