{
  "buildNumber": "276",
  "buildId": "BdYYCv-Z",
  "sessionId": "P2QeoMsYc",
  "durationSec": 39.5,
  "avgFps": 36.00380869146746,
  "minFps": 27.76340537041469,
  "maxFps": 42.24570034076106,
  "avgSectionTimingsMs": {
    "hud": 0.025339366713620238,
    "camera": 0.009351432862864361,
    "autoEngage": 0.005620520459351024,
    "syncPlayers": 0.1315471698203177,
    "syncUnits": 0.5961509436706327,
    "syncResources": 0.028603773386973255,
    "sendClientPoses": 0.09622641529677049,
    "effectsAndFog": 0.06233962283944184,
    "syncStructures": 0.1944827580246432
  },
  "userAgent": "Mozilla/5.0 (Linux; Android 10; K) AppleWebKit/537.36 (KHTML, like Gecko) Chrome/145.0.0.0 Mobile Safari/537.36",
  "timestamp": "2026-04-13T20:20:58.472Z"
}