{
  "buildNumber": "277",
  "buildId": "CMEduUks",
  "sessionId": "q0WoIYLvG",
  "durationSec": 0.904,
  "avgFps": 38.81037083427951,
  "minFps": 38.52145420645638,
  "maxFps": 39.361938941941844,
  "avgSectionTimingsMs": {
    "hud": 0.02812499925494194,
    "camera": 0.003124999813735485,
    "autoEngage": 0.0031746034584348164,
    "syncPlayers": 0.09354838440495153,
    "syncUnits": 0.022580645738109466,
    "syncResources": 0.016129032258064516,
    "sendClientPoses": 0,
    "effectsAndFog": 0.06774193529159792,
    "syncStructures": 0.01666667064030965
  },
  "userAgent": "Mozilla/5.0 (Linux; Android 10; K) AppleWebKit/537.36 (KHTML, like Gecko) Chrome/145.0.0.0 Mobile Safari/537.36",
  "timestamp": "2026-04-13T20:25:05.743Z"
}