{
  "buildNumber": "274",
  "buildId": "CB7E_Olw",
  "sessionId": "PJns0EXEj",
  "durationSec": 31.899,
  "avgFps": 40.29890283746255,
  "minFps": 31.192882327528594,
  "maxFps": 47.48005890965272,
  "avgSectionTimingsMs": {
    "hud": 0.019208087525452097,
    "camera": 0.007750631935373514,
    "autoEngage": 0.004256215758128755,
    "syncPlayers": 0.1028667793406604,
    "syncUnits": 0.6449409782584964,
    "syncResources": 0.020741989927187336,
    "sendClientPoses": 0.09409780760137065,
    "effectsAndFog": 0.05674536242251855,
    "syncStructures": 0.21271186422998623
  },
  "userAgent": "Mozilla/5.0 (Linux; Android 10; K) AppleWebKit/537.36 (KHTML, like Gecko) Chrome/145.0.0.0 Mobile Safari/537.36",
  "timestamp": "2026-04-13T20:11:00.384Z"
}