{
  "buildNumber": "276",
  "buildId": "BdYYCv-Z",
  "sessionId": "P2QeoMsYc",
  "durationSec": 53.677,
  "avgFps": 33.79098914170171,
  "minFps": 23.47566485001089,
  "maxFps": 42.24570034076106,
  "avgSectionTimingsMs": {
    "hud": 0.026541717269400442,
    "camera": 0.010096735144180427,
    "autoEngage": 0.006319927347366061,
    "syncPlayers": 0.147731397415895,
    "syncUnits": 0.7975801574917035,
    "syncResources": 0.02940108885349682,
    "sendClientPoses": 0.12540834839244502,
    "effectsAndFog": 0.06297640678237873,
    "syncStructures": 0.21291139208817783
  },
  "userAgent": "Mozilla/5.0 (Linux; Android 10; K) AppleWebKit/537.36 (KHTML, like Gecko) Chrome/145.0.0.0 Mobile Safari/537.36",
  "timestamp": "2026-04-13T20:21:12.649Z"
}