{
  "buildNumber": "277",
  "buildId": "CMEduUks",
  "sessionId": "q0WoIYLvG",
  "durationSec": 0.398,
  "avgFps": 30.162387077936465,
  "minFps": 29.19439008306752,
  "maxFps": 30.259186777423363,
  "avgSectionTimingsMs": {
    "hud": 0.018181817098097366,
    "camera": 0,
    "autoEngage": 0.00952380895614624,
    "syncPlayers": 0.17999999821186066,
    "syncUnits": 1.9900000065565109,
    "syncResources": 0.030000004172325134,
    "sendClientPoses": 0.24999999403953552,
    "effectsAndFog": 0.04000000059604645,
    "syncStructures": 0.06666666269302368
  },
  "userAgent": "Mozilla/5.0 (Linux; Android 10; K) AppleWebKit/537.36 (KHTML, like Gecko) Chrome/145.0.0.0 Mobile Safari/537.36",
  "timestamp": "2026-04-13T20:26:00.013Z"
}