{
  "buildNumber": "277",
  "buildId": "CMEduUks",
  "sessionId": "q0WoIYLvG",
  "durationSec": 4.531,
  "avgFps": 38.477629907349986,
  "minFps": 38.293317991131715,
  "maxFps": 39.361938941941844,
  "avgSectionTimingsMs": {
    "hud": 0.01952662711312785,
    "camera": 0.007692307762845733,
    "autoEngage": 0.00326409529153954,
    "syncPlayers": 0.07023809530905314,
    "syncUnits": 0.027380952345473424,
    "syncResources": 0.025595237279222124,
    "sendClientPoses": 0.00178571417927742,
    "effectsAndFog": 0.04285714172181629,
    "syncStructures": 0.16764706022599163
  },
  "userAgent": "Mozilla/5.0 (Linux; Android 10; K) AppleWebKit/537.36 (KHTML, like Gecko) Chrome/145.0.0.0 Mobile Safari/537.36",
  "timestamp": "2026-04-13T20:25:09.370Z"
}