{
  "buildNumber": "273",
  "buildId": "BF-xNiwv",
  "sessionId": "P_6xpY7hD",
  "durationSec": 48.565,
  "avgFps": 30.103237810032272,
  "minFps": 18.023789137957767,
  "maxFps": 40.321994488695054,
  "avgSectionTimingsMs": {
    "hud": 0.025798908872522605,
    "camera": 0.008106001493806312,
    "autoEngage": 0.00514619883738066,
    "syncPlayers": 0.08315132658306783,
    "syncUnits": 0.4988299530818942,
    "syncResources": 0.027535101320367895,
    "sendClientPoses": 0.07753510138545877,
    "effectsAndFog": 15.37168486737145,
    "syncStructures": 0.15014749290668858
  },
  "userAgent": "Mozilla/5.0 (Linux; Android 10; K) AppleWebKit/537.36 (KHTML, like Gecko) Chrome/145.0.0.0 Mobile Safari/537.36",
  "timestamp": "2026-04-13T20:02:45.455Z"
}