{
  "buildNumber": "276",
  "buildId": "BdYYCv-Z",
  "sessionId": "P2QeoMsYc",
  "durationSec": 17.05,
  "avgFps": 39.95217047394156,
  "minFps": 36.559663552824205,
  "maxFps": 42.24570034076106,
  "avgSectionTimingsMs": {
    "hud": 0.026799387762046337,
    "camera": 0.006278713757192194,
    "autoEngage": 0.004750957776760233,
    "syncPlayers": 0.109815951139649,
    "syncUnits": 0.18773006117599875,
    "syncResources": 0.026840490569000595,
    "sendClientPoses": 0.03619631914639034,
    "effectsAndFog": 0.05782208628266867,
    "syncStructures": 0.30393700782708294
  },
  "userAgent": "Mozilla/5.0 (Linux; Android 10; K) AppleWebKit/537.36 (KHTML, like Gecko) Chrome/145.0.0.0 Mobile Safari/537.36",
  "timestamp": "2026-04-13T20:20:36.022Z"
}