{
  "buildNumber": "277",
  "buildId": "CMEduUks",
  "sessionId": "q0WoIYLvG",
  "durationSec": 13.196,
  "avgFps": 38.20697843754808,
  "minFps": 37.33993066221078,
  "maxFps": 39.361938941941844,
  "avgSectionTimingsMs": {
    "hud": 0.020612244824973903,
    "camera": 0.008163265062838185,
    "autoEngage": 0.0033707866812385506,
    "syncPlayers": 0.0762781184509488,
    "syncUnits": 0.03517382453311928,
    "syncResources": 0.027402862388419717,
    "sendClientPoses": 0.004703476506995765,
    "effectsAndFog": 0.05173824102844441,
    "syncStructures": 0.2010101013713413
  },
  "userAgent": "Mozilla/5.0 (Linux; Android 10; K) AppleWebKit/537.36 (KHTML, like Gecko) Chrome/145.0.0.0 Mobile Safari/537.36",
  "timestamp": "2026-04-13T20:25:18.035Z"
}