{
  "buildNumber": "277",
  "buildId": "CMEduUks",
  "sessionId": "q0WoIYLvG",
  "durationSec": 21.041,
  "avgFps": 37.966095752297754,
  "minFps": 36.94121099749357,
  "maxFps": 39.361938941941844,
  "avgSectionTimingsMs": {
    "hud": 0.022750642504974012,
    "camera": 0.0075835473739702475,
    "autoEngage": 0.004308681817683377,
    "syncPlayers": 0.07606177609246056,
    "syncUnits": 0.10321750350900598,
    "syncResources": 0.024710424464948696,
    "sendClientPoses": 0.01634491625286284,
    "effectsAndFog": 0.04954954924270453,
    "syncStructures": 0.24303797472126876
  },
  "userAgent": "Mozilla/5.0 (Linux; Android 10; K) AppleWebKit/537.36 (KHTML, like Gecko) Chrome/145.0.0.0 Mobile Safari/537.36",
  "timestamp": "2026-04-13T20:25:25.881Z"
}