{
  "buildNumber": "274",
  "buildId": "CB7E_Olw",
  "sessionId": "PJns0EXEj",
  "durationSec": 14.869,
  "avgFps": 44.64783797034636,
  "minFps": 41.18367933065833,
  "maxFps": 47.48005890965272,
  "avgSectionTimingsMs": {
    "hud": 0.018095238057393877,
    "camera": 0.006349206680343265,
    "autoEngage": 0.003415409040602547,
    "syncPlayers": 0.09093799751210478,
    "syncUnits": 0.18759936421209375,
    "syncResources": 0.020826709289429486,
    "sendClientPoses": 0.030047694431389837,
    "effectsAndFog": 0.05341812366521984,
    "syncStructures": 0.3539823006212184
  },
  "userAgent": "Mozilla/5.0 (Linux; Android 10; K) AppleWebKit/537.36 (KHTML, like Gecko) Chrome/145.0.0.0 Mobile Safari/537.36",
  "timestamp": "2026-04-13T20:10:43.354Z"
}