{
  "buildNumber": "277",
  "buildId": "CMEduUks",
  "sessionId": "q0WoIYLvG",
  "durationSec": 14.596,
  "avgFps": 38.117375902434915,
  "minFps": 36.94121099749357,
  "maxFps": 39.361938941941844,
  "avgSectionTimingsMs": {
    "hud": 0.02107208857033918,
    "camera": 0.008133086666822874,
    "autoEngage": 0.003330249901064891,
    "syncPlayers": 0.07518518500857883,
    "syncUnits": 0.03481481533359598,
    "syncResources": 0.025925925429220554,
    "sendClientPoses": 0.005000000033113692,
    "effectsAndFog": 0.049999999668863086,
    "syncStructures": 0.23761467868034994
  },
  "userAgent": "Mozilla/5.0 (Linux; Android 10; K) AppleWebKit/537.36 (KHTML, like Gecko) Chrome/145.0.0.0 Mobile Safari/537.36",
  "timestamp": "2026-04-13T20:25:19.435Z"
}