{
  "buildNumber": "277",
  "buildId": "CMEduUks",
  "sessionId": "q0WoIYLvG",
  "durationSec": 19.956,
  "avgFps": 37.98628235201769,
  "minFps": 36.94121099749357,
  "maxFps": 39.361938941941844,
  "avgSectionTimingsMs": {
    "hud": 0.021698112998689924,
    "camera": 0.007951482286993062,
    "autoEngage": 0.004180714920092819,
    "syncPlayers": 0.07543859645905282,
    "syncUnits": 0.062348178563973844,
    "syncResources": 0.024426450452662993,
    "sendClientPoses": 0.010661268523830151,
    "effectsAndFog": 0.049527665099956084,
    "syncStructures": 0.24666666646798452
  },
  "userAgent": "Mozilla/5.0 (Linux; Android 10; K) AppleWebKit/537.36 (KHTML, like Gecko) Chrome/145.0.0.0 Mobile Safari/537.36",
  "timestamp": "2026-04-13T20:25:24.795Z"
}