{
  "buildNumber": "275",
  "buildId": "DlwQSAVw",
  "sessionId": "7MiGiHpAI",
  "durationSec": 12.803,
  "avgFps": 20.009099506885743,
  "minFps": 15.453768091335075,
  "maxFps": 22.654334781660275,
  "avgSectionTimingsMs": {
    "hud": 0.017081851212579584,
    "camera": 0.01067615637151372,
    "autoEngage": 0.006595365397645403,
    "syncPlayers": 0.12821428584200995,
    "syncUnits": 0.9378571426229817,
    "syncStructures": 0.08404255357194454,
    "syncResources": 0.03178571398769106,
    "sendClientPoses": 0.1871428572705814,
    "effectsAndFog": 16.716428571620156
  },
  "userAgent": "Mozilla/5.0 (Linux; Android 10; K) AppleWebKit/537.36 (KHTML, like Gecko) Chrome/145.0.0.0 Mobile Safari/537.36",
  "timestamp": "2026-04-13T20:14:34.031Z"
}