{
  "buildNumber": "276",
  "buildId": "BdYYCv-Z",
  "sessionId": "P2QeoMsYc",
  "durationSec": 0.259,
  "avgFps": 41.125914193165954,
  "minFps": 41.125914193165954,
  "maxFps": 41.125914193165954,
  "avgSectionTimingsMs": {
    "hud": 0.045454542745243416,
    "camera": 0.009090908549048683,
    "autoEngage": 0.00476190447807312,
    "syncPlayers": 0.1800000011920929,
    "syncUnits": 0.04000000059604645,
    "syncResources": 0.05,
    "sendClientPoses": 0,
    "effectsAndFog": 0.15,
    "syncStructures": 0.09999999403953552
  },
  "userAgent": "Mozilla/5.0 (Linux; Android 10; K) AppleWebKit/537.36 (KHTML, like Gecko) Chrome/145.0.0.0 Mobile Safari/537.36",
  "timestamp": "2026-04-13T20:20:19.231Z"
}