{
  "buildNumber": "276",
  "buildId": "BdYYCv-Z",
  "sessionId": "P2QeoMsYc",
  "durationSec": 46.399,
  "avgFps": 34.90538494557565,
  "minFps": 24.825465433277753,
  "maxFps": 42.24570034076106,
  "avgSectionTimingsMs": {
    "hud": 0.026025554980699375,
    "camera": 0.00961667786289079,
    "autoEngage": 0.006020854247606767,
    "syncPlayers": 0.14078061908363174,
    "syncUnits": 0.7312247647852468,
    "syncResources": 0.02913862701460298,
    "sendClientPoses": 0.11278600278805595,
    "effectsAndFog": 0.06278600286025539,
    "syncStructures": 0.1991202340972039
  },
  "userAgent": "Mozilla/5.0 (Linux; Android 10; K) AppleWebKit/537.36 (KHTML, like Gecko) Chrome/145.0.0.0 Mobile Safari/537.36",
  "timestamp": "2026-04-13T20:21:05.371Z"
}