{
  "buildNumber": "276",
  "buildId": "BdYYCv-Z",
  "sessionId": "P2QeoMsYc",
  "durationSec": 48.553,
  "avgFps": 34.570988167925954,
  "minFps": 23.91074322966405,
  "maxFps": 42.24570034076106,
  "avgSectionTimingsMs": {
    "hud": 0.02610677102347836,
    "camera": 0.009830729162786156,
    "autoEngage": 0.006219472375843044,
    "syncPlayers": 0.1427361563090781,
    "syncUnits": 0.7473615638402076,
    "syncResources": 0.029185667604887524,
    "sendClientPoses": 0.11622149837521854,
    "effectsAndFog": 0.06267100999720322,
    "syncStructures": 0.20140055973990625
  },
  "userAgent": "Mozilla/5.0 (Linux; Android 10; K) AppleWebKit/537.36 (KHTML, like Gecko) Chrome/145.0.0.0 Mobile Safari/537.36",
  "timestamp": "2026-04-13T20:21:07.526Z"
}