{
  "buildNumber": "274",
  "buildId": "CB7E_Olw",
  "sessionId": "PJns0EXEj",
  "durationSec": 13.571,
  "avgFps": 44.9301574902629,
  "minFps": 41.91157244087777,
  "maxFps": 47.48005890965272,
  "avgSectionTimingsMs": {
    "hud": 0.01862068967572574,
    "camera": 0.0062068967983640476,
    "autoEngage": 0.0032786885091618694,
    "syncPlayers": 0.08963730653332923,
    "syncUnits": 0.11588946442941722,
    "syncResources": 0.020207254071309775,
    "sendClientPoses": 0.023834196808836416,
    "effectsAndFog": 0.05371329842042017,
    "syncStructures": 0.37475728149552945
  },
  "userAgent": "Mozilla/5.0 (Linux; Android 10; K) AppleWebKit/537.36 (KHTML, like Gecko) Chrome/145.0.0.0 Mobile Safari/537.36",
  "timestamp": "2026-04-13T20:10:42.056Z"
}