{
  "buildNumber": "276",
  "buildId": "BdYYCv-Z",
  "sessionId": "P2QeoMsYc",
  "durationSec": 15.631,
  "avgFps": 40.24116966285974,
  "minFps": 36.74621807043228,
  "maxFps": 42.24570034076106,
  "avgSectionTimingsMs": {
    "hud": 0.02595673905632857,
    "camera": 0.006322795460109108,
    "autoEngage": 0.004579517019479896,
    "syncPlayers": 0.10850000008940697,
    "syncUnits": 0.17616666629910469,
    "syncResources": 0.027333333094914754,
    "sendClientPoses": 0.03450000022848447,
    "effectsAndFog": 0.05883333375056585,
    "syncStructures": 0.27327586222311545
  },
  "userAgent": "Mozilla/5.0 (Linux; Android 10; K) AppleWebKit/537.36 (KHTML, like Gecko) Chrome/145.0.0.0 Mobile Safari/537.36",
  "timestamp": "2026-04-13T20:20:34.604Z"
}