{
  "buildNumber": "276",
  "buildId": "BdYYCv-Z",
  "sessionId": "P2QeoMsYc",
  "durationSec": 11.615,
  "avgFps": 40.996671725287285,
  "minFps": 39.638383967582946,
  "maxFps": 42.24570034076106,
  "avgSectionTimingsMs": {
    "hud": 0.02683982698174266,
    "camera": 0.0058441559473673505,
    "autoEngage": 0.004008667343745123,
    "syncPlayers": 0.10694143221331781,
    "syncUnits": 0.07874186521238463,
    "syncResources": 0.026681127555975428,
    "sendClientPoses": 0.011279826696937875,
    "effectsAndFog": 0.05835141037912017,
    "syncStructures": 0.32643678099259565
  },
  "userAgent": "Mozilla/5.0 (Linux; Android 10; K) AppleWebKit/537.36 (KHTML, like Gecko) Chrome/145.0.0.0 Mobile Safari/537.36",
  "timestamp": "2026-04-13T20:20:30.587Z"
}