{
  "buildNumber": "276",
  "buildId": "BdYYCv-Z",
  "sessionId": "P2QeoMsYc",
  "durationSec": 35.97,
  "avgFps": 36.63152132893362,
  "minFps": 28.35716510295945,
  "maxFps": 42.24570034076106,
  "avgSectionTimingsMs": {
    "hud": 0.024816924571214993,
    "camera": 0.008462164366119174,
    "autoEngage": 0.0053317052565020765,
    "syncPlayers": 0.12410423453254109,
    "syncUnits": 0.5065960913702409,
    "syncResources": 0.027687296222786175,
    "sendClientPoses": 0.0881107493458431,
    "effectsAndFog": 0.060179153317737266,
    "syncStructures": 0.20606060563163323
  },
  "userAgent": "Mozilla/5.0 (Linux; Android 10; K) AppleWebKit/537.36 (KHTML, like Gecko) Chrome/145.0.0.0 Mobile Safari/537.36",
  "timestamp": "2026-04-13T20:20:54.943Z"
}