{
  "buildNumber": "277",
  "buildId": "CMEduUks",
  "sessionId": "q0WoIYLvG",
  "durationSec": 5.06,
  "avgFps": 28.83444367640562,
  "minFps": 28.48434442172548,
  "maxFps": 30.259186777423363,
  "avgSectionTimingsMs": {
    "hud": 0.02785714268684387,
    "camera": 0.010000000255448477,
    "autoEngage": 0.009677419205293006,
    "syncPlayers": 0.11007194231740004,
    "syncUnits": 1.502158273252652,
    "syncResources": 0.023021583934482052,
    "sendClientPoses": 0.18776978391537563,
    "effectsAndFog": 0.049640288027070406,
    "syncStructures": 0.06857142789023263
  },
  "userAgent": "Mozilla/5.0 (Linux; Android 10; K) AppleWebKit/537.36 (KHTML, like Gecko) Chrome/145.0.0.0 Mobile Safari/537.36",
  "timestamp": "2026-04-13T20:26:04.675Z"
}