{
  "buildNumber": "277",
  "buildId": "CMEduUks",
  "sessionId": "q0WoIYLvG",
  "durationSec": 37.705,
  "avgFps": 35.2649739265589,
  "minFps": 26.510727529094936,
  "maxFps": 39.361938941941844,
  "avgSectionTimingsMs": {
    "hud": 0.022598869864068942,
    "camera": 0.009846650418781099,
    "autoEngage": 0.0062171982741904535,
    "syncPlayers": 0.08642972502646808,
    "syncUnits": 0.7481421649889337,
    "syncResources": 0.026171243778145562,
    "sendClientPoses": 0.07552504021921143,
    "effectsAndFog": 0.049676898222940226,
    "syncStructures": 0.16978417304779986
  },
  "userAgent": "Mozilla/5.0 (Linux; Android 10; K) AppleWebKit/537.36 (KHTML, like Gecko) Chrome/145.0.0.0 Mobile Safari/537.36",
  "timestamp": "2026-04-13T20:25:42.545Z"
}