{
  "buildNumber": "276",
  "buildId": "BdYYCv-Z",
  "sessionId": "P2QeoMsYc",
  "durationSec": 22.472,
  "avgFps": 39.05725268843827,
  "minFps": 34.54174676025607,
  "maxFps": 42.24570034076106,
  "avgSectionTimingsMs": {
    "hud": 0.026618705343285337,
    "camera": 0.006714628433152068,
    "autoEngage": 0.004919016118098249,
    "syncPlayers": 0.11236494607856723,
    "syncUnits": 0.24429771919496635,
    "syncResources": 0.027010804142843202,
    "sendClientPoses": 0.04633853555011864,
    "effectsAndFog": 0.059303721746190544,
    "syncStructures": 0.27664670651544354
  },
  "userAgent": "Mozilla/5.0 (Linux; Android 10; K) AppleWebKit/537.36 (KHTML, like Gecko) Chrome/145.0.0.0 Mobile Safari/537.36",
  "timestamp": "2026-04-13T20:20:41.444Z"
}