{
  "buildNumber": "276",
  "buildId": "BdYYCv-Z",
  "sessionId": "P2QeoMsYc",
  "durationSec": 16.367,
  "avgFps": 40.087047207884474,
  "minFps": 36.559663552824205,
  "maxFps": 42.24570034076106,
  "avgSectionTimingsMs": {
    "hud": 0.026114649928299486,
    "camera": 0.006528662553258762,
    "autoEngage": 0.004701195152632269,
    "syncPlayers": 0.1087719299481436,
    "syncUnits": 0.18437001574933054,
    "syncResources": 0.027272727025562875,
    "sendClientPoses": 0.03684210539624642,
    "effectsAndFog": 0.058213716441174256,
    "syncStructures": 0.2827868852459016
  },
  "userAgent": "Mozilla/5.0 (Linux; Android 10; K) AppleWebKit/537.36 (KHTML, like Gecko) Chrome/145.0.0.0 Mobile Safari/537.36",
  "timestamp": "2026-04-13T20:20:35.340Z"
}