{
  "buildNumber": "273",
  "buildId": "BF-xNiwv",
  "sessionId": "P_6xpY7hD",
  "durationSec": 28.485,
  "avgFps": 33.45711326069358,
  "minFps": 29.359513071453023,
  "maxFps": 40.321994488695054,
  "avgSectionTimingsMs": {
    "hud": 0.025612472127168905,
    "camera": 0.008240534395045851,
    "autoEngage": 0.004233983283587485,
    "syncPlayers": 0.07647714646763626,
    "syncUnits": 0.08394648827437971,
    "syncResources": 0.027647714650750558,
    "sendClientPoses": 0.013266443774320078,
    "effectsAndFog": 10.311482719653426,
    "syncStructures": 0.19420289834916304
  },
  "userAgent": "Mozilla/5.0 (Linux; Android 10; K) AppleWebKit/537.36 (KHTML, like Gecko) Chrome/145.0.0.0 Mobile Safari/537.36",
  "timestamp": "2026-04-13T20:02:25.374Z"
}