{
  "buildNumber": "275",
  "buildId": "DlwQSAVw",
  "sessionId": "7MiGiHpAI",
  "durationSec": 16.659,
  "avgFps": 20.64977702721959,
  "minFps": 15.453768091335075,
  "maxFps": 22.854172486012928,
  "avgSectionTimingsMs": {
    "hud": 0.01639344303008637,
    "camera": 0.010109289340634164,
    "autoEngage": 0.006292749649848886,
    "syncPlayers": 0.12493150683298503,
    "syncUnits": 0.8882191782944823,
    "syncStructures": 0.0778688524590164,
    "syncResources": 0.029589040801949698,
    "sendClientPoses": 0.18575342460854413,
    "effectsAndFog": 16.55178082250569
  },
  "userAgent": "Mozilla/5.0 (Linux; Android 10; K) AppleWebKit/537.36 (KHTML, like Gecko) Chrome/145.0.0.0 Mobile Safari/537.36",
  "timestamp": "2026-04-13T20:14:37.888Z"
}