{
  "buildNumber": "273",
  "buildId": "BF-xNiwv",
  "sessionId": "P_6xpY7hD",
  "durationSec": 22.887,
  "avgFps": 33.860408967106686,
  "minFps": 31.135007847593187,
  "maxFps": 40.321994488695054,
  "avgSectionTimingsMs": {
    "hud": 0.024353741504708114,
    "camera": 0.008435374052346158,
    "autoEngage": 0.003812117062108382,
    "syncPlayers": 0.07520435990039918,
    "syncUnits": 0.033378746472197594,
    "syncResources": 0.028337874716244212,
    "sendClientPoses": 0.005585831135755014,
    "effectsAndFog": 10.018801089487868,
    "syncStructures": 0.1802395205654784
  },
  "userAgent": "Mozilla/5.0 (Linux; Android 10; K) AppleWebKit/537.36 (KHTML, like Gecko) Chrome/145.0.0.0 Mobile Safari/537.36",
  "timestamp": "2026-04-13T20:02:19.776Z"
}