{
  "buildNumber": "275",
  "buildId": "DlwQSAVw",
  "sessionId": "7MiGiHpAI",
  "durationSec": 19.97,
  "avgFps": 21.049742812833053,
  "minFps": 15.453768091335075,
  "maxFps": 23.285890513152527,
  "avgSectionTimingsMs": {
    "hud": 0.01742081465494579,
    "camera": 0.010633483933647294,
    "autoEngage": 0.00634201581453818,
    "syncPlayers": 0.12290249437161313,
    "syncUnits": 0.8637188204021411,
    "syncStructures": 0.07346938783619679,
    "syncResources": 0.029478457847149735,
    "sendClientPoses": 0.19160997752699993,
    "effectsAndFog": 16.429024943824256
  },
  "userAgent": "Mozilla/5.0 (Linux; Android 10; K) AppleWebKit/537.36 (KHTML, like Gecko) Chrome/145.0.0.0 Mobile Safari/537.36",
  "timestamp": "2026-04-13T20:14:41.199Z"
}