{
  "buildNumber": "276",
  "buildId": "BdYYCv-Z",
  "sessionId": "P2QeoMsYc",
  "durationSec": 8.546,
  "avgFps": 41.40313970474634,
  "minFps": 40.13490483125857,
  "maxFps": 42.24570034076106,
  "avgSectionTimingsMs": {
    "hud": 0.02745664765724557,
    "camera": 0.0066473989645180675,
    "autoEngage": 0.003328509423908725,
    "syncPlayers": 0.10492753697478253,
    "syncUnits": 0.035652173429295636,
    "syncResources": 0.0257971011210179,
    "sendClientPoses": 0.0020289854726929595,
    "effectsAndFog": 0.055362319082453634,
    "syncStructures": 0.3546874998137355
  },
  "userAgent": "Mozilla/5.0 (Linux; Android 10; K) AppleWebKit/537.36 (KHTML, like Gecko) Chrome/145.0.0.0 Mobile Safari/537.36",
  "timestamp": "2026-04-13T20:20:27.518Z"
}