{
  "buildNumber": "274",
  "buildId": "CB7E_Olw",
  "sessionId": "PJns0EXEj",
  "durationSec": 16.873,
  "avgFps": 44.157349899428766,
  "minFps": 39.29081962349531,
  "maxFps": 47.48005890965272,
  "avgSectionTimingsMs": {
    "hud": 0.01809116803173326,
    "camera": 0.006837607109308922,
    "autoEngage": 0.0037776194167663943,
    "syncPlayers": 0.09129814610161557,
    "syncUnits": 0.2811697574382842,
    "syncResources": 0.020827389690233195,
    "sendClientPoses": 0.043937232244371856,
    "effectsAndFog": 0.05406562038052949,
    "syncStructures": 0.31875000009313226
  },
  "userAgent": "Mozilla/5.0 (Linux; Android 10; K) AppleWebKit/537.36 (KHTML, like Gecko) Chrome/145.0.0.0 Mobile Safari/537.36",
  "timestamp": "2026-04-13T20:10:45.358Z"
}