{
  "buildNumber": "274",
  "buildId": "CB7E_Olw",
  "sessionId": "PJns0EXEj",
  "durationSec": 22.108,
  "avgFps": 42.801446149493486,
  "minFps": 36.37866394177931,
  "maxFps": 47.48005890965272,
  "avgSectionTimingsMs": {
    "hud": 0.018263810550481114,
    "camera": 0.007666291015930348,
    "autoEngage": 0.004060913698860164,
    "syncPlayers": 0.09367945854201004,
    "syncUnits": 0.44322799115902145,
    "syncResources": 0.020428894033012217,
    "sendClientPoses": 0.06320541747267575,
    "effectsAndFog": 0.054853272895511604,
    "syncStructures": 0.2638554213994957
  },
  "userAgent": "Mozilla/5.0 (Linux; Android 10; K) AppleWebKit/537.36 (KHTML, like Gecko) Chrome/145.0.0.0 Mobile Safari/537.36",
  "timestamp": "2026-04-13T20:10:50.593Z"
}