{
  "buildNumber": "274",
  "buildId": "CB7E_Olw",
  "sessionId": "PJns0EXEj",
  "durationSec": 18.692,
  "avgFps": 43.65375878478077,
  "minFps": 37.85108603821611,
  "maxFps": 47.48005890965272,
  "avgSectionTimingsMs": {
    "hud": 0.01786179927990054,
    "camera": 0.006649283184688126,
    "autoEngage": 0.004044357480679318,
    "syncPlayers": 0.09099216763095506,
    "syncUnits": 0.34830287207822574,
    "syncResources": 0.020887728654062156,
    "sendClientPoses": 0.05117493451575386,
    "effectsAndFog": 0.05496083526791854,
    "syncStructures": 0.29645390058240145
  },
  "userAgent": "Mozilla/5.0 (Linux; Android 10; K) AppleWebKit/537.36 (KHTML, like Gecko) Chrome/145.0.0.0 Mobile Safari/537.36",
  "timestamp": "2026-04-13T20:10:47.178Z"
}