{
  "buildNumber": "274",
  "buildId": "CB7E_Olw",
  "sessionId": "PJns0EXEj",
  "durationSec": 2.246,
  "avgFps": 46.47380867280876,
  "minFps": 45.86004418223954,
  "maxFps": 47.48005890965272,
  "avgSectionTimingsMs": {
    "hud": 0.02376237629663826,
    "camera": 0.003960396393690959,
    "autoEngage": 0.0009950248163137863,
    "syncPlayers": 0.08700000077486038,
    "syncUnits": 0.022999999523162843,
    "syncResources": 0.02900000035762787,
    "sendClientPoses": 0.005,
    "effectsAndFog": 0.05700000017881393,
    "syncStructures": 0
  },
  "userAgent": "Mozilla/5.0 (Linux; Android 10; K) AppleWebKit/537.36 (KHTML, like Gecko) Chrome/145.0.0.0 Mobile Safari/537.36",
  "timestamp": "2026-04-13T20:10:30.731Z"
}