{
  "buildNumber": "273",
  "buildId": "BF-xNiwv",
  "sessionId": "P_6xpY7hD",
  "durationSec": 12.119,
  "avgFps": 35.419785104219855,
  "minFps": 32.298311318800174,
  "maxFps": 40.321994488695054,
  "avgSectionTimingsMs": {
    "hud": 0.021608040260909192,
    "camera": 0.008040200825312628,
    "autoEngage": 0.004276729604733066,
    "syncPlayers": 0.07027707840093136,
    "syncUnits": 0.034005037558168846,
    "syncResources": 0.026700252024292645,
    "sendClientPoses": 0.003526448302665345,
    "effectsAndFog": 9.75239294684804,
    "syncStructures": 0.13033707791499877
  },
  "userAgent": "Mozilla/5.0 (Linux; Android 10; K) AppleWebKit/537.36 (KHTML, like Gecko) Chrome/145.0.0.0 Mobile Safari/537.36",
  "timestamp": "2026-04-13T20:02:09.008Z"
}