{
  "buildNumber": "277",
  "buildId": "CMEduUks",
  "sessionId": "q0WoIYLvG",
  "durationSec": 24.089,
  "avgFps": 37.71039169164011,
  "minFps": 34.16609136987178,
  "maxFps": 39.361938941941844,
  "avgSectionTimingsMs": {
    "hud": 0.023085714169910974,
    "camera": 0.00811428553717477,
    "autoEngage": 0.004688393480100244,
    "syncPlayers": 0.07757437065482413,
    "syncUnits": 0.2089244853918285,
    "syncResources": 0.02585812329018416,
    "sendClientPoses": 0.030663615471983936,
    "effectsAndFog": 0.04931350096685117,
    "syncStructures": 0.22707182333614287
  },
  "userAgent": "Mozilla/5.0 (Linux; Android 10; K) AppleWebKit/537.36 (KHTML, like Gecko) Chrome/145.0.0.0 Mobile Safari/537.36",
  "timestamp": "2026-04-13T20:25:28.928Z"
}