{
  "buildNumber": "273",
  "buildId": "BF-xNiwv",
  "sessionId": "P_6xpY7hD",
  "durationSec": 23.757,
  "avgFps": 33.7935137871186,
  "minFps": 31.135007847593187,
  "maxFps": 40.321994488695054,
  "avgSectionTimingsMs": {
    "hud": 0.02490118573933879,
    "camera": 0.008300395154827354,
    "autoEngage": 0.0036914963508485254,
    "syncPlayers": 0.07506596330445171,
    "syncUnits": 0.0335092347970424,
    "syncResources": 0.02783641164095232,
    "sendClientPoses": 0.005804749426866899,
    "effectsAndFog": 10.125593667019325,
    "syncStructures": 0.17572254287025144
  },
  "userAgent": "Mozilla/5.0 (Linux; Android 10; K) AppleWebKit/537.36 (KHTML, like Gecko) Chrome/145.0.0.0 Mobile Safari/537.36",
  "timestamp": "2026-04-13T20:02:20.647Z"
}