{
  "buildNumber": "277",
  "buildId": "CMEduUks",
  "sessionId": "q0WoIYLvG",
  "durationSec": 22.65,
  "avgFps": 37.863135350665246,
  "minFps": 35.96194021310538,
  "maxFps": 39.361938941941844,
  "avgSectionTimingsMs": {
    "hud": 0.0231325299265873,
    "camera": 0.007831325121672757,
    "autoEngage": 0.00452079580374839,
    "syncPlayers": 0.0764776840716133,
    "syncUnits": 0.15826296770385723,
    "syncResources": 0.025934860955101446,
    "sendClientPoses": 0.024969842990431194,
    "effectsAndFog": 0.048371531635486895,
    "syncStructures": 0.23823529429295484
  },
  "userAgent": "Mozilla/5.0 (Linux; Android 10; K) AppleWebKit/537.36 (KHTML, like Gecko) Chrome/145.0.0.0 Mobile Safari/537.36",
  "timestamp": "2026-04-13T20:25:27.490Z"
}