{
  "buildNumber": "273",
  "buildId": "BF-xNiwv",
  "sessionId": "P_6xpY7hD",
  "durationSec": 23.177,
  "avgFps": 33.83877609409016,
  "minFps": 31.135007847593187,
  "maxFps": 40.321994488695054,
  "avgSectionTimingsMs": {
    "hud": 0.024226110363391656,
    "camera": 0.008344549028902323,
    "autoEngage": 0.0037710437469610863,
    "syncPlayers": 0.07506738570983197,
    "syncUnits": 0.03315363868548864,
    "syncResources": 0.028032345069707885,
    "sendClientPoses": 0.005795148344374088,
    "effectsAndFog": 10.066846360736138,
    "syncStructures": 0.17869822442884276
  },
  "userAgent": "Mozilla/5.0 (Linux; Android 10; K) AppleWebKit/537.36 (KHTML, like Gecko) Chrome/145.0.0.0 Mobile Safari/537.36",
  "timestamp": "2026-04-13T20:02:20.066Z"
}