{
  "buildNumber": "276",
  "buildId": "BdYYCv-Z",
  "sessionId": "P2QeoMsYc",
  "durationSec": 7.881,
  "avgFps": 41.506183788217214,
  "minFps": 40.51320644167809,
  "maxFps": 42.24570034076106,
  "avgSectionTimingsMs": {
    "hud": 0.027500000316649675,
    "camera": 0.006875000149011612,
    "autoEngage": 0.003286384967198021,
    "syncPlayers": 0.10532915424030029,
    "syncUnits": 0.03573667648070285,
    "syncResources": 0.025078369625683487,
    "sendClientPoses": 0.0021943573294014767,
    "effectsAndFog": 0.05611285296353427,
    "syncStructures": 0.3050847452575878
  },
  "userAgent": "Mozilla/5.0 (Linux; Android 10; K) AppleWebKit/537.36 (KHTML, like Gecko) Chrome/145.0.0.0 Mobile Safari/537.36",
  "timestamp": "2026-04-13T20:20:26.853Z"
}