{
  "buildNumber": "276",
  "buildId": "BdYYCv-Z",
  "sessionId": "P2QeoMsYc",
  "durationSec": 43.247,
  "avgFps": 35.42870354389224,
  "minFps": 25.51221436036208,
  "maxFps": 42.24570034076106,
  "avgSectionTimingsMs": {
    "hud": 0.026133144648993658,
    "camera": 0.009560906515580737,
    "autoEngage": 0.005773999169072994,
    "syncPlayers": 0.13855421686746988,
    "syncUnits": 0.7017717933418225,
    "syncResources": 0.029411764473546743,
    "sendClientPoses": 0.10729978757915051,
    "effectsAndFog": 0.0636428067398612,
    "syncStructures": 0.1867507881358595
  },
  "userAgent": "Mozilla/5.0 (Linux; Android 10; K) AppleWebKit/537.36 (KHTML, like Gecko) Chrome/145.0.0.0 Mobile Safari/537.36",
  "timestamp": "2026-04-13T20:21:02.220Z"
}