{
  "buildNumber": "276",
  "buildId": "BdYYCv-Z",
  "sessionId": "P2QeoMsYc",
  "durationSec": 18.665,
  "avgFps": 39.68795065368577,
  "minFps": 36.502310748463614,
  "maxFps": 42.24570034076106,
  "avgSectionTimingsMs": {
    "hud": 0.027080395367989587,
    "camera": 0.006346967644012193,
    "autoEngage": 0.004869442404199841,
    "syncPlayers": 0.1101694917358921,
    "syncUnits": 0.19307909585998556,
    "syncResources": 0.027542372628793877,
    "sendClientPoses": 0.034039548098367484,
    "effectsAndFog": 0.059322034319241844,
    "syncStructures": 0.28913043504175934
  },
  "userAgent": "Mozilla/5.0 (Linux; Android 10; K) AppleWebKit/537.36 (KHTML, like Gecko) Chrome/145.0.0.0 Mobile Safari/537.36",
  "timestamp": "2026-04-13T20:20:37.638Z"
}