{
  "buildNumber": "273",
  "buildId": "BF-xNiwv",
  "sessionId": "P_6xpY7hD",
  "durationSec": 23.381,
  "avgFps": 33.825206020542836,
  "minFps": 31.135007847593187,
  "maxFps": 40.321994488695054,
  "avgSectionTimingsMs": {
    "hud": 0.0244652406576483,
    "camera": 0.008288769957853511,
    "autoEngage": 0.0037458193740717146,
    "syncPlayers": 0.0753681394788954,
    "syncUnits": 0.032931726779963276,
    "syncResources": 0.0279785810385044,
    "sendClientPoses": 0.005890227664745795,
    "effectsAndFog": 10.087951806734205,
    "syncStructures": 0.17823529366184684
  },
  "userAgent": "Mozilla/5.0 (Linux; Android 10; K) AppleWebKit/537.36 (KHTML, like Gecko) Chrome/145.0.0.0 Mobile Safari/537.36",
  "timestamp": "2026-04-13T20:02:20.270Z"
}