{
  "buildNumber": "273",
  "buildId": "BF-xNiwv",
  "sessionId": "P_6xpY7hD",
  "durationSec": 39.4,
  "avgFps": 31.67815371384781,
  "minFps": 20.473564994198064,
  "maxFps": 40.321994488695054,
  "avgSectionTimingsMs": {
    "hud": 0.026292335222111666,
    "camera": 0.008110516849048635,
    "autoEngage": 0.004814979942898319,
    "syncPlayers": 0.07966101735856893,
    "syncUnits": 0.3174843889703504,
    "syncResources": 0.02694023189855196,
    "sendClientPoses": 0.046833184576800205,
    "effectsAndFog": 13.128010704541824,
    "syncStructures": 0.16312056758725052
  },
  "userAgent": "Mozilla/5.0 (Linux; Android 10; K) AppleWebKit/537.36 (KHTML, like Gecko) Chrome/145.0.0.0 Mobile Safari/537.36",
  "timestamp": "2026-04-13T20:02:36.290Z"
}