{
  "buildNumber": "277",
  "buildId": "CMEduUks",
  "sessionId": "q0WoIYLvG",
  "durationSec": 37.177,
  "avgFps": 35.365022456815645,
  "minFps": 26.510727529094936,
  "maxFps": 39.361938941941844,
  "avgSectionTimingsMs": {
    "hud": 0.022530612021076438,
    "camera": 0.009795918245704806,
    "autoEngage": 0.006206615000853688,
    "syncPlayers": 0.08602941140922066,
    "syncUnits": 0.7406862747484173,
    "syncResources": 0.026143790703583386,
    "sendClientPoses": 0.0739379083506422,
    "effectsAndFog": 0.04934640520927953,
    "syncStructures": 0.17153284715039888
  },
  "userAgent": "Mozilla/5.0 (Linux; Android 10; K) AppleWebKit/537.36 (KHTML, like Gecko) Chrome/145.0.0.0 Mobile Safari/537.36",
  "timestamp": "2026-04-13T20:25:42.016Z"
}