{
  "buildNumber": "274",
  "buildId": "CB7E_Olw",
  "sessionId": "PJns0EXEj",
  "durationSec": 25.807,
  "avgFps": 41.88082284631099,
  "minFps": 32.75349885043815,
  "maxFps": 47.48005890965272,
  "avgSectionTimingsMs": {
    "hud": 0.01781781777008637,
    "camera": 0.008008008127336626,
    "autoEngage": 0.00435653478131034,
    "syncPlayers": 0.09969939903649157,
    "syncUnits": 0.5680360723592953,
    "syncResources": 0.020240481039565168,
    "sendClientPoses": 0.07885771541891691,
    "effectsAndFog": 0.05621242463469266,
    "syncStructures": 0.24611398917405716
  },
  "userAgent": "Mozilla/5.0 (Linux; Android 10; K) AppleWebKit/537.36 (KHTML, like Gecko) Chrome/145.0.0.0 Mobile Safari/537.36",
  "timestamp": "2026-04-13T20:10:54.293Z"
}