{
  "buildNumber": "277",
  "buildId": "CMEduUks",
  "sessionId": "q0WoIYLvG",
  "durationSec": 1.537,
  "avgFps": 38.67025397840354,
  "minFps": 38.39109065484229,
  "maxFps": 39.361938941941844,
  "avgSectionTimingsMs": {
    "hud": 0.02321428486279079,
    "camera": 0.00357142835855484,
    "autoEngage": 0.0054054061571757,
    "syncPlayers": 0.07999999902465127,
    "syncUnits": 0.02545454610477794,
    "syncResources": 0.02181818105957725,
    "sendClientPoses": 0.0018181817098097367,
    "effectsAndFog": 0.04909090833230452,
    "syncStructures": 0.00909091125835072
  },
  "userAgent": "Mozilla/5.0 (Linux; Android 10; K) AppleWebKit/537.36 (KHTML, like Gecko) Chrome/145.0.0.0 Mobile Safari/537.36",
  "timestamp": "2026-04-13T20:25:06.376Z"
}