{
  "buildNumber": "277",
  "buildId": "CMEduUks",
  "sessionId": "q0WoIYLvG",
  "durationSec": 15.399,
  "avgFps": 38.05558089867273,
  "minFps": 36.94121099749357,
  "maxFps": 39.361938941941844,
  "avgSectionTimingsMs": {
    "hud": 0.020840630274520447,
    "camera": 0.008406304540650857,
    "autoEngage": 0.003418054448001537,
    "syncPlayers": 0.07543859633437375,
    "syncUnits": 0.0349122812350591,
    "syncResources": 0.02578947319273363,
    "sendClientPoses": 0.005263157894736842,
    "effectsAndFog": 0.04842105230741334,
    "syncStructures": 0.23043478234954504
  },
  "userAgent": "Mozilla/5.0 (Linux; Android 10; K) AppleWebKit/537.36 (KHTML, like Gecko) Chrome/145.0.0.0 Mobile Safari/537.36",
  "timestamp": "2026-04-13T20:25:20.238Z"
}