{
  "buildNumber": "274",
  "buildId": "CB7E_Olw",
  "sessionId": "PJns0EXEj",
  "durationSec": 4.641,
  "avgFps": 46.28273243433304,
  "minFps": 45.40970613938231,
  "maxFps": 47.48005890965272,
  "avgSectionTimingsMs": {
    "hud": 0.019902913026439335,
    "camera": 0.00631067981419054,
    "autoEngage": 0.0021897808913766905,
    "syncPlayers": 0.07951219619774237,
    "syncUnits": 0.021951219221440756,
    "syncResources": 0.02731707299627909,
    "sendClientPoses": 0.004878048925864987,
    "effectsAndFog": 0.05756097494102106,
    "syncStructures": 0.14444444411330754
  },
  "userAgent": "Mozilla/5.0 (Linux; Android 10; K) AppleWebKit/537.36 (KHTML, like Gecko) Chrome/145.0.0.0 Mobile Safari/537.36",
  "timestamp": "2026-04-13T20:10:33.126Z"
}