{
  "buildNumber": "275",
  "buildId": "DlwQSAVw",
  "sessionId": "7MiGiHpAI",
  "durationSec": 5.676,
  "avgFps": 18.032232209710514,
  "minFps": 15.453768091335075,
  "maxFps": 20.130142232611743,
  "avgSectionTimingsMs": {
    "hud": 0.025000001241763433,
    "camera": 0.009166666368643443,
    "autoEngage": 0.008368200587428265,
    "syncPlayers": 0.14789915836157919,
    "syncUnits": 1.2151260511213993,
    "syncStructures": 0.08048780371503132,
    "syncResources": 0.03949579796871217,
    "sendClientPoses": 0.22016806787803395,
    "effectsAndFog": 17.62016806682619
  },
  "userAgent": "Mozilla/5.0 (Linux; Android 10; K) AppleWebKit/537.36 (KHTML, like Gecko) Chrome/145.0.0.0 Mobile Safari/537.36",
  "timestamp": "2026-04-13T20:14:26.904Z"
}