{
  "buildNumber": "276",
  "buildId": "BdYYCv-Z",
  "sessionId": "P2QeoMsYc",
  "durationSec": 35.934,
  "avgFps": 36.63825940403621,
  "minFps": 28.35716510295945,
  "maxFps": 42.24570034076106,
  "avgSectionTimingsMs": {
    "hud": 0.02483713379317852,
    "camera": 0.008469055379446632,
    "autoEngage": 0.005295315609444426,
    "syncPlayers": 0.12371638140351965,
    "syncUnits": 0.5062754688072515,
    "syncResources": 0.027709861256382577,
    "sendClientPoses": 0.0879380604845776,
    "effectsAndFog": 0.06014669947052935,
    "syncStructures": 0.20606060563163323
  },
  "userAgent": "Mozilla/5.0 (Linux; Android 10; K) AppleWebKit/537.36 (KHTML, like Gecko) Chrome/145.0.0.0 Mobile Safari/537.36",
  "timestamp": "2026-04-13T20:20:54.906Z"
}