{
  "buildNumber": "273",
  "buildId": "BF-xNiwv",
  "sessionId": "P_6xpY7hD",
  "durationSec": 11.401,
  "avgFps": 35.56980960328056,
  "minFps": 32.298311318800174,
  "maxFps": 40.321994488695054,
  "avgSectionTimingsMs": {
    "hud": 0.021600000063578286,
    "camera": 0.007733333190282186,
    "autoEngage": 0.0045393858955444415,
    "syncPlayers": 0.06925133723307421,
    "syncUnits": 0.033689839317199384,
    "syncResources": 0.027540107063431154,
    "sendClientPoses": 0.0032085561178584786,
    "effectsAndFog": 9.767379678905328,
    "syncStructures": 0.13855421614934163
  },
  "userAgent": "Mozilla/5.0 (Linux; Android 10; K) AppleWebKit/537.36 (KHTML, like Gecko) Chrome/145.0.0.0 Mobile Safari/537.36",
  "timestamp": "2026-04-13T20:02:08.290Z"
}