{
  "buildNumber": "273",
  "buildId": "BF-xNiwv",
  "sessionId": "P_6xpY7hD",
  "durationSec": 7.614,
  "avgFps": 36.873999970795346,
  "minFps": 33.92933053345227,
  "maxFps": 40.321994488695054,
  "avgSectionTimingsMs": {
    "hud": 0.02313725515907886,
    "camera": 0.007450980181787528,
    "autoEngage": 0.003143418514424082,
    "syncPlayers": 0.06732283544352674,
    "syncUnits": 0.03385826757573706,
    "syncResources": 0.031496062992125984,
    "sendClientPoses": 0.0035433069927485908,
    "effectsAndFog": 9.250393700411939,
    "syncStructures": 0.00535714253783226
  },
  "userAgent": "Mozilla/5.0 (Linux; Android 10; K) AppleWebKit/537.36 (KHTML, like Gecko) Chrome/145.0.0.0 Mobile Safari/537.36",
  "timestamp": "2026-04-13T20:02:04.503Z"
}