{
  "buildNumber": "276",
  "buildId": "BdYYCv-Z",
  "sessionId": "P2QeoMsYc",
  "durationSec": 4.429,
  "avgFps": 41.50495029429683,
  "minFps": 41.125914193165954,
  "maxFps": 41.88124505024189,
  "avgSectionTimingsMs": {
    "hud": 0.02580645215767686,
    "camera": 0.0059139786228056875,
    "autoEngage": 0.002425876107177323,
    "syncPlayers": 0.10756756872744173,
    "syncUnits": 0.03351351280470152,
    "syncResources": 0.02648648635761158,
    "sendClientPoses": 0.002162162194380889,
    "effectsAndFog": 0.06108108066223763,
    "syncStructures": 0.05624999850988388
  },
  "userAgent": "Mozilla/5.0 (Linux; Android 10; K) AppleWebKit/537.36 (KHTML, like Gecko) Chrome/145.0.0.0 Mobile Safari/537.36",
  "timestamp": "2026-04-13T20:20:23.401Z"
}