{
  "buildNumber": "277",
  "buildId": "CMEduUks",
  "sessionId": "q0WoIYLvG",
  "durationSec": 0.218,
  "avgFps": 30.259186777423363,
  "minFps": 30.259186777423363,
  "maxFps": 30.259186777423363,
  "avgSectionTimingsMs": {
    "hud": 0.03333333134651184,
    "camera": 0,
    "autoEngage": 0.018181817098097366,
    "syncPlayers": 0.2199999988079071,
    "syncUnits": 2.1600000083446504,
    "syncResources": 0.040000003576278684,
    "sendClientPoses": 0.3399999916553497,
    "effectsAndFog": 0.040000003576278684,
    "syncStructures": 0.09999999403953552
  },
  "userAgent": "Mozilla/5.0 (Linux; Android 10; K) AppleWebKit/537.36 (KHTML, like Gecko) Chrome/145.0.0.0 Mobile Safari/537.36",
  "timestamp": "2026-04-13T20:25:59.833Z"
}