{
  "buildNumber": "273",
  "buildId": "BF-xNiwv",
  "sessionId": "P_6xpY7hD",
  "durationSec": 26.488,
  "avgFps": 33.60043302336597,
  "minFps": 31.135007847593187,
  "maxFps": 40.321994488695054,
  "avgSectionTimingsMs": {
    "hud": 0.024822695035460994,
    "camera": 0.008392434875452208,
    "autoEngage": 0.0037847427416665535,
    "syncPlayers": 0.07550295894667947,
    "syncUnits": 0.03360946749794413,
    "syncResources": 0.02686390541714324,
    "sendClientPoses": 0.005562130233945226,
    "effectsAndFog": 10.141775147414066,
    "syncStructures": 0.19896373029199907
  },
  "userAgent": "Mozilla/5.0 (Linux; Android 10; K) AppleWebKit/537.36 (KHTML, like Gecko) Chrome/145.0.0.0 Mobile Safari/537.36",
  "timestamp": "2026-04-13T20:02:23.378Z"
}