{
  "buildNumber": "274",
  "buildId": "CB7E_Olw",
  "sessionId": "PJns0EXEj",
  "durationSec": 14.326,
  "avgFps": 44.76729171654252,
  "minFps": 41.18367933065833,
  "maxFps": 47.48005890965272,
  "avgSectionTimingsMs": {
    "hud": 0.0180623973727422,
    "camera": 0.006075533935784902,
    "autoEngage": 0.0033689399870478333,
    "syncPlayers": 0.0906250006764343,
    "syncUnits": 0.15394736846026622,
    "syncResources": 0.020394737096993548,
    "sendClientPoses": 0.027467105047483193,
    "effectsAndFog": 0.0532894733018781,
    "syncStructures": 0.3568807337262215
  },
  "userAgent": "Mozilla/5.0 (Linux; Android 10; K) AppleWebKit/537.36 (KHTML, like Gecko) Chrome/145.0.0.0 Mobile Safari/537.36",
  "timestamp": "2026-04-13T20:10:42.811Z"
}