{
  "buildNumber": "277",
  "buildId": "CMEduUks",
  "sessionId": "q0WoIYLvG",
  "durationSec": 18.405,
  "avgFps": 37.973327018265316,
  "minFps": 36.94121099749357,
  "maxFps": 39.361938941941844,
  "avgSectionTimingsMs": {
    "hud": 0.0211370261087362,
    "camera": 0.008017492537595788,
    "autoEngage": 0.00364697316456328,
    "syncPlayers": 0.07401459852274317,
    "syncUnits": 0.03430656977813609,
    "syncResources": 0.0252554740783942,
    "sendClientPoses": 0.004963503614829405,
    "effectsAndFog": 0.04729926969013075,
    "syncStructures": 0.25
  },
  "userAgent": "Mozilla/5.0 (Linux; Android 10; K) AppleWebKit/537.36 (KHTML, like Gecko) Chrome/145.0.0.0 Mobile Safari/537.36",
  "timestamp": "2026-04-13T20:25:23.244Z"
}