{
  "buildNumber": "273",
  "buildId": "BF-xNiwv",
  "sessionId": "P_6xpY7hD",
  "durationSec": 5.118,
  "avgFps": 37.40778028789003,
  "minFps": 35.9435983015165,
  "maxFps": 40.321994488695054,
  "avgSectionTimingsMs": {
    "hud": 0.024581005619890864,
    "camera": 0.007262569566012761,
    "autoEngage": 0.0025210083365774286,
    "syncPlayers": 0.06516853996207204,
    "syncUnits": 0.033707865168539325,
    "syncResources": 0.037078651819336284,
    "sendClientPoses": 0.0033707863159394,
    "effectsAndFog": 8.584269662586491,
    "syncStructures": 0.005263157581028186
  },
  "userAgent": "Mozilla/5.0 (Linux; Android 10; K) AppleWebKit/537.36 (KHTML, like Gecko) Chrome/145.0.0.0 Mobile Safari/537.36",
  "timestamp": "2026-04-13T20:02:02.007Z"
}