{
  "buildNumber": "277",
  "buildId": "CMEduUks",
  "sessionId": "q0WoIYLvG",
  "durationSec": 9.537,
  "avgFps": 38.35851483240457,
  "minFps": 38.014368527508694,
  "maxFps": 39.361938941941844,
  "avgSectionTimingsMs": {
    "hud": 0.020505617927299456,
    "camera": 0.008146067265044438,
    "autoEngage": 0.0035161745699146124,
    "syncPlayers": 0.07323943661971831,
    "syncUnits": 0.03098591582875856,
    "syncResources": 0.02929577390912553,
    "sendClientPoses": 0.004507042236731086,
    "effectsAndFog": 0.05408450658892242,
    "syncStructures": 0.21527777860562006
  },
  "userAgent": "Mozilla/5.0 (Linux; Android 10; K) AppleWebKit/537.36 (KHTML, like Gecko) Chrome/145.0.0.0 Mobile Safari/537.36",
  "timestamp": "2026-04-13T20:25:14.376Z"
}