{
  "buildNumber": "274",
  "buildId": "CB7E_Olw",
  "sessionId": "PJns0EXEj",
  "durationSec": 4.102,
  "avgFps": 46.39785678091996,
  "minFps": 45.40970613938231,
  "maxFps": 47.48005890965272,
  "avgSectionTimingsMs": {
    "hud": 0.019780220238717047,
    "camera": 0.0060439561749552635,
    "autoEngage": 0.0019283745407072965,
    "syncPlayers": 0.08121547037066676,
    "syncUnits": 0.023204419658987563,
    "syncResources": 0.02651933675312864,
    "sendClientPoses": 0.004972375723538478,
    "effectsAndFog": 0.05745856291022749,
    "syncStructures": 0.15312500018626451
  },
  "userAgent": "Mozilla/5.0 (Linux; Android 10; K) AppleWebKit/537.36 (KHTML, like Gecko) Chrome/145.0.0.0 Mobile Safari/537.36",
  "timestamp": "2026-04-13T20:10:32.587Z"
}