{
  "buildNumber": "273",
  "buildId": "BF-xNiwv",
  "sessionId": "P_6xpY7hD",
  "durationSec": 30.665,
  "avgFps": 33.19780741806353,
  "minFps": 26.952226102692325,
  "maxFps": 40.321994488695054,
  "avgSectionTimingsMs": {
    "hud": 0.02655426760619257,
    "camera": 0.008008429794341672,
    "autoEngage": 0.00432261464843388,
    "syncPlayers": 0.07647679365762679,
    "syncUnits": 0.14092827016165488,
    "syncResources": 0.02774261607776714,
    "sendClientPoses": 0.0189873417721519,
    "effectsAndFog": 10.749472573462418,
    "syncStructures": 0.19151785677032812
  },
  "userAgent": "Mozilla/5.0 (Linux; Android 10; K) AppleWebKit/537.36 (KHTML, like Gecko) Chrome/145.0.0.0 Mobile Safari/537.36",
  "timestamp": "2026-04-13T20:02:27.555Z"
}