{
  "buildNumber": "277",
  "buildId": "CMEduUks",
  "sessionId": "q0WoIYLvG",
  "durationSec": 22.491,
  "avgFps": 37.87465774543833,
  "minFps": 35.96194021310538,
  "maxFps": 39.361938941941844,
  "avgSectionTimingsMs": {
    "hud": 0.023272727077657526,
    "camera": 0.007757575584180427,
    "autoEngage": 0.0045482111815758515,
    "syncPlayers": 0.07669902922025004,
    "syncUnits": 0.15315534008070103,
    "syncResources": 0.02584951425206314,
    "sendClientPoses": 0.024514562911489634,
    "effectsAndFog": 0.04854368899487755,
    "syncStructures": 0.23905325464948396
  },
  "userAgent": "Mozilla/5.0 (Linux; Android 10; K) AppleWebKit/537.36 (KHTML, like Gecko) Chrome/145.0.0.0 Mobile Safari/537.36",
  "timestamp": "2026-04-13T20:25:27.330Z"
}