{
  "buildNumber": "276",
  "buildId": "BdYYCv-Z",
  "sessionId": "P2QeoMsYc",
  "durationSec": 28.428,
  "avgFps": 37.951947495215414,
  "minFps": 31.876448581110022,
  "maxFps": 42.24570034076106,
  "avgSectionTimingsMs": {
    "hud": 0.02580961748826024,
    "camera": 0.007458292525462712,
    "autoEngage": 0.004860088295016619,
    "syncPlayers": 0.11611001963465528,
    "syncUnits": 0.3388015719200164,
    "syncResources": 0.02642436132332665,
    "sendClientPoses": 0.06561886061034175,
    "effectsAndFog": 0.05933202378642114,
    "syncStructures": 0.2374407577006173
  },
  "userAgent": "Mozilla/5.0 (Linux; Android 10; K) AppleWebKit/537.36 (KHTML, like Gecko) Chrome/145.0.0.0 Mobile Safari/537.36",
  "timestamp": "2026-04-13T20:20:47.401Z"
}