{
  "buildNumber": "274",
  "buildId": "CB7E_Olw",
  "sessionId": "PJns0EXEj",
  "durationSec": 0.241,
  "avgFps": 47.48005890965272,
  "minFps": 47.48005890965272,
  "maxFps": 47.48005890965272,
  "avgSectionTimingsMs": {
    "hud": 0.03749999776482582,
    "camera": 0.01249999925494194,
    "autoEngage": 0,
    "syncPlayers": 0.17142857824053084,
    "syncUnits": 0.01428571343421936,
    "syncResources": 0.08571428060531616,
    "sendClientPoses": 0,
    "effectsAndFog": 0.2000000008514949,
    "syncStructures": 0
  },
  "userAgent": "Mozilla/5.0 (Linux; Android 10; K) AppleWebKit/537.36 (KHTML, like Gecko) Chrome/145.0.0.0 Mobile Safari/537.36",
  "timestamp": "2026-04-13T20:10:28.726Z"
}