{
  "buildNumber": "273",
  "buildId": "BF-xNiwv",
  "sessionId": "P_6xpY7hD",
  "durationSec": 62.549,
  "avgFps": 28.160017208344232,
  "minFps": 18.005645273948964,
  "maxFps": 40.321994488695054,
  "avgSectionTimingsMs": {
    "hud": 0.026322664952137982,
    "camera": 0.007903331093816178,
    "autoEngage": 0.0053577262546766116,
    "syncPlayers": 0.08823529452669854,
    "syncUnits": 0.5831372548162548,
    "syncResources": 0.027124182928621378,
    "sendClientPoses": 0.11411764723023558,
    "effectsAndFog": 18.087320261317142,
    "syncStructures": 0.13151658781896836
  },
  "userAgent": "Mozilla/5.0 (Linux; Android 10; K) AppleWebKit/537.36 (KHTML, like Gecko) Chrome/145.0.0.0 Mobile Safari/537.36",
  "timestamp": "2026-04-13T20:02:59.438Z"
}