{
  "buildNumber": "274",
  "buildId": "CB7E_Olw",
  "sessionId": "PJns0EXEj",
  "durationSec": 22.761,
  "avgFps": 42.639112093694166,
  "minFps": 36.37866394177931,
  "maxFps": 47.48005890965272,
  "avgSectionTimingsMs": {
    "hud": 0.01791208789243803,
    "camera": 0.007692307823306912,
    "autoEngage": 0.004178119826408583,
    "syncPlayers": 0.09394939524112361,
    "syncUnits": 0.45742574275130093,
    "syncResources": 0.02035203530187785,
    "sendClientPoses": 0.06567656761086552,
    "effectsAndFog": 0.054895489293225394,
    "syncStructures": 0.25730994117190265
  },
  "userAgent": "Mozilla/5.0 (Linux; Android 10; K) AppleWebKit/537.36 (KHTML, like Gecko) Chrome/145.0.0.0 Mobile Safari/537.36",
  "timestamp": "2026-04-13T20:10:51.247Z"
}