{
  "buildNumber": "276",
  "buildId": "BdYYCv-Z",
  "sessionId": "P2QeoMsYc",
  "durationSec": 20.59,
  "avgFps": 39.372605852278475,
  "minFps": 35.407549796010784,
  "maxFps": 42.24570034076106,
  "avgSectionTimingsMs": {
    "hud": 0.027037516525461016,
    "camera": 0.006597671556596151,
    "autoEngage": 0.004789643939644773,
    "syncPlayers": 0.11036269443949269,
    "syncUnits": 0.21049222786346247,
    "syncResources": 0.027720207107190642,
    "sendClientPoses": 0.03795336800690142,
    "effectsAndFog": 0.05906735792987705,
    "syncStructures": 0.2888888886161879
  },
  "userAgent": "Mozilla/5.0 (Linux; Android 10; K) AppleWebKit/537.36 (KHTML, like Gecko) Chrome/145.0.0.0 Mobile Safari/537.36",
  "timestamp": "2026-04-13T20:20:39.562Z"
}