{
  "buildNumber": "277",
  "buildId": "CMEduUks",
  "sessionId": "q0WoIYLvG",
  "durationSec": 30.137,
  "avgFps": 36.69610240220229,
  "minFps": 29.45054707312387,
  "maxFps": 39.361938941941844,
  "avgSectionTimingsMs": {
    "hud": 0.023010546329037457,
    "camera": 0.008724832037608439,
    "autoEngage": 0.0057074341270849285,
    "syncPlayers": 0.08147792692605456,
    "syncUnits": 0.46669865681319683,
    "syncResources": 0.02571976954213946,
    "sendClientPoses": 0.054318617893500884,
    "effectsAndFog": 0.049616122772048396,
    "syncStructures": 0.19598214301679814
  },
  "userAgent": "Mozilla/5.0 (Linux; Android 10; K) AppleWebKit/537.36 (KHTML, like Gecko) Chrome/145.0.0.0 Mobile Safari/537.36",
  "timestamp": "2026-04-13T20:25:34.976Z"
}