{
  "buildNumber": "277",
  "buildId": "CMEduUks",
  "sessionId": "q0WoIYLvG",
  "durationSec": 7.651,
  "avgFps": 28.75441043907367,
  "minFps": 28.48434442172548,
  "maxFps": 30.259186777423363,
  "avgSectionTimingsMs": {
    "hud": 0.027230046724489598,
    "camera": 0.008920188101244644,
    "autoEngage": 0.008705882324891933,
    "syncPlayers": 0.10754717028928253,
    "syncUnits": 1.3424528295982558,
    "syncResources": 0.025000001040269743,
    "sendClientPoses": 0.18301886755902813,
    "effectsAndFog": 0.046226414869416435,
    "syncStructures": 0.06415094238407207
  },
  "userAgent": "Mozilla/5.0 (Linux; Android 10; K) AppleWebKit/537.36 (KHTML, like Gecko) Chrome/145.0.0.0 Mobile Safari/537.36",
  "timestamp": "2026-04-13T20:26:07.266Z"
}