{
  "buildNumber": "277",
  "buildId": "CMEduUks",
  "sessionId": "q0WoIYLvG",
  "durationSec": 2.464,
  "avgFps": 29.10285493440185,
  "minFps": 28.48434442172548,
  "maxFps": 30.259186777423363,
  "avgSectionTimingsMs": {
    "hud": 0.02686567181971536,
    "camera": 0.01492537357913914,
    "autoEngage": 0.01203007491907679,
    "syncPlayers": 0.11515151596430576,
    "syncUnits": 1.8712121216636715,
    "syncResources": 0.025757577834707317,
    "sendClientPoses": 0.20151515169577164,
    "effectsAndFog": 0.04696969642783656,
    "syncStructures": 0.0999999975456911
  },
  "userAgent": "Mozilla/5.0 (Linux; Android 10; K) AppleWebKit/537.36 (KHTML, like Gecko) Chrome/145.0.0.0 Mobile Safari/537.36",
  "timestamp": "2026-04-13T20:26:02.079Z"
}