{
  "buildNumber": "274",
  "buildId": "CB7E_Olw",
  "sessionId": "PJns0EXEj",
  "durationSec": 6.617,
  "avgFps": 45.89269941957119,
  "minFps": 44.792959703402545,
  "maxFps": 47.48005890965272,
  "avgSectionTimingsMs": {
    "hud": 0.019112628169434064,
    "camera": 0.005460751138042672,
    "autoEngage": 0.0022222221916557375,
    "syncPlayers": 0.08219178194460804,
    "syncUnits": 0.019863013331204243,
    "syncResources": 0.023630136904651173,
    "sendClientPoses": 0.005479452034381971,
    "effectsAndFog": 0.05308219157669642,
    "syncStructures": 0.245098038631327
  },
  "userAgent": "Mozilla/5.0 (Linux; Android 10; K) AppleWebKit/537.36 (KHTML, like Gecko) Chrome/145.0.0.0 Mobile Safari/537.36",
  "timestamp": "2026-04-13T20:10:35.102Z"
}