{
  "buildNumber": "274",
  "buildId": "CB7E_Olw",
  "sessionId": "PJns0EXEj",
  "durationSec": 26.559,
  "avgFps": 41.67246428730238,
  "minFps": 32.56512413782861,
  "maxFps": 47.48005890965272,
  "avgSectionTimingsMs": {
    "hud": 0.018199608517253003,
    "camera": 0.008121330823217119,
    "autoEngage": 0.004405286343612335,
    "syncPlayers": 0.09990205706975602,
    "syncUnits": 0.5793339864922784,
    "syncResources": 0.020078354612737163,
    "sendClientPoses": 0.08080313412379565,
    "effectsAndFog": 0.05641527892793661,
    "syncStructures": 0.24170854253385535
  },
  "userAgent": "Mozilla/5.0 (Linux; Android 10; K) AppleWebKit/537.36 (KHTML, like Gecko) Chrome/145.0.0.0 Mobile Safari/537.36",
  "timestamp": "2026-04-13T20:10:55.044Z"
}