{
  "buildNumber": "277",
  "buildId": "CMEduUks",
  "sessionId": "q0WoIYLvG",
  "durationSec": 19.585,
  "avgFps": 37.9868180106658,
  "minFps": 36.94121099749357,
  "maxFps": 39.361938941941844,
  "avgSectionTimingsMs": {
    "hud": 0.02153635098610395,
    "camera": 0.007956104064347486,
    "autoEngage": 0.003774880033367369,
    "syncPlayers": 0.07486263736263736,
    "syncUnits": 0.04986263774744757,
    "syncResources": 0.02472527443871393,
    "sendClientPoses": 0.00851648354104587,
    "effectsAndFog": 0.04931318653481347,
    "syncStructures": 0.2489795917961873
  },
  "userAgent": "Mozilla/5.0 (Linux; Android 10; K) AppleWebKit/537.36 (KHTML, like Gecko) Chrome/145.0.0.0 Mobile Safari/537.36",
  "timestamp": "2026-04-13T20:25:24.424Z"
}