{
  "buildNumber": "274",
  "buildId": "CB7E_Olw",
  "sessionId": "PJns0EXEj",
  "durationSec": 15.726,
  "avgFps": 44.44925020512656,
  "minFps": 40.38775949799375,
  "maxFps": 47.48005890965272,
  "avgSectionTimingsMs": {
    "hud": 0.017397881951887562,
    "camera": 0.006505295296119309,
    "autoEngage": 0.003557910664707851,
    "syncPlayers": 0.09106060659343546,
    "syncUnits": 0.22863636369054968,
    "syncResources": 0.021515151768019707,
    "sendClientPoses": 0.036212121040532085,
    "effectsAndFog": 0.053484848141670226,
    "syncStructures": 0.33499999990065893
  },
  "userAgent": "Mozilla/5.0 (Linux; Android 10; K) AppleWebKit/537.36 (KHTML, like Gecko) Chrome/145.0.0.0 Mobile Safari/537.36",
  "timestamp": "2026-04-13T20:10:44.211Z"
}