{
  "buildNumber": "276",
  "buildId": "BdYYCv-Z",
  "sessionId": "P2QeoMsYc",
  "durationSec": 5.05,
  "avgFps": 41.54614700775271,
  "minFps": 41.125914193165954,
  "maxFps": 42.24570034076106,
  "avgSectionTimingsMs": {
    "hud": 0.025943396648146072,
    "camera": 0.0070754718386902,
    "autoEngage": 0.002600472869602501,
    "syncPlayers": 0.10616113845770958,
    "syncUnits": 0.032701421264223575,
    "syncResources": 0.025592416948616786,
    "sendClientPoses": 0.002369668246445498,
    "effectsAndFog": 0.05971563978217789,
    "syncStructures": 0.04864864735989957
  },
  "userAgent": "Mozilla/5.0 (Linux; Android 10; K) AppleWebKit/537.36 (KHTML, like Gecko) Chrome/145.0.0.0 Mobile Safari/537.36",
  "timestamp": "2026-04-13T20:20:24.022Z"
}