{
  "buildNumber": "276",
  "buildId": "BdYYCv-Z",
  "sessionId": "P2QeoMsYc",
  "durationSec": 52.305,
  "avgFps": 33.99374924038178,
  "minFps": 23.512293066686027,
  "maxFps": 42.24570034076106,
  "avgSectionTimingsMs": {
    "hud": 0.026263871961692404,
    "camera": 0.010295930905347982,
    "autoEngage": 0.006290471695324465,
    "syncPlayers": 0.14651449722393584,
    "syncUnits": 0.7683528688386367,
    "syncResources": 0.029426279974748587,
    "sendClientPoses": 0.12270203574728922,
    "effectsAndFog": 0.06298581140781169,
    "syncStructures": 0.21558441527478106
  },
  "userAgent": "Mozilla/5.0 (Linux; Android 10; K) AppleWebKit/537.36 (KHTML, like Gecko) Chrome/145.0.0.0 Mobile Safari/537.36",
  "timestamp": "2026-04-13T20:21:11.281Z"
}