{
  "buildNumber": "273",
  "buildId": "BF-xNiwv",
  "sessionId": "P_6xpY7hD",
  "durationSec": 30.133,
  "avgFps": 33.26795161750661,
  "minFps": 28.269634803589767,
  "maxFps": 40.321994488695054,
  "avgSectionTimingsMs": {
    "hud": 0.02625400209630439,
    "camera": 0.00800426881621207,
    "autoEngage": 0.004378003197052361,
    "syncPlayers": 0.07660256450374921,
    "syncUnits": 0.12831196593295816,
    "syncResources": 0.02745726497636901,
    "sendClientPoses": 0.017735042728674717,
    "effectsAndFog": 10.634508546664675,
    "syncStructures": 0.1945454541932453
  },
  "userAgent": "Mozilla/5.0 (Linux; Android 10; K) AppleWebKit/537.36 (KHTML, like Gecko) Chrome/145.0.0.0 Mobile Safari/537.36",
  "timestamp": "2026-04-13T20:02:27.022Z"
}