{
  "buildNumber": "276",
  "buildId": "BdYYCv-Z",
  "sessionId": "P2QeoMsYc",
  "durationSec": 40.573,
  "avgFps": 35.85915880138189,
  "minFps": 27.243936640643696,
  "maxFps": 42.24570034076106,
  "avgSectionTimingsMs": {
    "hud": 0.025555555754237704,
    "camera": 0.00940740739857709,
    "autoEngage": 0.005705816861036399,
    "syncPlayers": 0.13424759082567966,
    "syncUnits": 0.6299481100290241,
    "syncResources": 0.02928094865217131,
    "sendClientPoses": 0.10059303213173235,
    "effectsAndFog": 0.06338028186687812,
    "syncStructures": 0.19259259185004315
  },
  "userAgent": "Mozilla/5.0 (Linux; Android 10; K) AppleWebKit/537.36 (KHTML, like Gecko) Chrome/145.0.0.0 Mobile Safari/537.36",
  "timestamp": "2026-04-13T20:20:59.546Z"
}