{
  "buildNumber": "276",
  "buildId": "BdYYCv-Z",
  "sessionId": "P2QeoMsYc",
  "durationSec": 37.823,
  "avgFps": 36.28726102605059,
  "minFps": 27.76340537041469,
  "maxFps": 42.24570034076106,
  "avgSectionTimingsMs": {
    "hud": 0.025156250200234355,
    "camera": 0.008906250004656613,
    "autoEngage": 0.005588120259359135,
    "syncPlayers": 0.12978889757623144,
    "syncUnits": 0.5729476155668054,
    "syncResources": 0.028459733938965785,
    "sendClientPoses": 0.09343236922472133,
    "effectsAndFog": 0.062236122128737914,
    "syncStructures": 0.19892086281622057
  },
  "userAgent": "Mozilla/5.0 (Linux; Android 10; K) AppleWebKit/537.36 (KHTML, like Gecko) Chrome/145.0.0.0 Mobile Safari/537.36",
  "timestamp": "2026-04-13T20:20:56.795Z"
}