{
  "buildNumber": "276",
  "buildId": "BdYYCv-Z",
  "sessionId": "P2QeoMsYc",
  "durationSec": 26.526,
  "avgFps": 38.295725163597034,
  "minFps": 32.55813081086227,
  "maxFps": 42.24570034076106,
  "avgSectionTimingsMs": {
    "hud": 0.02643080150299588,
    "camera": 0.007492195710183182,
    "autoEngage": 0.004945340890675892,
    "syncPlayers": 0.11499999997516473,
    "syncUnits": 0.3100000002110998,
    "syncResources": 0.02666666650523742,
    "sendClientPoses": 0.05968750007450581,
    "effectsAndFog": 0.05947916697089871,
    "syncStructures": 0.2482233498302208
  },
  "userAgent": "Mozilla/5.0 (Linux; Android 10; K) AppleWebKit/537.36 (KHTML, like Gecko) Chrome/145.0.0.0 Mobile Safari/537.36",
  "timestamp": "2026-04-13T20:20:45.499Z"
}