{
  "buildNumber": "276",
  "buildId": "BdYYCv-Z",
  "sessionId": "P2QeoMsYc",
  "durationSec": 12.658,
  "avgFps": 40.84567023967753,
  "minFps": 38.546590981765405,
  "maxFps": 42.24570034076106,
  "avgSectionTimingsMs": {
    "hud": 0.02650602437166804,
    "camera": 0.006425702966839434,
    "autoEngage": 0.004221105485705275,
    "syncPlayers": 0.1098591553373356,
    "syncUnits": 0.10040241419909225,
    "syncResources": 0.02696177021598432,
    "sendClientPoses": 0.018309859382794415,
    "effectsAndFog": 0.05754527209750124,
    "syncStructures": 0.3157894730567932
  },
  "userAgent": "Mozilla/5.0 (Linux; Android 10; K) AppleWebKit/537.36 (KHTML, like Gecko) Chrome/145.0.0.0 Mobile Safari/537.36",
  "timestamp": "2026-04-13T20:20:31.630Z"
}