{
  "buildNumber": "274",
  "buildId": "CB7E_Olw",
  "sessionId": "PJns0EXEj",
  "durationSec": 9.433,
  "avgFps": 45.47977240334851,
  "minFps": 44.13353983316393,
  "maxFps": 47.48005890965272,
  "avgSectionTimingsMs": {
    "hud": 0.017917675775708068,
    "camera": 0.006779661334455735,
    "autoEngage": 0.002666666652217056,
    "syncPlayers": 0.08179611719927742,
    "syncUnits": 0.01893203850220708,
    "syncResources": 0.020145631096895458,
    "sendClientPoses": 0.004854368859703101,
    "effectsAndFog": 0.051941747297939746,
    "syncStructures": 0.3763888892200258
  },
  "userAgent": "Mozilla/5.0 (Linux; Android 10; K) AppleWebKit/537.36 (KHTML, like Gecko) Chrome/145.0.0.0 Mobile Safari/537.36",
  "timestamp": "2026-04-13T20:10:37.918Z"
}