{
  "buildNumber": "274",
  "buildId": "CB7E_Olw",
  "sessionId": "PJns0EXEj",
  "durationSec": 35.134,
  "avgFps": 39.65560220701791,
  "minFps": 31.192882327528594,
  "maxFps": 47.48005890965272,
  "avgSectionTimingsMs": {
    "hud": 0.019610894862779848,
    "camera": 0.008015564281189025,
    "autoEngage": 0.004437524342453401,
    "syncPlayers": 0.10584112166244293,
    "syncUnits": 0.6450155765932297,
    "syncResources": 0.020716510945205747,
    "sendClientPoses": 0.10046728953394192,
    "effectsAndFog": 0.056230529423257646,
    "syncStructures": 0.21769230732550987
  },
  "userAgent": "Mozilla/5.0 (Linux; Android 10; K) AppleWebKit/537.36 (KHTML, like Gecko) Chrome/145.0.0.0 Mobile Safari/537.36",
  "timestamp": "2026-04-13T20:11:03.620Z"
}