{
  "buildNumber": "277",
  "buildId": "CMEduUks",
  "sessionId": "q0WoIYLvG",
  "durationSec": 0.961,
  "avgFps": 29.603927273204388,
  "minFps": 29.19439008306752,
  "maxFps": 30.259186777423363,
  "avgSectionTimingsMs": {
    "hud": 0.023076922847674444,
    "camera": 0.007692307233810425,
    "autoEngage": 0.011764705765481089,
    "syncPlayers": 0.12399999976158142,
    "syncUnits": 2.1320000040531157,
    "syncResources": 0.02400000214576721,
    "sendClientPoses": 0.2240000009536743,
    "effectsAndFog": 0.05599999785423279,
    "syncStructures": 0.04999999701976776
  },
  "userAgent": "Mozilla/5.0 (Linux; Android 10; K) AppleWebKit/537.36 (KHTML, like Gecko) Chrome/145.0.0.0 Mobile Safari/537.36",
  "timestamp": "2026-04-13T20:26:00.576Z"
}