{
  "buildNumber": "274",
  "buildId": "CB7E_Olw",
  "sessionId": "PJns0EXEj",
  "durationSec": 22.078,
  "avgFps": 42.808695339344176,
  "minFps": 36.37866394177931,
  "maxFps": 47.48005890965272,
  "avgSectionTimingsMs": {
    "hud": 0.01817155752171243,
    "camera": 0.007674943714593926,
    "autoEngage": 0.004065499710942446,
    "syncPlayers": 0.09378531103753775,
    "syncUnits": 0.4425988702450768,
    "syncResources": 0.02045197752909472,
    "sendClientPoses": 0.06327683602349232,
    "effectsAndFog": 0.054915253994828564,
    "syncStructures": 0.2638554213994957
  },
  "userAgent": "Mozilla/5.0 (Linux; Android 10; K) AppleWebKit/537.36 (KHTML, like Gecko) Chrome/145.0.0.0 Mobile Safari/537.36",
  "timestamp": "2026-04-13T20:10:50.563Z"
}