{
  "buildNumber": "273",
  "buildId": "BF-xNiwv",
  "sessionId": "P_6xpY7hD",
  "durationSec": 54.745,
  "avgFps": 29.150672864645195,
  "minFps": 18.005645273948964,
  "maxFps": 40.321994488695054,
  "avgSectionTimingsMs": {
    "hud": 0.026202440860882477,
    "camera": 0.00782483843959499,
    "autoEngage": 0.0052064631956912025,
    "syncPlayers": 0.08570402351090278,
    "syncUnits": 0.5576149424131231,
    "syncResources": 0.027155172293898702,
    "sendClientPoses": 0.09511494259724672,
    "effectsAndFog": 16.691522988522873,
    "syncStructures": 0.14122340447725135
  },
  "userAgent": "Mozilla/5.0 (Linux; Android 10; K) AppleWebKit/537.36 (KHTML, like Gecko) Chrome/145.0.0.0 Mobile Safari/537.36",
  "timestamp": "2026-04-13T20:02:51.636Z"
}