{
  "buildNumber": "277",
  "buildId": "CMEduUks",
  "sessionId": "q0WoIYLvG",
  "durationSec": 16.194,
  "avgFps": 38.01096581419738,
  "minFps": 36.94121099749357,
  "maxFps": 39.361938941941844,
  "avgSectionTimingsMs": {
    "hud": 0.021131447468343473,
    "camera": 0.008319467355724976,
    "autoEngage": 0.0036636138339523074,
    "syncPlayers": 0.07533333316445351,
    "syncUnits": 0.035000000447034836,
    "syncResources": 0.025666666229565937,
    "sendClientPoses": 0.005,
    "effectsAndFog": 0.04749999965230624,
    "syncStructures": 0.2256198345629637
  },
  "userAgent": "Mozilla/5.0 (Linux; Android 10; K) AppleWebKit/537.36 (KHTML, like Gecko) Chrome/145.0.0.0 Mobile Safari/537.36",
  "timestamp": "2026-04-13T20:25:21.033Z"
}