{
  "buildNumber": "273",
  "buildId": "BF-xNiwv",
  "sessionId": "P_6xpY7hD",
  "durationSec": 7.739,
  "avgFps": 36.828522450527494,
  "minFps": 33.92933053345227,
  "maxFps": 40.321994488695054,
  "avgSectionTimingsMs": {
    "hud": 0.02277992303306992,
    "camera": 0.007335907128786949,
    "autoEngage": 0.0030947776089784488,
    "syncPlayers": 0.06744186118129612,
    "syncUnits": 0.03372093007084011,
    "syncResources": 0.031007751937984496,
    "sendClientPoses": 0.0034883720006129537,
    "effectsAndFog": 9.265891472383062,
    "syncStructures": 0.005263157581028186
  },
  "userAgent": "Mozilla/5.0 (Linux; Android 10; K) AppleWebKit/537.36 (KHTML, like Gecko) Chrome/145.0.0.0 Mobile Safari/537.36",
  "timestamp": "2026-04-13T20:02:04.628Z"
}