{
  "buildNumber": "274",
  "buildId": "CB7E_Olw",
  "sessionId": "PJns0EXEj",
  "durationSec": 1.937,
  "avgFps": 46.48754859190106,
  "minFps": 45.86004418223954,
  "maxFps": 47.48005890965272,
  "avgSectionTimingsMs": {
    "hud": 0.02325581360694974,
    "camera": 0.0034883722316387086,
    "autoEngage": 0.001169590573561819,
    "syncPlayers": 0.09058823585510253,
    "syncUnits": 0.02235294089597814,
    "syncResources": 0.03058823592522565,
    "sendClientPoses": 0.0058823529411764705,
    "effectsAndFog": 0.05882352976238026,
    "syncStructures": 0
  },
  "userAgent": "Mozilla/5.0 (Linux; Android 10; K) AppleWebKit/537.36 (KHTML, like Gecko) Chrome/145.0.0.0 Mobile Safari/537.36",
  "timestamp": "2026-04-13T20:10:30.422Z"
}