{
  "buildNumber": "274",
  "buildId": "CB7E_Olw",
  "sessionId": "PJns0EXEj",
  "durationSec": 31.375,
  "avgFps": 40.4081944597414,
  "minFps": 31.192882327528594,
  "maxFps": 47.48005890965272,
  "avgSectionTimingsMs": {
    "hud": 0.019299743727269485,
    "camera": 0.007685738761235668,
    "autoEngage": 0.00431439555490796,
    "syncPlayers": 0.10230769260316833,
    "syncUnits": 0.6455555557185768,
    "syncResources": 0.020683760699043926,
    "sendClientPoses": 0.09299145287428147,
    "effectsAndFog": 0.05649572636327173,
    "syncStructures": 0.2137931034225842
  },
  "userAgent": "Mozilla/5.0 (Linux; Android 10; K) AppleWebKit/537.36 (KHTML, like Gecko) Chrome/145.0.0.0 Mobile Safari/537.36",
  "timestamp": "2026-04-13T20:10:59.860Z"
}