{
  "buildNumber": "274",
  "buildId": "CB7E_Olw",
  "sessionId": "PJns0EXEj",
  "durationSec": 15.837,
  "avgFps": 44.42482018583553,
  "minFps": 40.38775949799375,
  "maxFps": 47.48005890965272,
  "avgSectionTimingsMs": {
    "hud": 0.017293233037891244,
    "camera": 0.006616541631239698,
    "autoEngage": 0.003536493595243846,
    "syncPlayers": 0.09081325352371457,
    "syncUnits": 0.23343373502952508,
    "syncResources": 0.021536144820681537,
    "sendClientPoses": 0.03689759018191372,
    "effectsAndFog": 0.05346385506262262,
    "syncStructures": 0.33499999990065893
  },
  "userAgent": "Mozilla/5.0 (Linux; Android 10; K) AppleWebKit/537.36 (KHTML, like Gecko) Chrome/145.0.0.0 Mobile Safari/537.36",
  "timestamp": "2026-04-13T20:10:44.323Z"
}