{
  "buildNumber": "274",
  "buildId": "CB7E_Olw",
  "sessionId": "PJns0EXEj",
  "durationSec": 18.919,
  "avgFps": 43.59386022739687,
  "minFps": 37.85108603821611,
  "maxFps": 47.48005890965272,
  "avgSectionTimingsMs": {
    "hud": 0.01780645166673968,
    "camera": 0.006580645422781668,
    "autoEngage": 0.004002582322712327,
    "syncPlayers": 0.09147286881002037,
    "syncUnits": 0.355813953496073,
    "syncResources": 0.02067183481784446,
    "sendClientPoses": 0.05206718324690826,
    "effectsAndFog": 0.055038759451195865,
    "syncStructures": 0.2958041956791511
  },
  "userAgent": "Mozilla/5.0 (Linux; Android 10; K) AppleWebKit/537.36 (KHTML, like Gecko) Chrome/145.0.0.0 Mobile Safari/537.36",
  "timestamp": "2026-04-13T20:10:47.404Z"
}