{
  "buildNumber": "274",
  "buildId": "CB7E_Olw",
  "sessionId": "PJns0EXEj",
  "durationSec": 17.59,
  "avgFps": 43.962840718356766,
  "minFps": 38.46811471762148,
  "maxFps": 47.48005890965272,
  "avgSectionTimingsMs": {
    "hud": 0.018019257213259334,
    "camera": 0.006740027764476477,
    "autoEngage": 0.003922918112788295,
    "syncPlayers": 0.09118457360208528,
    "syncUnits": 0.3132231405040778,
    "syncResources": 0.020661157271093574,
    "sendClientPoses": 0.047382919790002594,
    "effectsAndFog": 0.055096418527532214,
    "syncStructures": 0.30902255634616194
  },
  "userAgent": "Mozilla/5.0 (Linux; Android 10; K) AppleWebKit/537.36 (KHTML, like Gecko) Chrome/145.0.0.0 Mobile Safari/537.36",
  "timestamp": "2026-04-13T20:10:46.075Z"
}