{
  "buildNumber": "277",
  "buildId": "CMEduUks",
  "sessionId": "q0WoIYLvG",
  "durationSec": 27.896,
  "avgFps": 37.13430843640147,
  "minFps": 30.267396097498498,
  "maxFps": 39.361938941941844,
  "avgSectionTimingsMs": {
    "hud": 0.023241590074321423,
    "camera": 0.008460754131809044,
    "autoEngage": 0.0053034167031984075,
    "syncPlayers": 0.07928571409108687,
    "syncUnits": 0.371122449332354,
    "syncResources": 0.026122448821457065,
    "sendClientPoses": 0.04520408152317514,
    "effectsAndFog": 0.04928571417623637,
    "syncStructures": 0.20622009566526092
  },
  "userAgent": "Mozilla/5.0 (Linux; Android 10; K) AppleWebKit/537.36 (KHTML, like Gecko) Chrome/145.0.0.0 Mobile Safari/537.36",
  "timestamp": "2026-04-13T20:25:32.736Z"
}