{
  "buildNumber": "276",
  "buildId": "BdYYCv-Z",
  "sessionId": "P2QeoMsYc",
  "durationSec": 25.481,
  "avgFps": 38.495545958817154,
  "minFps": 32.74417441448303,
  "maxFps": 42.24570034076106,
  "avgSectionTimingsMs": {
    "hud": 0.026831896782949054,
    "camera": 0.007112069055438042,
    "autoEngage": 0.005013477015045454,
    "syncPlayers": 0.11456310678325682,
    "syncUnits": 0.2960086301885376,
    "syncResources": 0.026321466943849896,
    "sendClientPoses": 0.057065803770622904,
    "effectsAndFog": 0.059762675592428656,
    "syncStructures": 0.25555555530326074
  },
  "userAgent": "Mozilla/5.0 (Linux; Android 10; K) AppleWebKit/537.36 (KHTML, like Gecko) Chrome/145.0.0.0 Mobile Safari/537.36",
  "timestamp": "2026-04-13T20:20:44.453Z"
}