{
  "buildNumber": "275",
  "buildId": "DlwQSAVw",
  "sessionId": "7MiGiHpAI",
  "durationSec": 5.589,
  "avgFps": 17.996674412712185,
  "minFps": 15.453768091335075,
  "maxFps": 20.130142232611743,
  "avgSectionTimingsMs": {
    "hud": 0.025423730076369593,
    "camera": 0.008474576018624386,
    "autoEngage": 0.008510638044235554,
    "syncPlayers": 0.14871794749528933,
    "syncUnits": 1.223076923790141,
    "syncStructures": 0.07999999895691871,
    "syncResources": 0.04017093981433119,
    "sendClientPoses": 0.22051282112415022,
    "effectsAndFog": 17.645299145044426
  },
  "userAgent": "Mozilla/5.0 (Linux; Android 10; K) AppleWebKit/537.36 (KHTML, like Gecko) Chrome/145.0.0.0 Mobile Safari/537.36",
  "timestamp": "2026-04-13T20:14:26.818Z"
}