{
  "buildNumber": "273",
  "buildId": "BF-xNiwv",
  "sessionId": "P_6xpY7hD",
  "durationSec": 25.142,
  "avgFps": 33.67328623607044,
  "minFps": 31.135007847593187,
  "maxFps": 40.321994488695054,
  "avgSectionTimingsMs": {
    "hud": 0.025093167724076264,
    "camera": 0.008322981277607984,
    "autoEngage": 0.0037290242201352877,
    "syncPlayers": 0.07537313461748522,
    "syncUnits": 0.03370646761721047,
    "syncResources": 0.02736318407960199,
    "sendClientPoses": 0.005597014999508264,
    "effectsAndFog": 10.077611939935245,
    "syncStructures": 0.20601092840804427
  },
  "userAgent": "Mozilla/5.0 (Linux; Android 10; K) AppleWebKit/537.36 (KHTML, like Gecko) Chrome/145.0.0.0 Mobile Safari/537.36",
  "timestamp": "2026-04-13T20:02:22.031Z"
}