{
  "buildNumber": "273",
  "buildId": "BF-xNiwv",
  "sessionId": "P_6xpY7hD",
  "durationSec": 19.573,
  "avgFps": 34.211223812539934,
  "minFps": 31.245944527628296,
  "maxFps": 40.321994488695054,
  "avgSectionTimingsMs": {
    "hud": 0.02318612004304158,
    "camera": 0.00899053621179298,
    "autoEngage": 0.0037884767025403365,
    "syncPlayers": 0.07519747276818395,
    "syncUnits": 0.03396524472447557,
    "syncResources": 0.02906793059330981,
    "sendClientPoses": 0.004265402824769464,
    "effectsAndFog": 9.893838862201425,
    "syncStructures": 0.1636363636780452
  },
  "userAgent": "Mozilla/5.0 (Linux; Android 10; K) AppleWebKit/537.36 (KHTML, like Gecko) Chrome/145.0.0.0 Mobile Safari/537.36",
  "timestamp": "2026-04-13T20:02:16.462Z"
}