{
  "buildNumber": "277",
  "buildId": "CMEduUks",
  "sessionId": "q0WoIYLvG",
  "durationSec": 6.054,
  "avgFps": 38.40866544854082,
  "minFps": 38.014368527508694,
  "maxFps": 39.361938941941844,
  "avgSectionTimingsMs": {
    "hud": 0.021681415559971228,
    "camera": 0.00663716814159292,
    "autoEngage": 0.002882483661042613,
    "syncPlayers": 0.06933333317438761,
    "syncUnits": 0.028444444603390164,
    "syncResources": 0.025333332618077596,
    "sendClientPoses": 0.002666666507720947,
    "effectsAndFog": 0.041777777009540135,
    "syncStructures": 0.17333333492279052
  },
  "userAgent": "Mozilla/5.0 (Linux; Android 10; K) AppleWebKit/537.36 (KHTML, like Gecko) Chrome/145.0.0.0 Mobile Safari/537.36",
  "timestamp": "2026-04-13T20:25:10.894Z"
}