{
  "buildNumber": "273",
  "buildId": "BF-xNiwv",
  "sessionId": "P_6xpY7hD",
  "durationSec": 4.279,
  "avgFps": 37.69726457189906,
  "minFps": 35.9435983015165,
  "maxFps": 40.321994488695054,
  "avgSectionTimingsMs": {
    "hud": 0.025503355584688636,
    "camera": 0.008053690995145964,
    "autoEngage": 0.0026936026333959817,
    "syncPlayers": 0.06554054066136077,
    "syncUnits": 0.030405405204038363,
    "syncResources": 0.03918918947110305,
    "sendClientPoses": 0.0027027025416090683,
    "effectsAndFog": 8.790540540741908,
    "syncStructures": 0.00624999962747097
  },
  "userAgent": "Mozilla/5.0 (Linux; Android 10; K) AppleWebKit/537.36 (KHTML, like Gecko) Chrome/145.0.0.0 Mobile Safari/537.36",
  "timestamp": "2026-04-13T20:02:01.169Z"
}