{
  "buildNumber": "277",
  "buildId": "CMEduUks",
  "sessionId": "q0WoIYLvG",
  "durationSec": 8.032,
  "avgFps": 28.741279045438525,
  "minFps": 28.48434442172548,
  "maxFps": 30.259186777423363,
  "avgSectionTimingsMs": {
    "hud": 0.027678571242306913,
    "camera": 0.008928571694663592,
    "autoEngage": 0.008501118528229545,
    "syncPlayers": 0.10762331905386373,
    "syncUnits": 1.3147982054227136,
    "syncResources": 0.025560539132276457,
    "sendClientPoses": 0.18340807124103667,
    "effectsAndFog": 0.04663677119353427,
    "syncStructures": 0.06249999946781567
  },
  "userAgent": "Mozilla/5.0 (Linux; Android 10; K) AppleWebKit/537.36 (KHTML, like Gecko) Chrome/145.0.0.0 Mobile Safari/537.36",
  "timestamp": "2026-04-13T20:26:07.647Z"
}