{
  "buildNumber": "277",
  "buildId": "CMEduUks",
  "sessionId": "q0WoIYLvG",
  "durationSec": 2.931,
  "avgFps": 38.514780081611,
  "minFps": 38.293317991131715,
  "maxFps": 39.361938941941844,
  "avgSectionTimingsMs": {
    "hud": 0.020183485582334185,
    "camera": 0.007339449377234923,
    "autoEngage": 0.0036866364116492907,
    "syncPlayers": 0.07592592553959952,
    "syncUnits": 0.025925926312252327,
    "syncResources": 0.02499999933772617,
    "sendClientPoses": 0.00277777761220932,
    "effectsAndFog": 0.038888888226615057,
    "syncStructures": 0.009090909903699701
  },
  "userAgent": "Mozilla/5.0 (Linux; Android 10; K) AppleWebKit/537.36 (KHTML, like Gecko) Chrome/145.0.0.0 Mobile Safari/537.36",
  "timestamp": "2026-04-13T20:25:07.770Z"
}