{
  "buildNumber": "277",
  "buildId": "CMEduUks",
  "sessionId": "q0WoIYLvG",
  "durationSec": 23.421,
  "avgFps": 37.78889609471671,
  "minFps": 35.221455159829034,
  "maxFps": 39.361938941941844,
  "avgSectionTimingsMs": {
    "hud": 0.023185011549074142,
    "camera": 0.007845433101721056,
    "autoEngage": 0.004628002468996322,
    "syncPlayers": 0.07737397427855175,
    "syncUnits": 0.18581477160470566,
    "syncResources": 0.025908557743987055,
    "sendClientPoses": 0.0279015238721094,
    "effectsAndFog": 0.049120750090441416,
    "syncStructures": 0.23181818188591438
  },
  "userAgent": "Mozilla/5.0 (Linux; Android 10; K) AppleWebKit/537.36 (KHTML, like Gecko) Chrome/145.0.0.0 Mobile Safari/537.36",
  "timestamp": "2026-04-13T20:25:28.260Z"
}