{
  "buildNumber": "276",
  "buildId": "BdYYCv-Z",
  "sessionId": "P2QeoMsYc",
  "durationSec": 25.573,
  "avgFps": 38.477013075215645,
  "minFps": 32.74417441448303,
  "maxFps": 42.24570034076106,
  "avgSectionTimingsMs": {
    "hud": 0.02685284665780728,
    "camera": 0.007196562918889407,
    "autoEngage": 0.004997313198769112,
    "syncPlayers": 0.11419354837427857,
    "syncUnits": 0.29720430130599645,
    "syncResources": 0.026344085861277837,
    "sendClientPoses": 0.0574193549412553,
    "effectsAndFog": 0.05967741964324828,
    "syncStructures": 0.25421052606482253
  },
  "userAgent": "Mozilla/5.0 (Linux; Android 10; K) AppleWebKit/537.36 (KHTML, like Gecko) Chrome/145.0.0.0 Mobile Safari/537.36",
  "timestamp": "2026-04-13T20:20:44.545Z"
}