{
  "buildNumber": "273",
  "buildId": "BF-xNiwv",
  "sessionId": "P_6xpY7hD",
  "durationSec": 31.22,
  "avgFps": 33.11981888967182,
  "minFps": 26.952226102692325,
  "maxFps": 40.321994488695054,
  "avgSectionTimingsMs": {
    "hud": 0.0266389177257387,
    "camera": 0.008116545122694399,
    "autoEngage": 0.004424778761061947,
    "syncPlayers": 0.07687500044703484,
    "syncUnits": 0.15812500019868214,
    "syncResources": 0.0277083333581686,
    "sendClientPoses": 0.020729166610787313,
    "effectsAndFog": 10.881145832998056,
    "syncStructures": 0.18903508743173197
  },
  "userAgent": "Mozilla/5.0 (Linux; Android 10; K) AppleWebKit/537.36 (KHTML, like Gecko) Chrome/145.0.0.0 Mobile Safari/537.36",
  "timestamp": "2026-04-13T20:02:28.109Z"
}