{
  "buildNumber": "274",
  "buildId": "CB7E_Olw",
  "sessionId": "PJns0EXEj",
  "durationSec": 16.904,
  "avgFps": 44.15042738125533,
  "minFps": 39.29081962349531,
  "maxFps": 47.48005890965272,
  "avgSectionTimingsMs": {
    "hud": 0.018065433795557254,
    "camera": 0.0068278807834066335,
    "autoEngage": 0.0037722420225788267,
    "syncPlayers": 0.09116809176243948,
    "syncUnits": 0.2824786324531604,
    "syncResources": 0.020797721043950813,
    "sendClientPoses": 0.0438746435944511,
    "effectsAndFog": 0.05413105396124033,
    "syncStructures": 0.31875000009313226
  },
  "userAgent": "Mozilla/5.0 (Linux; Android 10; K) AppleWebKit/537.36 (KHTML, like Gecko) Chrome/145.0.0.0 Mobile Safari/537.36",
  "timestamp": "2026-04-13T20:10:45.390Z"
}