{
  "buildNumber": "277",
  "buildId": "CMEduUks",
  "sessionId": "q0WoIYLvG",
  "durationSec": 21.224,
  "avgFps": 37.958313797184296,
  "minFps": 36.94121099749357,
  "maxFps": 39.361938941941844,
  "avgSectionTimingsMs": {
    "hud": 0.022831632470598027,
    "camera": 0.0075255100216184345,
    "autoEngage": 0.004275686168792374,
    "syncPlayers": 0.07624521078886809,
    "syncUnits": 0.10804597738449906,
    "syncResources": 0.024776500379749947,
    "sendClientPoses": 0.017113665244892943,
    "effectsAndFog": 0.049297573123398414,
    "syncStructures": 0.24276729574743308
  },
  "userAgent": "Mozilla/5.0 (Linux; Android 10; K) AppleWebKit/537.36 (KHTML, like Gecko) Chrome/145.0.0.0 Mobile Safari/537.36",
  "timestamp": "2026-04-13T20:25:26.063Z"
}