{
  "buildNumber": "274",
  "buildId": "CB7E_Olw",
  "sessionId": "PJns0EXEj",
  "durationSec": 6.396,
  "avgFps": 45.93155948021322,
  "minFps": 44.792959703402545,
  "maxFps": 47.48005890965272,
  "avgSectionTimingsMs": {
    "hud": 0.019081272316484484,
    "camera": 0.005300353567507579,
    "autoEngage": 0.0023008849241037284,
    "syncPlayers": 0.08297872448221166,
    "syncUnits": 0.020212765598128027,
    "syncResources": 0.024113475113895767,
    "sendClientPoses": 0.005673758844111828,
    "effectsAndFog": 0.052836879031032534,
    "syncStructures": 0.2530612240032274
  },
  "userAgent": "Mozilla/5.0 (Linux; Android 10; K) AppleWebKit/537.36 (KHTML, like Gecko) Chrome/145.0.0.0 Mobile Safari/537.36",
  "timestamp": "2026-04-13T20:10:34.881Z"
}