{
  "buildNumber": "275",
  "buildId": "DlwQSAVw",
  "sessionId": "7MiGiHpAI",
  "durationSec": 15.418,
  "avgFps": 20.484284438891063,
  "minFps": 15.453768091335075,
  "maxFps": 22.854172486012928,
  "avgSectionTimingsMs": {
    "hud": 0.01622418923012275,
    "camera": 0.010619468745228814,
    "autoEngage": 0.006351550977726631,
    "syncPlayers": 0.12514792911752443,
    "syncUnits": 0.899999999964731,
    "syncStructures": 0.07787610656392258,
    "syncResources": 0.029881656522581564,
    "sendClientPoses": 0.18550295854461263,
    "effectsAndFog": 16.650295858640643
  },
  "userAgent": "Mozilla/5.0 (Linux; Android 10; K) AppleWebKit/537.36 (KHTML, like Gecko) Chrome/145.0.0.0 Mobile Safari/537.36",
  "timestamp": "2026-04-13T20:14:36.646Z"
}