{
  "buildNumber": "277",
  "buildId": "CMEduUks",
  "sessionId": "q0WoIYLvG",
  "durationSec": 39.483,
  "avgFps": 34.950814378832646,
  "minFps": 26.510727529094936,
  "maxFps": 39.361938941941844,
  "avgSectionTimingsMs": {
    "hud": 0.022360248271352755,
    "camera": 0.009704968828407134,
    "autoEngage": 0.006252427228446145,
    "syncPlayers": 0.08694638662682824,
    "syncUnits": 0.7592851594379917,
    "syncResources": 0.026340326159706204,
    "sendClientPoses": 0.07979797969609152,
    "effectsAndFog": 0.04965034970129379,
    "syncStructures": 0.1651724143274899
  },
  "userAgent": "Mozilla/5.0 (Linux; Android 10; K) AppleWebKit/537.36 (KHTML, like Gecko) Chrome/145.0.0.0 Mobile Safari/537.36",
  "timestamp": "2026-04-13T20:25:44.323Z"
}