{
  "buildNumber": "277",
  "buildId": "CMEduUks",
  "sessionId": "q0WoIYLvG",
  "durationSec": 12.089,
  "avgFps": 38.28211428444565,
  "minFps": 37.45324088294771,
  "maxFps": 39.361938941941844,
  "avgSectionTimingsMs": {
    "hud": 0.020489977701735124,
    "camera": 0.008463251431429042,
    "autoEngage": 0.0035674472317647776,
    "syncPlayers": 0.07544642846499171,
    "syncUnits": 0.03348214318975806,
    "syncResources": 0.02834821359387466,
    "sendClientPoses": 0.004464285714285714,
    "effectsAndFog": 0.05200892826542258,
    "syncStructures": 0.19890109916309734
  },
  "userAgent": "Mozilla/5.0 (Linux; Android 10; K) AppleWebKit/537.36 (KHTML, like Gecko) Chrome/145.0.0.0 Mobile Safari/537.36",
  "timestamp": "2026-04-13T20:25:16.928Z"
}