{
  "buildNumber": "277",
  "buildId": "CMEduUks",
  "sessionId": "q0WoIYLvG",
  "durationSec": 15.962,
  "avgFps": 38.023204865033,
  "minFps": 36.94121099749357,
  "maxFps": 39.361938941941844,
  "avgSectionTimingsMs": {
    "hud": 0.020777026845796687,
    "camera": 0.008445945744578904,
    "autoEngage": 0.003550295999064248,
    "syncPlayers": 0.07563451759504586,
    "syncUnits": 0.03468697168903706,
    "syncResources": 0.02588832443942475,
    "sendClientPoses": 0.005076142131979695,
    "effectsAndFog": 0.0475465309398025,
    "syncStructures": 0.22941176455561854
  },
  "userAgent": "Mozilla/5.0 (Linux; Android 10; K) AppleWebKit/537.36 (KHTML, like Gecko) Chrome/145.0.0.0 Mobile Safari/537.36",
  "timestamp": "2026-04-13T20:25:20.802Z"
}