{
  "buildNumber": "276",
  "buildId": "BdYYCv-Z",
  "sessionId": "P2QeoMsYc",
  "durationSec": 27.335,
  "avgFps": 38.14787825179712,
  "minFps": 32.168598108146696,
  "maxFps": 42.24570034076106,
  "avgSectionTimingsMs": {
    "hud": 0.026369168568576327,
    "camera": 0.007403651188159811,
    "autoEngage": 0.0049720952983800075,
    "syncPlayers": 0.11502538066225003,
    "syncUnits": 0.3219289342764065,
    "syncResources": 0.026497461741345787,
    "sendClientPoses": 0.06162436553064336,
    "effectsAndFog": 0.0591878175432912,
    "syncStructures": 0.24285714232862876
  },
  "userAgent": "Mozilla/5.0 (Linux; Android 10; K) AppleWebKit/537.36 (KHTML, like Gecko) Chrome/145.0.0.0 Mobile Safari/537.36",
  "timestamp": "2026-04-13T20:20:46.309Z"
}