{
  "buildNumber": "277",
  "buildId": "CMEduUks",
  "sessionId": "q0WoIYLvG",
  "durationSec": 0.514,
  "avgFps": 39.06529727059404,
  "minFps": 38.52145420645638,
  "maxFps": 39.361938941941844,
  "avgSectionTimingsMs": {
    "hud": 0.029411762952804565,
    "camera": 0.005882352590560913,
    "autoEngage": 0.003030303752783573,
    "syncPlayers": 0.0937499962747097,
    "syncUnits": 0.02500000223517418,
    "syncResources": 0.00624999962747097,
    "sendClientPoses": 0,
    "effectsAndFog": 0.09374999813735485,
    "syncStructures": 0.0333333412806193
  },
  "userAgent": "Mozilla/5.0 (Linux; Android 10; K) AppleWebKit/537.36 (KHTML, like Gecko) Chrome/145.0.0.0 Mobile Safari/537.36",
  "timestamp": "2026-04-13T20:25:05.353Z"
}