{
  "buildNumber": "277",
  "buildId": "CMEduUks",
  "sessionId": "q0WoIYLvG",
  "durationSec": 2.596,
  "avgFps": 38.54476973969676,
  "minFps": 38.293317991131715,
  "maxFps": 39.361938941941844,
  "avgSectionTimingsMs": {
    "hud": 0.020833332712451618,
    "camera": 0.006249999937911828,
    "autoEngage": 0.004188482205905215,
    "syncPlayers": 0.0768421044475154,
    "syncUnits": 0.02631578978739287,
    "syncResources": 0.02526315733006126,
    "sendClientPoses": 0.003157894548616911,
    "effectsAndFog": 0.037894736465654874,
    "syncStructures": 0.005263159149571469
  },
  "userAgent": "Mozilla/5.0 (Linux; Android 10; K) AppleWebKit/537.36 (KHTML, like Gecko) Chrome/145.0.0.0 Mobile Safari/537.36",
  "timestamp": "2026-04-13T20:25:07.435Z"
}