{
  "buildNumber": "275",
  "buildId": "DlwQSAVw",
  "sessionId": "7MiGiHpAI",
  "durationSec": 16.129,
  "avgFps": 20.582290507311455,
  "minFps": 15.453768091335075,
  "maxFps": 22.854172486012928,
  "avgSectionTimingsMs": {
    "hud": 0.01666666702025354,
    "camera": 0.010169491256024205,
    "autoEngage": 0.006223479499236866,
    "syncPlayers": 0.12464589243570064,
    "syncUnits": 0.8951841358929112,
    "syncStructures": 0.07796610184645249,
    "syncResources": 0.02974504223964032,
    "sendClientPoses": 0.18611898022062717,
    "effectsAndFog": 16.59575070884005
  },
  "userAgent": "Mozilla/5.0 (Linux; Android 10; K) AppleWebKit/537.36 (KHTML, like Gecko) Chrome/145.0.0.0 Mobile Safari/537.36",
  "timestamp": "2026-04-13T20:14:37.357Z"
}