{
  "buildNumber": "273",
  "buildId": "BF-xNiwv",
  "sessionId": "P_6xpY7hD",
  "durationSec": 16.734,
  "avgFps": 34.606620318705396,
  "minFps": 31.992790271339192,
  "maxFps": 40.321994488695054,
  "avgSectionTimingsMs": {
    "hud": 0.022710622830705327,
    "camera": 0.008791208758458987,
    "autoEngage": 0.0040329972556924516,
    "syncPlayers": 0.07339449568625984,
    "syncUnits": 0.03376146779147857,
    "syncResources": 0.027706422062095153,
    "sendClientPoses": 0.004587155908619592,
    "effectsAndFog": 9.772844036511325,
    "syncStructures": 0.17459016378785744
  },
  "userAgent": "Mozilla/5.0 (Linux; Android 10; K) AppleWebKit/537.36 (KHTML, like Gecko) Chrome/145.0.0.0 Mobile Safari/537.36",
  "timestamp": "2026-04-13T20:02:13.623Z"
}