{
  "buildNumber": "273",
  "buildId": "BF-xNiwv",
  "sessionId": "P_6xpY7hD",
  "durationSec": 15.564,
  "avgFps": 34.790417169437426,
  "minFps": 32.098293815714115,
  "maxFps": 40.321994488695054,
  "avgSectionTimingsMs": {
    "hud": 0.022440945069620927,
    "camera": 0.008464566835268276,
    "autoEngage": 0.0038423645672539773,
    "syncPlayers": 0.07159763339473416,
    "syncUnits": 0.03353057193332875,
    "syncResources": 0.026035502935067203,
    "sendClientPoses": 0.004733727763625527,
    "effectsAndFog": 9.819329388630695,
    "syncStructures": 0.17719298209014692
  },
  "userAgent": "Mozilla/5.0 (Linux; Android 10; K) AppleWebKit/537.36 (KHTML, like Gecko) Chrome/145.0.0.0 Mobile Safari/537.36",
  "timestamp": "2026-04-13T20:02:12.454Z"
}