{
  "buildNumber": "274",
  "buildId": "CB7E_Olw",
  "sessionId": "PJns0EXEj",
  "durationSec": 0.738,
  "avgFps": 47.48005890965275,
  "minFps": 47.48005890965272,
  "maxFps": 47.48005890965272,
  "avgSectionTimingsMs": {
    "hud": 0.024137929595749955,
    "camera": 0.0034482756565357075,
    "autoEngage": 0,
    "syncPlayers": 0.11785714328289032,
    "syncUnits": 0.014285714498588018,
    "syncResources": 0.04285714136702674,
    "sendClientPoses": 0,
    "effectsAndFog": 0.08571428486279078,
    "syncStructures": 0
  },
  "userAgent": "Mozilla/5.0 (Linux; Android 10; K) AppleWebKit/537.36 (KHTML, like Gecko) Chrome/145.0.0.0 Mobile Safari/537.36",
  "timestamp": "2026-04-13T20:10:29.223Z"
}