{
  "buildNumber": "276",
  "buildId": "BdYYCv-Z",
  "sessionId": "P2QeoMsYc",
  "durationSec": 19.426,
  "avgFps": 39.56419671155205,
  "minFps": 35.87673306134771,
  "maxFps": 42.24570034076106,
  "avgSectionTimingsMs": {
    "hud": 0.026802721477690198,
    "camera": 0.006530612342211665,
    "autoEngage": 0.004765146276916753,
    "syncPlayers": 0.11021798382175715,
    "syncUnits": 0.19645776557012865,
    "syncResources": 0.027384195933549866,
    "sendClientPoses": 0.034332425173686704,
    "effectsAndFog": 0.059264305664343146,
    "syncStructures": 0.2958333332919412
  },
  "userAgent": "Mozilla/5.0 (Linux; Android 10; K) AppleWebKit/537.36 (KHTML, like Gecko) Chrome/145.0.0.0 Mobile Safari/537.36",
  "timestamp": "2026-04-13T20:20:38.399Z"
}