{
  "buildNumber": "275",
  "buildId": "DlwQSAVw",
  "sessionId": "7MiGiHpAI",
  "durationSec": 10.284,
  "avgFps": 19.41906896203125,
  "minFps": 15.453768091335075,
  "maxFps": 21.941039611840484,
  "avgSectionTimingsMs": {
    "hud": 0.02008928664560829,
    "camera": 0.009821428252117974,
    "autoEngage": 0.007158836595697425,
    "syncPlayers": 0.13452914771477736,
    "syncUnits": 1.0058295967332986,
    "syncStructures": 0.08399999896685283,
    "syncResources": 0.03228699532859529,
    "sendClientPoses": 0.19461883424108872,
    "effectsAndFog": 16.87802690561577
  },
  "userAgent": "Mozilla/5.0 (Linux; Android 10; K) AppleWebKit/537.36 (KHTML, like Gecko) Chrome/145.0.0.0 Mobile Safari/537.36",
  "timestamp": "2026-04-13T20:14:31.512Z"
}