{
  "buildNumber": "277",
  "buildId": "CMEduUks",
  "sessionId": "q0WoIYLvG",
  "durationSec": 39.774,
  "avgFps": 34.90428024214302,
  "minFps": 26.510727529094936,
  "maxFps": 39.361938941941844,
  "avgSectionTimingsMs": {
    "hud": 0.02237654302591159,
    "camera": 0.009722222102645003,
    "autoEngage": 0.006252412237471386,
    "syncPlayers": 0.0871814668408692,
    "syncUnits": 0.7616988419105648,
    "syncResources": 0.026409266215954047,
    "sendClientPoses": 0.08054054045769239,
    "effectsAndFog": 0.049806949829963185,
    "syncStructures": 0.1650684937222363
  },
  "userAgent": "Mozilla/5.0 (Linux; Android 10; K) AppleWebKit/537.36 (KHTML, like Gecko) Chrome/145.0.0.0 Mobile Safari/537.36",
  "timestamp": "2026-04-13T20:25:44.613Z"
}