{
  "buildNumber": "273",
  "buildId": "BF-xNiwv",
  "sessionId": "P_6xpY7hD",
  "durationSec": 17.025,
  "avgFps": 34.56887548047628,
  "minFps": 31.992790271339192,
  "maxFps": 40.321994488695054,
  "avgSectionTimingsMs": {
    "hud": 0.022382671598492977,
    "camera": 0.008664259895520951,
    "autoEngage": 0.003974706419115144,
    "syncPlayers": 0.07341772177766935,
    "syncUnits": 0.033996383277244635,
    "syncResources": 0.02784810138438537,
    "sendClientPoses": 0.004520795606144082,
    "effectsAndFog": 9.837793851469998,
    "syncStructures": 0.1741935483390285
  },
  "userAgent": "Mozilla/5.0 (Linux; Android 10; K) AppleWebKit/537.36 (KHTML, like Gecko) Chrome/145.0.0.0 Mobile Safari/537.36",
  "timestamp": "2026-04-13T20:02:13.914Z"
}