{
  "buildNumber": "277",
  "buildId": "CMEduUks",
  "sessionId": "q0WoIYLvG",
  "durationSec": 4.703,
  "avgFps": 28.84402059480445,
  "minFps": 28.48434442172548,
  "maxFps": 30.259186777423363,
  "avgSectionTimingsMs": {
    "hud": 0.025384615247066204,
    "camera": 0.01076923104432913,
    "autoEngage": 0.009652509537442771,
    "syncPlayers": 0.10930232576621596,
    "syncUnits": 1.5434108528979988,
    "syncResources": 0.023255815339642903,
    "sendClientPoses": 0.18914728686791057,
    "effectsAndFog": 0.049612403146980344,
    "syncStructures": 0.07187499850988388
  },
  "userAgent": "Mozilla/5.0 (Linux; Android 10; K) AppleWebKit/537.36 (KHTML, like Gecko) Chrome/145.0.0.0 Mobile Safari/537.36",
  "timestamp": "2026-04-13T20:26:04.318Z"
}