{
  "buildNumber": "273",
  "buildId": "BF-xNiwv",
  "sessionId": "P_6xpY7hD",
  "durationSec": 6.4,
  "avgFps": 37.154745826475065,
  "minFps": 35.905774044603035,
  "maxFps": 40.321994488695054,
  "avgSectionTimingsMs": {
    "hud": 0.02376681646424024,
    "camera": 0.00717488773200544,
    "autoEngage": 0.0024719100319937374,
    "syncPlayers": 0.06351351402364336,
    "syncUnits": 0.03333333349442697,
    "syncResources": 0.032432432378734555,
    "sendClientPoses": 0.003153153099455275,
    "effectsAndFog": 8.759009008606276,
    "syncStructures": 0.0063829783429490755
  },
  "userAgent": "Mozilla/5.0 (Linux; Android 10; K) AppleWebKit/537.36 (KHTML, like Gecko) Chrome/145.0.0.0 Mobile Safari/537.36",
  "timestamp": "2026-04-13T20:02:03.289Z"
}