{
  "buildNumber": "273",
  "buildId": "BF-xNiwv",
  "sessionId": "P_6xpY7hD",
  "durationSec": 54.364,
  "avgFps": 29.205705384388533,
  "minFps": 18.005645273948964,
  "maxFps": 40.321994488695054,
  "avgSectionTimingsMs": {
    "hud": 0.026190476285086736,
    "camera": 0.00786435782565355,
    "autoEngage": 0.005232767953807289,
    "syncPlayers": 0.08563176948671307,
    "syncUnits": 0.5555956677409286,
    "syncResources": 0.027148014328540016,
    "sendClientPoses": 0.09422382680087313,
    "effectsAndFog": 16.61985559566787,
    "syncStructures": 0.14182305647604587
  },
  "userAgent": "Mozilla/5.0 (Linux; Android 10; K) AppleWebKit/537.36 (KHTML, like Gecko) Chrome/145.0.0.0 Mobile Safari/537.36",
  "timestamp": "2026-04-13T20:02:51.254Z"
}