{
  "buildNumber": "277",
  "buildId": "CMEduUks",
  "sessionId": "q0WoIYLvG",
  "durationSec": 33.585,
  "avgFps": 36.05134786938396,
  "minFps": 27.4042746598556,
  "maxFps": 39.361938941941844,
  "avgSectionTimingsMs": {
    "hud": 0.022526501529840193,
    "camera": 0.00945229667762143,
    "autoEngage": 0.006009721684866756,
    "syncPlayers": 0.08461538436769069,
    "syncUnits": 0.6075154733172989,
    "syncResources": 0.02590627748285322,
    "sendClientPoses": 0.06445623326891824,
    "effectsAndFog": 0.049867373957874286,
    "syncStructures": 0.1807228919253292
  },
  "userAgent": "Mozilla/5.0 (Linux; Android 10; K) AppleWebKit/537.36 (KHTML, like Gecko) Chrome/145.0.0.0 Mobile Safari/537.36",
  "timestamp": "2026-04-13T20:25:38.424Z"
}