{
  "buildNumber": "276",
  "buildId": "BdYYCv-Z",
  "sessionId": "P2QeoMsYc",
  "durationSec": 50.884,
  "avgFps": 34.210121360750215,
  "minFps": 23.512293066686027,
  "maxFps": 42.24570034076106,
  "avgSectionTimingsMs": {
    "hud": 0.02636878559092743,
    "camera": 0.010195091226102421,
    "autoEngage": 0.006263770761075618,
    "syncPlayers": 0.1446473552125227,
    "syncUnits": 0.7573677584228647,
    "syncResources": 0.029408060370824798,
    "sendClientPoses": 0.12153652391070383,
    "effectsAndFog": 0.06265743089938344,
    "syncStructures": 0.22005347556927624
  },
  "userAgent": "Mozilla/5.0 (Linux; Android 10; K) AppleWebKit/537.36 (KHTML, like Gecko) Chrome/145.0.0.0 Mobile Safari/537.36",
  "timestamp": "2026-04-13T20:21:09.857Z"
}