{
  "buildNumber": "274",
  "buildId": "CB7E_Olw",
  "sessionId": "PJns0EXEj",
  "durationSec": 27.244,
  "avgFps": 41.49396669690296,
  "minFps": 31.92384310337146,
  "maxFps": 47.48005890965272,
  "avgSectionTimingsMs": {
    "hud": 0.01861804211780343,
    "camera": 0.00806142043701289,
    "autoEngage": 0.004464714345712245,
    "syncPlayers": 0.10067243068179296,
    "syncUnits": 0.591546590000706,
    "syncResources": 0.02017291069145276,
    "sendClientPoses": 0.08280499509958895,
    "effectsAndFog": 0.05600384227022543,
    "syncStructures": 0.23676470579469905
  },
  "userAgent": "Mozilla/5.0 (Linux; Android 10; K) AppleWebKit/537.36 (KHTML, like Gecko) Chrome/145.0.0.0 Mobile Safari/537.36",
  "timestamp": "2026-04-13T20:10:55.730Z"
}