{
  "buildNumber": "273",
  "buildId": "BF-xNiwv",
  "sessionId": "P_6xpY7hD",
  "durationSec": 20.942,
  "avgFps": 34.08620559882011,
  "minFps": 31.245944527628296,
  "maxFps": 40.321994488695054,
  "avgSectionTimingsMs": {
    "hud": 0.02332838050146514,
    "camera": 0.008766716116427667,
    "autoEngage": 0.0038661709948543278,
    "syncPlayers": 0.07514880996729646,
    "syncUnits": 0.033184523694217205,
    "syncResources": 0.029761904806253455,
    "sendClientPoses": 0.005357142892621812,
    "effectsAndFog": 10.016815475942124,
    "syncStructures": 0.1568627449032528
  },
  "userAgent": "Mozilla/5.0 (Linux; Android 10; K) AppleWebKit/537.36 (KHTML, like Gecko) Chrome/145.0.0.0 Mobile Safari/537.36",
  "timestamp": "2026-04-13T20:02:17.831Z"
}