{
  "buildNumber": "276",
  "buildId": "BdYYCv-Z",
  "sessionId": "P2QeoMsYc",
  "durationSec": 22.732,
  "avgFps": 39.01435001928689,
  "minFps": 34.54174676025607,
  "maxFps": 42.24570034076106,
  "avgSectionTimingsMs": {
    "hud": 0.027078385130809776,
    "camera": 0.006650831488419032,
    "autoEngage": 0.004931669556095851,
    "syncPlayers": 0.11272294902631418,
    "syncUnits": 0.2498216410383458,
    "syncResources": 0.02687277032702488,
    "sendClientPoses": 0.04720570761865441,
    "effectsAndFog": 0.05957193848069017,
    "syncStructures": 0.27559523798880126
  },
  "userAgent": "Mozilla/5.0 (Linux; Android 10; K) AppleWebKit/537.36 (KHTML, like Gecko) Chrome/145.0.0.0 Mobile Safari/537.36",
  "timestamp": "2026-04-13T20:20:41.704Z"
}