{
  "buildNumber": "274",
  "buildId": "CB7E_Olw",
  "sessionId": "PJns0EXEj",
  "durationSec": 9.59,
  "avgFps": 45.46094544454057,
  "minFps": 44.13353983316393,
  "maxFps": 47.48005890965272,
  "avgSectionTimingsMs": {
    "hud": 0.0178571431409745,
    "camera": 0.006666666978881472,
    "autoEngage": 0.0026221692348975816,
    "syncPlayers": 0.08233890293037123,
    "syncUnits": 0.018854414933052153,
    "syncResources": 0.019809069240861406,
    "sendClientPoses": 0.004773269618610209,
    "effectsAndFog": 0.052267302832341704,
    "syncStructures": 0.372602739970978
  },
  "userAgent": "Mozilla/5.0 (Linux; Android 10; K) AppleWebKit/537.36 (KHTML, like Gecko) Chrome/145.0.0.0 Mobile Safari/537.36",
  "timestamp": "2026-04-13T20:10:38.075Z"
}