{
  "buildNumber": "274",
  "buildId": "CB7E_Olw",
  "sessionId": "PJns0EXEj",
  "durationSec": 21.716,
  "avgFps": 42.88881477292019,
  "minFps": 37.171551922372416,
  "maxFps": 47.48005890965272,
  "avgSectionTimingsMs": {
    "hud": 0.018421052590660427,
    "camera": 0.007322654605457384,
    "autoEngage": 0.004121350880411603,
    "syncPlayers": 0.09347079071255757,
    "syncUnits": 0.4317296679896587,
    "syncResources": 0.020618556837582232,
    "sendClientPoses": 0.06219931255774263,
    "effectsAndFog": 0.05475372260378808,
    "syncStructures": 0.2674846623572835
  },
  "userAgent": "Mozilla/5.0 (Linux; Android 10; K) AppleWebKit/537.36 (KHTML, like Gecko) Chrome/145.0.0.0 Mobile Safari/537.36",
  "timestamp": "2026-04-13T20:10:50.201Z"
}