{
  "buildNumber": "273",
  "buildId": "BF-xNiwv",
  "sessionId": "P_6xpY7hD",
  "durationSec": 50.102,
  "avgFps": 29.854166521093084,
  "minFps": 18.013381390101245,
  "maxFps": 40.321994488695054,
  "avgSectionTimingsMs": {
    "hud": 0.02648854970022012,
    "camera": 0.008091603003385413,
    "autoEngage": 0.005192821708149744,
    "syncPlayers": 0.08395721975676972,
    "syncUnits": 0.5148968677469753,
    "syncResources": 0.02796027490070888,
    "sendClientPoses": 0.08189457600311617,
    "effectsAndFog": 15.73430099316095,
    "syncStructures": 0.147988506004043
  },
  "userAgent": "Mozilla/5.0 (Linux; Android 10; K) AppleWebKit/537.36 (KHTML, like Gecko) Chrome/145.0.0.0 Mobile Safari/537.36",
  "timestamp": "2026-04-13T20:02:46.991Z"
}