{
  "buildNumber": "273",
  "buildId": "BF-xNiwv",
  "sessionId": "P_6xpY7hD",
  "durationSec": 10.953,
  "avgFps": 35.69111265023837,
  "minFps": 32.298311318800174,
  "maxFps": 40.321994488695054,
  "avgSectionTimingsMs": {
    "hud": 0.02194444446100129,
    "camera": 0.007222222040096918,
    "autoEngage": 0.004450625935582359,
    "syncPlayers": 0.06880222896015412,
    "syncUnits": 0.03370473519341195,
    "syncResources": 0.02841225640023319,
    "sendClientPoses": 0.003342618351195184,
    "effectsAndFog": 9.75431754836465,
    "syncStructures": 0.13124999925494193
  },
  "userAgent": "Mozilla/5.0 (Linux; Android 10; K) AppleWebKit/537.36 (KHTML, like Gecko) Chrome/145.0.0.0 Mobile Safari/537.36",
  "timestamp": "2026-04-13T20:02:07.842Z"
}