{
  "buildNumber": "276",
  "buildId": "BdYYCv-Z",
  "sessionId": "P2QeoMsYc",
  "durationSec": 18.362,
  "avgFps": 39.733524901256914,
  "minFps": 36.502310748463614,
  "maxFps": 42.24570034076106,
  "avgSectionTimingsMs": {
    "hud": 0.027038627044325733,
    "camera": 0.006008583801839826,
    "autoEngage": 0.004795991337632143,
    "syncPlayers": 0.11031518641720528,
    "syncUnits": 0.19240687659442596,
    "syncResources": 0.027363896626114503,
    "sendClientPoses": 0.034383954240121264,
    "effectsAndFog": 0.05916905484261007,
    "syncStructures": 0.2926470589111833
  },
  "userAgent": "Mozilla/5.0 (Linux; Android 10; K) AppleWebKit/537.36 (KHTML, like Gecko) Chrome/145.0.0.0 Mobile Safari/537.36",
  "timestamp": "2026-04-13T20:20:37.335Z"
}