{
  "buildNumber": "276",
  "buildId": "BdYYCv-Z",
  "sessionId": "P2QeoMsYc",
  "durationSec": 23.797,
  "avgFps": 38.82441850152752,
  "minFps": 33.65631007019205,
  "maxFps": 42.24570034076106,
  "avgSectionTimingsMs": {
    "hud": 0.02708571457862854,
    "camera": 0.006742857251848493,
    "autoEngage": 0.004974270937032465,
    "syncPlayers": 0.11292906180535628,
    "syncUnits": 0.2713958811637193,
    "syncResources": 0.026315789303190375,
    "sendClientPoses": 0.051601830793190875,
    "effectsAndFog": 0.05983981725416685,
    "syncStructures": 0.26761363649910147
  },
  "userAgent": "Mozilla/5.0 (Linux; Android 10; K) AppleWebKit/537.36 (KHTML, like Gecko) Chrome/145.0.0.0 Mobile Safari/537.36",
  "timestamp": "2026-04-13T20:20:42.770Z"
}