{
  "buildNumber": "276",
  "buildId": "BdYYCv-Z",
  "sessionId": "P2QeoMsYc",
  "durationSec": 22.599,
  "avgFps": 39.03569896085745,
  "minFps": 34.54174676025607,
  "maxFps": 42.24570034076106,
  "avgSectionTimingsMs": {
    "hud": 0.026730310589715235,
    "camera": 0.006682577700774254,
    "autoEngage": 0.0048955223097730035,
    "syncPlayers": 0.11218638000664888,
    "syncUnits": 0.24635603358098968,
    "syncResources": 0.027001194557978402,
    "sendClientPoses": 0.04683393079747436,
    "effectsAndFog": 0.05949820822000219,
    "syncStructures": 0.27664670651544354
  },
  "userAgent": "Mozilla/5.0 (Linux; Android 10; K) AppleWebKit/537.36 (KHTML, like Gecko) Chrome/145.0.0.0 Mobile Safari/537.36",
  "timestamp": "2026-04-13T20:20:41.571Z"
}