{
  "buildNumber": "276",
  "buildId": "BdYYCv-Z",
  "sessionId": "P2QeoMsYc",
  "durationSec": 27.659,
  "avgFps": 38.087845318627934,
  "minFps": 32.168598108146696,
  "maxFps": 42.24570034076106,
  "avgSectionTimingsMs": {
    "hud": 0.026204819480578106,
    "camera": 0.00732931734088913,
    "autoEngage": 0.00492214958970718,
    "syncPlayers": 0.1153768844041393,
    "syncUnits": 0.3271356786016244,
    "syncResources": 0.026331658099763955,
    "sendClientPoses": 0.0636180905540984,
    "effectsAndFog": 0.05929648265167697,
    "syncStructures": 0.2414634140526376
  },
  "userAgent": "Mozilla/5.0 (Linux; Android 10; K) AppleWebKit/537.36 (KHTML, like Gecko) Chrome/145.0.0.0 Mobile Safari/537.36",
  "timestamp": "2026-04-13T20:20:46.632Z"
}