{
  "buildNumber": "277",
  "buildId": "CMEduUks",
  "sessionId": "q0WoIYLvG",
  "durationSec": 13.818,
  "avgFps": 38.164509685418295,
  "minFps": 37.25494799665809,
  "maxFps": 39.361938941941844,
  "avgSectionTimingsMs": {
    "hud": 0.02081712054139445,
    "camera": 0.008171205970563778,
    "autoEngage": 0.0034079845657367207,
    "syncPlayers": 0.07582845976013422,
    "syncUnits": 0.03430799259776957,
    "syncResources": 0.026900584295711554,
    "sendClientPoses": 0.004483430822457951,
    "effectsAndFog": 0.05146198796714723,
    "syncStructures": 0.2413461537888417
  },
  "userAgent": "Mozilla/5.0 (Linux; Android 10; K) AppleWebKit/537.36 (KHTML, like Gecko) Chrome/145.0.0.0 Mobile Safari/537.36",
  "timestamp": "2026-04-13T20:25:18.657Z"
}