{
  "buildNumber": "277",
  "buildId": "CMEduUks",
  "sessionId": "q0WoIYLvG",
  "durationSec": 10.032,
  "avgFps": 38.341767926352745,
  "minFps": 38.014368527508694,
  "maxFps": 39.361938941941844,
  "avgSectionTimingsMs": {
    "hud": 0.02053333338101705,
    "camera": 0.008266666491826375,
    "autoEngage": 0.00347129521128014,
    "syncPlayers": 0.07272727269539858,
    "syncUnits": 0.031550802330282283,
    "syncResources": 0.02887700466229954,
    "sendClientPoses": 0.004812834176787718,
    "effectsAndFog": 0.05374331509365755,
    "syncStructures": 0.21447368475951648
  },
  "userAgent": "Mozilla/5.0 (Linux; Android 10; K) AppleWebKit/537.36 (KHTML, like Gecko) Chrome/145.0.0.0 Mobile Safari/537.36",
  "timestamp": "2026-04-13T20:25:14.872Z"
}