{
  "buildNumber": "277",
  "buildId": "CMEduUks",
  "sessionId": "q0WoIYLvG",
  "durationSec": 5.076,
  "avgFps": 38.46498292751255,
  "minFps": 38.293317991131715,
  "maxFps": 39.361938941941844,
  "avgSectionTimingsMs": {
    "hud": 0.021808510289547292,
    "camera": 0.007446808542342896,
    "autoEngage": 0.0029333336353302,
    "syncPlayers": 0.06844919776534014,
    "syncUnits": 0.028877005538838433,
    "syncResources": 0.025133688978970368,
    "sendClientPoses": 0.0016042779792438853,
    "effectsAndFog": 0.0417112290540481,
    "syncStructures": 0.17631579072851883
  },
  "userAgent": "Mozilla/5.0 (Linux; Android 10; K) AppleWebKit/537.36 (KHTML, like Gecko) Chrome/145.0.0.0 Mobile Safari/537.36",
  "timestamp": "2026-04-13T20:25:09.916Z"
}