{
  "buildNumber": "276",
  "buildId": "BdYYCv-Z",
  "sessionId": "P2QeoMsYc",
  "durationSec": 7.906,
  "avgFps": 41.50191189115504,
  "minFps": 40.13490483125857,
  "maxFps": 42.24570034076106,
  "avgSectionTimingsMs": {
    "hud": 0.027725856994914116,
    "camera": 0.006853582703064535,
    "autoEngage": 0.0032761310359431133,
    "syncPlayers": 0.1053125006146729,
    "syncUnits": 0.0359374993480742,
    "syncResources": 0.02499999972060323,
    "sendClientPoses": 0.002187499962747097,
    "effectsAndFog": 0.055937500298023225,
    "syncStructures": 0.3050847452575878
  },
  "userAgent": "Mozilla/5.0 (Linux; Android 10; K) AppleWebKit/537.36 (KHTML, like Gecko) Chrome/145.0.0.0 Mobile Safari/537.36",
  "timestamp": "2026-04-13T20:20:26.878Z"
}