{
  "buildNumber": "274",
  "buildId": "CB7E_Olw",
  "sessionId": "PJns0EXEj",
  "durationSec": 33.102,
  "avgFps": 40.042817466238176,
  "minFps": 31.192882327528594,
  "maxFps": 47.48005890965272,
  "avgSectionTimingsMs": {
    "hud": 0.01926530606892644,
    "camera": 0.007918367434521111,
    "autoEngage": 0.004328297261755629,
    "syncPlayers": 0.1041666669831946,
    "syncUnits": 0.6412581701099483,
    "syncResources": 0.020833333357681637,
    "sendClientPoses": 0.09632352929489285,
    "effectsAndFog": 0.056699346190963694,
    "syncStructures": 0.2065306120989274
  },
  "userAgent": "Mozilla/5.0 (Linux; Android 10; K) AppleWebKit/537.36 (KHTML, like Gecko) Chrome/145.0.0.0 Mobile Safari/537.36",
  "timestamp": "2026-04-13T20:11:01.587Z"
}