{
  "buildNumber": "273",
  "buildId": "BF-xNiwv",
  "sessionId": "P_6xpY7hD",
  "durationSec": 58.587,
  "avgFps": 28.63848001877983,
  "minFps": 18.005645273948964,
  "maxFps": 40.321994488695054,
  "avgSectionTimingsMs": {
    "hud": 0.026146475090546448,
    "camera": 0.0077344284410104614,
    "autoEngage": 0.005203697370038136,
    "syncPlayers": 0.08671232925294196,
    "syncUnits": 0.5708219177306515,
    "syncResources": 0.027397260192322404,
    "sendClientPoses": 0.10547945219768237,
    "effectsAndFog": 17.41931506844416,
    "syncStructures": 0.1371859298579058
  },
  "userAgent": "Mozilla/5.0 (Linux; Android 10; K) AppleWebKit/537.36 (KHTML, like Gecko) Chrome/145.0.0.0 Mobile Safari/537.36",
  "timestamp": "2026-04-13T20:02:55.477Z"
}