{
  "buildNumber": "277",
  "buildId": "CMEduUks",
  "sessionId": "q0WoIYLvG",
  "durationSec": 25.312,
  "avgFps": 37.54924084870726,
  "minFps": 33.37456852740384,
  "maxFps": 39.361938941941844,
  "avgSectionTimingsMs": {
    "hud": 0.02302631569143973,
    "camera": 0.008004385781915565,
    "autoEngage": 0.0047174987398002155,
    "syncPlayers": 0.07738748624610063,
    "syncUnits": 0.24862788174338188,
    "syncResources": 0.025576289575526535,
    "sendClientPoses": 0.03655323814743829,
    "effectsAndFog": 0.04994511509438901,
    "syncStructures": 0.21894736838968176
  },
  "userAgent": "Mozilla/5.0 (Linux; Android 10; K) AppleWebKit/537.36 (KHTML, like Gecko) Chrome/145.0.0.0 Mobile Safari/537.36",
  "timestamp": "2026-04-13T20:25:30.151Z"
}