{
  "buildNumber": "274",
  "buildId": "CB7E_Olw",
  "sessionId": "PJns0EXEj",
  "durationSec": 7.023,
  "avgFps": 45.83071320044078,
  "minFps": 44.792959703402545,
  "maxFps": 47.48005890965272,
  "avgSectionTimingsMs": {
    "hud": 0.01929260469326252,
    "camera": 0.005144694802078787,
    "autoEngage": 0.002254428302992177,
    "syncPlayers": 0.08000000109595637,
    "syncUnits": 0.019999999576999297,
    "syncResources": 0.023225806509294816,
    "sendClientPoses": 0.0051612903033533405,
    "effectsAndFog": 0.052580644815198835,
    "syncStructures": 0.2333333326710595
  },
  "userAgent": "Mozilla/5.0 (Linux; Android 10; K) AppleWebKit/537.36 (KHTML, like Gecko) Chrome/145.0.0.0 Mobile Safari/537.36",
  "timestamp": "2026-04-13T20:10:35.508Z"
}