{
  "buildNumber": "277",
  "buildId": "CMEduUks",
  "sessionId": "q0WoIYLvG",
  "durationSec": 2.42,
  "avgFps": 38.5645468435165,
  "minFps": 38.293317991131715,
  "maxFps": 39.361938941941844,
  "avgSectionTimingsMs": {
    "hud": 0.02247190944264444,
    "camera": 0.0067415729667363545,
    "autoEngage": 0.004519774583773424,
    "syncPlayers": 0.07954545352946628,
    "syncUnits": 0.027272727679122578,
    "syncResources": 0.024999999525872143,
    "sendClientPoses": 0.0034090907058932566,
    "effectsAndFog": 0.03636363588950851,
    "syncStructures": 0.005555556880103217
  },
  "userAgent": "Mozilla/5.0 (Linux; Android 10; K) AppleWebKit/537.36 (KHTML, like Gecko) Chrome/145.0.0.0 Mobile Safari/537.36",
  "timestamp": "2026-04-13T20:25:07.259Z"
}