{
  "buildNumber": "274",
  "buildId": "CB7E_Olw",
  "sessionId": "PJns0EXEj",
  "durationSec": 17.562,
  "avgFps": 43.970409211470724,
  "minFps": 38.46811471762148,
  "maxFps": 47.48005890965272,
  "avgSectionTimingsMs": {
    "hud": 0.01804407712677622,
    "camera": 0.006749311549276032,
    "autoEngage": 0.003928325305224944,
    "syncPlayers": 0.0911724144014819,
    "syncUnits": 0.3126896551970778,
    "syncResources": 0.020689655419053703,
    "sendClientPoses": 0.04744827554143708,
    "effectsAndFog": 0.05503448256130876,
    "syncStructures": 0.30902255634616194
  },
  "userAgent": "Mozilla/5.0 (Linux; Android 10; K) AppleWebKit/537.36 (KHTML, like Gecko) Chrome/145.0.0.0 Mobile Safari/537.36",
  "timestamp": "2026-04-13T20:10:46.047Z"
}