{
  "buildNumber": "277",
  "buildId": "CMEduUks",
  "sessionId": "q0WoIYLvG",
  "durationSec": 16.422,
  "avgFps": 37.9990879156815,
  "minFps": 36.94121099749357,
  "maxFps": 39.361938941941844,
  "avgSectionTimingsMs": {
    "hud": 0.021147540895665277,
    "camera": 0.008196721116050345,
    "autoEngage": 0.0036095161727454643,
    "syncPlayers": 0.07504105073673581,
    "syncUnits": 0.034975369918131084,
    "syncResources": 0.025287355891197967,
    "sendClientPoses": 0.0049261083743842365,
    "effectsAndFog": 0.04794745448187654,
    "syncStructures": 0.22276422769073548
  },
  "userAgent": "Mozilla/5.0 (Linux; Android 10; K) AppleWebKit/537.36 (KHTML, like Gecko) Chrome/145.0.0.0 Mobile Safari/537.36",
  "timestamp": "2026-04-13T20:25:21.261Z"
}