{
  "buildNumber": "273",
  "buildId": "BF-xNiwv",
  "sessionId": "P_6xpY7hD",
  "durationSec": 56.094,
  "avgFps": 28.965231923236967,
  "minFps": 18.005645273948964,
  "maxFps": 40.321994488695054,
  "avgSectionTimingsMs": {
    "hud": 0.02618207488584956,
    "camera": 0.007762879301480365,
    "autoEngage": 0.005188845752870241,
    "syncPlayers": 0.08594632815927436,
    "syncUnits": 0.5637711863438625,
    "syncResources": 0.027259886896206162,
    "sendClientPoses": 0.09901129955289054,
    "effectsAndFog": 16.95402542375407,
    "syncStructures": 0.13958333347303173
  },
  "userAgent": "Mozilla/5.0 (Linux; Android 10; K) AppleWebKit/537.36 (KHTML, like Gecko) Chrome/145.0.0.0 Mobile Safari/537.36",
  "timestamp": "2026-04-13T20:02:52.984Z"
}