{
  "buildNumber": "277",
  "buildId": "CMEduUks",
  "sessionId": "q0WoIYLvG",
  "durationSec": 30.86,
  "avgFps": 36.56053817390896,
  "minFps": 28.940932728632177,
  "maxFps": 39.361938941941844,
  "avgSectionTimingsMs": {
    "hud": 0.02276575711125601,
    "camera": 0.00884289732544577,
    "autoEngage": 0.005694117728401633,
    "syncPlayers": 0.08154425591847766,
    "syncUnits": 0.4920903958394254,
    "syncResources": 0.025706214532115815,
    "sendClientPoses": 0.05583804133023695,
    "effectsAndFog": 0.04962335212643762,
    "syncStructures": 0.19388646303826546
  },
  "userAgent": "Mozilla/5.0 (Linux; Android 10; K) AppleWebKit/537.36 (KHTML, like Gecko) Chrome/145.0.0.0 Mobile Safari/537.36",
  "timestamp": "2026-04-13T20:25:35.699Z"
}