{
  "buildNumber": "277",
  "buildId": "CMEduUks",
  "sessionId": "q0WoIYLvG",
  "durationSec": 0.982,
  "avgFps": 38.78560655189467,
  "minFps": 38.52145420645638,
  "maxFps": 39.361938941941844,
  "avgSectionTimingsMs": {
    "hud": 0.025714285033089774,
    "camera": 0.002857142686843872,
    "autoEngage": 0.004347826691641324,
    "syncPlayers": 0.09411764495513018,
    "syncUnits": 0.02352941211532144,
    "syncResources": 0.017647058648221633,
    "sendClientPoses": 0,
    "effectsAndFog": 0.06470588200232562,
    "syncStructures": 0.014285717691693987
  },
  "userAgent": "Mozilla/5.0 (Linux; Android 10; K) AppleWebKit/537.36 (KHTML, like Gecko) Chrome/145.0.0.0 Mobile Safari/537.36",
  "timestamp": "2026-04-13T20:25:05.821Z"
}