{
  "buildNumber": "275",
  "buildId": "DlwQSAVw",
  "sessionId": "7MiGiHpAI",
  "durationSec": 20.251,
  "avgFps": 21.076103355378763,
  "minFps": 15.453768091335075,
  "maxFps": 23.285890513152527,
  "avgSectionTimingsMs": {
    "hud": 0.017633928717779263,
    "camera": 0.01049107120239309,
    "autoEngage": 0.006480446907395091,
    "syncPlayers": 0.12304250565951302,
    "syncUnits": 0.8633109615153114,
    "syncStructures": 0.0731543624561105,
    "syncResources": 0.02930648748239948,
    "sendClientPoses": 0.19172259525164662,
    "effectsAndFog": 16.454138703060895
  },
  "userAgent": "Mozilla/5.0 (Linux; Android 10; K) AppleWebKit/537.36 (KHTML, like Gecko) Chrome/145.0.0.0 Mobile Safari/537.36",
  "timestamp": "2026-04-13T20:14:41.480Z"
}