{
  "buildNumber": "274",
  "buildId": "CB7E_Olw",
  "sessionId": "PJns0EXEj",
  "durationSec": 34.567,
  "avgFps": 39.76513172073027,
  "minFps": 31.192882327528594,
  "maxFps": 47.48005890965272,
  "avgSectionTimingsMs": {
    "hud": 0.019716088257565482,
    "camera": 0.008123028471078783,
    "autoEngage": 0.004457593693065455,
    "syncPlayers": 0.10536700889362344,
    "syncUnits": 0.6419100238990859,
    "syncResources": 0.020757695376261445,
    "sendClientPoses": 0.0994475136945449,
    "effectsAndFog": 0.05603788457899086,
    "syncStructures": 0.21992187469732016
  },
  "userAgent": "Mozilla/5.0 (Linux; Android 10; K) AppleWebKit/537.36 (KHTML, like Gecko) Chrome/145.0.0.0 Mobile Safari/537.36",
  "timestamp": "2026-04-13T20:11:03.052Z"
}