{
  "buildNumber": "277",
  "buildId": "CMEduUks",
  "sessionId": "q0WoIYLvG",
  "durationSec": 18.273,
  "avgFps": 37.97319855738937,
  "minFps": 36.94121099749357,
  "maxFps": 39.361938941941844,
  "avgSectionTimingsMs": {
    "hud": 0.020998531457436066,
    "camera": 0.008076358121572261,
    "autoEngage": 0.0036737694405703574,
    "syncPlayers": 0.07411764706758892,
    "syncUnits": 0.03441176515291719,
    "syncResources": 0.025294117278912488,
    "sendClientPoses": 0.004999999964938444,
    "effectsAndFog": 0.047499999623088277,
    "syncStructures": 0.2518248175182482
  },
  "userAgent": "Mozilla/5.0 (Linux; Android 10; K) AppleWebKit/537.36 (KHTML, like Gecko) Chrome/145.0.0.0 Mobile Safari/537.36",
  "timestamp": "2026-04-13T20:25:23.113Z"
}