{
  "buildNumber": "276",
  "buildId": "BdYYCv-Z",
  "sessionId": "P2QeoMsYc",
  "durationSec": 1.969,
  "avgFps": 41.26874297334893,
  "minFps": 41.125914193165954,
  "maxFps": 41.50832673365585,
  "avgSectionTimingsMs": {
    "hud": 0.03132530113300645,
    "camera": 0.004819277539310685,
    "autoEngage": 0.003636363780859745,
    "syncPlayers": 0.12804878157813374,
    "syncUnits": 0.026829268147305744,
    "syncResources": 0.035365853367782224,
    "sendClientPoses": 0.00121951212243336,
    "effectsAndFog": 0.06585365751894509,
    "syncStructures": 0.12142856844833919
  },
  "userAgent": "Mozilla/5.0 (Linux; Android 10; K) AppleWebKit/537.36 (KHTML, like Gecko) Chrome/145.0.0.0 Mobile Safari/537.36",
  "timestamp": "2026-04-13T20:20:20.941Z"
}