{
  "buildNumber": "275",
  "buildId": "DlwQSAVw",
  "sessionId": "7MiGiHpAI",
  "durationSec": 17.705,
  "avgFps": 20.776207235670352,
  "minFps": 15.453768091335075,
  "maxFps": 22.854172486012928,
  "avgSectionTimingsMs": {
    "hud": 0.015641026007823456,
    "camera": 0.010769230509415651,
    "autoEngage": 0.006161745843287457,
    "syncPlayers": 0.12622107959958154,
    "syncUnits": 0.879948586148897,
    "syncStructures": 0.07615384642894452,
    "syncResources": 0.029562981698690774,
    "sendClientPoses": 0.1886889460307467,
    "effectsAndFog": 16.5030848332573
  },
  "userAgent": "Mozilla/5.0 (Linux; Android 10; K) AppleWebKit/537.36 (KHTML, like Gecko) Chrome/145.0.0.0 Mobile Safari/537.36",
  "timestamp": "2026-04-13T20:14:38.934Z"
}