{
  "buildNumber": "276",
  "buildId": "BdYYCv-Z",
  "sessionId": "P2QeoMsYc",
  "durationSec": 20.426,
  "avgFps": 39.398420019311466,
  "minFps": 35.407549796010784,
  "maxFps": 42.24570034076106,
  "avgSectionTimingsMs": {
    "hud": 0.026822917046956718,
    "camera": 0.006640625147459407,
    "autoEngage": 0.004755700255838201,
    "syncPlayers": 0.11016949164199083,
    "syncUnits": 0.20782268567999151,
    "syncResources": 0.027640156321606393,
    "sendClientPoses": 0.03689700139703465,
    "effectsAndFog": 0.059191656237009144,
    "syncStructures": 0.29072847666329893
  },
  "userAgent": "Mozilla/5.0 (Linux; Android 10; K) AppleWebKit/537.36 (KHTML, like Gecko) Chrome/145.0.0.0 Mobile Safari/537.36",
  "timestamp": "2026-04-13T20:20:39.399Z"
}