{
  "buildNumber": "277",
  "buildId": "CMEduUks",
  "sessionId": "q0WoIYLvG",
  "durationSec": 5.212,
  "avgFps": 38.46206863845811,
  "minFps": 38.293317991131715,
  "maxFps": 39.361938941941844,
  "avgSectionTimingsMs": {
    "hud": 0.022279792344631927,
    "camera": 0.00725388604124593,
    "autoEngage": 0.0028571431512956495,
    "syncPlayers": 0.06822916648040216,
    "syncUnits": 0.029687500248352688,
    "syncResources": 0.024999999130765598,
    "sendClientPoses": 0.0015624999068677425,
    "effectsAndFog": 0.04166666573534409,
    "syncStructures": 0.17435897619296342
  },
  "userAgent": "Mozilla/5.0 (Linux; Android 10; K) AppleWebKit/537.36 (KHTML, like Gecko) Chrome/145.0.0.0 Mobile Safari/537.36",
  "timestamp": "2026-04-13T20:25:10.052Z"
}