{
  "buildNumber": "276",
  "buildId": "BdYYCv-Z",
  "sessionId": "P2QeoMsYc",
  "durationSec": 34.061,
  "avgFps": 36.973484954266475,
  "minFps": 29.746071294150134,
  "maxFps": 42.24570034076106,
  "avgSectionTimingsMs": {
    "hud": 0.02512733466252811,
    "camera": 0.008234295431138704,
    "autoEngage": 0.005138004167824035,
    "syncPlayers": 0.12141036541662484,
    "syncUnits": 0.4632965166536346,
    "syncResources": 0.02693288006717711,
    "sendClientPoses": 0.08266779962696053,
    "effectsAndFog": 0.06066270201714644,
    "syncStructures": 0.21354581623438346
  },
  "userAgent": "Mozilla/5.0 (Linux; Android 10; K) AppleWebKit/537.36 (KHTML, like Gecko) Chrome/145.0.0.0 Mobile Safari/537.36",
  "timestamp": "2026-04-13T20:20:53.033Z"
}