{
  "buildNumber": "277",
  "buildId": "CMEduUks",
  "sessionId": "q0WoIYLvG",
  "durationSec": 13.69,
  "avgFps": 38.173444476074096,
  "minFps": 37.25494799665809,
  "maxFps": 39.361938941941844,
  "avgSectionTimingsMs": {
    "hud": 0.021021610919993612,
    "camera": 0.008055009577269638,
    "autoEngage": 0.003441494738457829,
    "syncPlayers": 0.0757874013401392,
    "syncUnits": 0.03444881930829972,
    "syncResources": 0.026968503444213567,
    "sendClientPoses": 0.004527559078584506,
    "effectsAndFog": 0.05118110201020879,
    "syncStructures": 0.21359223300970873
  },
  "userAgent": "Mozilla/5.0 (Linux; Android 10; K) AppleWebKit/537.36 (KHTML, like Gecko) Chrome/145.0.0.0 Mobile Safari/537.36",
  "timestamp": "2026-04-13T20:25:18.529Z"
}