{
  "buildNumber": "276",
  "buildId": "BdYYCv-Z",
  "sessionId": "P2QeoMsYc",
  "durationSec": 12.824,
  "avgFps": 40.81830024851191,
  "minFps": 38.546590981765405,
  "maxFps": 42.24570034076106,
  "avgSectionTimingsMs": {
    "hud": 0.026587301835654272,
    "camera": 0.006746031935252841,
    "autoEngage": 0.004369414048019682,
    "syncPlayers": 0.11053677972694989,
    "syncUnits": 0.10536779288506176,
    "syncResources": 0.027435387223662722,
    "sendClientPoses": 0.019681908797554184,
    "effectsAndFog": 0.05745526893475421,
    "syncStructures": 0.31249999937911827
  },
  "userAgent": "Mozilla/5.0 (Linux; Android 10; K) AppleWebKit/537.36 (KHTML, like Gecko) Chrome/145.0.0.0 Mobile Safari/537.36",
  "timestamp": "2026-04-13T20:20:31.797Z"
}