{
  "buildNumber": "277",
  "buildId": "CMEduUks",
  "sessionId": "q0WoIYLvG",
  "durationSec": 7.547,
  "avgFps": 28.75823048085844,
  "minFps": 28.48434442172548,
  "maxFps": 30.259186777423363,
  "avgSectionTimingsMs": {
    "hud": 0.027142856944174995,
    "camera": 0.009047619359833853,
    "autoEngage": 0.008591885427301995,
    "syncPlayers": 0.1066985650781239,
    "syncUnits": 1.347368420596328,
    "syncResources": 0.024880383716245586,
    "sendClientPoses": 0.18325358814599982,
    "effectsAndFog": 0.0468899519249583,
    "syncStructures": 0.06538461435299653
  },
  "userAgent": "Mozilla/5.0 (Linux; Android 10; K) AppleWebKit/537.36 (KHTML, like Gecko) Chrome/145.0.0.0 Mobile Safari/537.36",
  "timestamp": "2026-04-13T20:26:07.162Z"
}