{
  "buildNumber": "276",
  "buildId": "BdYYCv-Z",
  "sessionId": "P2QeoMsYc",
  "durationSec": 1.081,
  "avgFps": 41.18291978926383,
  "minFps": 41.125914193165954,
  "maxFps": 41.344435644874466,
  "avgSectionTimingsMs": {
    "hud": 0.02826086982436802,
    "camera": 0.006521740037461986,
    "autoEngage": 0.003296703427702516,
    "syncPlayers": 0.1444444457689921,
    "syncUnits": 0.02888888849152459,
    "syncResources": 0.026666665739483304,
    "sendClientPoses": 0.002222222089767456,
    "effectsAndFog": 0.06888888941870795,
    "syncStructures": 0.08749999850988388
  },
  "userAgent": "Mozilla/5.0 (Linux; Android 10; K) AppleWebKit/537.36 (KHTML, like Gecko) Chrome/145.0.0.0 Mobile Safari/537.36",
  "timestamp": "2026-04-13T20:20:20.053Z"
}