{
  "buildNumber": "273",
  "buildId": "BF-xNiwv",
  "sessionId": "P_6xpY7hD",
  "durationSec": 49.423,
  "avgFps": 29.963603560693677,
  "minFps": 18.017841853468326,
  "maxFps": 40.321994488695054,
  "avgSectionTimingsMs": {
    "hud": 0.02557781207818647,
    "camera": 0.008166409810812705,
    "autoEngage": 0.005202312161697358,
    "syncPlayers": 0.08350038597376051,
    "syncUnits": 0.5079414031095659,
    "syncResources": 0.02783346173849672,
    "sendClientPoses": 0.07972243641924656,
    "effectsAndFog": 15.579182729366291,
    "syncStructures": 0.14883720961421035
  },
  "userAgent": "Mozilla/5.0 (Linux; Android 10; K) AppleWebKit/537.36 (KHTML, like Gecko) Chrome/145.0.0.0 Mobile Safari/537.36",
  "timestamp": "2026-04-13T20:02:46.312Z"
}