{
  "buildNumber": "274",
  "buildId": "CB7E_Olw",
  "sessionId": "PJns0EXEj",
  "durationSec": 5.102,
  "avgFps": 46.18864779185721,
  "minFps": 45.05727960453673,
  "maxFps": 47.48005890965272,
  "avgSectionTimingsMs": {
    "hud": 0.020000000397364298,
    "camera": 0.0057777779632144505,
    "autoEngage": 0.0020044542235096207,
    "syncPlayers": 0.08258928637951612,
    "syncUnits": 0.020535713993012905,
    "syncResources": 0.025892857063029493,
    "sendClientPoses": 0.005357142936970506,
    "effectsAndFog": 0.05580357076334102,
    "syncStructures": 0.25384615399898625
  },
  "userAgent": "Mozilla/5.0 (Linux; Android 10; K) AppleWebKit/537.36 (KHTML, like Gecko) Chrome/145.0.0.0 Mobile Safari/537.36",
  "timestamp": "2026-04-13T20:10:33.588Z"
}