{
  "buildNumber": "274",
  "buildId": "CB7E_Olw",
  "sessionId": "PJns0EXEj",
  "durationSec": 29.482,
  "avgFps": 40.899615003443536,
  "minFps": 31.192882327528594,
  "maxFps": 47.48005890965272,
  "avgSectionTimingsMs": {
    "hud": 0.018501804946562013,
    "camera": 0.008032491033903529,
    "autoEngage": 0.0043340857626353105,
    "syncPlayers": 0.10162601658322301,
    "syncUnits": 0.6510388440071406,
    "syncResources": 0.02077687440848932,
    "sendClientPoses": 0.08798554639290773,
    "effectsAndFog": 0.05672990048157813,
    "syncStructures": 0.2237442922374429
  },
  "userAgent": "Mozilla/5.0 (Linux; Android 10; K) AppleWebKit/537.36 (KHTML, like Gecko) Chrome/145.0.0.0 Mobile Safari/537.36",
  "timestamp": "2026-04-13T20:10:57.967Z"
}