{
  "buildNumber": "276",
  "buildId": "BdYYCv-Z",
  "sessionId": "P2QeoMsYc",
  "durationSec": 26.233,
  "avgFps": 38.34996712701577,
  "minFps": 32.55813081086227,
  "maxFps": 42.24570034076106,
  "avgSectionTimingsMs": {
    "hud": 0.02657563051506251,
    "camera": 0.007247899228534778,
    "autoEngage": 0.004992117630577188,
    "syncPlayers": 0.11493165090633116,
    "syncUnits": 0.3050473187937471,
    "syncResources": 0.026603575039862583,
    "sendClientPoses": 0.05899053636534858,
    "effectsAndFog": 0.05941114647531359,
    "syncStructures": 0.2505154635795613
  },
  "userAgent": "Mozilla/5.0 (Linux; Android 10; K) AppleWebKit/537.36 (KHTML, like Gecko) Chrome/145.0.0.0 Mobile Safari/537.36",
  "timestamp": "2026-04-13T20:20:45.205Z"
}