{
  "buildNumber": "276",
  "buildId": "BdYYCv-Z",
  "sessionId": "P2QeoMsYc",
  "durationSec": 34.268,
  "avgFps": 36.93606856931356,
  "minFps": 28.8095534706126,
  "maxFps": 42.24570034076106,
  "avgSectionTimingsMs": {
    "hud": 0.025084459650758152,
    "camera": 0.008192567582670096,
    "autoEngage": 0.00511195598446371,
    "syncPlayers": 0.12138630607222865,
    "syncUnits": 0.4688926459064145,
    "syncResources": 0.026880811355120028,
    "sendClientPoses": 0.08343195277860582,
    "effectsAndFog": 0.06077768406118263,
    "syncStructures": 0.2122529639085762
  },
  "userAgent": "Mozilla/5.0 (Linux; Android 10; K) AppleWebKit/537.36 (KHTML, like Gecko) Chrome/145.0.0.0 Mobile Safari/537.36",
  "timestamp": "2026-04-13T20:20:53.240Z"
}