{
  "buildNumber": "276",
  "buildId": "BdYYCv-Z",
  "sessionId": "P2QeoMsYc",
  "durationSec": 40.743,
  "avgFps": 35.83370762808577,
  "minFps": 27.243936640643696,
  "maxFps": 42.24570034076106,
  "avgSectionTimingsMs": {
    "hud": 0.025627769782941134,
    "camera": 0.009379615943928414,
    "autoEngage": 0.005725895715543693,
    "syncPlayers": 0.13481152993788653,
    "syncUnits": 0.6379896529674177,
    "syncResources": 0.02934220230588187,
    "sendClientPoses": 0.10096082805001286,
    "effectsAndFog": 0.06334072450576494,
    "syncStructures": 0.19163879532877817
  },
  "userAgent": "Mozilla/5.0 (Linux; Android 10; K) AppleWebKit/537.36 (KHTML, like Gecko) Chrome/145.0.0.0 Mobile Safari/537.36",
  "timestamp": "2026-04-13T20:20:59.717Z"
}