{
  "buildNumber": "274",
  "buildId": "CB7E_Olw",
  "sessionId": "PJns0EXEj",
  "durationSec": 26.757,
  "avgFps": 41.61930860549612,
  "minFps": 32.56512413782861,
  "maxFps": 47.48005890965272,
  "avgSectionTimingsMs": {
    "hud": 0.018287937638824553,
    "camera": 0.008073930059657487,
    "autoEngage": 0.004428223841381769,
    "syncPlayers": 0.10009737131426141,
    "syncUnits": 0.5803310615178324,
    "syncResources": 0.020253164597588365,
    "sendClientPoses": 0.08140214212681325,
    "effectsAndFog": 0.05637779918942735,
    "syncStructures": 0.24099999979138376
  },
  "userAgent": "Mozilla/5.0 (Linux; Android 10; K) AppleWebKit/537.36 (KHTML, like Gecko) Chrome/145.0.0.0 Mobile Safari/537.36",
  "timestamp": "2026-04-13T20:10:55.242Z"
}