{
  "buildNumber": "276",
  "buildId": "BdYYCv-Z",
  "sessionId": "P2QeoMsYc",
  "durationSec": 34.236,
  "avgFps": 36.942937981907555,
  "minFps": 29.746071294150134,
  "maxFps": 42.24570034076106,
  "avgSectionTimingsMs": {
    "hud": 0.025105663758662425,
    "camera": 0.008199492829992725,
    "autoEngage": 0.005116278991638732,
    "syncPlayers": 0.12140439937360799,
    "syncUnits": 0.46785109993164914,
    "syncResources": 0.026818950794473315,
    "sendClientPoses": 0.08316412870653994,
    "effectsAndFog": 0.06074450105781684,
    "syncStructures": 0.2122529639085762
  },
  "userAgent": "Mozilla/5.0 (Linux; Android 10; K) AppleWebKit/537.36 (KHTML, like Gecko) Chrome/145.0.0.0 Mobile Safari/537.36",
  "timestamp": "2026-04-13T20:20:53.208Z"
}