{
  "buildNumber": "274",
  "buildId": "CB7E_Olw",
  "sessionId": "PJns0EXEj",
  "durationSec": 0.478,
  "avgFps": 47.48005890965272,
  "minFps": 47.48005890965272,
  "maxFps": 47.48005890965272,
  "avgSectionTimingsMs": {
    "hud": 0.029411762952804565,
    "camera": 0.005882352590560913,
    "autoEngage": 0,
    "syncPlayers": 0.13125000149011612,
    "syncUnits": 0.01875000074505806,
    "syncResources": 0.05624999664723873,
    "sendClientPoses": 0,
    "effectsAndFog": 0.125,
    "syncStructures": 0
  },
  "userAgent": "Mozilla/5.0 (Linux; Android 10; K) AppleWebKit/537.36 (KHTML, like Gecko) Chrome/145.0.0.0 Mobile Safari/537.36",
  "timestamp": "2026-04-13T20:10:28.963Z"
}