{
  "buildNumber": "273",
  "buildId": "BF-xNiwv",
  "sessionId": "P_6xpY7hD",
  "durationSec": 13.556,
  "avgFps": 35.14351533755694,
  "minFps": 32.298311318800174,
  "maxFps": 40.321994488695054,
  "avgSectionTimingsMs": {
    "hud": 0.022072072166043358,
    "camera": 0.008558558451162802,
    "autoEngage": 0.004284103733845467,
    "syncPlayers": 0.07133182883262634,
    "syncUnits": 0.03431151238844034,
    "syncResources": 0.026185101701228397,
    "sendClientPoses": 0.004288938930825778,
    "effectsAndFog": 9.805191873427708,
    "syncStructures": 0.18585858531672544
  },
  "userAgent": "Mozilla/5.0 (Linux; Android 10; K) AppleWebKit/537.36 (KHTML, like Gecko) Chrome/145.0.0.0 Mobile Safari/537.36",
  "timestamp": "2026-04-13T20:02:10.445Z"
}