{
  "buildNumber": "275",
  "buildId": "DlwQSAVw",
  "sessionId": "7MiGiHpAI",
  "durationSec": 12.04,
  "avgFps": 19.83876238691919,
  "minFps": 15.453768091335075,
  "maxFps": 22.654334781660275,
  "avgSectionTimingsMs": {
    "hud": 0.018181818904298725,
    "camera": 0.010227272456342524,
    "autoEngage": 0.006831119533281851,
    "syncPlayers": 0.12965779465414273,
    "syncUnits": 0.9547528516883632,
    "syncStructures": 0.08426966325620587,
    "syncResources": 0.03269961952256612,
    "sendClientPoses": 0.188212927756654,
    "effectsAndFog": 16.730038022927005
  },
  "userAgent": "Mozilla/5.0 (Linux; Android 10; K) AppleWebKit/537.36 (KHTML, like Gecko) Chrome/145.0.0.0 Mobile Safari/537.36",
  "timestamp": "2026-04-13T20:14:33.268Z"
}