{
  "buildNumber": "274",
  "buildId": "CB7E_Olw",
  "sessionId": "PJns0EXEj",
  "durationSec": 15.669,
  "avgFps": 44.461576428820436,
  "minFps": 40.38775949799375,
  "maxFps": 47.48005890965272,
  "avgSectionTimingsMs": {
    "hud": 0.017450682807583728,
    "camera": 0.00637329316645725,
    "autoEngage": 0.00349278663176882,
    "syncPlayers": 0.09072948385335754,
    "syncUnits": 0.2256838906227999,
    "syncResources": 0.021580547366098792,
    "sendClientPoses": 0.035714285533116584,
    "effectsAndFog": 0.05334346471948827,
    "syncStructures": 0.3369747898658785
  },
  "userAgent": "Mozilla/5.0 (Linux; Android 10; K) AppleWebKit/537.36 (KHTML, like Gecko) Chrome/145.0.0.0 Mobile Safari/537.36",
  "timestamp": "2026-04-13T20:10:44.154Z"
}