{
  "buildNumber": "275",
  "buildId": "DlwQSAVw",
  "sessionId": "7MiGiHpAI",
  "durationSec": 0.291,
  "avgFps": 15.453768091335077,
  "minFps": 15.453768091335075,
  "maxFps": 15.453768091335075,
  "avgSectionTimingsMs": {
    "hud": 0.033333336313565574,
    "camera": 0.01666666567325592,
    "autoEngage": 0.009090908549048683,
    "syncPlayers": 0.2199999988079071,
    "syncUnits": 2.9199999928474427,
    "syncStructures": 0.15000002086162567,
    "syncResources": 0.040000003576278684,
    "sendClientPoses": 0.49999999403953554,
    "effectsAndFog": 19
  },
  "userAgent": "Mozilla/5.0 (Linux; Android 10; K) AppleWebKit/537.36 (KHTML, like Gecko) Chrome/145.0.0.0 Mobile Safari/537.36",
  "timestamp": "2026-04-13T20:14:21.519Z"
}