{
  "buildNumber": "273",
  "buildId": "BF-xNiwv",
  "sessionId": "P_6xpY7hD",
  "durationSec": 19.465,
  "avgFps": 34.21848260216031,
  "minFps": 31.245944527628296,
  "maxFps": 40.321994488695054,
  "avgSectionTimingsMs": {
    "hud": 0.023137876518932652,
    "camera": 0.00903328044100911,
    "autoEngage": 0.0038065027613946125,
    "syncPlayers": 0.07507936547672937,
    "syncUnits": 0.033968253835799204,
    "syncResources": 0.029047619161151703,
    "sendClientPoses": 0.004285714266792176,
    "effectsAndFog": 9.875238094869115,
    "syncStructures": 0.16338028181606615
  },
  "userAgent": "Mozilla/5.0 (Linux; Android 10; K) AppleWebKit/537.36 (KHTML, like Gecko) Chrome/145.0.0.0 Mobile Safari/537.36",
  "timestamp": "2026-04-13T20:02:16.355Z"
}