{
  "buildNumber": "273",
  "buildId": "BF-xNiwv",
  "sessionId": "P_6xpY7hD",
  "durationSec": 9.953,
  "avgFps": 36.03198500010421,
  "minFps": 32.3977484250669,
  "maxFps": 40.321994488695054,
  "avgSectionTimingsMs": {
    "hud": 0.02232415905786217,
    "camera": 0.007339449377234923,
    "autoEngage": 0.004594180795719211,
    "syncPlayers": 0.0702453995226351,
    "syncUnits": 0.03374233110550722,
    "syncResources": 0.029754601281844765,
    "sendClientPoses": 0.0033742331105507226,
    "effectsAndFog": 9.710122698929412,
    "syncStructures": 0.07397260241312524
  },
  "userAgent": "Mozilla/5.0 (Linux; Android 10; K) AppleWebKit/537.36 (KHTML, like Gecko) Chrome/145.0.0.0 Mobile Safari/537.36",
  "timestamp": "2026-04-13T20:02:06.842Z"
}