{
  "buildNumber": "273",
  "buildId": "BF-xNiwv",
  "sessionId": "P_6xpY7hD",
  "durationSec": 7.527,
  "avgFps": 36.909055559335144,
  "minFps": 33.92933053345227,
  "maxFps": 40.321994488695054,
  "avgSectionTimingsMs": {
    "hud": 0.023412698672877416,
    "camera": 0.007539682326808808,
    "autoEngage": 0.003180914560321785,
    "syncPlayers": 0.067330678145724,
    "syncUnits": 0.03386454171393497,
    "syncResources": 0.03187250996015936,
    "sendClientPoses": 0.0035856572755304465,
    "effectsAndFog": 9.278087649093681,
    "syncStructures": 0.00545454512942921
  },
  "userAgent": "Mozilla/5.0 (Linux; Android 10; K) AppleWebKit/537.36 (KHTML, like Gecko) Chrome/145.0.0.0 Mobile Safari/537.36",
  "timestamp": "2026-04-13T20:02:04.416Z"
}