{
  "buildNumber": "274",
  "buildId": "CB7E_Olw",
  "sessionId": "PJns0EXEj",
  "durationSec": 29.23,
  "avgFps": 40.958456668116185,
  "minFps": 31.192882327528594,
  "maxFps": 47.48005890965272,
  "avgSectionTimingsMs": {
    "hud": 0.018619436767294016,
    "camera": 0.007992733943256652,
    "autoEngage": 0.004361653777481696,
    "syncPlayers": 0.10136363666165958,
    "syncUnits": 0.6516363639181311,
    "syncResources": 0.02081818176941438,
    "sendClientPoses": 0.08772727261890065,
    "effectsAndFog": 0.0568181816556237,
    "syncStructures": 0.22580645161290322
  },
  "userAgent": "Mozilla/5.0 (Linux; Android 10; K) AppleWebKit/537.36 (KHTML, like Gecko) Chrome/145.0.0.0 Mobile Safari/537.36",
  "timestamp": "2026-04-13T20:10:57.715Z"
}