{
  "buildNumber": "277",
  "buildId": "CMEduUks",
  "sessionId": "q0WoIYLvG",
  "durationSec": 4.298,
  "avgFps": 38.48173152199185,
  "minFps": 38.293317991131715,
  "maxFps": 39.361938941941844,
  "avgSectionTimingsMs": {
    "hud": 0.02062499988824129,
    "camera": 0.008125000074505806,
    "autoEngage": 0.0031347965185171385,
    "syncPlayers": 0.07295597499271608,
    "syncUnits": 0.027672956012329965,
    "syncResources": 0.025157231954658556,
    "sendClientPoses": 0.0018867923403685948,
    "effectsAndFog": 0.042767294547842734,
    "syncStructures": 0.17812500149011612
  },
  "userAgent": "Mozilla/5.0 (Linux; Android 10; K) AppleWebKit/537.36 (KHTML, like Gecko) Chrome/145.0.0.0 Mobile Safari/537.36",
  "timestamp": "2026-04-13T20:25:09.137Z"
}