{
  "buildNumber": "273",
  "buildId": "BF-xNiwv",
  "sessionId": "P_6xpY7hD",
  "durationSec": 19.726,
  "avgFps": 34.201651615569276,
  "minFps": 31.245944527628296,
  "maxFps": 40.321994488695054,
  "avgSectionTimingsMs": {
    "hud": 0.023040752519260754,
    "camera": 0.00893416921359992,
    "autoEngage": 0.0037647058683283187,
    "syncPlayers": 0.07519623281630092,
    "syncUnits": 0.034065933906863584,
    "syncResources": 0.029670329773257627,
    "sendClientPoses": 0.004238618505618636,
    "effectsAndFog": 9.92464678146214,
    "syncStructures": 0.16250000004139212
  },
  "userAgent": "Mozilla/5.0 (Linux; Android 10; K) AppleWebKit/537.36 (KHTML, like Gecko) Chrome/145.0.0.0 Mobile Safari/537.36",
  "timestamp": "2026-04-13T20:02:16.616Z"
}