{
  "buildNumber": "276",
  "buildId": "BdYYCv-Z",
  "sessionId": "P2QeoMsYc",
  "durationSec": 7.006,
  "avgFps": 41.624230046197454,
  "minFps": 40.51320644167809,
  "maxFps": 42.24570034076106,
  "avgSectionTimingsMs": {
    "hud": 0.027272727627020616,
    "camera": 0.006993007201414842,
    "autoEngage": 0.0031523642418889784,
    "syncPlayers": 0.10666666741956744,
    "syncUnits": 0.03473684160332931,
    "syncResources": 0.026315789264545107,
    "sendClientPoses": 0.002456140309049372,
    "effectsAndFog": 0.05684210543046918,
    "syncStructures": 0.21346153777379256
  },
  "userAgent": "Mozilla/5.0 (Linux; Android 10; K) AppleWebKit/537.36 (KHTML, like Gecko) Chrome/145.0.0.0 Mobile Safari/537.36",
  "timestamp": "2026-04-13T20:20:25.979Z"
}