{
  "buildNumber": "275",
  "buildId": "DlwQSAVw",
  "sessionId": "7MiGiHpAI",
  "durationSec": 6.311,
  "avgFps": 18.248260404222673,
  "minFps": 15.453768091335075,
  "maxFps": 20.130142232611743,
  "avgSectionTimingsMs": {
    "hud": 0.023880598037990173,
    "camera": 0.009701492181464808,
    "autoEngage": 0.007865168293763635,
    "syncPlayers": 0.1451127809241302,
    "syncUnits": 1.1706766920878475,
    "syncStructures": 0.08222222129503885,
    "syncResources": 0.03759398451425079,
    "sendClientPoses": 0.21729323379975513,
    "effectsAndFog": 17.543609022197867
  },
  "userAgent": "Mozilla/5.0 (Linux; Android 10; K) AppleWebKit/537.36 (KHTML, like Gecko) Chrome/145.0.0.0 Mobile Safari/537.36",
  "timestamp": "2026-04-13T20:14:27.539Z"
}