{
  "buildNumber": "276",
  "buildId": "BdYYCv-Z",
  "sessionId": "P2QeoMsYc",
  "durationSec": 20.388,
  "avgFps": 39.40362323994158,
  "minFps": 35.407549796010784,
  "maxFps": 42.24570034076106,
  "avgSectionTimingsMs": {
    "hud": 0.026727510166914242,
    "camera": 0.006649283068121023,
    "autoEngage": 0.004761904691918878,
    "syncPlayers": 0.11018276770961502,
    "syncUnits": 0.2073107048596788,
    "syncResources": 0.027676240076595436,
    "sendClientPoses": 0.03694516980616916,
    "effectsAndFog": 0.059138381644577645,
    "syncStructures": 0.29072847666329893
  },
  "userAgent": "Mozilla/5.0 (Linux; Android 10; K) AppleWebKit/537.36 (KHTML, like Gecko) Chrome/145.0.0.0 Mobile Safari/537.36",
  "timestamp": "2026-04-13T20:20:39.360Z"
}