{
  "buildNumber": "276",
  "buildId": "BdYYCv-Z",
  "sessionId": "P2QeoMsYc",
  "durationSec": 15.075,
  "avgFps": 40.35526602068815,
  "minFps": 36.74621807043228,
  "maxFps": 42.24570034076106,
  "avgSectionTimingsMs": {
    "hud": 0.025945017530336414,
    "camera": 0.006185567153688149,
    "autoEngage": 0.004643164184312829,
    "syncPlayers": 0.1094664373209062,
    "syncUnits": 0.16833046437746071,
    "syncResources": 0.02753872607743268,
    "sendClientPoses": 0.031841652528759534,
    "effectsAndFog": 0.05886402787727251,
    "syncStructures": 0.28125000026609215
  },
  "userAgent": "Mozilla/5.0 (Linux; Android 10; K) AppleWebKit/537.36 (KHTML, like Gecko) Chrome/145.0.0.0 Mobile Safari/537.36",
  "timestamp": "2026-04-13T20:20:34.048Z"
}