{
  "buildNumber": "274",
  "buildId": "CB7E_Olw",
  "sessionId": "PJns0EXEj",
  "durationSec": 24.489,
  "avgFps": 42.27101209849572,
  "minFps": 33.33799846725086,
  "maxFps": 47.48005890965272,
  "avgSectionTimingsMs": {
    "hud": 0.018181818125763655,
    "camera": 0.007523511083895883,
    "autoEngage": 0.0043387349463232016,
    "syncPlayers": 0.0989539751697285,
    "syncUnits": 0.5470711299876788,
    "syncResources": 0.020397489570922932,
    "sendClientPoses": 0.0739539748829279,
    "effectsAndFog": 0.056276150390692836,
    "syncStructures": 0.2562841525494727
  },
  "userAgent": "Mozilla/5.0 (Linux; Android 10; K) AppleWebKit/537.36 (KHTML, like Gecko) Chrome/145.0.0.0 Mobile Safari/537.36",
  "timestamp": "2026-04-13T20:10:52.974Z"
}