{
  "buildNumber": "275",
  "buildId": "DlwQSAVw",
  "sessionId": "7MiGiHpAI",
  "durationSec": 6.968,
  "avgFps": 18.45878514053454,
  "minFps": 15.453768091335075,
  "maxFps": 20.823205005844105,
  "avgSectionTimingsMs": {
    "hud": 0.024161074985593757,
    "camera": 0.010738254793538344,
    "autoEngage": 0.007744107583556512,
    "syncPlayers": 0.14256756692319303,
    "syncUnits": 1.1283783789824795,
    "syncStructures": 0.0799999988079071,
    "syncResources": 0.03648648592265877,
    "sendClientPoses": 0.2148648655495128,
    "effectsAndFog": 17.399324324686784
  },
  "userAgent": "Mozilla/5.0 (Linux; Android 10; K) AppleWebKit/537.36 (KHTML, like Gecko) Chrome/145.0.0.0 Mobile Safari/537.36",
  "timestamp": "2026-04-13T20:14:28.196Z"
}