{
  "buildNumber": "277",
  "buildId": "CMEduUks",
  "sessionId": "q0WoIYLvG",
  "durationSec": 22.273,
  "avgFps": 37.891025743881265,
  "minFps": 35.96194021310538,
  "maxFps": 39.361938941941844,
  "avgSectionTimingsMs": {
    "hud": 0.023227383680914898,
    "camera": 0.007823960705316445,
    "autoEngage": 0.004403669881529035,
    "syncPlayers": 0.07674418614135378,
    "syncUnits": 0.14467564294504565,
    "syncResources": 0.025581395027833003,
    "sendClientPoses": 0.021787025499518966,
    "effectsAndFog": 0.04834761292727224,
    "syncStructures": 0.2413173653408439
  },
  "userAgent": "Mozilla/5.0 (Linux; Android 10; K) AppleWebKit/537.36 (KHTML, like Gecko) Chrome/145.0.0.0 Mobile Safari/537.36",
  "timestamp": "2026-04-13T20:25:27.113Z"
}