{
  "buildNumber": "274",
  "buildId": "CB7E_Olw",
  "sessionId": "PJns0EXEj",
  "durationSec": 28.063,
  "avgFps": 41.2872879714089,
  "minFps": 31.92384310337146,
  "maxFps": 47.48005890965272,
  "avgSectionTimingsMs": {
    "hud": 0.018591549167051,
    "camera": 0.007981220741227198,
    "autoEngage": 0.00446218880704447,
    "syncPlayers": 0.10046992512573873,
    "syncUnits": 0.592951127993209,
    "syncResources": 0.020676691729323307,
    "sendClientPoses": 0.0846804510101788,
    "effectsAndFog": 0.056578947161149265,
    "syncStructures": 0.2315789472543452
  },
  "userAgent": "Mozilla/5.0 (Linux; Android 10; K) AppleWebKit/537.36 (KHTML, like Gecko) Chrome/145.0.0.0 Mobile Safari/537.36",
  "timestamp": "2026-04-13T20:10:56.549Z"
}