{
  "buildNumber": "276",
  "buildId": "BdYYCv-Z",
  "sessionId": "P2QeoMsYc",
  "durationSec": 33.229,
  "avgFps": 37.10466532320556,
  "minFps": 30.10412674515579,
  "maxFps": 42.24570034076106,
  "avgSectionTimingsMs": {
    "hud": 0.02523768388617111,
    "camera": 0.007951599004048156,
    "autoEngage": 0.005058365689177458,
    "syncPlayers": 0.11955017315475173,
    "syncUnits": 0.44385813153429426,
    "syncResources": 0.0271626296340388,
    "sendClientPoses": 0.07923875447478673,
    "effectsAndFog": 0.06055363342423752,
    "syncStructures": 0.21666666623053513
  },
  "userAgent": "Mozilla/5.0 (Linux; Android 10; K) AppleWebKit/537.36 (KHTML, like Gecko) Chrome/145.0.0.0 Mobile Safari/537.36",
  "timestamp": "2026-04-13T20:20:52.201Z"
}