{
  "buildNumber": "277",
  "buildId": "CMEduUks",
  "sessionId": "q0WoIYLvG",
  "durationSec": 32.19,
  "avgFps": 36.317006587634474,
  "minFps": 28.205699546474133,
  "maxFps": 39.361938941941844,
  "avgSectionTimingsMs": {
    "hud": 0.02242479469956543,
    "camera": 0.008933454751968384,
    "autoEngage": 0.005608755203343612,
    "syncPlayers": 0.08284671506742491,
    "syncUnits": 0.5416058398184985,
    "syncResources": 0.02572992686046301,
    "sendClientPoses": 0.06049270063203617,
    "effectsAndFog": 0.05036496338400528,
    "syncStructures": 0.1866108787608446
  },
  "userAgent": "Mozilla/5.0 (Linux; Android 10; K) AppleWebKit/537.36 (KHTML, like Gecko) Chrome/145.0.0.0 Mobile Safari/537.36",
  "timestamp": "2026-04-13T20:25:37.030Z"
}