{
  "buildNumber": "274",
  "buildId": "CB7E_Olw",
  "sessionId": "PJns0EXEj",
  "durationSec": 10.949,
  "avgFps": 45.28912054466139,
  "minFps": 44.012616156154714,
  "maxFps": 47.48005890965272,
  "avgSectionTimingsMs": {
    "hud": 0.01891891909240437,
    "camera": 0.006237006484842598,
    "autoEngage": 0.0023933402519444396,
    "syncPlayers": 0.0837500009064873,
    "syncUnits": 0.017291666567325593,
    "syncResources": 0.01895833338300387,
    "sendClientPoses": 0.005416666654249032,
    "effectsAndFog": 0.05187499945362409,
    "syncStructures": 0.36144578349159423
  },
  "userAgent": "Mozilla/5.0 (Linux; Android 10; K) AppleWebKit/537.36 (KHTML, like Gecko) Chrome/145.0.0.0 Mobile Safari/537.36",
  "timestamp": "2026-04-13T20:10:39.434Z"
}