{
  "buildNumber": "274",
  "buildId": "CB7E_Olw",
  "sessionId": "PJns0EXEj",
  "durationSec": 3.47,
  "avgFps": 46.47419610546068,
  "minFps": 45.86004418223954,
  "maxFps": 47.48005890965272,
  "avgSectionTimingsMs": {
    "hud": 0.019480519674041054,
    "camera": 0.005194805465735398,
    "autoEngage": 0.0016286643980380378,
    "syncPlayers": 0.0816993467948016,
    "syncUnits": 0.023529411530962177,
    "syncResources": 0.027450980119455872,
    "sendClientPoses": 0.004575163515564663,
    "effectsAndFog": 0.058169934484693736,
    "syncStructures": 0.0037037045867354783
  },
  "userAgent": "Mozilla/5.0 (Linux; Android 10; K) AppleWebKit/537.36 (KHTML, like Gecko) Chrome/145.0.0.0 Mobile Safari/537.36",
  "timestamp": "2026-04-13T20:10:31.955Z"
}