{
  "buildNumber": "275",
  "buildId": "DlwQSAVw",
  "sessionId": "7MiGiHpAI",
  "durationSec": 20.38,
  "avgFps": 21.088664205907495,
  "minFps": 15.453768091335075,
  "maxFps": 23.285890513152527,
  "avgSectionTimingsMs": {
    "hud": 0.017516629857128846,
    "camera": 0.010421285806368301,
    "autoEngage": 0.0064372918780450684,
    "syncPlayers": 0.12288888891537984,
    "syncUnits": 0.8624444440338347,
    "syncStructures": 0.0726666667064031,
    "syncResources": 0.029111110899183484,
    "sendClientPoses": 0.19222222242090437,
    "effectsAndFog": 16.452666667236223
  },
  "userAgent": "Mozilla/5.0 (Linux; Android 10; K) AppleWebKit/537.36 (KHTML, like Gecko) Chrome/145.0.0.0 Mobile Safari/537.36",
  "timestamp": "2026-04-13T20:14:41.608Z"
}