{
  "buildNumber": "273",
  "buildId": "BF-xNiwv",
  "sessionId": "P_6xpY7hD",
  "durationSec": 3.572,
  "avgFps": 38.01277800135058,
  "minFps": 36.25813106868867,
  "maxFps": 40.321994488695054,
  "avgSectionTimingsMs": {
    "hud": 0.026612903081601667,
    "camera": 0.007258064323855984,
    "autoEngage": 0.002834008048903122,
    "syncPlayers": 0.06504065016420876,
    "syncUnits": 0.029268292634467768,
    "syncResources": 0.043089431475817674,
    "sendClientPoses": 0.00162601616324448,
    "effectsAndFog": 8.810569105836434,
    "syncStructures": 0.0038461536169052124
  },
  "userAgent": "Mozilla/5.0 (Linux; Android 10; K) AppleWebKit/537.36 (KHTML, like Gecko) Chrome/145.0.0.0 Mobile Safari/537.36",
  "timestamp": "2026-04-13T20:02:00.462Z"
}