{
  "buildNumber": "274",
  "buildId": "CB7E_Olw",
  "sessionId": "PJns0EXEj",
  "durationSec": 3.427,
  "avgFps": 46.47324770089424,
  "minFps": 45.86004418223954,
  "maxFps": 47.48005890965272,
  "avgSectionTimingsMs": {
    "hud": 0.01973684230133107,
    "camera": 0.005263158169231917,
    "autoEngage": 0.0016501649181441505,
    "syncPlayers": 0.08211920573221927,
    "syncUnits": 0.02384105936580936,
    "syncResources": 0.027152317643955055,
    "sendClientPoses": 0.004635761707823797,
    "effectsAndFog": 0.05827814557694441,
    "syncStructures": 0.0037037045867354783
  },
  "userAgent": "Mozilla/5.0 (Linux; Android 10; K) AppleWebKit/537.36 (KHTML, like Gecko) Chrome/145.0.0.0 Mobile Safari/537.36",
  "timestamp": "2026-04-13T20:10:31.912Z"
}