{
  "buildNumber": "277",
  "buildId": "CMEduUks",
  "sessionId": "q0WoIYLvG",
  "durationSec": 28.424,
  "avgFps": 37.03768856429633,
  "minFps": 30.267396097498498,
  "maxFps": 39.361938941941844,
  "avgSectionTimingsMs": {
    "hud": 0.022914572726542026,
    "camera": 0.008442210881554302,
    "autoEngage": 0.005429864319321377,
    "syncPlayers": 0.07997987912574285,
    "syncUnits": 0.399496982215156,
    "syncResources": 0.02595573426852044,
    "sendClientPoses": 0.04919517091222452,
    "effectsAndFog": 0.04979879260662816,
    "syncStructures": 0.20518867924528303
  },
  "userAgent": "Mozilla/5.0 (Linux; Android 10; K) AppleWebKit/537.36 (KHTML, like Gecko) Chrome/145.0.0.0 Mobile Safari/537.36",
  "timestamp": "2026-04-13T20:25:33.264Z"
}