{
  "buildNumber": "273",
  "buildId": "BF-xNiwv",
  "sessionId": "P_6xpY7hD",
  "durationSec": 36.949,
  "avgFps": 32.12594085118765,
  "minFps": 21.61967110079656,
  "maxFps": 40.321994488695054,
  "avgSectionTimingsMs": {
    "hud": 0.02664809658113407,
    "camera": 0.007706592314311942,
    "autoEngage": 0.004691128641076272,
    "syncPlayers": 0.07862453567051089,
    "syncUnits": 0.2763940521332411,
    "syncResources": 0.02685873606501902,
    "sendClientPoses": 0.03866170989314863,
    "effectsAndFog": 12.435594795250982,
    "syncStructures": 0.16891385787881716
  },
  "userAgent": "Mozilla/5.0 (Linux; Android 10; K) AppleWebKit/537.36 (KHTML, like Gecko) Chrome/145.0.0.0 Mobile Safari/537.36",
  "timestamp": "2026-04-13T20:02:33.838Z"
}