{
  "buildNumber": "277",
  "buildId": "CMEduUks",
  "sessionId": "q0WoIYLvG",
  "durationSec": 12.243,
  "avgFps": 38.271184085744565,
  "minFps": 37.45324088294771,
  "maxFps": 39.361938941941844,
  "avgSectionTimingsMs": {
    "hud": 0.02065934060694097,
    "camera": 0.008351648115849757,
    "autoEngage": 0.003520352218804186,
    "syncPlayers": 0.07555066068792134,
    "syncUnits": 0.03325991220936376,
    "syncResources": 0.028193831968937676,
    "sendClientPoses": 0.004405286343612335,
    "effectsAndFog": 0.051762114209225524,
    "syncStructures": 0.2054347829974216
  },
  "userAgent": "Mozilla/5.0 (Linux; Android 10; K) AppleWebKit/537.36 (KHTML, like Gecko) Chrome/145.0.0.0 Mobile Safari/537.36",
  "timestamp": "2026-04-13T20:25:17.083Z"
}