{
  "buildNumber": "277",
  "buildId": "CMEduUks",
  "sessionId": "q0WoIYLvG",
  "durationSec": 1.616,
  "avgFps": 38.656059233137704,
  "minFps": 38.39109065484229,
  "maxFps": 39.361938941941844,
  "avgSectionTimingsMs": {
    "hud": 0.02203389749688617,
    "camera": 0.005084745459637399,
    "autoEngage": 0.0051282058414231,
    "syncPlayers": 0.07931034369715328,
    "syncUnits": 0.024137931651082533,
    "syncResources": 0.022413792281315244,
    "sendClientPoses": 0.0017241378282678538,
    "effectsAndFog": 0.04827586124683249,
    "syncStructures": 0.008333335320154825
  },
  "userAgent": "Mozilla/5.0 (Linux; Android 10; K) AppleWebKit/537.36 (KHTML, like Gecko) Chrome/145.0.0.0 Mobile Safari/537.36",
  "timestamp": "2026-04-13T20:25:06.456Z"
}