{
  "buildNumber": "276",
  "buildId": "BdYYCv-Z",
  "sessionId": "P2QeoMsYc",
  "durationSec": 32.247,
  "avgFps": 37.2665833737694,
  "minFps": 30.10412674515579,
  "maxFps": 42.24570034076106,
  "avgSectionTimingsMs": {
    "hud": 0.0251327435790965,
    "camera": 0.007876106252712485,
    "autoEngage": 0.005002213308060786,
    "syncPlayers": 0.11886625349574431,
    "syncUnits": 0.4261293180280285,
    "syncResources": 0.02692648340792018,
    "sendClientPoses": 0.07599645723696828,
    "effectsAndFog": 0.06014171857766286,
    "syncStructures": 0.22092050164314495
  },
  "userAgent": "Mozilla/5.0 (Linux; Android 10; K) AppleWebKit/537.36 (KHTML, like Gecko) Chrome/145.0.0.0 Mobile Safari/537.36",
  "timestamp": "2026-04-13T20:20:51.220Z"
}