{
  "buildNumber": "277",
  "buildId": "CMEduUks",
  "sessionId": "q0WoIYLvG",
  "durationSec": 5.289,
  "avgFps": 38.460391435369644,
  "minFps": 38.293317991131715,
  "maxFps": 39.361938941941844,
  "avgSectionTimingsMs": {
    "hud": 0.022448979318141937,
    "camera": 0.007142857173267676,
    "autoEngage": 0.0028132995223755118,
    "syncPlayers": 0.06871794844285035,
    "syncUnits": 0.029230769475301108,
    "syncResources": 0.02461538375952305,
    "sendClientPoses": 0.0015384614467620849,
    "effectsAndFog": 0.04102564010864649,
    "syncStructures": 0.17435897619296342
  },
  "userAgent": "Mozilla/5.0 (Linux; Android 10; K) AppleWebKit/537.36 (KHTML, like Gecko) Chrome/145.0.0.0 Mobile Safari/537.36",
  "timestamp": "2026-04-13T20:25:10.128Z"
}