{
  "buildNumber": "274",
  "buildId": "CB7E_Olw",
  "sessionId": "PJns0EXEj",
  "durationSec": 29.66,
  "avgFps": 40.849767858428464,
  "minFps": 31.192882327528594,
  "maxFps": 47.48005890965272,
  "avgSectionTimingsMs": {
    "hud": 0.01858168749449711,
    "camera": 0.008078994694261191,
    "autoEngage": 0.004355635378571653,
    "syncPlayers": 0.10134770922690818,
    "syncUnits": 0.6503144656872814,
    "syncResources": 0.02075471694900019,
    "sendClientPoses": 0.0884097033755156,
    "effectsAndFog": 0.05660377345102281,
    "syncStructures": 0.22318181815472515
  },
  "userAgent": "Mozilla/5.0 (Linux; Android 10; K) AppleWebKit/537.36 (KHTML, like Gecko) Chrome/145.0.0.0 Mobile Safari/537.36",
  "timestamp": "2026-04-13T20:10:58.145Z"
}