{
  "buildNumber": "275",
  "buildId": "DlwQSAVw",
  "sessionId": "7MiGiHpAI",
  "durationSec": 15.767,
  "avgFps": 20.53892162729734,
  "minFps": 15.453768091335075,
  "maxFps": 22.854172486012928,
  "avgSectionTimingsMs": {
    "hud": 0.016426513363373727,
    "camera": 0.010374639494618353,
    "autoEngage": 0.006204906222108122,
    "syncPlayers": 0.12427745673353273,
    "syncUnits": 0.8939306357864699,
    "syncStructures": 0.0775862071534683,
    "syncResources": 0.029479768493271975,
    "sendClientPoses": 0.1852601157619774,
    "effectsAndFog": 16.632080925423974
  },
  "userAgent": "Mozilla/5.0 (Linux; Android 10; K) AppleWebKit/537.36 (KHTML, like Gecko) Chrome/145.0.0.0 Mobile Safari/537.36",
  "timestamp": "2026-04-13T20:14:36.995Z"
}