{
  "buildNumber": "273",
  "buildId": "BF-xNiwv",
  "sessionId": "P_6xpY7hD",
  "durationSec": 54.579,
  "avgFps": 29.174190358693785,
  "minFps": 18.005645273948964,
  "maxFps": 40.321994488695054,
  "avgSectionTimingsMs": {
    "hud": 0.02618705044976241,
    "camera": 0.007841726580112101,
    "autoEngage": 0.005217704210147535,
    "syncPlayers": 0.0856011524270815,
    "syncUnits": 0.5570194383505181,
    "syncResources": 0.027213822774015115,
    "sendClientPoses": 0.09467242629172735,
    "effectsAndFog": 16.66112311015977,
    "syncStructures": 0.14133333349227906
  },
  "userAgent": "Mozilla/5.0 (Linux; Android 10; K) AppleWebKit/537.36 (KHTML, like Gecko) Chrome/145.0.0.0 Mobile Safari/537.36",
  "timestamp": "2026-04-13T20:02:51.469Z"
}