{
  "buildNumber": "277",
  "buildId": "CMEduUks",
  "sessionId": "q0WoIYLvG",
  "durationSec": 23.544,
  "avgFps": 37.776926673108846,
  "minFps": 35.221455159829034,
  "maxFps": 39.361938941941844,
  "avgSectionTimingsMs": {
    "hud": 0.023076922917143725,
    "camera": 0.007808857656025387,
    "autoEngage": 0.004606414119286718,
    "syncPlayers": 0.07747957997171853,
    "syncUnits": 0.18984830824608284,
    "syncResources": 0.025904317094119594,
    "sendClientPoses": 0.02835472566244065,
    "effectsAndFog": 0.04889148171195628,
    "syncStructures": 0.23050847464362106
  },
  "userAgent": "Mozilla/5.0 (Linux; Android 10; K) AppleWebKit/537.36 (KHTML, like Gecko) Chrome/145.0.0.0 Mobile Safari/537.36",
  "timestamp": "2026-04-13T20:25:28.383Z"
}