{
  "buildNumber": "274",
  "buildId": "CB7E_Olw",
  "sessionId": "PJns0EXEj",
  "durationSec": 12.852,
  "avgFps": 45.07578366058201,
  "minFps": 42.882096587837026,
  "maxFps": 47.48005890965272,
  "avgSectionTimingsMs": {
    "hud": 0.018444846379174894,
    "camera": 0.006148282323995938,
    "autoEngage": 0.003076923055346735,
    "syncPlayers": 0.08840579793289088,
    "syncUnits": 0.07771739104519719,
    "syncResources": 0.019927536339863487,
    "sendClientPoses": 0.01865942020347153,
    "effectsAndFog": 0.053260869198087334,
    "syncStructures": 0.38061224532370663
  },
  "userAgent": "Mozilla/5.0 (Linux; Android 10; K) AppleWebKit/537.36 (KHTML, like Gecko) Chrome/145.0.0.0 Mobile Safari/537.36",
  "timestamp": "2026-04-13T20:10:41.338Z"
}