{
  "buildNumber": "273",
  "buildId": "BF-xNiwv",
  "sessionId": "P_6xpY7hD",
  "durationSec": 13.181,
  "avgFps": 35.20310816145836,
  "minFps": 32.298311318800174,
  "maxFps": 40.321994488695054,
  "avgSectionTimingsMs": {
    "hud": 0.02193995387945109,
    "camera": 0.008314087608394667,
    "autoEngage": 0.004277456668070975,
    "syncPlayers": 0.07037037072910203,
    "syncUnits": 0.034259259286854,
    "syncResources": 0.026388889040659974,
    "sendClientPoses": 0.004398148023971805,
    "effectsAndFog": 9.718749999862027,
    "syncStructures": 0.18958333289871612
  },
  "userAgent": "Mozilla/5.0 (Linux; Android 10; K) AppleWebKit/537.36 (KHTML, like Gecko) Chrome/145.0.0.0 Mobile Safari/537.36",
  "timestamp": "2026-04-13T20:02:10.070Z"
}