{
  "buildNumber": "273",
  "buildId": "BF-xNiwv",
  "sessionId": "P_6xpY7hD",
  "durationSec": 14.924,
  "avgFps": 34.90048707771104,
  "minFps": 32.098293815714115,
  "maxFps": 40.321994488695054,
  "avgSectionTimingsMs": {
    "hud": 0.02217659152263978,
    "camera": 0.008624229893792091,
    "autoEngage": 0.004008222030588681,
    "syncPlayers": 0.0711934160548473,
    "syncUnits": 0.03436213989316681,
    "syncResources": 0.0257201646090535,
    "sendClientPoses": 0.004115226214805257,
    "effectsAndFog": 9.830864197555393,
    "syncStructures": 0.1715596326447408
  },
  "userAgent": "Mozilla/5.0 (Linux; Android 10; K) AppleWebKit/537.36 (KHTML, like Gecko) Chrome/145.0.0.0 Mobile Safari/537.36",
  "timestamp": "2026-04-13T20:02:11.813Z"
}