{
  "buildNumber": "275",
  "buildId": "DlwQSAVw",
  "sessionId": "7MiGiHpAI",
  "durationSec": 4.467,
  "avgFps": 17.540217512446812,
  "minFps": 15.453768091335075,
  "maxFps": 19.50685631014899,
  "avgSectionTimingsMs": {
    "hud": 0.023958335320154827,
    "camera": 0.009374999751647314,
    "autoEngage": 0.006806282628893228,
    "syncPlayers": 0.1294736833948838,
    "syncUnits": 1.2494736843987515,
    "syncStructures": 0.078125,
    "syncResources": 0.041052631014271784,
    "sendClientPoses": 0.20947368427326804,
    "effectsAndFog": 17.444210526817724
  },
  "userAgent": "Mozilla/5.0 (Linux; Android 10; K) AppleWebKit/537.36 (KHTML, like Gecko) Chrome/145.0.0.0 Mobile Safari/537.36",
  "timestamp": "2026-04-13T20:14:25.695Z"
}