{
  "buildNumber": "277",
  "buildId": "CMEduUks",
  "sessionId": "q0WoIYLvG",
  "durationSec": 5.418,
  "avgFps": 38.45770735414182,
  "minFps": 38.293317991131715,
  "maxFps": 39.361938941941844,
  "avgSectionTimingsMs": {
    "hud": 0.022388059404952015,
    "camera": 0.006965174159007286,
    "autoEngage": 0.0029925190451139225,
    "syncPlayers": 0.0689999996125698,
    "syncUnits": 0.029000000208616258,
    "syncResources": 0.023999999165534972,
    "sendClientPoses": 0.0019999998807907105,
    "effectsAndFog": 0.0409999991953373,
    "syncStructures": 0.17250000163912774
  },
  "userAgent": "Mozilla/5.0 (Linux; Android 10; K) AppleWebKit/537.36 (KHTML, like Gecko) Chrome/145.0.0.0 Mobile Safari/537.36",
  "timestamp": "2026-04-13T20:25:10.257Z"
}