{
  "buildNumber": "273",
  "buildId": "BF-xNiwv",
  "sessionId": "P_6xpY7hD",
  "durationSec": 18.415,
  "avgFps": 34.37614910473069,
  "minFps": 31.245944527628296,
  "maxFps": 40.321994488695054,
  "avgSectionTimingsMs": {
    "hud": 0.022986577311218184,
    "camera": 0.008724832194763542,
    "autoEngage": 0.0040302266852381245,
    "syncPlayers": 0.07445378188325577,
    "syncUnits": 0.03411764697868283,
    "syncResources": 0.02857142877178032,
    "sendClientPoses": 0.004537815106015246,
    "effectsAndFog": 9.900336134183307,
    "syncStructures": 0.16865671637342938
  },
  "userAgent": "Mozilla/5.0 (Linux; Android 10; K) AppleWebKit/537.36 (KHTML, like Gecko) Chrome/145.0.0.0 Mobile Safari/537.36",
  "timestamp": "2026-04-13T20:02:15.305Z"
}