{
  "buildNumber": "274",
  "buildId": "CB7E_Olw",
  "sessionId": "PJns0EXEj",
  "durationSec": 9.116,
  "avgFps": 45.516484973024006,
  "minFps": 44.13353983316393,
  "maxFps": 47.48005890965272,
  "avgSectionTimingsMs": {
    "hud": 0.017250000312924386,
    "camera": 0.007000000327825546,
    "autoEngage": 0.002753441787333005,
    "syncPlayers": 0.08120300828066088,
    "syncUnits": 0.01904761873391039,
    "syncResources": 0.020300751939453278,
    "sendClientPoses": 0.005012531253628265,
    "effectsAndFog": 0.052130325620335746,
    "syncStructures": 0.3728571427719934
  },
  "userAgent": "Mozilla/5.0 (Linux; Android 10; K) AppleWebKit/537.36 (KHTML, like Gecko) Chrome/145.0.0.0 Mobile Safari/537.36",
  "timestamp": "2026-04-13T20:10:37.601Z"
}