{
  "buildNumber": "277",
  "buildId": "CMEduUks",
  "sessionId": "q0WoIYLvG",
  "durationSec": 40.484,
  "avgFps": 34.79173494855067,
  "minFps": 26.510727529094936,
  "maxFps": 39.361938941941844,
  "avgSectionTimingsMs": {
    "hud": 0.022205323048870827,
    "camera": 0.009809885822774794,
    "autoEngage": 0.006276150661623038,
    "syncPlayers": 0.08774733606901707,
    "syncUnits": 0.7705479453415631,
    "syncResources": 0.02640791459624263,
    "sendClientPoses": 0.08188736674629571,
    "effectsAndFog": 0.04984779306651976,
    "syncStructures": 0.16342281925198215
  },
  "userAgent": "Mozilla/5.0 (Linux; Android 10; K) AppleWebKit/537.36 (KHTML, like Gecko) Chrome/145.0.0.0 Mobile Safari/537.36",
  "timestamp": "2026-04-13T20:25:45.323Z"
}