{
  "buildNumber": "275",
  "buildId": "DlwQSAVw",
  "sessionId": "7MiGiHpAI",
  "durationSec": 5.903,
  "avgFps": 18.115107472765672,
  "minFps": 15.453768091335075,
  "maxFps": 20.130142232611743,
  "avgSectionTimingsMs": {
    "hud": 0.02480000114440918,
    "camera": 0.008799999713897706,
    "autoEngage": 0.008433734676445344,
    "syncPlayers": 0.14596774068570906,
    "syncUnits": 1.1983870976874906,
    "syncStructures": 0.08095237967513856,
    "syncResources": 0.03790322546997378,
    "sendClientPoses": 0.21935483957490615,
    "effectsAndFog": 17.624193547954484
  },
  "userAgent": "Mozilla/5.0 (Linux; Android 10; K) AppleWebKit/537.36 (KHTML, like Gecko) Chrome/145.0.0.0 Mobile Safari/537.36",
  "timestamp": "2026-04-13T20:14:27.131Z"
}