{
  "buildNumber": "275",
  "buildId": "DlwQSAVw",
  "sessionId": "7MiGiHpAI",
  "durationSec": 4.298,
  "avgFps": 17.454711477764107,
  "minFps": 15.453768091335075,
  "maxFps": 19.50685631014899,
  "avgSectionTimingsMs": {
    "hud": 0.023913045292315277,
    "camera": 0.009782608436501545,
    "autoEngage": 0.006557376821184419,
    "syncPlayers": 0.12637362539113223,
    "syncUnits": 1.2659340664580627,
    "syncStructures": 0.07741935503098273,
    "syncResources": 0.04065933987334534,
    "sendClientPoses": 0.21098901085801178,
    "effectsAndFog": 17.54065934118334
  },
  "userAgent": "Mozilla/5.0 (Linux; Android 10; K) AppleWebKit/537.36 (KHTML, like Gecko) Chrome/145.0.0.0 Mobile Safari/537.36",
  "timestamp": "2026-04-13T20:14:25.526Z"
}