{
  "buildNumber": "277",
  "buildId": "CMEduUks",
  "sessionId": "q0WoIYLvG",
  "durationSec": 26.539,
  "avgFps": 37.37356613954814,
  "minFps": 32.03092639555288,
  "maxFps": 39.361938941941844,
  "avgSectionTimingsMs": {
    "hud": 0.02309322019375987,
    "camera": 0.008050847261891527,
    "autoEngage": 0.004928457970712699,
    "syncPlayers": 0.07900318127295372,
    "syncUnits": 0.2979851541122222,
    "syncResources": 0.025980911761806728,
    "sendClientPoses": 0.0408271474019088,
    "effectsAndFog": 0.04973488853314016,
    "syncStructures": 0.2125628139804955
  },
  "userAgent": "Mozilla/5.0 (Linux; Android 10; K) AppleWebKit/537.36 (KHTML, like Gecko) Chrome/145.0.0.0 Mobile Safari/537.36",
  "timestamp": "2026-04-13T20:25:31.378Z"
}