{
  "buildNumber": "277",
  "buildId": "CMEduUks",
  "sessionId": "q0WoIYLvG",
  "durationSec": 19.087,
  "avgFps": 37.98069849937971,
  "minFps": 36.94121099749357,
  "maxFps": 39.361938941941844,
  "avgSectionTimingsMs": {
    "hud": 0.02120786499273911,
    "camera": 0.008005617793356434,
    "autoEngage": 0.003794799869695517,
    "syncPlayers": 0.07426160330846172,
    "syncUnits": 0.034317862635423364,
    "syncResources": 0.02461322048042394,
    "sendClientPoses": 0.005063291130857293,
    "effectsAndFog": 0.04796061858681519,
    "syncStructures": 0.25314685327189784
  },
  "userAgent": "Mozilla/5.0 (Linux; Android 10; K) AppleWebKit/537.36 (KHTML, like Gecko) Chrome/145.0.0.0 Mobile Safari/537.36",
  "timestamp": "2026-04-13T20:25:23.926Z"
}