{
  "buildNumber": "277",
  "buildId": "CMEduUks",
  "sessionId": "q0WoIYLvG",
  "durationSec": 15.025,
  "avgFps": 38.08359019600934,
  "minFps": 36.94121099749357,
  "maxFps": 39.361938941941844,
  "avgSectionTimingsMs": {
    "hud": 0.021005385814492107,
    "camera": 0.008078994399983322,
    "autoEngage": 0.0034141959848429638,
    "syncPlayers": 0.07517985597574453,
    "syncUnits": 0.03525179914004511,
    "syncResources": 0.02571942399946048,
    "sendClientPoses": 0.0052158273488497565,
    "effectsAndFog": 0.048920862966304206,
    "syncStructures": 0.2339285710560424
  },
  "userAgent": "Mozilla/5.0 (Linux; Android 10; K) AppleWebKit/537.36 (KHTML, like Gecko) Chrome/145.0.0.0 Mobile Safari/537.36",
  "timestamp": "2026-04-13T20:25:19.864Z"
}