{
  "buildNumber": "274",
  "buildId": "CB7E_Olw",
  "sessionId": "PJns0EXEj",
  "durationSec": 31.179,
  "avgFps": 40.4499527716443,
  "minFps": 31.192882327528594,
  "maxFps": 47.48005890965272,
  "avgSectionTimingsMs": {
    "hud": 0.019141630783613146,
    "camera": 0.007725321965156195,
    "autoEngage": 0.004336625158454073,
    "syncPlayers": 0.10206185598758488,
    "syncUnits": 0.6458762888236553,
    "syncResources": 0.020704467374434585,
    "sendClientPoses": 0.09261168370541838,
    "effectsAndFog": 0.05661512015201792,
    "syncStructures": 0.21471861469281184
  },
  "userAgent": "Mozilla/5.0 (Linux; Android 10; K) AppleWebKit/537.36 (KHTML, like Gecko) Chrome/145.0.0.0 Mobile Safari/537.36",
  "timestamp": "2026-04-13T20:10:59.664Z"
}