{
  "buildNumber": "273",
  "buildId": "BF-xNiwv",
  "sessionId": "P_6xpY7hD",
  "durationSec": 34.541,
  "avgFps": 32.57163185247802,
  "minFps": 22.879415290304994,
  "maxFps": 40.321994488695054,
  "avgSectionTimingsMs": {
    "hud": 0.02650485432263717,
    "camera": 0.007864077577313174,
    "autoEngage": 0.004662457500747711,
    "syncPlayers": 0.0782312929804054,
    "syncUnits": 0.22575315853365424,
    "syncResources": 0.02750242949690601,
    "sendClientPoses": 0.03012633613293558,
    "effectsAndFog": 11.744897958923012,
    "syncStructures": 0.17649402395187622
  },
  "userAgent": "Mozilla/5.0 (Linux; Android 10; K) AppleWebKit/537.36 (KHTML, like Gecko) Chrome/145.0.0.0 Mobile Safari/537.36",
  "timestamp": "2026-04-13T20:02:31.430Z"
}