{
  "buildNumber": "273",
  "buildId": "BF-xNiwv",
  "sessionId": "P_6xpY7hD",
  "durationSec": 42.26,
  "avgFps": 31.15070232900885,
  "minFps": 19.82888030923641,
  "maxFps": 40.321994488695054,
  "avgSectionTimingsMs": {
    "hud": 0.02638297882485897,
    "camera": 0.008085106306887687,
    "autoEngage": 0.004767986384794122,
    "syncPlayers": 0.08143100556259057,
    "syncUnits": 0.3839863714154372,
    "syncResources": 0.027001703516588097,
    "sendClientPoses": 0.05494037476166753,
    "effectsAndFog": 13.787393526308987,
    "syncStructures": 0.15733333349227904
  },
  "userAgent": "Mozilla/5.0 (Linux; Android 10; K) AppleWebKit/537.36 (KHTML, like Gecko) Chrome/145.0.0.0 Mobile Safari/537.36",
  "timestamp": "2026-04-13T20:02:39.149Z"
}