{
  "buildNumber": "274",
  "buildId": "CB7E_Olw",
  "sessionId": "PJns0EXEj",
  "durationSec": 26.529,
  "avgFps": 41.68138430703742,
  "minFps": 32.56512413782861,
  "maxFps": 47.48005890965272,
  "avgSectionTimingsMs": {
    "hud": 0.018217433794938852,
    "camera": 0.008129285113935255,
    "autoEngage": 0.004409603135717786,
    "syncPlayers": 0.09990196105311899,
    "syncUnits": 0.5790196080418194,
    "syncResources": 0.020098039274122202,
    "sendClientPoses": 0.08088235288274054,
    "effectsAndFog": 0.05647058802492479,
    "syncStructures": 0.24170854253385535
  },
  "userAgent": "Mozilla/5.0 (Linux; Android 10; K) AppleWebKit/537.36 (KHTML, like Gecko) Chrome/145.0.0.0 Mobile Safari/537.36",
  "timestamp": "2026-04-13T20:10:55.015Z"
}