{
  "buildNumber": "277",
  "buildId": "CMEduUks",
  "sessionId": "q0WoIYLvG",
  "durationSec": 6.854,
  "avgFps": 38.39200911133447,
  "minFps": 38.014368527508694,
  "maxFps": 39.361938941941844,
  "avgSectionTimingsMs": {
    "hud": 0.020233462640747487,
    "camera": 0.005836575875486381,
    "autoEngage": 0.002923976840563917,
    "syncPlayers": 0.06874999986030161,
    "syncUnits": 0.028906250023283064,
    "syncResources": 0.027734374161809683,
    "sendClientPoses": 0.00390625,
    "effectsAndFog": 0.045312499394640326,
    "syncStructures": 0.16730769379780844
  },
  "userAgent": "Mozilla/5.0 (Linux; Android 10; K) AppleWebKit/537.36 (KHTML, like Gecko) Chrome/145.0.0.0 Mobile Safari/537.36",
  "timestamp": "2026-04-13T20:25:11.693Z"
}