{
  "buildNumber": "274",
  "buildId": "CB7E_Olw",
  "sessionId": "PJns0EXEj",
  "durationSec": 23.241,
  "avgFps": 42.547071116567906,
  "minFps": 35.78399795633448,
  "maxFps": 47.48005890965272,
  "avgSectionTimingsMs": {
    "hud": 0.017984832030592864,
    "camera": 0.0075839654595983635,
    "autoEngage": 0.0043360433442805844,
    "syncPlayers": 0.09609544500223727,
    "syncUnits": 0.4865509763909524,
    "syncResources": 0.02049891547241335,
    "sendClientPoses": 0.06702819948211926,
    "effectsAndFog": 0.05618221240033296,
    "syncStructures": 0.25517241331352586
  },
  "userAgent": "Mozilla/5.0 (Linux; Android 10; K) AppleWebKit/537.36 (KHTML, like Gecko) Chrome/145.0.0.0 Mobile Safari/537.36",
  "timestamp": "2026-04-13T20:10:51.726Z"
}