{
  "buildNumber": "273",
  "buildId": "BF-xNiwv",
  "sessionId": "P_6xpY7hD",
  "durationSec": 49.82,
  "avgFps": 29.89952667797294,
  "minFps": 18.017841853468326,
  "maxFps": 40.321994488695054,
  "avgSectionTimingsMs": {
    "hud": 0.025517241434119212,
    "camera": 0.008122605313743212,
    "autoEngage": 0.005212725202623296,
    "syncPlayers": 0.08381901889399516,
    "syncUnits": 0.512116564312047,
    "syncResources": 0.02791411031974605,
    "sendClientPoses": 0.08090490797546013,
    "effectsAndFog": 15.671395705544327,
    "syncStructures": 0.1485549135704261
  },
  "userAgent": "Mozilla/5.0 (Linux; Android 10; K) AppleWebKit/537.36 (KHTML, like Gecko) Chrome/145.0.0.0 Mobile Safari/537.36",
  "timestamp": "2026-04-13T20:02:46.710Z"
}