{
  "buildNumber": "276",
  "buildId": "BdYYCv-Z",
  "sessionId": "P2QeoMsYc",
  "durationSec": 4.13,
  "avgFps": 41.49322899132572,
  "minFps": 41.125914193165954,
  "maxFps": 41.88124505024189,
  "avgSectionTimingsMs": {
    "hud": 0.025433526562817523,
    "camera": 0.005780346820809248,
    "autoEngage": 0.0026086957558341646,
    "syncPlayers": 0.11162790829359098,
    "syncUnits": 0.0313953481787859,
    "syncResources": 0.027325581326041112,
    "sendClientPoses": 0.0023255814300027003,
    "effectsAndFog": 0.06220930173646572,
    "syncStructures": 0.05666666527589162
  },
  "userAgent": "Mozilla/5.0 (Linux; Android 10; K) AppleWebKit/537.36 (KHTML, like Gecko) Chrome/145.0.0.0 Mobile Safari/537.36",
  "timestamp": "2026-04-13T20:20:23.102Z"
}