{
  "buildNumber": "273",
  "buildId": "BF-xNiwv",
  "sessionId": "P_6xpY7hD",
  "durationSec": 0.591,
  "avgFps": 39.28847406748537,
  "minFps": 39.24149586652129,
  "maxFps": 40.321994488695054,
  "avgSectionTimingsMs": {
    "hud": 0.02173912913902946,
    "camera": 0.008695652951364931,
    "autoEngage": 0.006666666931576199,
    "syncPlayers": 0.08636363392526453,
    "syncUnits": 0.02727272700179707,
    "syncResources": 0.03181818263097243,
    "sendClientPoses": 0,
    "effectsAndFog": 6.963636364449155,
    "syncStructures": 0.02499999850988388
  },
  "userAgent": "Mozilla/5.0 (Linux; Android 10; K) AppleWebKit/537.36 (KHTML, like Gecko) Chrome/145.0.0.0 Mobile Safari/537.36",
  "timestamp": "2026-04-13T20:01:57.480Z"
}