{
  "buildNumber": "273",
  "buildId": "BF-xNiwv",
  "sessionId": "P_6xpY7hD",
  "durationSec": 44.805,
  "avgFps": 30.717119616774735,
  "minFps": 18.648981660344333,
  "maxFps": 40.321994488695054,
  "avgSectionTimingsMs": {
    "hud": 0.026086956580414745,
    "camera": 0.008203445373743259,
    "autoEngage": 0.0050471891719002585,
    "syncPlayers": 0.08234811215760868,
    "syncUnits": 0.4405582922530683,
    "syncResources": 0.027093595985708565,
    "sendClientPoses": 0.06461412145194945,
    "effectsAndFog": 14.445894909609715,
    "syncStructures": 0.15365079404815796
  },
  "userAgent": "Mozilla/5.0 (Linux; Android 10; K) AppleWebKit/537.36 (KHTML, like Gecko) Chrome/145.0.0.0 Mobile Safari/537.36",
  "timestamp": "2026-04-13T20:02:41.695Z"
}