{
  "buildNumber": "275",
  "buildId": "DlwQSAVw",
  "sessionId": "7MiGiHpAI",
  "durationSec": 3.802,
  "avgFps": 17.176025142501956,
  "minFps": 15.453768091335075,
  "maxFps": 19.50685631014899,
  "avgSectionTimingsMs": {
    "hud": 0.02222222384111381,
    "camera": 0.0098765429891186,
    "autoEngage": 0.00621117993911601,
    "syncPlayers": 0.12249999940395355,
    "syncUnits": 1.3049999997019768,
    "syncStructures": 0.07777777866080955,
    "syncResources": 0.03749999962747097,
    "sendClientPoses": 0.21874999962747096,
    "effectsAndFog": 17.73125000037253
  },
  "userAgent": "Mozilla/5.0 (Linux; Android 10; K) AppleWebKit/537.36 (KHTML, like Gecko) Chrome/145.0.0.0 Mobile Safari/537.36",
  "timestamp": "2026-04-13T20:14:25.030Z"
}