{
  "buildNumber": "277",
  "buildId": "CMEduUks",
  "sessionId": "q0WoIYLvG",
  "durationSec": 24.03,
  "avgFps": 37.718511509101205,
  "minFps": 34.16609136987178,
  "maxFps": 39.361938941941844,
  "avgSectionTimingsMs": {
    "hud": 0.02313860240397721,
    "camera": 0.008132874965667725,
    "autoEngage": 0.004699140513865517,
    "syncPlayers": 0.07752293573880414,
    "syncUnits": 0.20756880757868837,
    "syncResources": 0.025917430912409355,
    "sendClientPoses": 0.030389908154349807,
    "effectsAndFog": 0.049197247542372535,
    "syncStructures": 0.22707182333614287
  },
  "userAgent": "Mozilla/5.0 (Linux; Android 10; K) AppleWebKit/537.36 (KHTML, like Gecko) Chrome/145.0.0.0 Mobile Safari/537.36",
  "timestamp": "2026-04-13T20:25:28.870Z"
}