{
  "buildNumber": "276",
  "buildId": "BdYYCv-Z",
  "sessionId": "P2QeoMsYc",
  "durationSec": 7.369,
  "avgFps": 41.57238227798653,
  "minFps": 40.51320644167809,
  "maxFps": 42.24570034076106,
  "avgSectionTimingsMs": {
    "hud": 0.02800000031789144,
    "camera": 0.006666666865348816,
    "autoEngage": 0.0035058430618356185,
    "syncPlayers": 0.1046822749850742,
    "syncUnits": 0.0351170563578207,
    "syncResources": 0.02575250812198805,
    "sendClientPoses": 0.0023411370838764918,
    "effectsAndFog": 0.05618729110944231,
    "syncStructures": 0.2436363626610149
  },
  "userAgent": "Mozilla/5.0 (Linux; Android 10; K) AppleWebKit/537.36 (KHTML, like Gecko) Chrome/145.0.0.0 Mobile Safari/537.36",
  "timestamp": "2026-04-13T20:20:26.341Z"
}