{
  "buildNumber": "276",
  "buildId": "BdYYCv-Z",
  "sessionId": "P2QeoMsYc",
  "durationSec": 17.129,
  "avgFps": 39.937159394020874,
  "minFps": 36.559663552824205,
  "maxFps": 42.24570034076106,
  "avgSectionTimingsMs": {
    "hud": 0.02682926860160944,
    "camera": 0.006250000127205034,
    "autoEngage": 0.004729214262907783,
    "syncPlayers": 0.10977099255751108,
    "syncUnits": 0.18778625940548554,
    "syncResources": 0.027175572264285488,
    "sendClientPoses": 0.03603053447854428,
    "effectsAndFog": 0.05786259583844483,
    "syncStructures": 0.30393700782708294
  },
  "userAgent": "Mozilla/5.0 (Linux; Android 10; K) AppleWebKit/537.36 (KHTML, like Gecko) Chrome/145.0.0.0 Mobile Safari/537.36",
  "timestamp": "2026-04-13T20:20:36.102Z"
}