{
  "buildNumber": "277",
  "buildId": "CMEduUks",
  "sessionId": "q0WoIYLvG",
  "durationSec": 25.809,
  "avgFps": 37.48920769244854,
  "minFps": 32.03092639555288,
  "maxFps": 39.361938941941844,
  "avgSectionTimingsMs": {
    "hud": 0.02294372283406072,
    "camera": 0.008008657821587153,
    "autoEngage": 0.004764483048584117,
    "syncPlayers": 0.07811484289711759,
    "syncUnits": 0.2671722646395021,
    "syncResources": 0.02589382426581171,
    "sendClientPoses": 0.038894907947738665,
    "effectsAndFog": 0.04983748629576207,
    "syncStructures": 0.21494845354679934
  },
  "userAgent": "Mozilla/5.0 (Linux; Android 10; K) AppleWebKit/537.36 (KHTML, like Gecko) Chrome/145.0.0.0 Mobile Safari/537.36",
  "timestamp": "2026-04-13T20:25:30.648Z"
}