{
  "buildNumber": "276",
  "buildId": "BdYYCv-Z",
  "sessionId": "P2QeoMsYc",
  "durationSec": 13.659,
  "avgFps": 40.65873745648285,
  "minFps": 37.659943236324054,
  "maxFps": 42.24570034076106,
  "avgSectionTimingsMs": {
    "hud": 0.026127819896192478,
    "camera": 0.006578947536479262,
    "autoEngage": 0.004703668833676084,
    "syncPlayers": 0.10979284399422325,
    "syncUnits": 0.13069679811175933,
    "syncResources": 0.027118643630022383,
    "sendClientPoses": 0.024293785546459046,
    "effectsAndFog": 0.059322034403429195,
    "syncStructures": 0.29901960784313725
  },
  "userAgent": "Mozilla/5.0 (Linux; Android 10; K) AppleWebKit/537.36 (KHTML, like Gecko) Chrome/145.0.0.0 Mobile Safari/537.36",
  "timestamp": "2026-04-13T20:20:32.632Z"
}