{
  "buildNumber": "273",
  "buildId": "BF-xNiwv",
  "sessionId": "P_6xpY7hD",
  "durationSec": 3.807,
  "avgFps": 37.90643576300741,
  "minFps": 36.25813106868867,
  "maxFps": 40.321994488695054,
  "avgSectionTimingsMs": {
    "hud": 0.025757575576955623,
    "camera": 0.007575757349982407,
    "autoEngage": 0.002661596912848179,
    "syncPlayers": 0.06488549572820881,
    "syncUnits": 0.028244274718160847,
    "syncResources": 0.04351145074567722,
    "sendClientPoses": 0.002290076199378676,
    "effectsAndFog": 8.873282442793592,
    "syncStructures": 0.00714285671710968
  },
  "userAgent": "Mozilla/5.0 (Linux; Android 10; K) AppleWebKit/537.36 (KHTML, like Gecko) Chrome/145.0.0.0 Mobile Safari/537.36",
  "timestamp": "2026-04-13T20:02:00.696Z"
}