{
  "buildNumber": "276",
  "buildId": "BdYYCv-Z",
  "sessionId": "P2QeoMsYc",
  "durationSec": 6.059,
  "avgFps": 41.63936420076396,
  "minFps": 41.125914193165954,
  "maxFps": 42.24570034076106,
  "avgSectionTimingsMs": {
    "hud": 0.026587301894785868,
    "camera": 0.007539682681598361,
    "autoEngage": 0.002783300210656987,
    "syncPlayers": 0.10478087772886116,
    "syncUnits": 0.03505976040999728,
    "syncResources": 0.025498007873140008,
    "sendClientPoses": 0.0023904382232650817,
    "effectsAndFog": 0.055378486198258116,
    "syncStructures": 0.10222222076521979
  },
  "userAgent": "Mozilla/5.0 (Linux; Android 10; K) AppleWebKit/537.36 (KHTML, like Gecko) Chrome/145.0.0.0 Mobile Safari/537.36",
  "timestamp": "2026-04-13T20:20:25.031Z"
}