{
  "buildNumber": "277",
  "buildId": "CMEduUks",
  "sessionId": "q0WoIYLvG",
  "durationSec": 6.048,
  "avgFps": 28.795733800332044,
  "minFps": 28.48434442172548,
  "maxFps": 30.259186777423363,
  "avgSectionTimingsMs": {
    "hud": 0.02797619058262734,
    "camera": 0.00952380984312012,
    "autoEngage": 0.009552238770385286,
    "syncPlayers": 0.11017964075425428,
    "syncUnits": 1.410778443078081,
    "syncResources": 0.024550899060186513,
    "sendClientPoses": 0.18802395177458575,
    "effectsAndFog": 0.04790419161676647,
    "syncStructures": 0.06428571329230354
  },
  "userAgent": "Mozilla/5.0 (Linux; Android 10; K) AppleWebKit/537.36 (KHTML, like Gecko) Chrome/145.0.0.0 Mobile Safari/537.36",
  "timestamp": "2026-04-13T20:26:05.663Z"
}