{
  "buildNumber": "277",
  "buildId": "CMEduUks",
  "sessionId": "q0WoIYLvG",
  "durationSec": 8.408,
  "avgFps": 38.399335358924034,
  "minFps": 38.014368527508694,
  "maxFps": 39.361938941941844,
  "avgSectionTimingsMs": {
    "hud": 0.020700636847763305,
    "camera": 0.007324840612472242,
    "autoEngage": 0.0035087721009383743,
    "syncPlayers": 0.07412140580792777,
    "syncUnits": 0.03067092678417413,
    "syncResources": 0.027795526451957875,
    "sendClientPoses": 0.004472843469522251,
    "effectsAndFog": 0.054313098660673194,
    "syncStructures": 0.1587301596762642
  },
  "userAgent": "Mozilla/5.0 (Linux; Android 10; K) AppleWebKit/537.36 (KHTML, like Gecko) Chrome/145.0.0.0 Mobile Safari/537.36",
  "timestamp": "2026-04-13T20:25:13.247Z"
}