{
  "buildNumber": "276",
  "buildId": "BdYYCv-Z",
  "sessionId": "P2QeoMsYc",
  "durationSec": 49.25,
  "avgFps": 34.46108873557276,
  "minFps": 23.91074322966405,
  "maxFps": 42.24570034076106,
  "avgSectionTimingsMs": {
    "hud": 0.026224226969265445,
    "camera": 0.010115979373762287,
    "autoEngage": 0.0061875603159051,
    "syncPlayers": 0.1433268858109037,
    "syncUnits": 0.749194068650443,
    "syncResources": 0.02914248859398139,
    "sendClientPoses": 0.11779497097877438,
    "effectsAndFog": 0.0627981949090804,
    "syncStructures": 0.19917127029013237
  },
  "userAgent": "Mozilla/5.0 (Linux; Android 10; K) AppleWebKit/537.36 (KHTML, like Gecko) Chrome/145.0.0.0 Mobile Safari/537.36",
  "timestamp": "2026-04-13T20:21:08.223Z"
}