{
  "buildNumber": "273",
  "buildId": "BF-xNiwv",
  "sessionId": "P_6xpY7hD",
  "durationSec": 49.308,
  "avgFps": 29.982038378143095,
  "minFps": 18.017841853468326,
  "maxFps": 40.321994488695054,
  "avgSectionTimingsMs": {
    "hud": 0.025617284010405892,
    "camera": 0.00817901229508865,
    "autoEngage": 0.005210343519723908,
    "syncPlayers": 0.0834749039535817,
    "syncUnits": 0.5070270269073575,
    "syncResources": 0.027644787538926113,
    "sendClientPoses": 0.07945945948707551,
    "effectsAndFog": 15.552664092654886,
    "syncStructures": 0.14927113733903313
  },
  "userAgent": "Mozilla/5.0 (Linux; Android 10; K) AppleWebKit/537.36 (KHTML, like Gecko) Chrome/145.0.0.0 Mobile Safari/537.36",
  "timestamp": "2026-04-13T20:02:46.197Z"
}