{
  "buildNumber": "274",
  "buildId": "CB7E_Olw",
  "sessionId": "PJns0EXEj",
  "durationSec": 18.668,
  "avgFps": 43.661334075572626,
  "minFps": 37.85108603821611,
  "maxFps": 47.48005890965272,
  "avgSectionTimingsMs": {
    "hud": 0.017885117555722866,
    "camera": 0.006657963711038893,
    "autoEngage": 0.003984323986833349,
    "syncPlayers": 0.09111111164093018,
    "syncUnits": 0.347581699393154,
    "syncResources": 0.020915032874524984,
    "sendClientPoses": 0.051241829854990144,
    "effectsAndFog": 0.05503267949702693,
    "syncStructures": 0.29645390058240145
  },
  "userAgent": "Mozilla/5.0 (Linux; Android 10; K) AppleWebKit/537.36 (KHTML, like Gecko) Chrome/145.0.0.0 Mobile Safari/537.36",
  "timestamp": "2026-04-13T20:10:47.153Z"
}