{
  "buildNumber": "273",
  "buildId": "BF-xNiwv",
  "sessionId": "P_6xpY7hD",
  "durationSec": 2.431,
  "avgFps": 38.689086516511175,
  "minFps": 37.010841424918226,
  "maxFps": 40.321994488695054,
  "avgSectionTimingsMs": {
    "hud": 0.026506023593695766,
    "camera": 0.008433734796133387,
    "autoEngage": 0.004242424170176188,
    "syncPlayers": 0.07195121922144075,
    "syncUnits": 0.029268292392172466,
    "syncResources": 0.035365853367782224,
    "sendClientPoses": 0.00121951212243336,
    "effectsAndFog": 9.453658537166875,
    "syncStructures": 0.00555555522441864
  },
  "userAgent": "Mozilla/5.0 (Linux; Android 10; K) AppleWebKit/537.36 (KHTML, like Gecko) Chrome/145.0.0.0 Mobile Safari/537.36",
  "timestamp": "2026-04-13T20:01:59.320Z"
}