{
  "buildNumber": "276",
  "buildId": "BdYYCv-Z",
  "sessionId": "P2QeoMsYc",
  "durationSec": 38.414,
  "avgFps": 36.17683072522284,
  "minFps": 27.76340537041469,
  "maxFps": 42.24570034076106,
  "avgSectionTimingsMs": {
    "hud": 0.02521202797694857,
    "camera": 0.009175019279846156,
    "autoEngage": 0.005591978299953374,
    "syncPlayers": 0.13078703706003267,
    "syncUnits": 0.5804012348116548,
    "syncResources": 0.028317901018409083,
    "sendClientPoses": 0.0943672841667761,
    "effectsAndFog": 0.062422839648745676,
    "syncStructures": 0.19751772992577113
  },
  "userAgent": "Mozilla/5.0 (Linux; Android 10; K) AppleWebKit/537.36 (KHTML, like Gecko) Chrome/145.0.0.0 Mobile Safari/537.36",
  "timestamp": "2026-04-13T20:20:57.386Z"
}