{
  "buildNumber": "277",
  "buildId": "CMEduUks",
  "sessionId": "q0WoIYLvG",
  "durationSec": 13.252,
  "avgFps": 38.203453853095496,
  "minFps": 37.33993066221078,
  "maxFps": 39.361938941941844,
  "avgSectionTimingsMs": {
    "hud": 0.020731707232269813,
    "camera": 0.008130081058517704,
    "autoEngage": 0.0033570703570015674,
    "syncPlayers": 0.07617107925978309,
    "syncUnits": 0.03503055029876849,
    "syncResources": 0.027291241767692955,
    "sendClientPoses": 0.004684317743219814,
    "effectsAndFog": 0.05173116060478381,
    "syncStructures": 0.2010101013713413
  },
  "userAgent": "Mozilla/5.0 (Linux; Android 10; K) AppleWebKit/537.36 (KHTML, like Gecko) Chrome/145.0.0.0 Mobile Safari/537.36",
  "timestamp": "2026-04-13T20:25:18.091Z"
}