{
  "buildNumber": "274",
  "buildId": "CB7E_Olw",
  "sessionId": "PJns0EXEj",
  "durationSec": 25.745,
  "avgFps": 41.899132423032896,
  "minFps": 32.75349885043815,
  "maxFps": 47.48005890965272,
  "avgSectionTimingsMs": {
    "hud": 0.017853560634218942,
    "camera": 0.008024072336217943,
    "autoEngage": 0.004315102827112338,
    "syncPlayers": 0.09969879543206778,
    "syncUnits": 0.5679718877776081,
    "syncResources": 0.020180722975347894,
    "sendClientPoses": 0.0787148594138134,
    "effectsAndFog": 0.05612449775857619,
    "syncStructures": 0.24611398917405716
  },
  "userAgent": "Mozilla/5.0 (Linux; Android 10; K) AppleWebKit/537.36 (KHTML, like Gecko) Chrome/145.0.0.0 Mobile Safari/537.36",
  "timestamp": "2026-04-13T20:10:54.230Z"
}