{
  "buildNumber": "274",
  "buildId": "CB7E_Olw",
  "sessionId": "PJns0EXEj",
  "durationSec": 8.753,
  "avgFps": 45.56361431483545,
  "minFps": 44.13353983316393,
  "maxFps": 47.48005890965272,
  "avgSectionTimingsMs": {
    "hud": 0.017922078247194165,
    "camera": 0.006753247047399546,
    "autoEngage": 0.002600780234070221,
    "syncPlayers": 0.07994791733411451,
    "syncUnits": 0.01927083303841452,
    "syncResources": 0.02083333341094355,
    "sendClientPoses": 0.005208333255723119,
    "effectsAndFog": 0.0523437496740371,
    "syncStructures": 0.38656716382325584
  },
  "userAgent": "Mozilla/5.0 (Linux; Android 10; K) AppleWebKit/537.36 (KHTML, like Gecko) Chrome/145.0.0.0 Mobile Safari/537.36",
  "timestamp": "2026-04-13T20:10:37.238Z"
}