{
  "buildNumber": "273",
  "buildId": "BF-xNiwv",
  "sessionId": "P_6xpY7hD",
  "durationSec": 50.559,
  "avgFps": 29.78229529116296,
  "minFps": 18.013381390101245,
  "maxFps": 40.321994488695054,
  "avgSectionTimingsMs": {
    "hud": 0.026327769428898605,
    "camera": 0.008042488569373969,
    "autoEngage": 0.005161290342938968,
    "syncPlayers": 0.08405467019265768,
    "syncUnits": 0.5236902049570801,
    "syncResources": 0.027866362846522233,
    "sendClientPoses": 0.08291571753081174,
    "effectsAndFog": 15.833485193635445,
    "syncStructures": 0.14714285739830563
  },
  "userAgent": "Mozilla/5.0 (Linux; Android 10; K) AppleWebKit/537.36 (KHTML, like Gecko) Chrome/145.0.0.0 Mobile Safari/537.36",
  "timestamp": "2026-04-13T20:02:47.448Z"
}