{
  "buildNumber": "277",
  "buildId": "CMEduUks",
  "sessionId": "q0WoIYLvG",
  "durationSec": 7.111,
  "avgFps": 28.76646945671782,
  "minFps": 28.48434442172548,
  "maxFps": 30.259186777423363,
  "avgSectionTimingsMs": {
    "hud": 0.027777777627260997,
    "camera": 0.009595959927096512,
    "autoEngage": 0.008607594951798645,
    "syncPlayers": 0.10761421344001887,
    "syncUnits": 1.3761421316468776,
    "syncResources": 0.024365483201699813,
    "sendClientPoses": 0.1847715731804746,
    "effectsAndFog": 0.046700507553700865,
    "syncStructures": 0.06530612159748467
  },
  "userAgent": "Mozilla/5.0 (Linux; Android 10; K) AppleWebKit/537.36 (KHTML, like Gecko) Chrome/145.0.0.0 Mobile Safari/537.36",
  "timestamp": "2026-04-13T20:26:06.726Z"
}