{
  "buildNumber": "277",
  "buildId": "CMEduUks",
  "sessionId": "q0WoIYLvG",
  "durationSec": 7.332,
  "avgFps": 28.763024571290426,
  "minFps": 28.48434442172548,
  "maxFps": 30.259186777423363,
  "avgSectionTimingsMs": {
    "hud": 0.027941176266062493,
    "camera": 0.009313725811593673,
    "autoEngage": 0.008845208830563969,
    "syncPlayers": 0.10689655210584255,
    "syncUnits": 1.3600985216976973,
    "syncResources": 0.024630542752778,
    "sendClientPoses": 0.18423645279090392,
    "effectsAndFog": 0.046305418601764244,
    "syncStructures": 0.06470588141796636
  },
  "userAgent": "Mozilla/5.0 (Linux; Android 10; K) AppleWebKit/537.36 (KHTML, like Gecko) Chrome/145.0.0.0 Mobile Safari/537.36",
  "timestamp": "2026-04-13T20:26:06.947Z"
}