{
  "buildNumber": "276",
  "buildId": "BdYYCv-Z",
  "sessionId": "P2QeoMsYc",
  "durationSec": 15.25,
  "avgFps": 40.31843900078757,
  "minFps": 36.74621807043228,
  "maxFps": 42.24570034076106,
  "avgSectionTimingsMs": {
    "hud": 0.026020408487644326,
    "camera": 0.006292517138581697,
    "autoEngage": 0.004595744635196442,
    "syncPlayers": 0.10954003419339961,
    "syncUnits": 0.17069846640453631,
    "syncResources": 0.027427597742470607,
    "sendClientPoses": 0.032708688377318634,
    "effectsAndFog": 0.059114140079212354,
    "syncStructures": 0.2771929826652795
  },
  "userAgent": "Mozilla/5.0 (Linux; Android 10; K) AppleWebKit/537.36 (KHTML, like Gecko) Chrome/145.0.0.0 Mobile Safari/537.36",
  "timestamp": "2026-04-13T20:20:34.223Z"
}