{
  "buildNumber": "276",
  "buildId": "BdYYCv-Z",
  "sessionId": "P2QeoMsYc",
  "durationSec": 1.173,
  "avgFps": 41.19584105771268,
  "minFps": 41.125914193165954,
  "maxFps": 41.344435644874466,
  "avgSectionTimingsMs": {
    "hud": 0.03,
    "camera": 0.006000000834465027,
    "autoEngage": 0.00505050535153861,
    "syncPlayers": 0.14285714407356417,
    "syncUnits": 0.028571428084860042,
    "syncResources": 0.024489795066872422,
    "sendClientPoses": 0.00204081620488848,
    "effectsAndFog": 0.06734693901879447,
    "syncStructures": 0.0888888869020674
  },
  "userAgent": "Mozilla/5.0 (Linux; Android 10; K) AppleWebKit/537.36 (KHTML, like Gecko) Chrome/145.0.0.0 Mobile Safari/537.36",
  "timestamp": "2026-04-13T20:20:20.145Z"
}