{
  "buildNumber": "275",
  "buildId": "DlwQSAVw",
  "sessionId": "7MiGiHpAI",
  "durationSec": 20.108,
  "avgFps": 21.063373145067622,
  "minFps": 15.453768091335075,
  "maxFps": 23.285890513152527,
  "avgSectionTimingsMs": {
    "hud": 0.017303370960642783,
    "camera": 0.01056179752510585,
    "autoEngage": 0.006411698490749998,
    "syncPlayers": 0.1229729730937932,
    "syncUnits": 0.8626126121427562,
    "syncStructures": 0.07364864868892206,
    "syncResources": 0.029279279077912237,
    "sendClientPoses": 0.1921171173453331,
    "effectsAndFog": 16.437162162685716
  },
  "userAgent": "Mozilla/5.0 (Linux; Android 10; K) AppleWebKit/537.36 (KHTML, like Gecko) Chrome/145.0.0.0 Mobile Safari/537.36",
  "timestamp": "2026-04-13T20:14:41.336Z"
}