{
  "buildNumber": "276",
  "buildId": "BdYYCv-Z",
  "sessionId": "P2QeoMsYc",
  "durationSec": 0.059,
  "avgFps": 41.125914193165954,
  "minFps": 41.125914193165954,
  "maxFps": 41.125914193165954,
  "avgSectionTimingsMs": {
    "hud": 0.03333333134651184,
    "camera": 0,
    "autoEngage": 0.019999998807907104,
    "syncPlayers": 0.45000000298023224,
    "syncUnits": 0.04999999701976776,
    "syncResources": 0.04999999701976776,
    "sendClientPoses": 0,
    "effectsAndFog": 0.4000000059604645,
    "syncStructures": 0.09999999403953552
  },
  "userAgent": "Mozilla/5.0 (Linux; Android 10; K) AppleWebKit/537.36 (KHTML, like Gecko) Chrome/145.0.0.0 Mobile Safari/537.36",
  "timestamp": "2026-04-13T20:20:19.031Z"
}