{
  "buildNumber": "276",
  "buildId": "BdYYCv-Z",
  "sessionId": "P2QeoMsYc",
  "durationSec": 45.011,
  "avgFps": 35.125182796399905,
  "minFps": 25.10062057770367,
  "maxFps": 42.24570034076106,
  "avgSectionTimingsMs": {
    "hud": 0.025841924578873153,
    "camera": 0.009415807551944379,
    "autoEngage": 0.005878308561914522,
    "syncPlayers": 0.13920220078841528,
    "syncUnits": 0.7186382396308068,
    "syncResources": 0.029298486764526104,
    "sendClientPoses": 0.11066024769943059,
    "effectsAndFog": 0.06313617623819774,
    "syncStructures": 0.18272727222153634
  },
  "userAgent": "Mozilla/5.0 (Linux; Android 10; K) AppleWebKit/537.36 (KHTML, like Gecko) Chrome/145.0.0.0 Mobile Safari/537.36",
  "timestamp": "2026-04-13T20:21:03.983Z"
}