{
  "buildNumber": "273",
  "buildId": "BF-xNiwv",
  "sessionId": "P_6xpY7hD",
  "durationSec": 8.473,
  "avgFps": 36.572871627955806,
  "minFps": 33.1969979000892,
  "maxFps": 40.321994488695054,
  "avgSectionTimingsMs": {
    "hud": 0.022064057109194717,
    "camera": 0.007117437510303755,
    "autoEngage": 0.003208556170982048,
    "syncPlayers": 0.06821428633161954,
    "syncUnits": 0.034285714157990047,
    "syncResources": 0.030357142857142857,
    "sendClientPoses": 0.0032142856291362217,
    "effectsAndFog": 9.468214285267251,
    "syncStructures": 0.006451612518679711
  },
  "userAgent": "Mozilla/5.0 (Linux; Android 10; K) AppleWebKit/537.36 (KHTML, like Gecko) Chrome/145.0.0.0 Mobile Safari/537.36",
  "timestamp": "2026-04-13T20:02:05.362Z"
}