{
  "buildNumber": "274",
  "buildId": "CB7E_Olw",
  "sessionId": "PJns0EXEj",
  "durationSec": 3.739,
  "avgFps": 46.479406617295545,
  "minFps": 45.86004418223954,
  "maxFps": 47.48005890965272,
  "avgSectionTimingsMs": {
    "hud": 0.018674698938806373,
    "camera": 0.004819277359778623,
    "autoEngage": 0.0015105739280896605,
    "syncPlayers": 0.08121212160948552,
    "syncUnits": 0.023636363311247393,
    "syncResources": 0.027272727092107138,
    "sendClientPoses": 0.004848484920732902,
    "effectsAndFog": 0.05818181778445388,
    "syncStructures": 0.003448276684201997
  },
  "userAgent": "Mozilla/5.0 (Linux; Android 10; K) AppleWebKit/537.36 (KHTML, like Gecko) Chrome/145.0.0.0 Mobile Safari/537.36",
  "timestamp": "2026-04-13T20:10:32.224Z"
}