{
  "buildNumber": "277",
  "buildId": "CMEduUks",
  "sessionId": "q0WoIYLvG",
  "durationSec": 25.766,
  "avgFps": 37.49512132332275,
  "minFps": 32.03092639555288,
  "maxFps": 39.361938941941844,
  "avgSectionTimingsMs": {
    "hud": 0.022968580605278552,
    "camera": 0.008017334590624627,
    "autoEngage": 0.004769647799856294,
    "syncPlayers": 0.07809110629067245,
    "syncUnits": 0.26648590049490234,
    "syncResources": 0.02592190867390912,
    "sendClientPoses": 0.038720173555185894,
    "effectsAndFog": 0.0497830801051506,
    "syncStructures": 0.21554404141989397
  },
  "userAgent": "Mozilla/5.0 (Linux; Android 10; K) AppleWebKit/537.36 (KHTML, like Gecko) Chrome/145.0.0.0 Mobile Safari/537.36",
  "timestamp": "2026-04-13T20:25:30.606Z"
}