{
  "buildNumber": "273",
  "buildId": "BF-xNiwv",
  "sessionId": "P_6xpY7hD",
  "durationSec": 54.145,
  "avgFps": 29.237402841491065,
  "minFps": 18.005645273948964,
  "maxFps": 40.321994488695054,
  "avgSectionTimingsMs": {
    "hud": 0.026266280847416945,
    "camera": 0.007887120076957901,
    "autoEngage": 0.005247918928700687,
    "syncPlayers": 0.08559015259459604,
    "syncUnits": 0.5547429397648267,
    "syncResources": 0.02715423595292425,
    "sendClientPoses": 0.09362780601109913,
    "effectsAndFog": 16.57668356264009,
    "syncStructures": 0.14220430125151912
  },
  "userAgent": "Mozilla/5.0 (Linux; Android 10; K) AppleWebKit/537.36 (KHTML, like Gecko) Chrome/145.0.0.0 Mobile Safari/537.36",
  "timestamp": "2026-04-13T20:02:51.034Z"
}