{
  "buildNumber": "276",
  "buildId": "BdYYCv-Z",
  "sessionId": "P2QeoMsYc",
  "durationSec": 10.401,
  "avgFps": 41.13445872324054,
  "minFps": 39.638383967582946,
  "maxFps": 42.24570034076106,
  "avgSectionTimingsMs": {
    "hud": 0.02703349299408032,
    "camera": 0.005980861386613983,
    "autoEngage": 0.003233532919855175,
    "syncPlayers": 0.10383693091303324,
    "syncUnits": 0.03693045522097489,
    "syncResources": 0.02637889652515201,
    "sendClientPoses": 0.002637889602487322,
    "effectsAndFog": 0.055875300289058,
    "syncStructures": 0.33846153777379256
  },
  "userAgent": "Mozilla/5.0 (Linux; Android 10; K) AppleWebKit/537.36 (KHTML, like Gecko) Chrome/145.0.0.0 Mobile Safari/537.36",
  "timestamp": "2026-04-13T20:20:29.373Z"
}