{
  "buildNumber": "277",
  "buildId": "CMEduUks",
  "sessionId": "q0WoIYLvG",
  "durationSec": 33.62,
  "avgFps": 36.043715854194616,
  "minFps": 27.4042746598556,
  "maxFps": 39.361938941941844,
  "avgSectionTimingsMs": {
    "hud": 0.022506619357263107,
    "camera": 0.00953221523646012,
    "autoEngage": 0.006004415087352525,
    "syncPlayers": 0.08471731422962654,
    "syncUnits": 0.608657244105853,
    "syncResources": 0.025883392078716427,
    "sendClientPoses": 0.06439929313352168,
    "effectsAndFog": 0.04982332150738147,
    "syncStructures": 0.1807228919253292
  },
  "userAgent": "Mozilla/5.0 (Linux; Android 10; K) AppleWebKit/537.36 (KHTML, like Gecko) Chrome/145.0.0.0 Mobile Safari/537.36",
  "timestamp": "2026-04-13T20:25:38.460Z"
}