{
  "buildNumber": "276",
  "buildId": "BdYYCv-Z",
  "sessionId": "P2QeoMsYc",
  "durationSec": 6.134,
  "avgFps": 41.63989256611463,
  "minFps": 41.125914193165954,
  "maxFps": 42.24570034076106,
  "avgSectionTimingsMs": {
    "hud": 0.026666667064030966,
    "camera": 0.0074509805324030854,
    "autoEngage": 0.0027504911708457064,
    "syncPlayers": 0.1043307098347371,
    "syncUnits": 0.035826771160749,
    "syncResources": 0.025196850299835205,
    "sendClientPoses": 0.0023622047009430533,
    "effectsAndFog": 0.05551181111748763,
    "syncStructures": 0.10222222076521979
  },
  "userAgent": "Mozilla/5.0 (Linux; Android 10; K) AppleWebKit/537.36 (KHTML, like Gecko) Chrome/145.0.0.0 Mobile Safari/537.36",
  "timestamp": "2026-04-13T20:20:25.106Z"
}