{
  "buildNumber": "277",
  "buildId": "CMEduUks",
  "sessionId": "q0WoIYLvG",
  "durationSec": 16.17,
  "avgFps": 38.01230757680751,
  "minFps": 36.94121099749357,
  "maxFps": 39.361938941941844,
  "avgSectionTimingsMs": {
    "hud": 0.02116666654745738,
    "camera": 0.008333333134651184,
    "autoEngage": 0.0035863220940240727,
    "syncPlayers": 0.07529215343010445,
    "syncUnits": 0.03505843116564424,
    "syncResources": 0.025709515421935832,
    "sendClientPoses": 0.005008347245409015,
    "effectsAndFog": 0.047412353535128356,
    "syncStructures": 0.2256198345629637
  },
  "userAgent": "Mozilla/5.0 (Linux; Android 10; K) AppleWebKit/537.36 (KHTML, like Gecko) Chrome/145.0.0.0 Mobile Safari/537.36",
  "timestamp": "2026-04-13T20:25:21.009Z"
}