{
  "buildNumber": "274",
  "buildId": "CB7E_Olw",
  "sessionId": "PJns0EXEj",
  "durationSec": 8.524,
  "avgFps": 45.60174963434666,
  "minFps": 44.13353983316393,
  "maxFps": 47.48005890965272,
  "avgSectionTimingsMs": {
    "hud": 0.01786666695276896,
    "camera": 0.005866666952768961,
    "autoEngage": 0.0024032042484894616,
    "syncPlayers": 0.08074866386658368,
    "syncUnits": 0.018983956964258204,
    "syncResources": 0.021122994668343487,
    "sendClientPoses": 0.005347593503202346,
    "effectsAndFog": 0.05213903719409902,
    "syncStructures": 0.38615384514515216
  },
  "userAgent": "Mozilla/5.0 (Linux; Android 10; K) AppleWebKit/537.36 (KHTML, like Gecko) Chrome/145.0.0.0 Mobile Safari/537.36",
  "timestamp": "2026-04-13T20:10:37.009Z"
}