{
  "buildNumber": "274",
  "buildId": "CB7E_Olw",
  "sessionId": "PJns0EXEj",
  "durationSec": 5.034,
  "avgFps": 46.203936551145325,
  "minFps": 45.05727960453673,
  "maxFps": 47.48005890965272,
  "avgSectionTimingsMs": {
    "hud": 0.019369369825801334,
    "camera": 0.00585585604379843,
    "autoEngage": 0.002031602587710654,
    "syncPlayers": 0.08190045327083018,
    "syncUnits": 0.020814479341334347,
    "syncResources": 0.02624434381049143,
    "sendClientPoses": 0.00497737567349257,
    "effectsAndFog": 0.05610859663777761,
    "syncStructures": 0.25384615399898625
  },
  "userAgent": "Mozilla/5.0 (Linux; Android 10; K) AppleWebKit/537.36 (KHTML, like Gecko) Chrome/145.0.0.0 Mobile Safari/537.36",
  "timestamp": "2026-04-13T20:10:33.519Z"
}