{
  "buildNumber": "275",
  "buildId": "DlwQSAVw",
  "sessionId": "7MiGiHpAI",
  "durationSec": 17.952,
  "avgFps": 20.80581730821144,
  "minFps": 15.453768091335075,
  "maxFps": 22.854172486012928,
  "avgSectionTimingsMs": {
    "hud": 0.015404040765280675,
    "camera": 0.010858585587655655,
    "autoEngage": 0.006068268030241377,
    "syncPlayers": 0.12582278477994702,
    "syncUnits": 0.8769620252560966,
    "syncStructures": 0.07651515192154681,
    "syncResources": 0.029620252908030643,
    "sendClientPoses": 0.18936708863777452,
    "effectsAndFog": 16.46708860789673
  },
  "userAgent": "Mozilla/5.0 (Linux; Android 10; K) AppleWebKit/537.36 (KHTML, like Gecko) Chrome/145.0.0.0 Mobile Safari/537.36",
  "timestamp": "2026-04-13T20:14:39.180Z"
}