{
  "buildNumber": "273",
  "buildId": "BF-xNiwv",
  "sessionId": "P_6xpY7hD",
  "durationSec": 37.882,
  "avgFps": 31.95908884715853,
  "minFps": 20.96475332559742,
  "maxFps": 40.321994488695054,
  "avgSectionTimingsMs": {
    "hud": 0.02659963441832192,
    "camera": 0.007861060241894487,
    "autoEngage": 0.004755372659332631,
    "syncPlayers": 0.07895699945045848,
    "syncUnits": 0.293321134541303,
    "syncResources": 0.026898444625945234,
    "sendClientPoses": 0.041903019224081364,
    "effectsAndFog": 12.706038425984126,
    "syncStructures": 0.16764705902075067
  },
  "userAgent": "Mozilla/5.0 (Linux; Android 10; K) AppleWebKit/537.36 (KHTML, like Gecko) Chrome/145.0.0.0 Mobile Safari/537.36",
  "timestamp": "2026-04-13T20:02:34.771Z"
}