{
  "buildNumber": "276",
  "buildId": "BdYYCv-Z",
  "sessionId": "P2QeoMsYc",
  "durationSec": 39.971,
  "avgFps": 35.92010234490883,
  "minFps": 27.76340537041469,
  "maxFps": 42.24570034076106,
  "avgSectionTimingsMs": {
    "hud": 0.02552238822872959,
    "camera": 0.00925373132549115,
    "autoEngage": 0.005599104043217282,
    "syncPlayers": 0.13233756538288552,
    "syncUnits": 0.6031366694409781,
    "syncResources": 0.028827482991649465,
    "sendClientPoses": 0.09731142666911438,
    "effectsAndFog": 0.06235997030501761,
    "syncStructures": 0.19351535771080253
  },
  "userAgent": "Mozilla/5.0 (Linux; Android 10; K) AppleWebKit/537.36 (KHTML, like Gecko) Chrome/145.0.0.0 Mobile Safari/537.36",
  "timestamp": "2026-04-13T20:20:58.943Z"
}