{
  "buildNumber": "273",
  "buildId": "BF-xNiwv",
  "sessionId": "P_6xpY7hD",
  "durationSec": 20.594,
  "avgFps": 34.128957078914226,
  "minFps": 31.245944527628296,
  "maxFps": 40.321994488695054,
  "avgSectionTimingsMs": {
    "hud": 0.023564954808831574,
    "camera": 0.00876132923310617,
    "autoEngage": 0.003854875278941448,
    "syncPlayers": 0.07488653600306085,
    "syncUnits": 0.03343419047599481,
    "syncResources": 0.030257186126781122,
    "sendClientPoses": 0.004387291945776312,
    "effectsAndFog": 10.036611194870295,
    "syncStructures": 0.15799999992052713
  },
  "userAgent": "Mozilla/5.0 (Linux; Android 10; K) AppleWebKit/537.36 (KHTML, like Gecko) Chrome/145.0.0.0 Mobile Safari/537.36",
  "timestamp": "2026-04-13T20:02:17.483Z"
}