{
  "buildNumber": "277",
  "buildId": "CMEduUks",
  "sessionId": "q0WoIYLvG",
  "durationSec": 2.799,
  "avgFps": 38.525427297499434,
  "minFps": 38.293317991131715,
  "maxFps": 39.361938941941844,
  "avgSectionTimingsMs": {
    "hud": 0.02019230706187395,
    "camera": 0.006730769116144914,
    "autoEngage": 0.0038647347890236527,
    "syncPlayers": 0.0757281545875142,
    "syncUnits": 0.02524271867807629,
    "syncResources": 0.025242717810047482,
    "sendClientPoses": 0.0029126211856175394,
    "effectsAndFog": 0.038834950877624806,
    "syncStructures": 0.00952381037530445
  },
  "userAgent": "Mozilla/5.0 (Linux; Android 10; K) AppleWebKit/537.36 (KHTML, like Gecko) Chrome/145.0.0.0 Mobile Safari/537.36",
  "timestamp": "2026-04-13T20:25:07.638Z"
}