{
  "buildNumber": "274",
  "buildId": "CB7E_Olw",
  "sessionId": "PJns0EXEj",
  "durationSec": 4.082,
  "avgFps": 46.40331617672956,
  "minFps": 45.40970613938231,
  "maxFps": 47.48005890965272,
  "avgSectionTimingsMs": {
    "hud": 0.019889503223461343,
    "camera": 0.006077348198021314,
    "autoEngage": 0.0019390580561682788,
    "syncPlayers": 0.08166666742828158,
    "syncUnits": 0.022777777579095628,
    "syncResources": 0.026666666401757133,
    "sendClientPoses": 0.005000000033113692,
    "effectsAndFog": 0.057222221626175775,
    "syncStructures": 0.15312500018626451
  },
  "userAgent": "Mozilla/5.0 (Linux; Android 10; K) AppleWebKit/537.36 (KHTML, like Gecko) Chrome/145.0.0.0 Mobile Safari/537.36",
  "timestamp": "2026-04-13T20:10:32.567Z"
}