{
  "buildNumber": "274",
  "buildId": "CB7E_Olw",
  "sessionId": "PJns0EXEj",
  "durationSec": 7.852,
  "avgFps": 45.72942005184074,
  "minFps": 44.13353983316393,
  "maxFps": 47.48005890965272,
  "avgSectionTimingsMs": {
    "hud": 0.01913043511086616,
    "camera": 0.005797101708425992,
    "autoEngage": 0.0023222060438856506,
    "syncPlayers": 0.08139534996345986,
    "syncUnits": 0.01860465074694434,
    "syncResources": 0.021220930267212,
    "sendClientPoses": 0.005232558087554089,
    "effectsAndFog": 0.05290697644962821,
    "syncStructures": 0.2966666658719381
  },
  "userAgent": "Mozilla/5.0 (Linux; Android 10; K) AppleWebKit/537.36 (KHTML, like Gecko) Chrome/145.0.0.0 Mobile Safari/537.36",
  "timestamp": "2026-04-13T20:10:36.337Z"
}