{
  "buildNumber": "274",
  "buildId": "CB7E_Olw",
  "sessionId": "PJns0EXEj",
  "durationSec": 12.411,
  "avgFps": 45.14535955654595,
  "minFps": 42.882096587837026,
  "maxFps": 47.48005890965272,
  "avgSectionTimingsMs": {
    "hud": 0.018097015069936637,
    "camera": 0.006156716662556377,
    "autoEngage": 0.0029878618002605706,
    "syncPlayers": 0.08785046812529876,
    "syncUnits": 0.06579439238967183,
    "syncResources": 0.020000000144833715,
    "sendClientPoses": 0.016074766288293855,
    "effectsAndFog": 0.053457943524155664,
    "syncStructures": 0.3810526320808812
  },
  "userAgent": "Mozilla/5.0 (Linux; Android 10; K) AppleWebKit/537.36 (KHTML, like Gecko) Chrome/145.0.0.0 Mobile Safari/537.36",
  "timestamp": "2026-04-13T20:10:40.896Z"
}