{
  "buildNumber": "274",
  "buildId": "CB7E_Olw",
  "sessionId": "PJns0EXEj",
  "durationSec": 21.493,
  "avgFps": 42.94163013412617,
  "minFps": 37.171551922372416,
  "maxFps": 47.48005890965272,
  "avgSectionTimingsMs": {
    "hud": 0.01847575054295344,
    "camera": 0.007274826941258913,
    "autoEngage": 0.004043905257076834,
    "syncPlayers": 0.0934104049825944,
    "syncUnits": 0.42809248570072855,
    "syncResources": 0.020693641763202028,
    "sendClientPoses": 0.06161849695134025,
    "effectsAndFog": 0.05491329459096655,
    "syncStructures": 0.2701863352186191
  },
  "userAgent": "Mozilla/5.0 (Linux; Android 10; K) AppleWebKit/537.36 (KHTML, like Gecko) Chrome/145.0.0.0 Mobile Safari/537.36",
  "timestamp": "2026-04-13T20:10:49.978Z"
}