{
  "buildNumber": "273",
  "buildId": "BF-xNiwv",
  "sessionId": "P_6xpY7hD",
  "durationSec": 53.103,
  "avgFps": 29.39360696212219,
  "minFps": 18.005645273948964,
  "maxFps": 40.321994488695054,
  "avgSectionTimingsMs": {
    "hud": 0.026192223116132327,
    "camera": 0.007997065257781232,
    "autoEngage": 0.005247706426393001,
    "syncPlayers": 0.08538913413904137,
    "syncUnits": 0.5488986783221955,
    "syncResources": 0.02738619666880273,
    "sendClientPoses": 0.0908957416309309,
    "effectsAndFog": 16.369456681342204,
    "syncStructures": 0.14316939916767057
  },
  "userAgent": "Mozilla/5.0 (Linux; Android 10; K) AppleWebKit/537.36 (KHTML, like Gecko) Chrome/145.0.0.0 Mobile Safari/537.36",
  "timestamp": "2026-04-13T20:02:49.993Z"
}