{
  "buildNumber": "275",
  "buildId": "DlwQSAVw",
  "sessionId": "7MiGiHpAI",
  "durationSec": 10.633,
  "avgFps": 19.506033467197074,
  "minFps": 15.453768091335075,
  "maxFps": 21.941039611840484,
  "avgSectionTimingsMs": {
    "hud": 0.0198275870804129,
    "camera": 0.009913792897915018,
    "autoEngage": 0.006911446994118248,
    "syncPlayers": 0.13333333312691031,
    "syncUnits": 0.9965367970012483,
    "syncStructures": 0.08461538377480629,
    "syncResources": 0.03246753233851808,
    "sendClientPoses": 0.1935064937129165,
    "effectsAndFog": 16.83982683956881
  },
  "userAgent": "Mozilla/5.0 (Linux; Android 10; K) AppleWebKit/537.36 (KHTML, like Gecko) Chrome/145.0.0.0 Mobile Safari/537.36",
  "timestamp": "2026-04-13T20:14:31.861Z"
}