{
  "buildNumber": "274",
  "buildId": "CB7E_Olw",
  "sessionId": "PJns0EXEj",
  "durationSec": 0.862,
  "avgFps": 47.29491436937696,
  "minFps": 45.86004418223954,
  "maxFps": 47.48005890965272,
  "avgSectionTimingsMs": {
    "hud": 0.02857142686843872,
    "camera": 0.002857142686843872,
    "autoEngage": 0,
    "syncPlayers": 0.1117647062329685,
    "syncUnits": 0.017647058648221633,
    "syncResources": 0.03823529271518483,
    "sendClientPoses": 0,
    "effectsAndFog": 0.07352941176470588,
    "syncStructures": 0
  },
  "userAgent": "Mozilla/5.0 (Linux; Android 10; K) AppleWebKit/537.36 (KHTML, like Gecko) Chrome/145.0.0.0 Mobile Safari/537.36",
  "timestamp": "2026-04-13T20:10:29.347Z"
}