{
  "buildNumber": "274",
  "buildId": "CB7E_Olw",
  "sessionId": "PJns0EXEj",
  "durationSec": 2.909,
  "avgFps": 46.46154105826887,
  "minFps": 45.86004418223954,
  "maxFps": 47.48005890965272,
  "avgSectionTimingsMs": {
    "hud": 0.01832061073252263,
    "camera": 0.0053435118143795104,
    "autoEngage": 0.001149425218845236,
    "syncPlayers": 0.08461538484463325,
    "syncUnits": 0.021538461171663723,
    "syncResources": 0.026923076923076925,
    "sendClientPoses": 0.004615384569534889,
    "effectsAndFog": 0.05923076936831841,
    "syncStructures": 0.004347827123559039
  },
  "userAgent": "Mozilla/5.0 (Linux; Android 10; K) AppleWebKit/537.36 (KHTML, like Gecko) Chrome/145.0.0.0 Mobile Safari/537.36",
  "timestamp": "2026-04-13T20:10:31.394Z"
}