{
  "buildNumber": "275",
  "buildId": "DlwQSAVw",
  "sessionId": "7MiGiHpAI",
  "durationSec": 3.849,
  "avgFps": 17.204449912839113,
  "minFps": 15.453768091335075,
  "maxFps": 19.50685631014899,
  "avgSectionTimingsMs": {
    "hud": 0.02195122111134413,
    "camera": 0.009756097342909836,
    "autoEngage": 0.006134969142317041,
    "syncPlayers": 0.12345678975552689,
    "syncUnits": 1.3012345676068906,
    "syncStructures": 0.07777777866080955,
    "syncResources": 0.03827160449675572,
    "sendClientPoses": 0.2160493823481195,
    "effectsAndFog": 17.720987654762503
  },
  "userAgent": "Mozilla/5.0 (Linux; Android 10; K) AppleWebKit/537.36 (KHTML, like Gecko) Chrome/145.0.0.0 Mobile Safari/537.36",
  "timestamp": "2026-04-13T20:14:25.077Z"
}