{
  "buildNumber": "276",
  "buildId": "BdYYCv-Z",
  "sessionId": "P2QeoMsYc",
  "durationSec": 23.3,
  "avgFps": 38.9145599276555,
  "minFps": 33.65631007019205,
  "maxFps": 42.24570034076106,
  "avgSectionTimingsMs": {
    "hud": 0.02709302358156027,
    "camera": 0.006744186164334763,
    "autoEngage": 0.005002908577677675,
    "syncPlayers": 0.11327124568303056,
    "syncUnits": 0.2607683354123507,
    "syncResources": 0.026426076680872854,
    "sendClientPoses": 0.04935972075107073,
    "effectsAndFog": 0.05960419121804421,
    "syncStructures": 0.2699421964628848
  },
  "userAgent": "Mozilla/5.0 (Linux; Android 10; K) AppleWebKit/537.36 (KHTML, like Gecko) Chrome/145.0.0.0 Mobile Safari/537.36",
  "timestamp": "2026-04-13T20:20:42.273Z"
}