{
  "buildNumber": "274",
  "buildId": "CB7E_Olw",
  "sessionId": "PJns0EXEj",
  "durationSec": 1.557,
  "avgFps": 46.59858030797204,
  "minFps": 45.86004418223954,
  "maxFps": 47.48005890965272,
  "avgSectionTimingsMs": {
    "hud": 0.023529411238782546,
    "camera": 0.004411764881190132,
    "autoEngage": 0,
    "syncPlayers": 0.08955223925078093,
    "syncUnits": 0.020895522032211077,
    "syncResources": 0.029850746713467498,
    "sendClientPoses": 0.0059701493426934996,
    "effectsAndFog": 0.06417910510034704,
    "syncStructures": 0
  },
  "userAgent": "Mozilla/5.0 (Linux; Android 10; K) AppleWebKit/537.36 (KHTML, like Gecko) Chrome/145.0.0.0 Mobile Safari/537.36",
  "timestamp": "2026-04-13T20:10:30.042Z"
}