{
  "buildNumber": "277",
  "buildId": "CMEduUks",
  "sessionId": "q0WoIYLvG",
  "durationSec": 37.401,
  "avgFps": 35.32186586090474,
  "minFps": 26.510727529094936,
  "maxFps": 39.361938941941844,
  "avgSectionTimingsMs": {
    "hud": 0.02258326545369809,
    "camera": 0.009748172096659942,
    "autoEngage": 0.006216985018744502,
    "syncPlayers": 0.08609756066547176,
    "syncUnits": 0.7452032522457402,
    "syncResources": 0.026097560825386668,
    "sendClientPoses": 0.07471544698971073,
    "effectsAndFog": 0.04959349595918888,
    "syncStructures": 0.1706521743233653
  },
  "userAgent": "Mozilla/5.0 (Linux; Android 10; K) AppleWebKit/537.36 (KHTML, like Gecko) Chrome/145.0.0.0 Mobile Safari/537.36",
  "timestamp": "2026-04-13T20:25:42.240Z"
}