{
  "buildNumber": "276",
  "buildId": "BdYYCv-Z",
  "sessionId": "P2QeoMsYc",
  "durationSec": 0.748,
  "avgFps": 41.125914193165954,
  "minFps": 41.125914193165954,
  "maxFps": 41.125914193165954,
  "avgSectionTimingsMs": {
    "hud": 0.02812499925494194,
    "camera": 0.006250000558793545,
    "autoEngage": 0.004761904951125857,
    "syncPlayers": 0.15806451728267054,
    "syncUnits": 0.029032257295423938,
    "syncResources": 0.029032257295423938,
    "sendClientPoses": 0.0032258062593398555,
    "effectsAndFog": 0.07741935406961749,
    "syncStructures": 0.09999999900658925
  },
  "userAgent": "Mozilla/5.0 (Linux; Android 10; K) AppleWebKit/537.36 (KHTML, like Gecko) Chrome/145.0.0.0 Mobile Safari/537.36",
  "timestamp": "2026-04-13T20:20:19.720Z"
}