{
  "buildNumber": "273",
  "buildId": "BF-xNiwv",
  "sessionId": "P_6xpY7hD",
  "durationSec": 29.229,
  "avgFps": 33.37659273295741,
  "minFps": 29.359513071453023,
  "maxFps": 40.321994488695054,
  "avgSectionTimingsMs": {
    "hud": 0.026310043596544642,
    "camera": 0.008078602496453247,
    "autoEngage": 0.0044238121212668135,
    "syncPlayers": 0.07617486379837078,
    "syncUnits": 0.10404371589910788,
    "syncResources": 0.027540983626099885,
    "sendClientPoses": 0.015300546448087432,
    "effectsAndFog": 10.440765026944582,
    "syncStructures": 0.19999999969218257
  },
  "userAgent": "Mozilla/5.0 (Linux; Android 10; K) AppleWebKit/537.36 (KHTML, like Gecko) Chrome/145.0.0.0 Mobile Safari/537.36",
  "timestamp": "2026-04-13T20:02:26.118Z"
}