{
  "buildNumber": "273",
  "buildId": "BF-xNiwv",
  "sessionId": "P_6xpY7hD",
  "durationSec": 63.065,
  "avgFps": 28.10161106486783,
  "minFps": 18.005645273948964,
  "maxFps": 40.321994488695054,
  "avgSectionTimingsMs": {
    "hud": 0.02623376625698882,
    "camera": 0.007857142795215953,
    "autoEngage": 0.005358882773499397,
    "syncPlayers": 0.0880441849614367,
    "syncUnits": 0.5851202078110371,
    "syncResources": 0.027160493738082728,
    "sendClientPoses": 0.11539961034559135,
    "effectsAndFog": 18.176413255244434,
    "syncStructures": 0.13105882371173186
  },
  "userAgent": "Mozilla/5.0 (Linux; Android 10; K) AppleWebKit/537.36 (KHTML, like Gecko) Chrome/145.0.0.0 Mobile Safari/537.36",
  "timestamp": "2026-04-13T20:02:59.954Z"
}