{
  "buildNumber": "273",
  "buildId": "BF-xNiwv",
  "sessionId": "P_6xpY7hD",
  "durationSec": 16.663,
  "avgFps": 34.621061368690846,
  "minFps": 31.992790271339192,
  "maxFps": 40.321994488695054,
  "avgSectionTimingsMs": {
    "hud": 0.02265193383338043,
    "camera": 0.00883977897259412,
    "autoEngage": 0.004055299544664022,
    "syncPlayers": 0.07343173461426668,
    "syncUnits": 0.03376383755039905,
    "syncResources": 0.02749077497373208,
    "sendClientPoses": 0.00461254607047542,
    "effectsAndFog": 9.80904059018596,
    "syncStructures": 0.17459016378785744
  },
  "userAgent": "Mozilla/5.0 (Linux; Android 10; K) AppleWebKit/537.36 (KHTML, like Gecko) Chrome/145.0.0.0 Mobile Safari/537.36",
  "timestamp": "2026-04-13T20:02:13.552Z"
}