{
  "buildNumber": "277",
  "buildId": "CMEduUks",
  "sessionId": "q0WoIYLvG",
  "durationSec": 21.564,
  "avgFps": 37.94435195821974,
  "minFps": 36.94121099749357,
  "maxFps": 39.361938941941844,
  "avgSectionTimingsMs": {
    "hud": 0.02314465394559896,
    "camera": 0.007798741935933911,
    "autoEngage": 0.004405286493655494,
    "syncPlayers": 0.07732997481859001,
    "syncUnits": 0.11838790969524335,
    "syncResources": 0.02506297203695744,
    "sendClientPoses": 0.019017632046634664,
    "effectsAndFog": 0.04899244306970303,
    "syncStructures": 0.24629629651705423
  },
  "userAgent": "Mozilla/5.0 (Linux; Android 10; K) AppleWebKit/537.36 (KHTML, like Gecko) Chrome/145.0.0.0 Mobile Safari/537.36",
  "timestamp": "2026-04-13T20:25:26.404Z"
}