{
  "buildNumber": "277",
  "buildId": "CMEduUks",
  "sessionId": "q0WoIYLvG",
  "durationSec": 38.301,
  "avgFps": 35.150042102240285,
  "minFps": 26.510727529094936,
  "maxFps": 39.361938941941844,
  "avgSectionTimingsMs": {
    "hud": 0.022531846929697473,
    "camera": 0.009792993521424615,
    "autoEngage": 0.006292313859549142,
    "syncPlayers": 0.08661354547477813,
    "syncUnits": 0.7530677292926378,
    "syncResources": 0.026215139257005485,
    "sendClientPoses": 0.07697211138280739,
    "effectsAndFog": 0.04972111559009172,
    "syncStructures": 0.1677304968132195
  },
  "userAgent": "Mozilla/5.0 (Linux; Android 10; K) AppleWebKit/537.36 (KHTML, like Gecko) Chrome/145.0.0.0 Mobile Safari/537.36",
  "timestamp": "2026-04-13T20:25:43.141Z"
}