{
  "buildNumber": "273",
  "buildId": "BF-xNiwv",
  "sessionId": "P_6xpY7hD",
  "durationSec": 36.282,
  "avgFps": 32.251769850173034,
  "minFps": 22.159561467728746,
  "maxFps": 40.321994488695054,
  "avgSectionTimingsMs": {
    "hud": 0.026503759359282657,
    "camera": 0.007706766822060248,
    "autoEngage": 0.004701457437798626,
    "syncPlayers": 0.07864534378276046,
    "syncUnits": 0.2619943556814741,
    "syncResources": 0.026904985883386204,
    "sendClientPoses": 0.03631232352270232,
    "effectsAndFog": 12.233396048604153,
    "syncStructures": 0.17099236645771346
  },
  "userAgent": "Mozilla/5.0 (Linux; Android 10; K) AppleWebKit/537.36 (KHTML, like Gecko) Chrome/145.0.0.0 Mobile Safari/537.36",
  "timestamp": "2026-04-13T20:02:33.171Z"
}