{
  "buildNumber": "273",
  "buildId": "BF-xNiwv",
  "sessionId": "P_6xpY7hD",
  "durationSec": 3.77,
  "avgFps": 37.91901824159,
  "minFps": 36.25813106868867,
  "maxFps": 40.321994488695054,
  "avgSectionTimingsMs": {
    "hud": 0.025954198291283526,
    "camera": 0.007633587558760898,
    "autoEngage": 0.002681992291490694,
    "syncPlayers": 0.06461538420273708,
    "syncUnits": 0.028461538369839008,
    "syncResources": 0.04384615421295166,
    "sendClientPoses": 0.0023076921701431275,
    "effectsAndFog": 8.826923076923077,
    "syncStructures": 0.00714285671710968
  },
  "userAgent": "Mozilla/5.0 (Linux; Android 10; K) AppleWebKit/537.36 (KHTML, like Gecko) Chrome/145.0.0.0 Mobile Safari/537.36",
  "timestamp": "2026-04-13T20:02:00.659Z"
}