{
  "buildNumber": "276",
  "buildId": "BdYYCv-Z",
  "sessionId": "P2QeoMsYc",
  "durationSec": 50.969,
  "avgFps": 34.19667343077653,
  "minFps": 23.512293066686027,
  "maxFps": 42.24570034076106,
  "avgSectionTimingsMs": {
    "hud": 0.026398491720820583,
    "camera": 0.010182275272329823,
    "autoEngage": 0.00628733093429009,
    "syncPlayers": 0.14477987424382624,
    "syncUnits": 0.7579245285605485,
    "syncResources": 0.0293710690999181,
    "sendClientPoses": 0.121572327032779,
    "effectsAndFog": 0.06264150959890594,
    "syncStructures": 0.21973333295186362
  },
  "userAgent": "Mozilla/5.0 (Linux; Android 10; K) AppleWebKit/537.36 (KHTML, like Gecko) Chrome/145.0.0.0 Mobile Safari/537.36",
  "timestamp": "2026-04-13T20:21:09.942Z"
}