{
  "buildNumber": "277",
  "buildId": "CMEduUks",
  "sessionId": "q0WoIYLvG",
  "durationSec": 19.464,
  "avgFps": 37.985403944285046,
  "minFps": 36.94121099749357,
  "maxFps": 39.361938941941844,
  "avgSectionTimingsMs": {
    "hud": 0.021379310139294328,
    "camera": 0.007999999810909403,
    "autoEngage": 0.0037957213309981067,
    "syncPlayers": 0.0748618784365733,
    "syncUnits": 0.047099447958377186,
    "syncResources": 0.024585635046273965,
    "sendClientPoses": 0.007596685082872928,
    "effectsAndFog": 0.049171270463018786,
    "syncStructures": 0.25
  },
  "userAgent": "Mozilla/5.0 (Linux; Android 10; K) AppleWebKit/537.36 (KHTML, like Gecko) Chrome/145.0.0.0 Mobile Safari/537.36",
  "timestamp": "2026-04-13T20:25:24.303Z"
}