{
  "buildNumber": "274",
  "buildId": "CB7E_Olw",
  "sessionId": "PJns0EXEj",
  "durationSec": 18.218,
  "avgFps": 43.78528603370291,
  "minFps": 37.85108603821611,
  "maxFps": 47.48005890965272,
  "avgSectionTimingsMs": {
    "hud": 0.017866666714350384,
    "camera": 0.006666666905085245,
    "autoEngage": 0.0040693796022961025,
    "syncPlayers": 0.09118825161409315,
    "syncUnits": 0.3317757009743689,
    "syncResources": 0.02082777059125964,
    "sendClientPoses": 0.05033377807671938,
    "effectsAndFog": 0.05514018669306675,
    "syncStructures": 0.3021897808478696
  },
  "userAgent": "Mozilla/5.0 (Linux; Android 10; K) AppleWebKit/537.36 (KHTML, like Gecko) Chrome/145.0.0.0 Mobile Safari/537.36",
  "timestamp": "2026-04-13T20:10:46.703Z"
}