{
  "buildNumber": "276",
  "buildId": "BdYYCv-Z",
  "sessionId": "P2QeoMsYc",
  "durationSec": 33.083,
  "avgFps": 37.12817467364559,
  "minFps": 30.10412674515579,
  "maxFps": 42.24570034076106,
  "avgSectionTimingsMs": {
    "hud": 0.025238508466834723,
    "camera": 0.007892454513134589,
    "autoEngage": 0.00507592183907482,
    "syncPlayers": 0.11935763904410931,
    "syncUnits": 0.4409722222739624,
    "syncResources": 0.027170138744016487,
    "sendClientPoses": 0.07829861125598352,
    "effectsAndFog": 0.05998263911654552,
    "syncStructures": 0.2171428567292739
  },
  "userAgent": "Mozilla/5.0 (Linux; Android 10; K) AppleWebKit/537.36 (KHTML, like Gecko) Chrome/145.0.0.0 Mobile Safari/537.36",
  "timestamp": "2026-04-13T20:20:52.055Z"
}