{
  "buildNumber": "274",
  "buildId": "CB7E_Olw",
  "sessionId": "PJns0EXEj",
  "durationSec": 19.395,
  "avgFps": 43.46629519536534,
  "minFps": 37.63831452866208,
  "maxFps": 47.48005890965272,
  "avgSectionTimingsMs": {
    "hud": 0.018308080845710003,
    "camera": 0.00669191943274604,
    "autoEngage": 0.004042956415641481,
    "syncPlayers": 0.09178255421171899,
    "syncUnits": 0.36991150449259697,
    "syncResources": 0.020986093695636948,
    "sendClientPoses": 0.05372945623361657,
    "effectsAndFog": 0.055246523146985,
    "syncStructures": 0.2904109587408092
  },
  "userAgent": "Mozilla/5.0 (Linux; Android 10; K) AppleWebKit/537.36 (KHTML, like Gecko) Chrome/145.0.0.0 Mobile Safari/537.36",
  "timestamp": "2026-04-13T20:10:47.881Z"
}