{
  "buildNumber": "274",
  "buildId": "CB7E_Olw",
  "sessionId": "PJns0EXEj",
  "durationSec": 10.358,
  "avgFps": 45.360658506436444,
  "minFps": 44.012616156154714,
  "maxFps": 47.48005890965272,
  "avgSectionTimingsMs": {
    "hud": 0.01916299583103163,
    "camera": 0.00660792977799403,
    "autoEngage": 0.0024255788181687665,
    "syncPlayers": 0.08322295888633391,
    "syncUnits": 0.018101545095970038,
    "syncResources": 0.019205297986929517,
    "sendClientPoses": 0.005518763796909493,
    "effectsAndFog": 0.05253863091237235,
    "syncStructures": 0.37341772151898733
  },
  "userAgent": "Mozilla/5.0 (Linux; Android 10; K) AppleWebKit/537.36 (KHTML, like Gecko) Chrome/145.0.0.0 Mobile Safari/537.36",
  "timestamp": "2026-04-13T20:10:38.843Z"
}