{
  "buildNumber": "276",
  "buildId": "BdYYCv-Z",
  "sessionId": "P2QeoMsYc",
  "durationSec": 14.787,
  "avgFps": 40.41531725146592,
  "minFps": 36.99495742724304,
  "maxFps": 42.24570034076106,
  "avgSectionTimingsMs": {
    "hud": 0.026048951424085177,
    "camera": 0.006293706439591788,
    "autoEngage": 0.004724409401886107,
    "syncPlayers": 0.10980735565233982,
    "syncUnits": 0.1639229418830571,
    "syncResources": 0.02767075272032342,
    "sendClientPoses": 0.03047285491238542,
    "effectsAndFog": 0.058669002116665946,
    "syncStructures": 0.28363636379892176
  },
  "userAgent": "Mozilla/5.0 (Linux; Android 10; K) AppleWebKit/537.36 (KHTML, like Gecko) Chrome/145.0.0.0 Mobile Safari/537.36",
  "timestamp": "2026-04-13T20:20:33.759Z"
}