{
  "buildNumber": "275",
  "buildId": "DlwQSAVw",
  "sessionId": "7MiGiHpAI",
  "durationSec": 10.987,
  "avgFps": 19.592715757373508,
  "minFps": 15.453768091335075,
  "maxFps": 22.205779708880364,
  "avgSectionTimingsMs": {
    "hud": 0.019166667511065803,
    "camera": 0.01041666641831398,
    "autoEngage": 0.007098120973602964,
    "syncPlayers": 0.1322175729474263,
    "syncUnits": 0.984518828875849,
    "syncStructures": 0.08518518452291135,
    "syncResources": 0.03221757304718305,
    "sendClientPoses": 0.19246861949625374,
    "effectsAndFog": 16.80543933029454
  },
  "userAgent": "Mozilla/5.0 (Linux; Android 10; K) AppleWebKit/537.36 (KHTML, like Gecko) Chrome/145.0.0.0 Mobile Safari/537.36",
  "timestamp": "2026-04-13T20:14:32.215Z"
}