{
  "buildNumber": "275",
  "buildId": "DlwQSAVw",
  "sessionId": "7MiGiHpAI",
  "durationSec": 7.227,
  "avgFps": 18.55031107080459,
  "minFps": 15.453768091335075,
  "maxFps": 20.823205005844105,
  "avgSectionTimingsMs": {
    "hud": 0.023870968818664552,
    "camera": 0.010322580414433633,
    "autoEngage": 0.007766990117656375,
    "syncPlayers": 0.1409090906381607,
    "syncUnits": 1.1123376628021142,
    "syncStructures": 0.08076922939373897,
    "syncResources": 0.03506493452307466,
    "sendClientPoses": 0.2129870138385079,
    "effectsAndFog": 17.317532467764693
  },
  "userAgent": "Mozilla/5.0 (Linux; Android 10; K) AppleWebKit/537.36 (KHTML, like Gecko) Chrome/145.0.0.0 Mobile Safari/537.36",
  "timestamp": "2026-04-13T20:14:28.455Z"
}