{
  "buildNumber": "277",
  "buildId": "CMEduUks",
  "sessionId": "q0WoIYLvG",
  "durationSec": 24.569,
  "avgFps": 37.654575938541406,
  "minFps": 34.16609136987178,
  "maxFps": 39.361938941941844,
  "avgSectionTimingsMs": {
    "hud": 0.023284589312342074,
    "camera": 0.0080989874455202,
    "autoEngage": 0.004670793579479383,
    "syncPlayers": 0.07747747749090195,
    "syncUnits": 0.22826576598726953,
    "syncResources": 0.025900900665972684,
    "sendClientPoses": 0.03265765755697413,
    "effectsAndFog": 0.0494369367758433,
    "syncStructures": 0.2232432433076807
  },
  "userAgent": "Mozilla/5.0 (Linux; Android 10; K) AppleWebKit/537.36 (KHTML, like Gecko) Chrome/145.0.0.0 Mobile Safari/537.36",
  "timestamp": "2026-04-13T20:25:29.409Z"
}