{
  "buildNumber": "276",
  "buildId": "BdYYCv-Z",
  "sessionId": "P2QeoMsYc",
  "durationSec": 20.329,
  "avgFps": 39.41407049077539,
  "minFps": 35.407549796010784,
  "maxFps": 42.24570034076106,
  "avgSectionTimingsMs": {
    "hud": 0.026797386010487874,
    "camera": 0.006535947868247437,
    "autoEngage": 0.0047743622581501895,
    "syncPlayers": 0.1098167539735115,
    "syncUnits": 0.2062827224272708,
    "syncResources": 0.027748690966848302,
    "sendClientPoses": 0.03678010482126506,
    "effectsAndFog": 0.059293194161971825,
    "syncStructures": 0.29072847666329893
  },
  "userAgent": "Mozilla/5.0 (Linux; Android 10; K) AppleWebKit/537.36 (KHTML, like Gecko) Chrome/145.0.0.0 Mobile Safari/537.36",
  "timestamp": "2026-04-13T20:20:39.301Z"
}