{
  "buildNumber": "273",
  "buildId": "BF-xNiwv",
  "sessionId": "P_6xpY7hD",
  "durationSec": 9.884,
  "avgFps": 36.05434953287367,
  "minFps": 32.3977484250669,
  "maxFps": 40.321994488695054,
  "avgSectionTimingsMs": {
    "hud": 0.022461538498218244,
    "camera": 0.0073846152195563685,
    "autoEngage": 0.004622496239760624,
    "syncPlayers": 0.07006172909412856,
    "syncUnits": 0.03395061709998566,
    "syncResources": 0.029629629703215612,
    "sendClientPoses": 0.0033950617099985664,
    "effectsAndFog": 9.684259258762554,
    "syncStructures": 0.07499999966886309
  },
  "userAgent": "Mozilla/5.0 (Linux; Android 10; K) AppleWebKit/537.36 (KHTML, like Gecko) Chrome/145.0.0.0 Mobile Safari/537.36",
  "timestamp": "2026-04-13T20:02:06.773Z"
}