{
  "buildNumber": "274",
  "buildId": "CB7E_Olw",
  "sessionId": "PJns0EXEj",
  "durationSec": 15.81,
  "avgFps": 44.430900096509994,
  "minFps": 40.38775949799375,
  "maxFps": 47.48005890965272,
  "avgSectionTimingsMs": {
    "hud": 0.017319277063550718,
    "camera": 0.006626506302371083,
    "autoEngage": 0.003541823653413015,
    "syncPlayers": 0.09064856764957376,
    "syncUnits": 0.23273001514588726,
    "syncResources": 0.021417798140110113,
    "sendClientPoses": 0.036953242655792924,
    "effectsAndFog": 0.05339366480775548,
    "syncStructures": 0.33499999990065893
  },
  "userAgent": "Mozilla/5.0 (Linux; Android 10; K) AppleWebKit/537.36 (KHTML, like Gecko) Chrome/145.0.0.0 Mobile Safari/537.36",
  "timestamp": "2026-04-13T20:10:44.295Z"
}