{
  "buildNumber": "273",
  "buildId": "BF-xNiwv",
  "sessionId": "P_6xpY7hD",
  "durationSec": 17.636,
  "avgFps": 34.49222045957052,
  "minFps": 31.992790271339192,
  "maxFps": 40.321994488695054,
  "avgSectionTimingsMs": {
    "hud": 0.022591944124986746,
    "camera": 0.008756567425569177,
    "autoEngage": 0.004119193679298047,
    "syncPlayers": 0.07403508806437777,
    "syncUnits": 0.03403508762518565,
    "syncResources": 0.027719298318812723,
    "sendClientPoses": 0.004561403498314975,
    "effectsAndFog": 9.90105263135935,
    "syncStructures": 0.1744186046511628
  },
  "userAgent": "Mozilla/5.0 (Linux; Android 10; K) AppleWebKit/537.36 (KHTML, like Gecko) Chrome/145.0.0.0 Mobile Safari/537.36",
  "timestamp": "2026-04-13T20:02:14.525Z"
}