{
  "buildNumber": "273",
  "buildId": "BF-xNiwv",
  "sessionId": "P_6xpY7hD",
  "durationSec": 25.853,
  "avgFps": 33.62955969223913,
  "minFps": 31.135007847593187,
  "maxFps": 40.321994488695054,
  "avgSectionTimingsMs": {
    "hud": 0.024879227081934612,
    "camera": 0.008212560292891259,
    "autoEngage": 0.003806646514875291,
    "syncPlayers": 0.07569528458484572,
    "syncUnits": 0.03385731559854897,
    "syncResources": 0.027327690512266238,
    "sendClientPoses": 0.005562273341770472,
    "effectsAndFog": 10.076541716631551,
    "syncStructures": 0.201587301082712
  },
  "userAgent": "Mozilla/5.0 (Linux; Android 10; K) AppleWebKit/537.36 (KHTML, like Gecko) Chrome/145.0.0.0 Mobile Safari/537.36",
  "timestamp": "2026-04-13T20:02:22.742Z"
}