{
  "buildNumber": "273",
  "buildId": "BF-xNiwv",
  "sessionId": "P_6xpY7hD",
  "durationSec": 9.036,
  "avgFps": 36.38028822737284,
  "minFps": 33.1969979000892,
  "maxFps": 40.321994488695054,
  "avgSectionTimingsMs": {
    "hud": 0.021476510187123446,
    "camera": 0.007382550095551766,
    "autoEngage": 0.0036974790717373375,
    "syncPlayers": 0.06902356962563615,
    "syncUnits": 0.03367003346934463,
    "syncResources": 0.029292929252791484,
    "sendClientPoses": 0.0037037036836348,
    "effectsAndFog": 9.603030302608856,
    "syncStructures": 0.006060605699365789
  },
  "userAgent": "Mozilla/5.0 (Linux; Android 10; K) AppleWebKit/537.36 (KHTML, like Gecko) Chrome/145.0.0.0 Mobile Safari/537.36",
  "timestamp": "2026-04-13T20:02:05.926Z"
}