{
  "buildNumber": "277",
  "buildId": "CMEduUks",
  "sessionId": "q0WoIYLvG",
  "durationSec": 35.188,
  "avgFps": 35.71962545157066,
  "minFps": 26.803205994891698,
  "maxFps": 39.361938941941844,
  "avgSectionTimingsMs": {
    "hud": 0.021957446590383,
    "camera": 0.009531914756653158,
    "autoEngage": 0.006172839582296268,
    "syncPlayers": 0.08483815977581519,
    "syncUnits": 0.677768313778117,
    "syncResources": 0.02640545124495862,
    "sendClientPoses": 0.06771720595518206,
    "effectsAndFog": 0.04931856894919576,
    "syncStructures": 0.17769230810495523
  },
  "userAgent": "Mozilla/5.0 (Linux; Android 10; K) AppleWebKit/537.36 (KHTML, like Gecko) Chrome/145.0.0.0 Mobile Safari/537.36",
  "timestamp": "2026-04-13T20:25:40.028Z"
}