{
  "buildNumber": "276",
  "buildId": "BdYYCv-Z",
  "sessionId": "P2QeoMsYc",
  "durationSec": 51.223,
  "avgFps": 34.15653173873861,
  "minFps": 23.512293066686027,
  "maxFps": 42.24570034076106,
  "avgSectionTimingsMs": {
    "hud": 0.026424546240267337,
    "camera": 0.01020663741535146,
    "autoEngage": 0.006263701754455614,
    "syncPlayers": 0.14492481203754445,
    "syncUnits": 0.7595238097964373,
    "syncResources": 0.029385964822649657,
    "sendClientPoses": 0.1216165413309757,
    "effectsAndFog": 0.06265664179074137,
    "syncStructures": 0.2188328908514281
  },
  "userAgent": "Mozilla/5.0 (Linux; Android 10; K) AppleWebKit/537.36 (KHTML, like Gecko) Chrome/145.0.0.0 Mobile Safari/537.36",
  "timestamp": "2026-04-13T20:21:10.196Z"
}