{
  "buildNumber": "273",
  "buildId": "BF-xNiwv",
  "sessionId": "P_6xpY7hD",
  "durationSec": 11.509,
  "avgFps": 35.54920582459659,
  "minFps": 32.298311318800174,
  "maxFps": 40.321994488695054,
  "avgSectionTimingsMs": {
    "hud": 0.02169312181926909,
    "camera": 0.007671957530041851,
    "autoEngage": 0.004503311305646076,
    "syncPlayers": 0.06949602158379492,
    "syncUnits": 0.033952254436376554,
    "syncResources": 0.02732095501783356,
    "sendClientPoses": 0.003183023841058544,
    "effectsAndFog": 9.787533156198279,
    "syncStructures": 0.1369047611951828
  },
  "userAgent": "Mozilla/5.0 (Linux; Android 10; K) AppleWebKit/537.36 (KHTML, like Gecko) Chrome/145.0.0.0 Mobile Safari/537.36",
  "timestamp": "2026-04-13T20:02:08.398Z"
}