{
  "buildNumber": "273",
  "buildId": "BF-xNiwv",
  "sessionId": "P_6xpY7hD",
  "durationSec": 36.008,
  "avgFps": 32.29941955924973,
  "minFps": 22.159561467728746,
  "maxFps": 40.321994488695054,
  "avgSectionTimingsMs": {
    "hud": 0.026440037743340583,
    "camera": 0.0077431538231086915,
    "autoEngage": 0.004676428897571158,
    "syncPlayers": 0.07863894175378948,
    "syncUnits": 0.256710775182468,
    "syncResources": 0.02684310013833253,
    "sendClientPoses": 0.03506616250891766,
    "effectsAndFog": 12.152930056412188,
    "syncStructures": 0.17164750962421813
  },
  "userAgent": "Mozilla/5.0 (Linux; Android 10; K) AppleWebKit/537.36 (KHTML, like Gecko) Chrome/145.0.0.0 Mobile Safari/537.36",
  "timestamp": "2026-04-13T20:02:32.899Z"
}