{
  "buildNumber": "274",
  "buildId": "CB7E_Olw",
  "sessionId": "PJns0EXEj",
  "durationSec": 5.48,
  "avgFps": 46.109171514235484,
  "minFps": 45.05727960453673,
  "maxFps": 47.48005890965272,
  "avgSectionTimingsMs": {
    "hud": 0.019421487923496027,
    "camera": 0.005785124237872352,
    "autoEngage": 0.0022774326998748146,
    "syncPlayers": 0.08215767738730086,
    "syncUnits": 0.01991701212661395,
    "syncResources": 0.025311203294769855,
    "sendClientPoses": 0.0058091286554376115,
    "effectsAndFog": 0.055186721299199146,
    "syncStructures": 0.2928571424313954
  },
  "userAgent": "Mozilla/5.0 (Linux; Android 10; K) AppleWebKit/537.36 (KHTML, like Gecko) Chrome/145.0.0.0 Mobile Safari/537.36",
  "timestamp": "2026-04-13T20:10:33.965Z"
}