{
  "buildNumber": "273",
  "buildId": "BF-xNiwv",
  "sessionId": "P_6xpY7hD",
  "durationSec": 57.527,
  "avgFps": 28.777408312777748,
  "minFps": 18.005645273948964,
  "maxFps": 40.321994488695054,
  "avgSectionTimingsMs": {
    "hud": 0.026282940447413146,
    "camera": 0.007836338385794927,
    "autoEngage": 0.0052029136419709755,
    "syncPlayers": 0.08612074997175244,
    "syncUnits": 0.5690492712773025,
    "syncResources": 0.027272727177591476,
    "sendClientPoses": 0.10291464274166194,
    "effectsAndFog": 17.228244274792615,
    "syncStructures": 0.13826530632011744
  },
  "userAgent": "Mozilla/5.0 (Linux; Android 10; K) AppleWebKit/537.36 (KHTML, like Gecko) Chrome/145.0.0.0 Mobile Safari/537.36",
  "timestamp": "2026-04-13T20:02:54.416Z"
}