{
  "buildNumber": "277",
  "buildId": "CMEduUks",
  "sessionId": "q0WoIYLvG",
  "durationSec": 6.647,
  "avgFps": 28.774699939738948,
  "minFps": 28.48434442172548,
  "maxFps": 30.259186777423363,
  "avgSectionTimingsMs": {
    "hud": 0.02756756753534884,
    "camera": 0.009729729955260818,
    "autoEngage": 0.00921409215707443,
    "syncPlayers": 0.10923913040238878,
    "syncUnits": 1.3907608694356421,
    "syncResources": 0.024456522710945294,
    "sendClientPoses": 0.18478260820974474,
    "effectsAndFog": 0.047826087021309395,
    "syncStructures": 0.06304347709469173
  },
  "userAgent": "Mozilla/5.0 (Linux; Android 10; K) AppleWebKit/537.36 (KHTML, like Gecko) Chrome/145.0.0.0 Mobile Safari/537.36",
  "timestamp": "2026-04-13T20:26:06.262Z"
}