{
  "buildNumber": "274",
  "buildId": "CB7E_Olw",
  "sessionId": "PJns0EXEj",
  "durationSec": 22.519,
  "avgFps": 42.70164709188198,
  "minFps": 36.37866394177931,
  "maxFps": 47.48005890965272,
  "avgSectionTimingsMs": {
    "hud": 0.017980022151250552,
    "camera": 0.007769145526314416,
    "autoEngage": 0.004164353120598378,
    "syncPlayers": 0.09388888915379842,
    "syncUnits": 0.453888889087571,
    "syncResources": 0.020444444550408256,
    "sendClientPoses": 0.06511111103826099,
    "effectsAndFog": 0.05499999973509047,
    "syncStructures": 0.25917159735098394
  },
  "userAgent": "Mozilla/5.0 (Linux; Android 10; K) AppleWebKit/537.36 (KHTML, like Gecko) Chrome/145.0.0.0 Mobile Safari/537.36",
  "timestamp": "2026-04-13T20:10:51.004Z"
}