{
  "buildNumber": "277",
  "buildId": "CMEduUks",
  "sessionId": "q0WoIYLvG",
  "durationSec": 28.457,
  "avgFps": 37.03089108189995,
  "minFps": 30.267396097498498,
  "maxFps": 39.361938941941844,
  "avgSectionTimingsMs": {
    "hud": 0.022891566127418994,
    "camera": 0.008433734766211376,
    "autoEngage": 0.005474635924243975,
    "syncPlayers": 0.07989949733767678,
    "syncUnits": 0.401005025455101,
    "syncResources": 0.025929648103426448,
    "sendClientPoses": 0.049145728529398164,
    "effectsAndFog": 0.04974874356883255,
    "syncStructures": 0.20518867924528303
  },
  "userAgent": "Mozilla/5.0 (Linux; Android 10; K) AppleWebKit/537.36 (KHTML, like Gecko) Chrome/145.0.0.0 Mobile Safari/537.36",
  "timestamp": "2026-04-13T20:25:33.297Z"
}