{
  "buildNumber": "274",
  "buildId": "CB7E_Olw",
  "sessionId": "PJns0EXEj",
  "durationSec": 17.924,
  "avgFps": 43.87361648018512,
  "minFps": 38.46811471762148,
  "maxFps": 47.48005890965272,
  "avgSectionTimingsMs": {
    "hud": 0.017997293696513195,
    "camera": 0.0066305821174213785,
    "autoEngage": 0.0041299932456613795,
    "syncPlayers": 0.09105691115869093,
    "syncUnits": 0.32208672085105566,
    "syncResources": 0.020867208922458535,
    "sendClientPoses": 0.04864498617526315,
    "effectsAndFog": 0.05501354992551209,
    "syncStructures": 0.30592592579347117
  },
  "userAgent": "Mozilla/5.0 (Linux; Android 10; K) AppleWebKit/537.36 (KHTML, like Gecko) Chrome/145.0.0.0 Mobile Safari/537.36",
  "timestamp": "2026-04-13T20:10:46.409Z"
}