{
  "buildNumber": "276",
  "buildId": "BdYYCv-Z",
  "sessionId": "P2QeoMsYc",
  "durationSec": 30.767,
  "avgFps": 37.548818747954094,
  "minFps": 30.805502326874386,
  "maxFps": 42.24570034076106,
  "avgSectionTimingsMs": {
    "hud": 0.025138121750034242,
    "camera": 0.007826887743468663,
    "autoEngage": 0.004974666003091497,
    "syncPlayers": 0.11741935500900866,
    "syncUnits": 0.38866359459639693,
    "syncResources": 0.02663594448621372,
    "sendClientPoses": 0.07161290343456005,
    "effectsAndFog": 0.06000000021424711,
    "syncStructures": 0.22587719245960838
  },
  "userAgent": "Mozilla/5.0 (Linux; Android 10; K) AppleWebKit/537.36 (KHTML, like Gecko) Chrome/145.0.0.0 Mobile Safari/537.36",
  "timestamp": "2026-04-13T20:20:49.739Z"
}