{
  "buildNumber": "276",
  "buildId": "BdYYCv-Z",
  "sessionId": "P2QeoMsYc",
  "durationSec": 51.965,
  "avgFps": 34.045097589528595,
  "minFps": 23.512293066686027,
  "maxFps": 42.24570034076106,
  "avgSectionTimingsMs": {
    "hud": 0.026208178649161386,
    "camera": 0.010223048290207778,
    "autoEngage": 0.006290672362534151,
    "syncPlayers": 0.14643521389825256,
    "syncUnits": 0.7647241167931991,
    "syncResources": 0.02944823299515565,
    "sendClientPoses": 0.12231866085078505,
    "effectsAndFog": 0.06261624322865812,
    "syncStructures": 0.2170157064318033
  },
  "userAgent": "Mozilla/5.0 (Linux; Android 10; K) AppleWebKit/537.36 (KHTML, like Gecko) Chrome/145.0.0.0 Mobile Safari/537.36",
  "timestamp": "2026-04-13T20:21:10.938Z"
}