{
  "buildNumber": "275",
  "buildId": "DlwQSAVw",
  "sessionId": "7MiGiHpAI",
  "durationSec": 17.665,
  "avgFps": 20.771183418735358,
  "minFps": 15.453768091335075,
  "maxFps": 22.854172486012928,
  "avgSectionTimingsMs": {
    "hud": 0.015424164907484864,
    "camera": 0.010796914906612092,
    "autoEngage": 0.0061776061929484285,
    "syncPlayers": 0.12654639166040518,
    "syncUnits": 0.8804123711954687,
    "syncStructures": 0.07615384642894452,
    "syncResources": 0.029639174950491523,
    "sendClientPoses": 0.18814432989690721,
    "effectsAndFog": 16.50824742303374
  },
  "userAgent": "Mozilla/5.0 (Linux; Android 10; K) AppleWebKit/537.36 (KHTML, like Gecko) Chrome/145.0.0.0 Mobile Safari/537.36",
  "timestamp": "2026-04-13T20:14:38.893Z"
}