{
  "buildNumber": "273",
  "buildId": "BF-xNiwv",
  "sessionId": "P_6xpY7hD",
  "durationSec": 1.256,
  "avgFps": 39.15717954572344,
  "minFps": 38.68112189989097,
  "maxFps": 40.321994488695054,
  "avgSectionTimingsMs": {
    "hud": 0.029787234169371585,
    "camera": 0.012765957319990117,
    "autoEngage": 0.003225806579794935,
    "syncPlayers": 0.0826086946155714,
    "syncUnits": 0.028260870472244595,
    "syncResources": 0.03260869500429734,
    "sendClientPoses": 0,
    "effectsAndFog": 7.406521739519161,
    "syncStructures": 0.01111111044883728
  },
  "userAgent": "Mozilla/5.0 (Linux; Android 10; K) AppleWebKit/537.36 (KHTML, like Gecko) Chrome/145.0.0.0 Mobile Safari/537.36",
  "timestamp": "2026-04-13T20:01:58.145Z"
}