{
  "buildNumber": "273",
  "buildId": "BF-xNiwv",
  "sessionId": "P_6xpY7hD",
  "durationSec": 4.382,
  "avgFps": 37.65141708770605,
  "minFps": 35.9435983015165,
  "maxFps": 40.321994488695054,
  "avgSectionTimingsMs": {
    "hud": 0.025490195922602234,
    "camera": 0.007843136982200972,
    "autoEngage": 0.0026229507610446116,
    "syncPlayers": 0.06578947407634635,
    "syncUnits": 0.03026315765945535,
    "syncResources": 0.03815789501133718,
    "sendClientPoses": 0.002631578790514093,
    "effectsAndFog": 8.707236842105264,
    "syncStructures": 0.00624999962747097
  },
  "userAgent": "Mozilla/5.0 (Linux; Android 10; K) AppleWebKit/537.36 (KHTML, like Gecko) Chrome/145.0.0.0 Mobile Safari/537.36",
  "timestamp": "2026-04-13T20:02:01.271Z"
}