{
  "buildNumber": "277",
  "buildId": "CMEduUks",
  "sessionId": "q0WoIYLvG",
  "durationSec": 1.091,
  "avgFps": 38.75851400364459,
  "minFps": 38.52145420645638,
  "maxFps": 39.361938941941844,
  "avgSectionTimingsMs": {
    "hud": 0.023076922465593386,
    "camera": 0.005128204822540283,
    "autoEngage": 0.0038961044379643033,
    "syncPlayers": 0.08421052443353753,
    "syncUnits": 0.02368421146744176,
    "syncResources": 0.021052631108384384,
    "sendClientPoses": 0.002631578790514093,
    "effectsAndFog": 0.057894736528396606,
    "syncStructures": 0.012500002980232239
  },
  "userAgent": "Mozilla/5.0 (Linux; Android 10; K) AppleWebKit/537.36 (KHTML, like Gecko) Chrome/145.0.0.0 Mobile Safari/537.36",
  "timestamp": "2026-04-13T20:25:05.930Z"
}