{
  "buildNumber": "277",
  "buildId": "CMEduUks",
  "sessionId": "q0WoIYLvG",
  "durationSec": 28.607,
  "avgFps": 37.003837101962354,
  "minFps": 30.267396097498498,
  "maxFps": 39.361938941941844,
  "avgSectionTimingsMs": {
    "hud": 0.022899999856948853,
    "camera": 0.00839999982714653,
    "autoEngage": 0.005502751435322306,
    "syncPlayers": 0.07997997983678563,
    "syncUnits": 0.4071071074531601,
    "syncResources": 0.025925925812563737,
    "sendClientPoses": 0.04994994980675561,
    "effectsAndFog": 0.04984984971262194,
    "syncStructures": 0.20469483565276778
  },
  "userAgent": "Mozilla/5.0 (Linux; Android 10; K) AppleWebKit/537.36 (KHTML, like Gecko) Chrome/145.0.0.0 Mobile Safari/537.36",
  "timestamp": "2026-04-13T20:25:33.446Z"
}