{
  "buildNumber": "277",
  "buildId": "CMEduUks",
  "sessionId": "q0WoIYLvG",
  "durationSec": 0.16,
  "avgFps": 39.361938941941844,
  "minFps": 39.361938941941844,
  "maxFps": 39.361938941941844,
  "avgSectionTimingsMs": {
    "hud": 0.03999999761581421,
    "camera": 0,
    "autoEngage": 0,
    "syncPlayers": 0.14999999105930328,
    "syncUnits": 0,
    "syncResources": 0,
    "sendClientPoses": 0,
    "effectsAndFog": 0.22500000149011612,
    "syncStructures": 0.10000002384185791
  },
  "userAgent": "Mozilla/5.0 (Linux; Android 10; K) AppleWebKit/537.36 (KHTML, like Gecko) Chrome/145.0.0.0 Mobile Safari/537.36",
  "timestamp": "2026-04-13T20:25:04.999Z"
}