{
  "buildNumber": "273",
  "buildId": "BF-xNiwv",
  "sessionId": "P_6xpY7hD",
  "durationSec": 2.791,
  "avgFps": 38.461824160357935,
  "minFps": 37.010841424918226,
  "maxFps": 40.321994488695054,
  "avgSectionTimingsMs": {
    "hud": 0.027083333271245163,
    "camera": 0.007291666542490323,
    "autoEngage": 0.0036649214035553456,
    "syncPlayers": 0.07368421084002445,
    "syncUnits": 0.028421052192386827,
    "syncResources": 0.045263157706511646,
    "sendClientPoses": 0.001052631516205637,
    "effectsAndFog": 9.141052631955398,
    "syncStructures": 0.004999999701976776
  },
  "userAgent": "Mozilla/5.0 (Linux; Android 10; K) AppleWebKit/537.36 (KHTML, like Gecko) Chrome/145.0.0.0 Mobile Safari/537.36",
  "timestamp": "2026-04-13T20:01:59.680Z"
}