{
  "buildNumber": "277",
  "buildId": "CMEduUks",
  "sessionId": "q0WoIYLvG",
  "durationSec": 4.723,
  "avgFps": 38.4726528064331,
  "minFps": 38.293317991131715,
  "maxFps": 39.361938941941844,
  "avgSectionTimingsMs": {
    "hud": 0.021022727035663345,
    "camera": 0.0073863637040961876,
    "autoEngage": 0.003133903456549359,
    "syncPlayers": 0.06857142857142857,
    "syncUnits": 0.028571428741727557,
    "syncResources": 0.025142856325422014,
    "sendClientPoses": 0.0017142856121063232,
    "effectsAndFog": 0.0439999989100865,
    "syncStructures": 0.16285714421953473
  },
  "userAgent": "Mozilla/5.0 (Linux; Android 10; K) AppleWebKit/537.36 (KHTML, like Gecko) Chrome/145.0.0.0 Mobile Safari/537.36",
  "timestamp": "2026-04-13T20:25:09.562Z"
}