{
  "buildNumber": "276",
  "buildId": "BdYYCv-Z",
  "sessionId": "P2QeoMsYc",
  "durationSec": 53.467,
  "avgFps": 33.82210767043637,
  "minFps": 23.47566485001089,
  "maxFps": 42.24570034076106,
  "avgSectionTimingsMs": {
    "hud": 0.026500909851853813,
    "camera": 0.010127349865660659,
    "autoEngage": 0.006308765466697006,
    "syncPlayers": 0.14781553394079788,
    "syncUnits": 0.7925970875884144,
    "syncResources": 0.029368931970116006,
    "sendClientPoses": 0.12536407761203433,
    "effectsAndFog": 0.06298543711744466,
    "syncStructures": 0.21319796924058557
  },
  "userAgent": "Mozilla/5.0 (Linux; Android 10; K) AppleWebKit/537.36 (KHTML, like Gecko) Chrome/145.0.0.0 Mobile Safari/537.36",
  "timestamp": "2026-04-13T20:21:12.439Z"
}