{
  "buildNumber": "274",
  "buildId": "CB7E_Olw",
  "sessionId": "PJns0EXEj",
  "durationSec": 8.078,
  "avgFps": 45.68446567948367,
  "minFps": 44.13353983316393,
  "maxFps": 47.48005890965272,
  "avgSectionTimingsMs": {
    "hud": 0.018591549614785423,
    "camera": 0.005915493276757253,
    "autoEngage": 0.002256699526427663,
    "syncPlayers": 0.08050847567070675,
    "syncUnits": 0.019209039244948135,
    "syncResources": 0.0211864406779661,
    "sendClientPoses": 0.005084745712199454,
    "effectsAndFog": 0.05225988675308766,
    "syncStructures": 0.30645161194186055
  },
  "userAgent": "Mozilla/5.0 (Linux; Android 10; K) AppleWebKit/537.36 (KHTML, like Gecko) Chrome/145.0.0.0 Mobile Safari/537.36",
  "timestamp": "2026-04-13T20:10:36.563Z"
}