{
  "buildNumber": "274",
  "buildId": "CB7E_Olw",
  "sessionId": "PJns0EXEj",
  "durationSec": 22.296,
  "avgFps": 42.7511559084935,
  "minFps": 36.37866394177931,
  "maxFps": 47.48005890965272,
  "avgSectionTimingsMs": {
    "hud": 0.018120805322457214,
    "camera": 0.00782997776197907,
    "autoEngage": 0.004141018453362138,
    "syncPlayers": 0.09372900364647253,
    "syncUnits": 0.4497200450197713,
    "syncResources": 0.02049272127808275,
    "sendClientPoses": 0.06472564377683274,
    "effectsAndFog": 0.05487122033771716,
    "syncStructures": 0.2622754488162652
  },
  "userAgent": "Mozilla/5.0 (Linux; Android 10; K) AppleWebKit/537.36 (KHTML, like Gecko) Chrome/145.0.0.0 Mobile Safari/537.36",
  "timestamp": "2026-04-13T20:10:50.781Z"
}