{
  "buildNumber": "275",
  "buildId": "DlwQSAVw",
  "sessionId": "7MiGiHpAI",
  "durationSec": 7.406,
  "avgFps": 18.607490792440803,
  "minFps": 15.453768091335075,
  "maxFps": 20.823205005844105,
  "avgSectionTimingsMs": {
    "hud": 0.023899372081336735,
    "camera": 0.010691823636960683,
    "autoEngage": 0.0075709777487565294,
    "syncPlayers": 0.13987341749517224,
    "syncUnits": 1.1031645572260966,
    "syncStructures": 0.079629628194703,
    "syncResources": 0.0354430373710922,
    "sendClientPoses": 0.21139240604412707,
    "effectsAndFog": 17.292405063404313
  },
  "userAgent": "Mozilla/5.0 (Linux; Android 10; K) AppleWebKit/537.36 (KHTML, like Gecko) Chrome/145.0.0.0 Mobile Safari/537.36",
  "timestamp": "2026-04-13T20:14:28.634Z"
}