{
  "buildNumber": "277",
  "buildId": "CMEduUks",
  "sessionId": "q0WoIYLvG",
  "durationSec": 12.709,
  "avgFps": 38.2381408311648,
  "minFps": 37.33993066221078,
  "maxFps": 39.361938941941844,
  "avgSectionTimingsMs": {
    "hud": 0.021353065463503622,
    "camera": 0.008033826411652515,
    "autoEngage": 0.003492063662362477,
    "syncPlayers": 0.07563559306880176,
    "syncUnits": 0.0330508478238421,
    "syncResources": 0.027966101101394428,
    "sendClientPoses": 0.004449152529744779,
    "effectsAndFog": 0.05211864380260645,
    "syncStructures": 0.20000000062741732
  },
  "userAgent": "Mozilla/5.0 (Linux; Android 10; K) AppleWebKit/537.36 (KHTML, like Gecko) Chrome/145.0.0.0 Mobile Safari/537.36",
  "timestamp": "2026-04-13T20:25:17.548Z"
}