{
  "buildNumber": "273",
  "buildId": "BF-xNiwv",
  "sessionId": "P_6xpY7hD",
  "durationSec": 57.587,
  "avgFps": 28.77001388910289,
  "minFps": 18.005645273948964,
  "maxFps": 40.321994488695054,
  "avgSectionTimingsMs": {
    "hud": 0.02626472635146899,
    "camera": 0.007830907797862982,
    "autoEngage": 0.005199306769428882,
    "syncPlayers": 0.086199723111773,
    "syncUnits": 0.5690707350240171,
    "syncResources": 0.027253814051948207,
    "sendClientPoses": 0.10298196961082796,
    "effectsAndFog": 17.241886269058334,
    "syncStructures": 0.13826530632011744
  },
  "userAgent": "Mozilla/5.0 (Linux; Android 10; K) AppleWebKit/537.36 (KHTML, like Gecko) Chrome/145.0.0.0 Mobile Safari/537.36",
  "timestamp": "2026-04-13T20:02:54.477Z"
}