{
  "buildNumber": "273",
  "buildId": "BF-xNiwv",
  "sessionId": "P_6xpY7hD",
  "durationSec": 28.284,
  "avgFps": 33.47629409817931,
  "minFps": 30.47935076193736,
  "maxFps": 40.321994488695054,
  "avgSectionTimingsMs": {
    "hud": 0.025531914873593065,
    "camera": 0.008286674005320465,
    "autoEngage": 0.0042577030778932975,
    "syncPlayers": 0.0764573995575242,
    "syncUnits": 0.07892376675600428,
    "syncResources": 0.027578475396462087,
    "sendClientPoses": 0.012443946215069347,
    "effectsAndFog": 10.280605380711535,
    "syncStructures": 0.1951456308654211
  },
  "userAgent": "Mozilla/5.0 (Linux; Android 10; K) AppleWebKit/537.36 (KHTML, like Gecko) Chrome/145.0.0.0 Mobile Safari/537.36",
  "timestamp": "2026-04-13T20:02:25.173Z"
}