{
  "buildNumber": "274",
  "buildId": "CB7E_Olw",
  "sessionId": "PJns0EXEj",
  "durationSec": 26.442,
  "avgFps": 41.69927686870417,
  "minFps": 32.56512413782861,
  "maxFps": 47.48005890965272,
  "avgSectionTimingsMs": {
    "hud": 0.01815505388674488,
    "camera": 0.008145240531234442,
    "autoEngage": 0.004418262150220913,
    "syncPlayers": 0.09980353660339925,
    "syncUnits": 0.5711198430691347,
    "syncResources": 0.02013752461650751,
    "sendClientPoses": 0.08035363453076255,
    "effectsAndFog": 0.05638506856320649,
    "syncStructures": 0.24242424212320887
  },
  "userAgent": "Mozilla/5.0 (Linux; Android 10; K) AppleWebKit/537.36 (KHTML, like Gecko) Chrome/145.0.0.0 Mobile Safari/537.36",
  "timestamp": "2026-04-13T20:10:54.927Z"
}