{
  "buildNumber": "277",
  "buildId": "CMEduUks",
  "sessionId": "q0WoIYLvG",
  "durationSec": 4.609,
  "avgFps": 38.47544725844291,
  "minFps": 38.293317991131715,
  "maxFps": 39.361938941941844,
  "avgSectionTimingsMs": {
    "hud": 0.020348837036033008,
    "camera": 0.007558139604191447,
    "autoEngage": 0.003206997414719607,
    "syncPlayers": 0.06959064330971032,
    "syncUnits": 0.02690058476046512,
    "syncResources": 0.025730993315490367,
    "sendClientPoses": 0.0017543858603427285,
    "effectsAndFog": 0.0444444433638924,
    "syncStructures": 0.16764706022599163
  },
  "userAgent": "Mozilla/5.0 (Linux; Android 10; K) AppleWebKit/537.36 (KHTML, like Gecko) Chrome/145.0.0.0 Mobile Safari/537.36",
  "timestamp": "2026-04-13T20:25:09.448Z"
}