{
  "buildNumber": "275",
  "buildId": "DlwQSAVw",
  "sessionId": "7MiGiHpAI",
  "durationSec": 21.617,
  "avgFps": 21.19111168278276,
  "minFps": 15.453768091335075,
  "maxFps": 23.285890513152527,
  "avgSectionTimingsMs": {
    "hud": 0.01719077578130758,
    "camera": 0.010901467292813634,
    "autoEngage": 0.0066107030242587685,
    "syncPlayers": 0.12373949581084132,
    "syncUnits": 0.8497899157159469,
    "syncStructures": 0.07358490596027495,
    "syncResources": 0.028571428371076825,
    "sendClientPoses": 0.19537815132311412,
    "effectsAndFog": 16.5247899164297
  },
  "userAgent": "Mozilla/5.0 (Linux; Android 10; K) AppleWebKit/537.36 (KHTML, like Gecko) Chrome/145.0.0.0 Mobile Safari/537.36",
  "timestamp": "2026-04-13T20:14:42.845Z"
}