{
  "buildNumber": "273",
  "buildId": "BF-xNiwv",
  "sessionId": "P_6xpY7hD",
  "durationSec": 50.159,
  "avgFps": 29.84513464837685,
  "minFps": 18.013381390101245,
  "maxFps": 40.321994488695054,
  "avgSectionTimingsMs": {
    "hud": 0.026468344856817972,
    "camera": 0.008085430918714638,
    "autoEngage": 0.0051888592345075086,
    "syncPlayers": 0.08404580204541447,
    "syncUnits": 0.5152671754815197,
    "syncResources": 0.02793893117941063,
    "sendClientPoses": 0.08206106867954022,
    "effectsAndFog": 15.747022900804309,
    "syncStructures": 0.147988506004043
  },
  "userAgent": "Mozilla/5.0 (Linux; Android 10; K) AppleWebKit/537.36 (KHTML, like Gecko) Chrome/145.0.0.0 Mobile Safari/537.36",
  "timestamp": "2026-04-13T20:02:47.049Z"
}