{
  "buildNumber": "273",
  "buildId": "BF-xNiwv",
  "sessionId": "P_6xpY7hD",
  "durationSec": 2.567,
  "avgFps": 38.59373168176157,
  "minFps": 37.010841424918226,
  "maxFps": 40.321994488695054,
  "avgSectionTimingsMs": {
    "hud": 0.02613636309450323,
    "camera": 0.007954545319080353,
    "autoEngage": 0.003999999931880406,
    "syncPlayers": 0.07241379324047045,
    "syncUnits": 0.02758620662250738,
    "syncResources": 0.03793103427722536,
    "sendClientPoses": 0.001149425218845236,
    "effectsAndFog": 9.342528736111761,
    "syncStructures": 0.005263157581028186
  },
  "userAgent": "Mozilla/5.0 (Linux; Android 10; K) AppleWebKit/537.36 (KHTML, like Gecko) Chrome/145.0.0.0 Mobile Safari/537.36",
  "timestamp": "2026-04-13T20:01:59.456Z"
}