{
  "buildNumber": "273",
  "buildId": "BF-xNiwv",
  "sessionId": "P_6xpY7hD",
  "durationSec": 13.867,
  "avgFps": 35.09184594879179,
  "minFps": 32.298311318800174,
  "maxFps": 40.321994488695054,
  "avgSectionTimingsMs": {
    "hud": 0.022246696153401278,
    "camera": 0.008810572555936905,
    "autoEngage": 0.004189636176318554,
    "syncPlayers": 0.07064017699517425,
    "syncUnits": 0.03509933776150213,
    "syncResources": 0.02582781467479849,
    "sendClientPoses": 0.00419426036723139,
    "effectsAndFog": 9.804415010919108,
    "syncStructures": 0.18217821729065167
  },
  "userAgent": "Mozilla/5.0 (Linux; Android 10; K) AppleWebKit/537.36 (KHTML, like Gecko) Chrome/145.0.0.0 Mobile Safari/537.36",
  "timestamp": "2026-04-13T20:02:10.756Z"
}