{
  "buildNumber": "276",
  "buildId": "BdYYCv-Z",
  "sessionId": "P2QeoMsYc",
  "durationSec": 25.545,
  "avgFps": 38.4831774178616,
  "minFps": 32.74417441448303,
  "maxFps": 42.24570034076106,
  "avgSectionTimingsMs": {
    "hud": 0.026774193779114754,
    "camera": 0.007204301158587138,
    "autoEngage": 0.005002689544329917,
    "syncPlayers": 0.11431646930901945,
    "syncUnits": 0.2969860066895336,
    "syncResources": 0.026372443327221086,
    "sendClientPoses": 0.05726587740289382,
    "effectsAndFog": 0.05974165798516782,
    "syncStructures": 0.25555555530326074
  },
  "userAgent": "Mozilla/5.0 (Linux; Android 10; K) AppleWebKit/537.36 (KHTML, like Gecko) Chrome/145.0.0.0 Mobile Safari/537.36",
  "timestamp": "2026-04-13T20:20:44.517Z"
}