{
  "buildNumber": "277",
  "buildId": "CMEduUks",
  "sessionId": "q0WoIYLvG",
  "durationSec": 3.613,
  "avgFps": 38.48401002008676,
  "minFps": 38.293317991131715,
  "maxFps": 39.361938941941844,
  "avgSectionTimingsMs": {
    "hud": 0.020149253419975737,
    "camera": 0.00671641795492884,
    "autoEngage": 0.00374531868691748,
    "syncPlayers": 0.07669172968183245,
    "syncUnits": 0.025563909819251614,
    "syncResources": 0.026315788801451374,
    "sendClientPoses": 0.002255638963297794,
    "effectsAndFog": 0.04135338256233617,
    "syncStructures": 0.007407408069681238
  },
  "userAgent": "Mozilla/5.0 (Linux; Android 10; K) AppleWebKit/537.36 (KHTML, like Gecko) Chrome/145.0.0.0 Mobile Safari/537.36",
  "timestamp": "2026-04-13T20:25:08.452Z"
}