{
  "buildNumber": "276",
  "buildId": "BdYYCv-Z",
  "sessionId": "P2QeoMsYc",
  "durationSec": 30.407,
  "avgFps": 37.611488974915794,
  "minFps": 30.805502326874386,
  "maxFps": 42.24570034076106,
  "avgSectionTimingsMs": {
    "hud": 0.02518587379428977,
    "camera": 0.007713754741011056,
    "autoEngage": 0.004927940434602625,
    "syncPlayers": 0.11720930246419685,
    "syncUnits": 0.3799069768883461,
    "syncResources": 0.02651162768519202,
    "sendClientPoses": 0.07079069789065871,
    "effectsAndFog": 0.059813953693522964,
    "syncStructures": 0.22799999939070809
  },
  "userAgent": "Mozilla/5.0 (Linux; Android 10; K) AppleWebKit/537.36 (KHTML, like Gecko) Chrome/145.0.0.0 Mobile Safari/537.36",
  "timestamp": "2026-04-13T20:20:49.380Z"
}