{
  "buildNumber": "276",
  "buildId": "BdYYCv-Z",
  "sessionId": "P2QeoMsYc",
  "durationSec": 32.858,
  "avgFps": 37.163746145039376,
  "minFps": 30.10412674515579,
  "maxFps": 42.24570034076106,
  "avgSectionTimingsMs": {
    "hud": 0.025108980139962673,
    "camera": 0.007933740238573827,
    "autoEngage": 0.005058874768873931,
    "syncPlayers": 0.11919720782971507,
    "syncUnits": 0.43577661434185233,
    "syncResources": 0.02696335066051383,
    "sendClientPoses": 0.07757417119090261,
    "effectsAndFog": 0.06003490423240795,
    "syncStructures": 0.21851851812605996
  },
  "userAgent": "Mozilla/5.0 (Linux; Android 10; K) AppleWebKit/537.36 (KHTML, like Gecko) Chrome/145.0.0.0 Mobile Safari/537.36",
  "timestamp": "2026-04-13T20:20:51.831Z"
}