{
  "buildNumber": "274",
  "buildId": "CB7E_Olw",
  "sessionId": "PJns0EXEj",
  "durationSec": 29.63,
  "avgFps": 40.85803839401947,
  "minFps": 31.192882327528594,
  "maxFps": 47.48005890965272,
  "avgSectionTimingsMs": {
    "hud": 0.018598382631509237,
    "camera": 0.008086253449601948,
    "autoEngage": 0.004359550556440032,
    "syncPlayers": 0.10134892120099753,
    "syncUnits": 0.6504496405664966,
    "syncResources": 0.02077338126280325,
    "sendClientPoses": 0.08848920850445041,
    "effectsAndFog": 0.05656474807279573,
    "syncStructures": 0.22318181815472515
  },
  "userAgent": "Mozilla/5.0 (Linux; Android 10; K) AppleWebKit/537.36 (KHTML, like Gecko) Chrome/145.0.0.0 Mobile Safari/537.36",
  "timestamp": "2026-04-13T20:10:58.115Z"
}