{
  "buildNumber": "276",
  "buildId": "BdYYCv-Z",
  "sessionId": "P2QeoMsYc",
  "durationSec": 21.027,
  "avgFps": 39.29712889689267,
  "minFps": 35.407549796010784,
  "maxFps": 42.24570034076106,
  "avgSectionTimingsMs": {
    "hud": 0.026776650079010707,
    "camera": 0.006598984907726346,
    "autoEngage": 0.004888888824553717,
    "syncPlayers": 0.11130876757744156,
    "syncUnits": 0.21982210927573062,
    "syncResources": 0.02757306209513314,
    "sendClientPoses": 0.039898348278738796,
    "effectsAndFog": 0.05933926338767763,
    "syncStructures": 0.2935897434751193
  },
  "userAgent": "Mozilla/5.0 (Linux; Android 10; K) AppleWebKit/537.36 (KHTML, like Gecko) Chrome/145.0.0.0 Mobile Safari/537.36",
  "timestamp": "2026-04-13T20:20:39.999Z"
}