{
  "buildNumber": "277",
  "buildId": "CMEduUks",
  "sessionId": "q0WoIYLvG",
  "durationSec": 11.641,
  "avgFps": 38.31274240089824,
  "minFps": 37.45324088294771,
  "maxFps": 39.361938941941844,
  "avgSectionTimingsMs": {
    "hud": 0.020554272531086524,
    "camera": 0.008545034408018716,
    "autoEngage": 0.0036994221582578096,
    "syncPlayers": 0.07523148134350777,
    "syncUnits": 0.03310185208640717,
    "syncResources": 0.028472221559948392,
    "sendClientPoses": 0.004629629629629629,
    "effectsAndFog": 0.052083332988399046,
    "syncStructures": 0.20344827641015764
  },
  "userAgent": "Mozilla/5.0 (Linux; Android 10; K) AppleWebKit/537.36 (KHTML, like Gecko) Chrome/145.0.0.0 Mobile Safari/537.36",
  "timestamp": "2026-04-13T20:25:16.481Z"
}