{
  "buildNumber": "277",
  "buildId": "CMEduUks",
  "sessionId": "q0WoIYLvG",
  "durationSec": 2.286,
  "avgFps": 38.577199537216416,
  "minFps": 38.39109065484229,
  "maxFps": 39.361938941941844,
  "avgSectionTimingsMs": {
    "hud": 0.022619046625636872,
    "camera": 0.00476190447807312,
    "autoEngage": 0.004790419768430516,
    "syncPlayers": 0.07831325229391994,
    "syncUnits": 0.026506024670888143,
    "syncResources": 0.02409638518310455,
    "sendClientPoses": 0.0024096384105912172,
    "effectsAndFog": 0.03734939680042037,
    "syncStructures": 0.0058823543436387
  },
  "userAgent": "Mozilla/5.0 (Linux; Android 10; K) AppleWebKit/537.36 (KHTML, like Gecko) Chrome/145.0.0.0 Mobile Safari/537.36",
  "timestamp": "2026-04-13T20:25:07.125Z"
}