{
  "buildNumber": "273",
  "buildId": "BF-xNiwv",
  "sessionId": "P_6xpY7hD",
  "durationSec": 1.276,
  "avgFps": 39.14726167810193,
  "minFps": 38.68112189989097,
  "maxFps": 40.321994488695054,
  "avgSectionTimingsMs": {
    "hud": 0.02916666679084301,
    "camera": 0.012499999875823656,
    "autoEngage": 0.003157894862325568,
    "syncPlayers": 0.08297872226288978,
    "syncUnits": 0.02765957535581386,
    "syncResources": 0.03191489298292931,
    "sendClientPoses": 0,
    "effectsAndFog": 7.248936170593221,
    "syncStructures": 0.01111111044883728
  },
  "userAgent": "Mozilla/5.0 (Linux; Android 10; K) AppleWebKit/537.36 (KHTML, like Gecko) Chrome/145.0.0.0 Mobile Safari/537.36",
  "timestamp": "2026-04-13T20:01:58.165Z"
}