{
  "buildNumber": "277",
  "buildId": "CMEduUks",
  "sessionId": "q0WoIYLvG",
  "durationSec": 13.764,
  "avgFps": 38.16806266076502,
  "minFps": 37.25494799665809,
  "maxFps": 39.361938941941844,
  "avgSectionTimingsMs": {
    "hud": 0.020898437418509275,
    "camera": 0.008007812255527824,
    "autoEngage": 0.0034213100185841758,
    "syncPlayers": 0.07592954963387342,
    "syncUnits": 0.03444227045529509,
    "syncResources": 0.02681017563534343,
    "sendClientPoses": 0.0045009784969098415,
    "effectsAndFog": 0.05146771004521917,
    "syncStructures": 0.21359223300970873
  },
  "userAgent": "Mozilla/5.0 (Linux; Android 10; K) AppleWebKit/537.36 (KHTML, like Gecko) Chrome/145.0.0.0 Mobile Safari/537.36",
  "timestamp": "2026-04-13T20:25:18.603Z"
}