{
  "buildNumber": "277",
  "buildId": "CMEduUks",
  "sessionId": "q0WoIYLvG",
  "durationSec": 8.818,
  "avgFps": 38.38599148770154,
  "minFps": 38.014368527508694,
  "maxFps": 39.361938941941844,
  "avgSectionTimingsMs": {
    "hud": 0.021036585384025808,
    "camera": 0.007621951037790717,
    "autoEngage": 0.0035114505363784674,
    "syncPlayers": 0.07431192664196003,
    "syncUnits": 0.030886850408093282,
    "syncResources": 0.028746176659149497,
    "sendClientPoses": 0.004892966342628549,
    "effectsAndFog": 0.05412843996596264,
    "syncStructures": 0.15303030384309363
  },
  "userAgent": "Mozilla/5.0 (Linux; Android 10; K) AppleWebKit/537.36 (KHTML, like Gecko) Chrome/145.0.0.0 Mobile Safari/537.36",
  "timestamp": "2026-04-13T20:25:13.657Z"
}