{
  "buildNumber": "274",
  "buildId": "CB7E_Olw",
  "sessionId": "PJns0EXEj",
  "durationSec": 22.838,
  "avgFps": 42.618541070193906,
  "minFps": 36.37866394177931,
  "maxFps": 47.48005890965272,
  "avgSectionTimingsMs": {
    "hud": 0.017853231086657838,
    "camera": 0.007667031893986078,
    "autoEngage": 0.004273972592941702,
    "syncPlayers": 0.0940789477082721,
    "syncUnits": 0.45877193002716493,
    "syncResources": 0.020285087817332202,
    "sendClientPoses": 0.0654605262700403,
    "effectsAndFog": 0.05482456114208489,
    "syncStructures": 0.25730994117190265
  },
  "userAgent": "Mozilla/5.0 (Linux; Android 10; K) AppleWebKit/537.36 (KHTML, like Gecko) Chrome/145.0.0.0 Mobile Safari/537.36",
  "timestamp": "2026-04-13T20:10:51.323Z"
}