{
  "buildNumber": "273",
  "buildId": "BF-xNiwv",
  "sessionId": "P_6xpY7hD",
  "durationSec": 53.978,
  "avgFps": 29.261476877270322,
  "minFps": 18.005645273948964,
  "maxFps": 40.321994488695054,
  "avgSectionTimingsMs": {
    "hud": 0.02617839021990488,
    "camera": 0.007904278423753314,
    "autoEngage": 0.005259339862169025,
    "syncPlayers": 0.08548621242901064,
    "syncUnits": 0.5542089983885797,
    "syncResources": 0.027140783640746628,
    "sendClientPoses": 0.09317851968444829,
    "effectsAndFog": 16.544267053701017,
    "syncStructures": 0.14231805949198267
  },
  "userAgent": "Mozilla/5.0 (Linux; Android 10; K) AppleWebKit/537.36 (KHTML, like Gecko) Chrome/145.0.0.0 Mobile Safari/537.36",
  "timestamp": "2026-04-13T20:02:50.870Z"
}