{
  "buildNumber": "276",
  "buildId": "BdYYCv-Z",
  "sessionId": "P2QeoMsYc",
  "durationSec": 3.136,
  "avgFps": 41.39440617312664,
  "minFps": 41.125914193165954,
  "maxFps": 41.88124505024189,
  "avgSectionTimingsMs": {
    "hud": 0.0280303033915433,
    "camera": 0.006060606150916128,
    "autoEngage": 0.0026615971394818093,
    "syncPlayers": 0.11526717711950986,
    "syncUnits": 0.027480915530037335,
    "syncResources": 0.02900763345128707,
    "sendClientPoses": 0.00229007642687732,
    "effectsAndFog": 0.06488549550071017,
    "syncStructures": 0.07391304166420647
  },
  "userAgent": "Mozilla/5.0 (Linux; Android 10; K) AppleWebKit/537.36 (KHTML, like Gecko) Chrome/145.0.0.0 Mobile Safari/537.36",
  "timestamp": "2026-04-13T20:20:22.108Z"
}