{
  "buildNumber": "274",
  "buildId": "CB7E_Olw",
  "sessionId": "PJns0EXEj",
  "durationSec": 25.415,
  "avgFps": 42.00116281785897,
  "minFps": 32.75349885043815,
  "maxFps": 47.48005890965272,
  "avgSectionTimingsMs": {
    "hud": 0.017951318416102178,
    "camera": 0.00791075060986602,
    "autoEngage": 0.0043632673437011115,
    "syncPlayers": 0.10000000027230549,
    "syncUnits": 0.5662944164372943,
    "syncResources": 0.020304568618687277,
    "sendClientPoses": 0.07725888321242357,
    "effectsAndFog": 0.05624365458633694,
    "syncStructures": 0.24894736785637706
  },
  "userAgent": "Mozilla/5.0 (Linux; Android 10; K) AppleWebKit/537.36 (KHTML, like Gecko) Chrome/145.0.0.0 Mobile Safari/537.36",
  "timestamp": "2026-04-13T20:10:53.901Z"
}