{
  "buildNumber": "276",
  "buildId": "BdYYCv-Z",
  "sessionId": "P2QeoMsYc",
  "durationSec": 9.263,
  "avgFps": 41.29681224598995,
  "minFps": 39.85117862344393,
  "maxFps": 42.24570034076106,
  "avgSectionTimingsMs": {
    "hud": 0.02754010722280186,
    "camera": 0.006149732731880351,
    "autoEngage": 0.003212851413601693,
    "syncPlayers": 0.10509383454719114,
    "syncUnits": 0.03538873951492617,
    "syncResources": 0.025737265159872836,
    "sendClientPoses": 0.0018766755712575631,
    "effectsAndFog": 0.05522788242104865,
    "syncStructures": 0.3463768112486687
  },
  "userAgent": "Mozilla/5.0 (Linux; Android 10; K) AppleWebKit/537.36 (KHTML, like Gecko) Chrome/145.0.0.0 Mobile Safari/537.36",
  "timestamp": "2026-04-13T20:20:28.235Z"
}