{
  "buildNumber": "273",
  "buildId": "BF-xNiwv",
  "sessionId": "P_6xpY7hD",
  "durationSec": 8.253,
  "avgFps": 36.64652705474562,
  "minFps": 33.1969979000892,
  "maxFps": 40.321994488695054,
  "avgSectionTimingsMs": {
    "hud": 0.02218181837688793,
    "camera": 0.006909090714021162,
    "autoEngage": 0.0032786885463040602,
    "syncPlayers": 0.06751824882778808,
    "syncUnits": 0.0339416055566203,
    "syncResources": 0.030656934328322862,
    "sendClientPoses": 0.0032846714458326354,
    "effectsAndFog": 9.359854014141716,
    "syncStructures": 0.006557376658330198
  },
  "userAgent": "Mozilla/5.0 (Linux; Android 10; K) AppleWebKit/537.36 (KHTML, like Gecko) Chrome/145.0.0.0 Mobile Safari/537.36",
  "timestamp": "2026-04-13T20:02:05.142Z"
}