{
  "buildNumber": "273",
  "buildId": "BF-xNiwv",
  "sessionId": "P_6xpY7hD",
  "durationSec": 9.464,
  "avgFps": 36.218955370524164,
  "minFps": 32.3977484250669,
  "maxFps": 40.321994488695054,
  "avgSectionTimingsMs": {
    "hud": 0.02186495190264711,
    "camera": 0.007717041628153761,
    "autoEngage": 0.004347826163741893,
    "syncPlayers": 0.07000000063450106,
    "syncUnits": 0.03354838692372845,
    "syncResources": 0.029032257968379604,
    "sendClientPoses": 0.0035483870775468887,
    "effectsAndFog": 9.681612902687442,
    "syncStructures": 0.07536231866781262
  },
  "userAgent": "Mozilla/5.0 (Linux; Android 10; K) AppleWebKit/537.36 (KHTML, like Gecko) Chrome/145.0.0.0 Mobile Safari/537.36",
  "timestamp": "2026-04-13T20:02:06.353Z"
}