{
  "buildNumber": "277",
  "buildId": "CMEduUks",
  "sessionId": "q0WoIYLvG",
  "durationSec": 23.867,
  "avgFps": 37.73897475875114,
  "minFps": 34.16609136987178,
  "maxFps": 39.361938941941844,
  "avgSectionTimingsMs": {
    "hud": 0.023156681917779455,
    "camera": 0.008064515957359894,
    "autoEngage": 0.004726224897230736,
    "syncPlayers": 0.07739331025840777,
    "syncUnits": 0.2004613612349883,
    "syncResources": 0.025951556818433013,
    "sendClientPoses": 0.02975778534338136,
    "effectsAndFog": 0.04901960767126688,
    "syncStructures": 0.22905027949610235
  },
  "userAgent": "Mozilla/5.0 (Linux; Android 10; K) AppleWebKit/537.36 (KHTML, like Gecko) Chrome/145.0.0.0 Mobile Safari/537.36",
  "timestamp": "2026-04-13T20:25:28.706Z"
}