{
  "buildNumber": "274",
  "buildId": "CB7E_Olw",
  "sessionId": "PJns0EXEj",
  "durationSec": 7.759,
  "avgFps": 45.743968911037015,
  "minFps": 44.792959703402545,
  "maxFps": 47.48005890965272,
  "avgSectionTimingsMs": {
    "hud": 0.01935483904178541,
    "camera": 0.005865102901486707,
    "autoEngage": 0.0022026431280435794,
    "syncPlayers": 0.08147058933973313,
    "syncUnits": 0.018823528991026038,
    "syncResources": 0.021176470640827626,
    "sendClientPoses": 0.00529411759446649,
    "effectsAndFog": 0.05294117620762657,
    "syncStructures": 0.2966666658719381
  },
  "userAgent": "Mozilla/5.0 (Linux; Android 10; K) AppleWebKit/537.36 (KHTML, like Gecko) Chrome/145.0.0.0 Mobile Safari/537.36",
  "timestamp": "2026-04-13T20:10:36.244Z"
}