{
  "buildNumber": "276",
  "buildId": "BdYYCv-Z",
  "sessionId": "P2QeoMsYc",
  "durationSec": 13.334,
  "avgFps": 40.72205172984509,
  "minFps": 37.659943236324054,
  "maxFps": 42.24570034076106,
  "avgSectionTimingsMs": {
    "hud": 0.02629558573300001,
    "camera": 0.006717850459514332,
    "autoEngage": 0.00461095096283985,
    "syncPlayers": 0.11019230800179335,
    "syncUnits": 0.12115384569534889,
    "syncResources": 0.027115384145424914,
    "sendClientPoses": 0.02326923104432913,
    "effectsAndFog": 0.057500000584584016,
    "syncStructures": 0.3029999998211861
  },
  "userAgent": "Mozilla/5.0 (Linux; Android 10; K) AppleWebKit/537.36 (KHTML, like Gecko) Chrome/145.0.0.0 Mobile Safari/537.36",
  "timestamp": "2026-04-13T20:20:32.306Z"
}