{
  "buildNumber": "276",
  "buildId": "BdYYCv-Z",
  "sessionId": "P2QeoMsYc",
  "durationSec": 9.783,
  "avgFps": 41.22342982860178,
  "minFps": 39.85117862344393,
  "maxFps": 42.24570034076106,
  "avgSectionTimingsMs": {
    "hud": 0.027411167694227346,
    "camera": 0.005837563557673227,
    "autoEngage": 0.003049555280762979,
    "syncPlayers": 0.10407124759283382,
    "syncUnits": 0.035368956303171835,
    "syncResources": 0.02569974530440857,
    "sendClientPoses": 0.0022900762752115574,
    "effectsAndFog": 0.055470738398816444,
    "syncStructures": 0.34794520515285127
  },
  "userAgent": "Mozilla/5.0 (Linux; Android 10; K) AppleWebKit/537.36 (KHTML, like Gecko) Chrome/145.0.0.0 Mobile Safari/537.36",
  "timestamp": "2026-04-13T20:20:28.755Z"
}