{
  "buildNumber": "273",
  "buildId": "BF-xNiwv",
  "sessionId": "P_6xpY7hD",
  "durationSec": 37.381,
  "avgFps": 32.04847526777461,
  "minFps": 21.61967110079656,
  "maxFps": 40.321994488695054,
  "avgSectionTimingsMs": {
    "hud": 0.026635944733421922,
    "camera": 0.007741935406961748,
    "autoEngage": 0.004748732126380178,
    "syncPlayers": 0.07896679004729894,
    "syncUnits": 0.2847785978299665,
    "syncResources": 0.026752767527675275,
    "sendClientPoses": 0.04012915118154125,
    "effectsAndFog": 12.554981549480084,
    "syncStructures": 0.1684014872547419
  },
  "userAgent": "Mozilla/5.0 (Linux; Android 10; K) AppleWebKit/537.36 (KHTML, like Gecko) Chrome/145.0.0.0 Mobile Safari/537.36",
  "timestamp": "2026-04-13T20:02:34.270Z"
}