{
  "buildNumber": "273",
  "buildId": "BF-xNiwv",
  "sessionId": "P_6xpY7hD",
  "durationSec": 25.55,
  "avgFps": 33.64420734185958,
  "minFps": 31.135007847593187,
  "maxFps": 40.321994488695054,
  "avgSectionTimingsMs": {
    "hud": 0.024908424952091314,
    "camera": 0.008302808208197756,
    "autoEngage": 0.0037874159976048084,
    "syncPlayers": 0.07591687077269287,
    "syncUnits": 0.03374083125212373,
    "syncResources": 0.027383863124404384,
    "sendClientPoses": 0.005623471948220269,
    "effectsAndFog": 10.04217603871904,
    "syncStructures": 0.20376344041157796
  },
  "userAgent": "Mozilla/5.0 (Linux; Android 10; K) AppleWebKit/537.36 (KHTML, like Gecko) Chrome/145.0.0.0 Mobile Safari/537.36",
  "timestamp": "2026-04-13T20:02:22.440Z"
}