{
  "buildNumber": "273",
  "buildId": "BF-xNiwv",
  "sessionId": "P_6xpY7hD",
  "durationSec": 37.765,
  "avgFps": 31.97922499280241,
  "minFps": 20.96475332559742,
  "maxFps": 40.321994488695054,
  "avgSectionTimingsMs": {
    "hud": 0.026556776584068062,
    "camera": 0.007875457788125062,
    "autoEngage": 0.004764086122748724,
    "syncPlayers": 0.07891842381436272,
    "syncUnits": 0.29138405138915224,
    "syncResources": 0.026764436286048646,
    "sendClientPoses": 0.041613198878238444,
    "effectsAndFog": 12.66947754316107,
    "syncStructures": 0.16764705902075067
  },
  "userAgent": "Mozilla/5.0 (Linux; Android 10; K) AppleWebKit/537.36 (KHTML, like Gecko) Chrome/145.0.0.0 Mobile Safari/537.36",
  "timestamp": "2026-04-13T20:02:34.654Z"
}