{
  "buildNumber": "275",
  "buildId": "DlwQSAVw",
  "sessionId": "7MiGiHpAI",
  "durationSec": 12.936,
  "avgFps": 20.037650698552973,
  "minFps": 15.453768091335075,
  "maxFps": 22.740751086245204,
  "avgSectionTimingsMs": {
    "hud": 0.017253521777374645,
    "camera": 0.010563380071814631,
    "autoEngage": 0.00670194000373652,
    "syncPlayers": 0.12720848067067958,
    "syncUnits": 0.9353356886878873,
    "syncStructures": 0.0831578951132925,
    "syncResources": 0.03144876295601943,
    "sendClientPoses": 0.18763250902347767,
    "effectsAndFog": 16.71024735003394
  },
  "userAgent": "Mozilla/5.0 (Linux; Android 10; K) AppleWebKit/537.36 (KHTML, like Gecko) Chrome/145.0.0.0 Mobile Safari/537.36",
  "timestamp": "2026-04-13T20:14:34.165Z"
}