{
  "buildNumber": "276",
  "buildId": "BdYYCv-Z",
  "sessionId": "P2QeoMsYc",
  "durationSec": 10.634,
  "avgFps": 41.10292553166932,
  "minFps": 39.638383967582946,
  "maxFps": 42.24570034076106,
  "avgSectionTimingsMs": {
    "hud": 0.026463700401699236,
    "camera": 0.006088993099869274,
    "autoEngage": 0.0033997655054608935,
    "syncPlayers": 0.10328638539627684,
    "syncUnits": 0.036854459716120794,
    "syncResources": 0.02582159589433894,
    "sendClientPoses": 0.0028169013804673028,
    "effectsAndFog": 0.055868545118631895,
    "syncStructures": 0.34249999932944775
  },
  "userAgent": "Mozilla/5.0 (Linux; Android 10; K) AppleWebKit/537.36 (KHTML, like Gecko) Chrome/145.0.0.0 Mobile Safari/537.36",
  "timestamp": "2026-04-13T20:20:29.606Z"
}