{
  "buildNumber": "277",
  "buildId": "CMEduUks",
  "sessionId": "q0WoIYLvG",
  "durationSec": 0.85,
  "avgFps": 38.82963194280105,
  "minFps": 38.52145420645638,
  "maxFps": 39.361938941941844,
  "avgSectionTimingsMs": {
    "hud": 0.026666665077209474,
    "camera": 0.0033333331346511843,
    "autoEngage": 0.0033898308115490414,
    "syncPlayers": 0.09655172146599868,
    "syncUnits": 0.024137931651082533,
    "syncResources": 0.01379310365380912,
    "sendClientPoses": 0,
    "effectsAndFog": 0.07241379289791502,
    "syncStructures": 0.01666667064030965
  },
  "userAgent": "Mozilla/5.0 (Linux; Android 10; K) AppleWebKit/537.36 (KHTML, like Gecko) Chrome/145.0.0.0 Mobile Safari/537.36",
  "timestamp": "2026-04-13T20:25:05.689Z"
}