{
  "buildNumber": "276",
  "buildId": "BdYYCv-Z",
  "sessionId": "P2QeoMsYc",
  "durationSec": 7.418,
  "avgFps": 41.565367868474546,
  "minFps": 40.51320644167809,
  "maxFps": 42.24570034076106,
  "avgSectionTimingsMs": {
    "hud": 0.02781456985221004,
    "camera": 0.006622516753657764,
    "autoEngage": 0.003482587054791933,
    "syncPlayers": 0.10498338947660503,
    "syncUnits": 0.035215946328996425,
    "syncResources": 0.025913621005029773,
    "sendClientPoses": 0.002325581355744422,
    "effectsAndFog": 0.055813953626987545,
    "syncStructures": 0.2436363626610149
  },
  "userAgent": "Mozilla/5.0 (Linux; Android 10; K) AppleWebKit/537.36 (KHTML, like Gecko) Chrome/145.0.0.0 Mobile Safari/537.36",
  "timestamp": "2026-04-13T20:20:26.391Z"
}