{
  "buildNumber": "276",
  "buildId": "BdYYCv-Z",
  "sessionId": "P2QeoMsYc",
  "durationSec": 8.213,
  "avgFps": 41.452650375483096,
  "minFps": 40.13490483125857,
  "maxFps": 42.24570034076106,
  "avgSectionTimingsMs": {
    "hud": 0.027627627949814895,
    "camera": 0.006906907032201956,
    "autoEngage": 0.0031578947278790006,
    "syncPlayers": 0.1057228922664401,
    "syncUnits": 0.035542167992476954,
    "syncResources": 0.025301204478166188,
    "sendClientPoses": 0.0021084336990333467,
    "effectsAndFog": 0.05662650632930089,
    "syncStructures": 0.3459016387579871
  },
  "userAgent": "Mozilla/5.0 (Linux; Android 10; K) AppleWebKit/537.36 (KHTML, like Gecko) Chrome/145.0.0.0 Mobile Safari/537.36",
  "timestamp": "2026-04-13T20:20:27.185Z"
}