{
  "buildNumber": "276",
  "buildId": "BdYYCv-Z",
  "sessionId": "P2QeoMsYc",
  "durationSec": 46.013,
  "avgFps": 34.96676469903348,
  "minFps": 24.825465433277753,
  "maxFps": 42.24570034076106,
  "avgSectionTimingsMs": {
    "hud": 0.026116373655115314,
    "camera": 0.00947225979039085,
    "autoEngage": 0.005956006645147772,
    "syncPlayers": 0.1402843601613248,
    "syncUnits": 0.7274204471786037,
    "syncResources": 0.02924847647234969,
    "sendClientPoses": 0.11198375095123363,
    "effectsAndFog": 0.06289776592700161,
    "syncStructures": 0.20029585742386136
  },
  "userAgent": "Mozilla/5.0 (Linux; Android 10; K) AppleWebKit/537.36 (KHTML, like Gecko) Chrome/145.0.0.0 Mobile Safari/537.36",
  "timestamp": "2026-04-13T20:21:04.986Z"
}