{
  "buildNumber": "273",
  "buildId": "BF-xNiwv",
  "sessionId": "P_6xpY7hD",
  "durationSec": 24.828,
  "avgFps": 33.69774478701846,
  "minFps": 31.135007847593187,
  "maxFps": 40.321994488695054,
  "avgSectionTimingsMs": {
    "hud": 0.025157232704402517,
    "camera": 0.008427672866005568,
    "autoEngage": 0.00358716171068392,
    "syncPlayers": 0.0755667509299982,
    "syncUnits": 0.03362720397767852,
    "syncResources": 0.02732997483360377,
    "sendClientPoses": 0.0055415617954220515,
    "effectsAndFog": 10.074559193564301,
    "syncStructures": 0.20165745790492104
  },
  "userAgent": "Mozilla/5.0 (Linux; Android 10; K) AppleWebKit/537.36 (KHTML, like Gecko) Chrome/145.0.0.0 Mobile Safari/537.36",
  "timestamp": "2026-04-13T20:02:21.717Z"
}