{
  "buildNumber": "273",
  "buildId": "BF-xNiwv",
  "sessionId": "P_6xpY7hD",
  "durationSec": 50.443,
  "avgFps": 29.800181178550584,
  "minFps": 18.013381390101245,
  "maxFps": 40.321994488695054,
  "avgSectionTimingsMs": {
    "hud": 0.026367781236541307,
    "camera": 0.008054711196379096,
    "autoEngage": 0.005169137230575515,
    "syncPlayers": 0.08403041874954456,
    "syncUnits": 0.5228897337904448,
    "syncResources": 0.02790874514742949,
    "sendClientPoses": 0.08273764254928995,
    "effectsAndFog": 15.806920152132049,
    "syncStructures": 0.14714285739830563
  },
  "userAgent": "Mozilla/5.0 (Linux; Android 10; K) AppleWebKit/537.36 (KHTML, like Gecko) Chrome/145.0.0.0 Mobile Safari/537.36",
  "timestamp": "2026-04-13T20:02:47.333Z"
}