{
  "buildNumber": "274",
  "buildId": "CB7E_Olw",
  "sessionId": "PJns0EXEj",
  "durationSec": 2.631,
  "avgFps": 46.4618930454951,
  "minFps": 45.86004418223954,
  "maxFps": 47.48005890965272,
  "avgSectionTimingsMs": {
    "hud": 0.020168067276978695,
    "camera": 0.005042017007074436,
    "autoEngage": 0.0008438818062408061,
    "syncPlayers": 0.08389830564038228,
    "syncUnits": 0.022881355578616515,
    "syncResources": 0.02627118664272761,
    "sendClientPoses": 0.005084745712199454,
    "effectsAndFog": 0.059322033898305086,
    "syncStructures": 0.0047619058972313295
  },
  "userAgent": "Mozilla/5.0 (Linux; Android 10; K) AppleWebKit/537.36 (KHTML, like Gecko) Chrome/145.0.0.0 Mobile Safari/537.36",
  "timestamp": "2026-04-13T20:10:31.116Z"
}