{
  "buildNumber": "276",
  "buildId": "BdYYCv-Z",
  "sessionId": "P2QeoMsYc",
  "durationSec": 37.138,
  "avgFps": 36.421752485800944,
  "minFps": 28.01787382721959,
  "maxFps": 42.24570034076106,
  "avgSectionTimingsMs": {
    "hud": 0.02500000023652637,
    "camera": 0.008968253977715022,
    "autoEngage": 0.0054386660498065955,
    "syncPlayers": 0.12899126288813195,
    "syncUnits": 0.5556791105897205,
    "syncResources": 0.02827640963130948,
    "sendClientPoses": 0.09102462290107873,
    "effectsAndFog": 0.062112788130500377,
    "syncStructures": 0.20183150137300457
  },
  "userAgent": "Mozilla/5.0 (Linux; Android 10; K) AppleWebKit/537.36 (KHTML, like Gecko) Chrome/145.0.0.0 Mobile Safari/537.36",
  "timestamp": "2026-04-13T20:20:56.111Z"
}