{
  "buildNumber": "274",
  "buildId": "CB7E_Olw",
  "sessionId": "PJns0EXEj",
  "durationSec": 27.926,
  "avgFps": 41.31373838064064,
  "minFps": 31.92384310337146,
  "maxFps": 47.48005890965272,
  "avgSectionTimingsMs": {
    "hud": 0.0184557437616104,
    "camera": 0.008003766562530101,
    "autoEngage": 0.004427696644445663,
    "syncPlayers": 0.10065975526837556,
    "syncUnits": 0.592931197118804,
    "syncResources": 0.02064090481240383,
    "sendClientPoses": 0.08435438254551433,
    "effectsAndFog": 0.05645617323029614,
    "syncStructures": 0.2326923075776834
  },
  "userAgent": "Mozilla/5.0 (Linux; Android 10; K) AppleWebKit/537.36 (KHTML, like Gecko) Chrome/145.0.0.0 Mobile Safari/537.36",
  "timestamp": "2026-04-13T20:10:56.411Z"
}