{
  "buildNumber": "276",
  "buildId": "BdYYCv-Z",
  "sessionId": "P2QeoMsYc",
  "durationSec": 41.257,
  "avgFps": 35.7644860303848,
  "minFps": 27.243936640643696,
  "maxFps": 42.24570034076106,
  "avgSectionTimingsMs": {
    "hud": 0.025787545975311334,
    "camera": 0.009523809523809525,
    "autoEngage": 0.005753022971805001,
    "syncPlayers": 0.13548387097648162,
    "syncUnits": 0.6611436953074422,
    "syncResources": 0.029252199199367477,
    "sendClientPoses": 0.10212609995582586,
    "effectsAndFog": 0.06341642248403292,
    "syncStructures": 0.19039735040127836
  },
  "userAgent": "Mozilla/5.0 (Linux; Android 10; K) AppleWebKit/537.36 (KHTML, like Gecko) Chrome/145.0.0.0 Mobile Safari/537.36",
  "timestamp": "2026-04-13T20:21:00.230Z"
}