{
  "buildNumber": "274",
  "buildId": "CB7E_Olw",
  "sessionId": "PJns0EXEj",
  "durationSec": 9.636,
  "avgFps": 45.45568103425778,
  "minFps": 44.13353983316393,
  "maxFps": 47.48005890965272,
  "avgSectionTimingsMs": {
    "hud": 0.018009478941347926,
    "camera": 0.0068720382113027344,
    "autoEngage": 0.002609727150746229,
    "syncPlayers": 0.08218527392367003,
    "syncUnits": 0.019002375013754656,
    "syncResources": 0.019714964398862063,
    "sendClientPoses": 0.004750593753438664,
    "effectsAndFog": 0.05225653178335086,
    "syncStructures": 0.3959459461070396
  },
  "userAgent": "Mozilla/5.0 (Linux; Android 10; K) AppleWebKit/537.36 (KHTML, like Gecko) Chrome/145.0.0.0 Mobile Safari/537.36",
  "timestamp": "2026-04-13T20:10:38.121Z"
}