{
  "buildNumber": "274",
  "buildId": "CB7E_Olw",
  "sessionId": "PJns0EXEj",
  "durationSec": 24.824,
  "avgFps": 42.169500579958836,
  "minFps": 33.33799846725086,
  "maxFps": 47.48005890965272,
  "avgSectionTimingsMs": {
    "hud": 0.018181818144873154,
    "camera": 0.007644628197693628,
    "autoEngage": 0.004341085243594739,
    "syncPlayers": 0.09927611193218054,
    "syncUnits": 0.5559462256798946,
    "syncResources": 0.02026887282713739,
    "sendClientPoses": 0.07528438473807988,
    "effectsAndFog": 0.05646328823766146,
    "syncStructures": 0.25268817156232815
  },
  "userAgent": "Mozilla/5.0 (Linux; Android 10; K) AppleWebKit/537.36 (KHTML, like Gecko) Chrome/145.0.0.0 Mobile Safari/537.36",
  "timestamp": "2026-04-13T20:10:53.309Z"
}