{
  "buildNumber": "273",
  "buildId": "BF-xNiwv",
  "sessionId": "P_6xpY7hD",
  "durationSec": 21.123,
  "avgFps": 34.06723169172551,
  "minFps": 31.245944527628296,
  "maxFps": 40.321994488695054,
  "avgSectionTimingsMs": {
    "hud": 0.023303834913754533,
    "camera": 0.008702064817633953,
    "autoEngage": 0.003911439101194543,
    "syncPlayers": 0.07533234899294076,
    "syncUnits": 0.033087149064333084,
    "syncResources": 0.029689808011583246,
    "sendClientPoses": 0.005317577583222833,
    "effectsAndFog": 10.048301329112652,
    "syncStructures": 0.15584415565063428
  },
  "userAgent": "Mozilla/5.0 (Linux; Android 10; K) AppleWebKit/537.36 (KHTML, like Gecko) Chrome/145.0.0.0 Mobile Safari/537.36",
  "timestamp": "2026-04-13T20:02:18.012Z"
}