{
  "buildNumber": "273",
  "buildId": "BF-xNiwv",
  "sessionId": "P_6xpY7hD",
  "durationSec": 18.809,
  "avgFps": 34.29930283851707,
  "minFps": 31.245944527628296,
  "maxFps": 40.321994488695054,
  "avgSectionTimingsMs": {
    "hud": 0.0232405893248544,
    "camera": 0.008837970501077156,
    "autoEngage": 0.0039312039165590555,
    "syncPlayers": 0.07459016437413263,
    "syncUnits": 0.0337704916957949,
    "syncResources": 0.028852459153190988,
    "sendClientPoses": 0.004426229488654215,
    "effectsAndFog": 9.800655737421552,
    "syncStructures": 0.16642335775124767
  },
  "userAgent": "Mozilla/5.0 (Linux; Android 10; K) AppleWebKit/537.36 (KHTML, like Gecko) Chrome/145.0.0.0 Mobile Safari/537.36",
  "timestamp": "2026-04-13T20:02:15.698Z"
}