{
  "buildNumber": "273",
  "buildId": "BF-xNiwv",
  "sessionId": "P_6xpY7hD",
  "durationSec": 20.868,
  "avgFps": 34.09387433742526,
  "minFps": 31.245944527628296,
  "maxFps": 40.321994488695054,
  "avgSectionTimingsMs": {
    "hud": 0.023397913677326434,
    "camera": 0.008792846417817914,
    "autoEngage": 0.0038777031976726852,
    "syncPlayers": 0.07522388105072192,
    "syncUnits": 0.03328358197390144,
    "syncResources": 0.029850746313137794,
    "sendClientPoses": 0.0052238805970149255,
    "effectsAndFog": 10.001791044535922,
    "syncStructures": 0.15789473664603734
  },
  "userAgent": "Mozilla/5.0 (Linux; Android 10; K) AppleWebKit/537.36 (KHTML, like Gecko) Chrome/145.0.0.0 Mobile Safari/537.36",
  "timestamp": "2026-04-13T20:02:17.757Z"
}