{
  "buildNumber": "276",
  "buildId": "BdYYCv-Z",
  "sessionId": "P2QeoMsYc",
  "durationSec": 44.679,
  "avgFps": 35.18060539332429,
  "minFps": 25.10062057770367,
  "maxFps": 42.24570034076106,
  "avgSectionTimingsMs": {
    "hud": 0.02591568781494188,
    "camera": 0.009467864539100947,
    "autoEngage": 0.005876252890622126,
    "syncPlayers": 0.13893499306788254,
    "syncUnits": 0.7154910099663015,
    "syncResources": 0.029322268145048107,
    "sendClientPoses": 0.10982019376952619,
    "effectsAndFog": 0.06334716477334747,
    "syncStructures": 0.18353658487520566
  },
  "userAgent": "Mozilla/5.0 (Linux; Android 10; K) AppleWebKit/537.36 (KHTML, like Gecko) Chrome/145.0.0.0 Mobile Safari/537.36",
  "timestamp": "2026-04-13T20:21:03.651Z"
}