{
  "buildNumber": "274",
  "buildId": "CB7E_Olw",
  "sessionId": "PJns0EXEj",
  "durationSec": 24.396,
  "avgFps": 42.29910333632982,
  "minFps": 33.33799846725086,
  "maxFps": 47.48005890965272,
  "avgSectionTimingsMs": {
    "hud": 0.018238993654461026,
    "camera": 0.007547169923782349,
    "autoEngage": 0.004352385921508277,
    "syncPlayers": 0.09916054592677954,
    "syncUnits": 0.5454354672404427,
    "syncResources": 0.020356768138261056,
    "sendClientPoses": 0.07387198318589522,
    "effectsAndFog": 0.05624344150642283,
    "syncStructures": 0.2571428567171097
  },
  "userAgent": "Mozilla/5.0 (Linux; Android 10; K) AppleWebKit/537.36 (KHTML, like Gecko) Chrome/145.0.0.0 Mobile Safari/537.36",
  "timestamp": "2026-04-13T20:10:52.882Z"
}