{
  "buildNumber": "273",
  "buildId": "BF-xNiwv",
  "sessionId": "P_6xpY7hD",
  "durationSec": 6.107,
  "avgFps": 37.21338299933291,
  "minFps": 35.905774044603035,
  "maxFps": 40.321994488695054,
  "avgSectionTimingsMs": {
    "hud": 0.024413145763773313,
    "camera": 0.00751173692130147,
    "autoEngage": 0.0025882352099699133,
    "syncPlayers": 0.06462264215608812,
    "syncUnits": 0.033018868065105296,
    "syncResources": 0.03349056600962045,
    "sendClientPoses": 0.002830188510552892,
    "effectsAndFog": 8.73160377313506,
    "syncStructures": 0.0066666662693023685
  },
  "userAgent": "Mozilla/5.0 (Linux; Android 10; K) AppleWebKit/537.36 (KHTML, like Gecko) Chrome/145.0.0.0 Mobile Safari/537.36",
  "timestamp": "2026-04-13T20:02:02.996Z"
}