{
  "buildNumber": "276",
  "buildId": "BdYYCv-Z",
  "sessionId": "P2QeoMsYc",
  "durationSec": 10.185,
  "avgFps": 41.16737968363397,
  "minFps": 39.638383967582946,
  "maxFps": 42.24570034076106,
  "avgSectionTimingsMs": {
    "hud": 0.02738386327013701,
    "camera": 0.0061124695833854395,
    "autoEngage": 0.003182374533708122,
    "syncPlayers": 0.10392156922641922,
    "syncUnits": 0.0370098034686902,
    "syncResources": 0.02647058789928754,
    "sendClientPoses": 0.002450980319111955,
    "effectsAndFog": 0.05612745143327059,
    "syncStructures": 0.34605263095153005
  },
  "userAgent": "Mozilla/5.0 (Linux; Android 10; K) AppleWebKit/537.36 (KHTML, like Gecko) Chrome/145.0.0.0 Mobile Safari/537.36",
  "timestamp": "2026-04-13T20:20:29.157Z"
}