{
  "buildNumber": "274",
  "buildId": "CB7E_Olw",
  "sessionId": "PJns0EXEj",
  "durationSec": 10.533,
  "avgFps": 45.33731578175621,
  "minFps": 44.012616156154714,
  "maxFps": 47.48005890965272,
  "avgSectionTimingsMs": {
    "hud": 0.01883116906339472,
    "camera": 0.006493506751535259,
    "autoEngage": 0.002383531948081334,
    "syncPlayers": 0.08351410062349282,
    "syncUnits": 0.018004338291358533,
    "syncResources": 0.018872017327720328,
    "sendClientPoses": 0.005422993492407809,
    "effectsAndFog": 0.05227765680135202,
    "syncStructures": 0.3700000002980232
  },
  "userAgent": "Mozilla/5.0 (Linux; Android 10; K) AppleWebKit/537.36 (KHTML, like Gecko) Chrome/145.0.0.0 Mobile Safari/537.36",
  "timestamp": "2026-04-13T20:10:39.018Z"
}