{
  "buildNumber": "276",
  "buildId": "BdYYCv-Z",
  "sessionId": "P2QeoMsYc",
  "durationSec": 6.925,
  "avgFps": 41.636007681581056,
  "minFps": 40.51320644167809,
  "maxFps": 42.24570034076106,
  "avgSectionTimingsMs": {
    "hud": 0.02720848094448184,
    "camera": 0.007067138019804398,
    "autoEngage": 0.003185840676316118,
    "syncPlayers": 0.105673759541613,
    "syncUnits": 0.03475177256350822,
    "syncResources": 0.026595744469487075,
    "sendClientPoses": 0.0024822694612733017,
    "effectsAndFog": 0.05709219877178787,
    "syncStructures": 0.18823529341641596
  },
  "userAgent": "Mozilla/5.0 (Linux; Android 10; K) AppleWebKit/537.36 (KHTML, like Gecko) Chrome/145.0.0.0 Mobile Safari/537.36",
  "timestamp": "2026-04-13T20:20:25.897Z"
}