{
  "buildNumber": "273",
  "buildId": "BF-xNiwv",
  "sessionId": "P_6xpY7hD",
  "durationSec": 36.383,
  "avgFps": 32.23283512525287,
  "minFps": 22.159561467728746,
  "maxFps": 40.321994488695054,
  "avgSectionTimingsMs": {
    "hud": 0.02654784238472665,
    "camera": 0.007692307597253381,
    "autoEngage": 0.004692632552884879,
    "syncPlayers": 0.07859154970433231,
    "syncUnits": 0.26450704235426137,
    "syncResources": 0.026854460088300034,
    "sendClientPoses": 0.036713614905943895,
    "effectsAndFog": 12.265539905806662,
    "syncStructures": 0.17034220536852065
  },
  "userAgent": "Mozilla/5.0 (Linux; Android 10; K) AppleWebKit/537.36 (KHTML, like Gecko) Chrome/145.0.0.0 Mobile Safari/537.36",
  "timestamp": "2026-04-13T20:02:33.272Z"
}