{
  "buildNumber": "276",
  "buildId": "BdYYCv-Z",
  "sessionId": "P2QeoMsYc",
  "durationSec": 13.771,
  "avgFps": 40.63635839513839,
  "minFps": 37.659943236324054,
  "maxFps": 42.24570034076106,
  "avgSectionTimingsMs": {
    "hud": 0.02593283616562388,
    "camera": 0.0065298509130727,
    "autoEngage": 0.0046685340524721545,
    "syncPlayers": 0.11009345823359266,
    "syncUnits": 0.1347663548505195,
    "syncResources": 0.027289719169384965,
    "sendClientPoses": 0.025046729205924774,
    "effectsAndFog": 0.05906542105095409,
    "syncStructures": 0.2961165048543689
  },
  "userAgent": "Mozilla/5.0 (Linux; Android 10; K) AppleWebKit/537.36 (KHTML, like Gecko) Chrome/145.0.0.0 Mobile Safari/537.36",
  "timestamp": "2026-04-13T20:20:32.743Z"
}