{
  "buildNumber": "274",
  "buildId": "CB7E_Olw",
  "sessionId": "PJns0EXEj",
  "durationSec": 7.165,
  "avgFps": 45.812050864360856,
  "minFps": 44.792959703402545,
  "maxFps": 47.48005890965272,
  "avgSectionTimingsMs": {
    "hud": 0.019242902377426437,
    "camera": 0.005047318875225561,
    "autoEngage": 0.0022116903256842687,
    "syncPlayers": 0.07943038076539582,
    "syncUnits": 0.019620252749587917,
    "syncResources": 0.022784810183168965,
    "sendClientPoses": 0.005379746797718579,
    "effectsAndFog": 0.052848101039476035,
    "syncStructures": 0.22909090844067662
  },
  "userAgent": "Mozilla/5.0 (Linux; Android 10; K) AppleWebKit/537.36 (KHTML, like Gecko) Chrome/145.0.0.0 Mobile Safari/537.36",
  "timestamp": "2026-04-13T20:10:35.650Z"
}