{
  "buildNumber": "274",
  "buildId": "CB7E_Olw",
  "sessionId": "PJns0EXEj",
  "durationSec": 22.685,
  "avgFps": 42.65981919893754,
  "minFps": 36.37866394177931,
  "maxFps": 47.48005890965272,
  "avgSectionTimingsMs": {
    "hud": 0.017971334048642346,
    "camera": 0.007717750958334387,
    "autoEngage": 0.004191947029364155,
    "syncPlayers": 0.09359823423900351,
    "syncUnits": 0.4566225167733944,
    "syncResources": 0.020419426147248308,
    "sendClientPoses": 0.06556291388096926,
    "effectsAndFog": 0.05496688713432674,
    "syncStructures": 0.25823529380209304
  },
  "userAgent": "Mozilla/5.0 (Linux; Android 10; K) AppleWebKit/537.36 (KHTML, like Gecko) Chrome/145.0.0.0 Mobile Safari/537.36",
  "timestamp": "2026-04-13T20:10:51.170Z"
}