{
  "buildNumber": "276",
  "buildId": "BdYYCv-Z",
  "sessionId": "P2QeoMsYc",
  "durationSec": 37.99,
  "avgFps": 36.254094272526714,
  "minFps": 27.76340537041469,
  "maxFps": 42.24570034076106,
  "avgSectionTimingsMs": {
    "hud": 0.02521400797227941,
    "camera": 0.008871595335377793,
    "autoEngage": 0.0056052937865860505,
    "syncPlayers": 0.12982866042685287,
    "syncUnits": 0.5747663553955028,
    "syncResources": 0.028426791045153253,
    "sendClientPoses": 0.09369158898001519,
    "effectsAndFog": 0.062305296135840016,
    "syncStructures": 0.1989247306487039
  },
  "userAgent": "Mozilla/5.0 (Linux; Android 10; K) AppleWebKit/537.36 (KHTML, like Gecko) Chrome/145.0.0.0 Mobile Safari/537.36",
  "timestamp": "2026-04-13T20:20:56.962Z"
}