{
  "buildNumber": "277",
  "buildId": "CMEduUks",
  "sessionId": "q0WoIYLvG",
  "durationSec": 2.638,
  "avgFps": 29.05990281546599,
  "minFps": 28.48434442172548,
  "maxFps": 30.259186777423363,
  "avgSectionTimingsMs": {
    "hud": 0.026388888971673116,
    "camera": 0.013888889302810034,
    "autoEngage": 0.011188810938721771,
    "syncPlayers": 0.11549295841808051,
    "syncUnits": 1.822535211771307,
    "syncResources": 0.02676056556298699,
    "sendClientPoses": 0.20281690107264988,
    "effectsAndFog": 0.04788732360786115,
    "syncStructures": 0.09444444212648603
  },
  "userAgent": "Mozilla/5.0 (Linux; Android 10; K) AppleWebKit/537.36 (KHTML, like Gecko) Chrome/145.0.0.0 Mobile Safari/537.36",
  "timestamp": "2026-04-13T20:26:02.253Z"
}