{
  "buildNumber": "276",
  "buildId": "BdYYCv-Z",
  "sessionId": "P2QeoMsYc",
  "durationSec": 7.444,
  "avgFps": 41.56189538851812,
  "minFps": 40.51320644167809,
  "maxFps": 42.24570034076106,
  "avgSectionTimingsMs": {
    "hud": 0.02772277259197172,
    "camera": 0.0066006602627216,
    "autoEngage": 0.003471074370313282,
    "syncPlayers": 0.10463576235913283,
    "syncUnits": 0.03543046304326973,
    "syncResources": 0.025827814312960138,
    "sendClientPoses": 0.002317880755228712,
    "effectsAndFog": 0.055629139211004146,
    "syncStructures": 0.2436363626610149
  },
  "userAgent": "Mozilla/5.0 (Linux; Android 10; K) AppleWebKit/537.36 (KHTML, like Gecko) Chrome/145.0.0.0 Mobile Safari/537.36",
  "timestamp": "2026-04-13T20:20:26.416Z"
}