{
  "buildNumber": "274",
  "buildId": "CB7E_Olw",
  "sessionId": "PJns0EXEj",
  "durationSec": 3.586,
  "avgFps": 46.47646273272637,
  "minFps": 45.86004418223954,
  "maxFps": 47.48005890965272,
  "avgSectionTimingsMs": {
    "hud": 0.019496855495860742,
    "camera": 0.005031446803290889,
    "autoEngage": 0.0015772869722324215,
    "syncPlayers": 0.08227848138990282,
    "syncUnits": 0.023417721254916132,
    "syncResources": 0.02658227821694145,
    "sendClientPoses": 0.0050632912146894235,
    "effectsAndFog": 0.05759493648251401,
    "syncStructures": 0.0035714294229234967
  },
  "userAgent": "Mozilla/5.0 (Linux; Android 10; K) AppleWebKit/537.36 (KHTML, like Gecko) Chrome/145.0.0.0 Mobile Safari/537.36",
  "timestamp": "2026-04-13T20:10:32.071Z"
}