{
  "buildNumber": "277",
  "buildId": "CMEduUks",
  "sessionId": "q0WoIYLvG",
  "durationSec": 30.963,
  "avgFps": 36.539094631380046,
  "minFps": 28.940932728632177,
  "maxFps": 39.361938941941844,
  "avgSectionTimingsMs": {
    "hud": 0.022795497001223894,
    "camera": 0.008818011122841325,
    "autoEngage": 0.005678085487026499,
    "syncPlayers": 0.08169014064918662,
    "syncUnits": 0.49511737123901295,
    "syncResources": 0.025727699368212703,
    "sendClientPoses": 0.05661971820911891,
    "effectsAndFog": 0.04967136145197729,
    "syncStructures": 0.19304347841635994
  },
  "userAgent": "Mozilla/5.0 (Linux; Android 10; K) AppleWebKit/537.36 (KHTML, like Gecko) Chrome/145.0.0.0 Mobile Safari/537.36",
  "timestamp": "2026-04-13T20:25:35.802Z"
}