{
  "buildNumber": "274",
  "buildId": "CB7E_Olw",
  "sessionId": "PJns0EXEj",
  "durationSec": 4.213,
  "avgFps": 46.37143564077189,
  "minFps": 45.40970613938231,
  "maxFps": 47.48005890965272,
  "avgSectionTimingsMs": {
    "hud": 0.019251337344633704,
    "camera": 0.005882353068673037,
    "autoEngage": 0.002144771990124086,
    "syncPlayers": 0.07956989317811945,
    "syncUnits": 0.02311827931352841,
    "syncResources": 0.026344085893323346,
    "sendClientPoses": 0.004838709709464863,
    "effectsAndFog": 0.05752688117565647,
    "syncStructures": 0.14848484866546863
  },
  "userAgent": "Mozilla/5.0 (Linux; Android 10; K) AppleWebKit/537.36 (KHTML, like Gecko) Chrome/145.0.0.0 Mobile Safari/537.36",
  "timestamp": "2026-04-13T20:10:32.698Z"
}