{
  "buildNumber": "277",
  "buildId": "CMEduUks",
  "sessionId": "q0WoIYLvG",
  "durationSec": 0.636,
  "avgFps": 33.11638495991125,
  "minFps": 33.02177606500352,
  "maxFps": 33.36236808667137,
  "avgSectionTimingsMs": {
    "hud": 0.01666666567325592,
    "camera": 0.01111111044883728,
    "autoEngage": 0.008571428060531617,
    "syncPlayers": 0.1058823518893298,
    "syncUnits": 1.7294117703157312,
    "syncResources": 0.02352941211532144,
    "sendClientPoses": 0.18235293731969945,
    "effectsAndFog": 0.05294117682120379,
    "syncStructures": 0.1249999925494194
  },
  "userAgent": "Mozilla/5.0 (Linux; Android 10; K) AppleWebKit/537.36 (KHTML, like Gecko) Chrome/145.0.0.0 Mobile Safari/537.36",
  "timestamp": "2026-04-13T20:25:56.408Z"
}