{
  "buildNumber": "277",
  "buildId": "CMEduUks",
  "sessionId": "q0WoIYLvG",
  "durationSec": 16.245,
  "avgFps": 38.00829563984887,
  "minFps": 36.94121099749357,
  "maxFps": 39.361938941941844,
  "avgSectionTimingsMs": {
    "hud": 0.021061359748713808,
    "camera": 0.008291873765822074,
    "autoEngage": 0.0036514524602296442,
    "syncPlayers": 0.07508305631008655,
    "syncUnits": 0.03504983432269176,
    "syncResources": 0.025581394913188643,
    "sendClientPoses": 0.0049833887043189366,
    "effectsAndFog": 0.047674418238310326,
    "syncStructures": 0.2256198345629637
  },
  "userAgent": "Mozilla/5.0 (Linux; Android 10; K) AppleWebKit/537.36 (KHTML, like Gecko) Chrome/145.0.0.0 Mobile Safari/537.36",
  "timestamp": "2026-04-13T20:25:21.084Z"
}