{
  "buildNumber": "277",
  "buildId": "CMEduUks",
  "sessionId": "q0WoIYLvG",
  "durationSec": 9.899,
  "avgFps": 38.34600825249389,
  "minFps": 38.014368527508694,
  "maxFps": 39.361938941941844,
  "avgSectionTimingsMs": {
    "hud": 0.020270270350817087,
    "camera": 0.008108107947014474,
    "autoEngage": 0.0035182680828806834,
    "syncPlayers": 0.07235772354492973,
    "syncUnits": 0.031165311895411836,
    "syncResources": 0.029268291988346958,
    "sendClientPoses": 0.004878048732028744,
    "effectsAndFog": 0.05311653066456803,
    "syncStructures": 0.21733333388964335
  },
  "userAgent": "Mozilla/5.0 (Linux; Android 10; K) AppleWebKit/537.36 (KHTML, like Gecko) Chrome/145.0.0.0 Mobile Safari/537.36",
  "timestamp": "2026-04-13T20:25:14.739Z"
}