{
  "buildNumber": "274",
  "buildId": "CB7E_Olw",
  "sessionId": "PJns0EXEj",
  "durationSec": 14.637,
  "avgFps": 44.698043168023005,
  "minFps": 41.18367933065833,
  "maxFps": 47.48005890965272,
  "avgSectionTimingsMs": {
    "hud": 0.018035426711882564,
    "camera": 0.006119162900052401,
    "autoEngage": 0.0033843674119877105,
    "syncPlayers": 0.0908064523050862,
    "syncUnits": 0.17483870978316954,
    "syncResources": 0.020806451814789927,
    "sendClientPoses": 0.02903225782417482,
    "effectsAndFog": 0.05338709633196554,
    "syncStructures": 0.3562499997871263
  },
  "userAgent": "Mozilla/5.0 (Linux; Android 10; K) AppleWebKit/537.36 (KHTML, like Gecko) Chrome/145.0.0.0 Mobile Safari/537.36",
  "timestamp": "2026-04-13T20:10:43.122Z"
}