{
  "buildNumber": "277",
  "buildId": "CMEduUks",
  "sessionId": "q0WoIYLvG",
  "durationSec": 30.657,
  "avgFps": 36.60195416250217,
  "minFps": 29.45054707312387,
  "maxFps": 39.361938941941844,
  "avgSectionTimingsMs": {
    "hud": 0.022800378254707286,
    "camera": 0.008798486152232088,
    "autoEngage": 0.005726455358662314,
    "syncPlayers": 0.08153409073411515,
    "syncUnits": 0.48702651552968856,
    "syncResources": 0.025757575605177517,
    "sendClientPoses": 0.055492424152114174,
    "effectsAndFog": 0.049431818085863735,
    "syncStructures": 0.1942982457970318
  },
  "userAgent": "Mozilla/5.0 (Linux; Android 10; K) AppleWebKit/537.36 (KHTML, like Gecko) Chrome/145.0.0.0 Mobile Safari/537.36",
  "timestamp": "2026-04-13T20:25:35.497Z"
}