{
  "buildNumber": "277",
  "buildId": "CMEduUks",
  "sessionId": "q0WoIYLvG",
  "durationSec": 33.069,
  "avgFps": 36.1518053776269,
  "minFps": 27.4042746598556,
  "maxFps": 39.361938941941844,
  "avgSectionTimingsMs": {
    "hud": 0.022520107014888734,
    "camera": 0.009294012356699312,
    "autoEngage": 0.0058560572967606035,
    "syncPlayers": 0.08416815717872865,
    "syncUnits": 0.5839892668459624,
    "syncResources": 0.02576028610278114,
    "sendClientPoses": 0.06350626104739569,
    "effectsAndFog": 0.049999999952017725,
    "syncStructures": 0.18285714302744185
  },
  "userAgent": "Mozilla/5.0 (Linux; Android 10; K) AppleWebKit/537.36 (KHTML, like Gecko) Chrome/145.0.0.0 Mobile Safari/537.36",
  "timestamp": "2026-04-13T20:25:37.909Z"
}