{
  "buildNumber": "277",
  "buildId": "CMEduUks",
  "sessionId": "q0WoIYLvG",
  "durationSec": 37.774,
  "avgFps": 35.250865552026326,
  "minFps": 26.510727529094936,
  "maxFps": 39.361938941941844,
  "avgSectionTimingsMs": {
    "hud": 0.022643029617744524,
    "camera": 0.009911361694528055,
    "autoEngage": 0.006287787228234109,
    "syncPlayers": 0.08645161255713432,
    "syncUnits": 0.7484677421469842,
    "syncResources": 0.02620967725111592,
    "sendClientPoses": 0.0758064514446643,
    "effectsAndFog": 0.049677419350031886,
    "syncStructures": 0.16978417304779986
  },
  "userAgent": "Mozilla/5.0 (Linux; Android 10; K) AppleWebKit/537.36 (KHTML, like Gecko) Chrome/145.0.0.0 Mobile Safari/537.36",
  "timestamp": "2026-04-13T20:25:42.614Z"
}