{
  "buildNumber": "273",
  "buildId": "BF-xNiwv",
  "sessionId": "P_6xpY7hD",
  "durationSec": 41.623,
  "avgFps": 31.24751814100098,
  "minFps": 19.82888030923641,
  "maxFps": 40.321994488695054,
  "avgSectionTimingsMs": {
    "hud": 0.02652360525765644,
    "camera": 0.00798283255151413,
    "autoEngage": 0.004765993999073361,
    "syncPlayers": 0.08032646089075357,
    "syncUnits": 0.33152920967832056,
    "syncResources": 0.027061855618896354,
    "sendClientPoses": 0.0526632301483777,
    "effectsAndFog": 13.678178694035179,
    "syncStructures": 0.1577702704313639
  },
  "userAgent": "Mozilla/5.0 (Linux; Android 10; K) AppleWebKit/537.36 (KHTML, like Gecko) Chrome/145.0.0.0 Mobile Safari/537.36",
  "timestamp": "2026-04-13T20:02:38.512Z"
}