{
  "buildNumber": "275",
  "buildId": "DlwQSAVw",
  "sessionId": "7MiGiHpAI",
  "durationSec": 20.206,
  "avgFps": 21.071878938086847,
  "minFps": 15.453768091335075,
  "maxFps": 23.285890513152527,
  "avgSectionTimingsMs": {
    "hud": 0.017449664589542672,
    "camera": 0.010514541160340276,
    "autoEngage": 0.006382978676681689,
    "syncPlayers": 0.12309417048377307,
    "syncUnits": 0.8636771296171865,
    "syncStructures": 0.0731543624561105,
    "syncResources": 0.029372197095588717,
    "sendClientPoses": 0.19215246654144852,
    "effectsAndFog": 16.44753363287502
  },
  "userAgent": "Mozilla/5.0 (Linux; Android 10; K) AppleWebKit/537.36 (KHTML, like Gecko) Chrome/145.0.0.0 Mobile Safari/537.36",
  "timestamp": "2026-04-13T20:14:41.434Z"
}