{
  "buildNumber": "277",
  "buildId": "CMEduUks",
  "sessionId": "q0WoIYLvG",
  "durationSec": 7.682,
  "avgFps": 38.400926567810856,
  "minFps": 38.014368527508694,
  "maxFps": 39.361938941941844,
  "avgSectionTimingsMs": {
    "hud": 0.020279720008790077,
    "camera": 0.006643356559993503,
    "autoEngage": 0.0031523644506618147,
    "syncPlayers": 0.07228070194261116,
    "syncUnits": 0.031228070405491613,
    "syncResources": 0.027719297325401977,
    "sendClientPoses": 0.0049122807226682965,
    "effectsAndFog": 0.05473684145693193,
    "syncStructures": 0.167241380646311
  },
  "userAgent": "Mozilla/5.0 (Linux; Android 10; K) AppleWebKit/537.36 (KHTML, like Gecko) Chrome/145.0.0.0 Mobile Safari/537.36",
  "timestamp": "2026-04-13T20:25:12.521Z"
}