{
  "buildNumber": "276",
  "buildId": "BdYYCv-Z",
  "sessionId": "P2QeoMsYc",
  "durationSec": 12.942,
  "avgFps": 40.80041277397059,
  "minFps": 38.546590981765405,
  "maxFps": 42.24570034076106,
  "avgSectionTimingsMs": {
    "hud": 0.026574803384270256,
    "camera": 0.006692913573557936,
    "autoEngage": 0.004433497478222025,
    "syncPlayers": 0.1102564106208568,
    "syncUnits": 0.10848126197472596,
    "syncResources": 0.027218934464501677,
    "sendClientPoses": 0.020315582112682876,
    "effectsAndFog": 0.05739645028020268,
    "syncStructures": 0.3103092776745865
  },
  "userAgent": "Mozilla/5.0 (Linux; Android 10; K) AppleWebKit/537.36 (KHTML, like Gecko) Chrome/145.0.0.0 Mobile Safari/537.36",
  "timestamp": "2026-04-13T20:20:31.914Z"
}