{
  "buildNumber": "277",
  "buildId": "CMEduUks",
  "sessionId": "q0WoIYLvG",
  "durationSec": 26.743,
  "avgFps": 37.33770161148313,
  "minFps": 31.02319479666466,
  "maxFps": 39.361938941941844,
  "avgSectionTimingsMs": {
    "hud": 0.02315789457998778,
    "camera": 0.007999999805500632,
    "autoEngage": 0.0050026330588804286,
    "syncPlayers": 0.0790305583884015,
    "syncUnits": 0.3059009486933026,
    "syncResources": 0.026238145234084857,
    "sendClientPoses": 0.04120126445125102,
    "effectsAndFog": 0.04952581652348863,
    "syncStructures": 0.2109452735132246
  },
  "userAgent": "Mozilla/5.0 (Linux; Android 10; K) AppleWebKit/537.36 (KHTML, like Gecko) Chrome/145.0.0.0 Mobile Safari/537.36",
  "timestamp": "2026-04-13T20:25:31.583Z"
}