{
  "buildNumber": "277",
  "buildId": "CMEduUks",
  "sessionId": "q0WoIYLvG",
  "durationSec": 7.707,
  "avgFps": 38.40086439265027,
  "minFps": 38.014368527508694,
  "maxFps": 39.361938941941844,
  "avgSectionTimingsMs": {
    "hud": 0.02020905896346328,
    "camera": 0.0066202089761607736,
    "autoEngage": 0.003141361433382018,
    "syncPlayers": 0.07237762254434865,
    "syncUnits": 0.03146853167693932,
    "syncResources": 0.027622376705383086,
    "sendClientPoses": 0.00489510491594568,
    "effectsAndFog": 0.054545453899390216,
    "syncStructures": 0.167241380646311
  },
  "userAgent": "Mozilla/5.0 (Linux; Android 10; K) AppleWebKit/537.36 (KHTML, like Gecko) Chrome/145.0.0.0 Mobile Safari/537.36",
  "timestamp": "2026-04-13T20:25:12.546Z"
}