{
  "buildNumber": "273",
  "buildId": "BF-xNiwv",
  "sessionId": "P_6xpY7hD",
  "durationSec": 4.827,
  "avgFps": 37.48063520908709,
  "minFps": 35.9435983015165,
  "maxFps": 40.321994488695054,
  "avgSectionTimingsMs": {
    "hud": 0.024705882282818066,
    "camera": 0.007647058543036966,
    "autoEngage": 0.0026548671863072036,
    "syncPlayers": 0.06449704180807757,
    "syncUnits": 0.03254437887456996,
    "syncResources": 0.03727810657941378,
    "sendClientPoses": 0.0029585797053117016,
    "effectsAndFog": 8.481656804416307,
    "syncStructures": 0.00555555522441864
  },
  "userAgent": "Mozilla/5.0 (Linux; Android 10; K) AppleWebKit/537.36 (KHTML, like Gecko) Chrome/145.0.0.0 Mobile Safari/537.36",
  "timestamp": "2026-04-13T20:02:01.717Z"
}