{
  "buildNumber": "273",
  "buildId": "BF-xNiwv",
  "sessionId": "P_6xpY7hD",
  "durationSec": 32.151,
  "avgFps": 32.97514742828071,
  "minFps": 25.714169577019245,
  "maxFps": 40.321994488695054,
  "avgSectionTimingsMs": {
    "hud": 0.02650356772721239,
    "camera": 0.008053006989754183,
    "autoEngage": 0.004589495140335379,
    "syncPlayers": 0.0771428575625225,
    "syncUnits": 0.18071428592107733,
    "syncResources": 0.02785714286930707,
    "sendClientPoses": 0.023877550996079737,
    "effectsAndFog": 11.097959183338954,
    "syncStructures": 0.18510638259826823
  },
  "userAgent": "Mozilla/5.0 (Linux; Android 10; K) AppleWebKit/537.36 (KHTML, like Gecko) Chrome/145.0.0.0 Mobile Safari/537.36",
  "timestamp": "2026-04-13T20:02:29.040Z"
}