{
  "buildNumber": "273",
  "buildId": "BF-xNiwv",
  "sessionId": "P_6xpY7hD",
  "durationSec": 22.925,
  "avgFps": 33.85767913955042,
  "minFps": 31.135007847593187,
  "maxFps": 40.321994488695054,
  "avgSectionTimingsMs": {
    "hud": 0.0243206521820115,
    "camera": 0.008423912946296774,
    "autoEngage": 0.0038069340341517423,
    "syncPlayers": 0.07523809549759845,
    "syncUnits": 0.0333333332116912,
    "syncResources": 0.028299319784657485,
    "sendClientPoses": 0.005578231365502286,
    "effectsAndFog": 10.026258502971558,
    "syncStructures": 0.1802395205654784
  },
  "userAgent": "Mozilla/5.0 (Linux; Android 10; K) AppleWebKit/537.36 (KHTML, like Gecko) Chrome/145.0.0.0 Mobile Safari/537.36",
  "timestamp": "2026-04-13T20:02:19.814Z"
}