{
  "buildNumber": "273",
  "buildId": "BF-xNiwv",
  "sessionId": "P_6xpY7hD",
  "durationSec": 48.154,
  "avgFps": 30.169504377982523,
  "minFps": 18.023789137957767,
  "maxFps": 40.321994488695054,
  "avgSectionTimingsMs": {
    "hud": 0.0259404389368703,
    "camera": 0.00815047015403879,
    "autoEngage": 0.0051744414025407266,
    "syncPlayers": 0.08298039268044864,
    "syncUnits": 0.49270588222671957,
    "syncResources": 0.0275294116899079,
    "sendClientPoses": 0.07607843132580028,
    "effectsAndFog": 15.271843137226853,
    "syncStructures": 0.15089285746216774
  },
  "userAgent": "Mozilla/5.0 (Linux; Android 10; K) AppleWebKit/537.36 (KHTML, like Gecko) Chrome/145.0.0.0 Mobile Safari/537.36",
  "timestamp": "2026-04-13T20:02:45.043Z"
}