{
  "buildNumber": "276",
  "buildId": "BdYYCv-Z",
  "sessionId": "P2QeoMsYc",
  "durationSec": 51.662,
  "avgFps": 34.09044677716183,
  "minFps": 23.512293066686027,
  "maxFps": 42.24570034076106,
  "avgSectionTimingsMs": {
    "hud": 0.026322339974951137,
    "camera": 0.010205351553426148,
    "autoEngage": 0.00625583558226537,
    "syncPlayers": 0.14595267748179502,
    "syncUnits": 0.7623287673533927,
    "syncResources": 0.029452054690602112,
    "sendClientPoses": 0.12198007470495525,
    "effectsAndFog": 0.06257783332990383,
    "syncStructures": 0.2178947364813403
  },
  "userAgent": "Mozilla/5.0 (Linux; Android 10; K) AppleWebKit/537.36 (KHTML, like Gecko) Chrome/145.0.0.0 Mobile Safari/537.36",
  "timestamp": "2026-04-13T20:21:10.634Z"
}