{
  "buildNumber": "274",
  "buildId": "CB7E_Olw",
  "sessionId": "PJns0EXEj",
  "durationSec": 12.957,
  "avgFps": 45.054802833415295,
  "minFps": 41.91157244087777,
  "maxFps": 47.48005890965272,
  "avgSectionTimingsMs": {
    "hud": 0.01849192108029309,
    "camera": 0.006104129488635106,
    "autoEngage": 0.003054806806970478,
    "syncPlayers": 0.08866906562726275,
    "syncUnits": 0.08129496373932996,
    "syncResources": 0.019784172769073103,
    "sendClientPoses": 0.01960431650388155,
    "effectsAndFog": 0.05341726584400205,
    "syncStructures": 0.37777777813901803
  },
  "userAgent": "Mozilla/5.0 (Linux; Android 10; K) AppleWebKit/537.36 (KHTML, like Gecko) Chrome/145.0.0.0 Mobile Safari/537.36",
  "timestamp": "2026-04-13T20:10:41.442Z"
}