{
  "buildNumber": "276",
  "buildId": "BdYYCv-Z",
  "sessionId": "P2QeoMsYc",
  "durationSec": 4.2,
  "avgFps": 41.496087595809065,
  "minFps": 41.125914193165954,
  "maxFps": 41.88124505024189,
  "avgSectionTimingsMs": {
    "hud": 0.02500000054186041,
    "camera": 0.005681818181818182,
    "autoEngage": 0.0025641026659908458,
    "syncPlayers": 0.11028571554592677,
    "syncUnits": 0.031999999284744264,
    "syncResources": 0.026857142789023264,
    "sendClientPoses": 0.0022857143197740825,
    "effectsAndFog": 0.06171428510120937,
    "syncStructures": 0.058064514590847875
  },
  "userAgent": "Mozilla/5.0 (Linux; Android 10; K) AppleWebKit/537.36 (KHTML, like Gecko) Chrome/145.0.0.0 Mobile Safari/537.36",
  "timestamp": "2026-04-13T20:20:23.172Z"
}