{
  "buildNumber": "274",
  "buildId": "CB7E_Olw",
  "sessionId": "PJns0EXEj",
  "durationSec": 1.217,
  "avgFps": 46.82582219281281,
  "minFps": 45.86004418223954,
  "maxFps": 47.48005890965272,
  "avgSectionTimingsMs": {
    "hud": 0.026923076464579657,
    "camera": 0.0038461536169052124,
    "autoEngage": 0,
    "syncPlayers": 0.10196078466434105,
    "syncUnits": 0.01960784255289564,
    "syncResources": 0.03137254890273599,
    "sendClientPoses": 0,
    "effectsAndFog": 0.07058823576160506,
    "syncStructures": 0
  },
  "userAgent": "Mozilla/5.0 (Linux; Android 10; K) AppleWebKit/537.36 (KHTML, like Gecko) Chrome/145.0.0.0 Mobile Safari/537.36",
  "timestamp": "2026-04-13T20:10:29.702Z"
}