{
  "buildNumber": "273",
  "buildId": "BF-xNiwv",
  "sessionId": "P_6xpY7hD",
  "durationSec": 49.764,
  "avgFps": 29.908638399464124,
  "minFps": 18.017841853468326,
  "maxFps": 40.321994488695054,
  "avgSectionTimingsMs": {
    "hud": 0.02553680987080182,
    "camera": 0.008128834305548229,
    "autoEngage": 0.005216724224642953,
    "syncPlayers": 0.0838066006475289,
    "syncUnits": 0.5115118955111193,
    "syncResources": 0.02793553327471132,
    "sendClientPoses": 0.08081350730001606,
    "effectsAndFog": 15.658633921732832,
    "syncStructures": 0.1485549135704261
  },
  "userAgent": "Mozilla/5.0 (Linux; Android 10; K) AppleWebKit/537.36 (KHTML, like Gecko) Chrome/145.0.0.0 Mobile Safari/537.36",
  "timestamp": "2026-04-13T20:02:46.653Z"
}