{
  "buildNumber": "275",
  "buildId": "DlwQSAVw",
  "sessionId": "7MiGiHpAI",
  "durationSec": 8.089,
  "avgFps": 18.812027017667027,
  "minFps": 15.453768091335075,
  "maxFps": 21.11740375438308,
  "avgSectionTimingsMs": {
    "hud": 0.023563219384215343,
    "camera": 0.009770114702739936,
    "autoEngage": 0.007492795285986205,
    "syncPlayers": 0.13930635783024606,
    "syncUnits": 1.0745664740228928,
    "syncStructures": 0.0779661000785181,
    "syncResources": 0.035260115400215106,
    "sendClientPoses": 0.20867052088583135,
    "effectsAndFog": 17.185549132913522
  },
  "userAgent": "Mozilla/5.0 (Linux; Android 10; K) AppleWebKit/537.36 (KHTML, like Gecko) Chrome/145.0.0.0 Mobile Safari/537.36",
  "timestamp": "2026-04-13T20:14:29.317Z"
}