{
  "buildNumber": "273",
  "buildId": "BF-xNiwv",
  "sessionId": "P_6xpY7hD",
  "durationSec": 14.195,
  "avgFps": 35.0457411560867,
  "minFps": 32.098293815714115,
  "maxFps": 40.321994488695054,
  "avgSectionTimingsMs": {
    "hud": 0.02267818593824399,
    "camera": 0.008639308726555843,
    "autoEngage": 0.004108108120995599,
    "syncPlayers": 0.07099567140851702,
    "syncUnits": 0.03463203463203463,
    "syncResources": 0.02532467542788683,
    "sendClientPoses": 0.004112553996441168,
    "effectsAndFog": 9.890259740156528,
    "syncStructures": 0.17961164990675102
  },
  "userAgent": "Mozilla/5.0 (Linux; Android 10; K) AppleWebKit/537.36 (KHTML, like Gecko) Chrome/145.0.0.0 Mobile Safari/537.36",
  "timestamp": "2026-04-13T20:02:11.085Z"
}