{
  "buildNumber": "273",
  "buildId": "BF-xNiwv",
  "sessionId": "P_6xpY7hD",
  "durationSec": 41.414,
  "avgFps": 31.286858839818432,
  "minFps": 19.82888030923641,
  "maxFps": 40.321994488695054,
  "avgSectionTimingsMs": {
    "hud": 0.026528854548777105,
    "camera": 0.008010335850571888,
    "autoEngage": 0.00478242138037133,
    "syncPlayers": 0.08025862112127502,
    "syncUnits": 0.3306896552186588,
    "syncResources": 0.026896551662477952,
    "sendClientPoses": 0.052155172311026475,
    "effectsAndFog": 13.628965517107783,
    "syncStructures": 0.15830508490740242
  },
  "userAgent": "Mozilla/5.0 (Linux; Android 10; K) AppleWebKit/537.36 (KHTML, like Gecko) Chrome/145.0.0.0 Mobile Safari/537.36",
  "timestamp": "2026-04-13T20:02:38.303Z"
}