{
  "buildNumber": "276",
  "buildId": "BdYYCv-Z",
  "sessionId": "P2QeoMsYc",
  "durationSec": 1.265,
  "avgFps": 41.20684806416911,
  "minFps": 41.125914193165954,
  "maxFps": 41.344435644874466,
  "avgSectionTimingsMs": {
    "hud": 0.03148148126072354,
    "camera": 0.005555556328208359,
    "autoEngage": 0.00467289747478806,
    "syncPlayers": 0.13396226516309775,
    "syncUnits": 0.026415093889776267,
    "syncResources": 0.026415093889776267,
    "sendClientPoses": 0.0018867923403685948,
    "effectsAndFog": 0.06792452875173317,
    "syncStructures": 0.0888888869020674
  },
  "userAgent": "Mozilla/5.0 (Linux; Android 10; K) AppleWebKit/537.36 (KHTML, like Gecko) Chrome/145.0.0.0 Mobile Safari/537.36",
  "timestamp": "2026-04-13T20:20:20.237Z"
}