{
  "buildNumber": "273",
  "buildId": "BF-xNiwv",
  "sessionId": "P_6xpY7hD",
  "durationSec": 22.491,
  "avgFps": 33.89375590621723,
  "minFps": 31.135007847593187,
  "maxFps": 40.321994488695054,
  "avgSectionTimingsMs": {
    "hud": 0.02448132782556209,
    "camera": 0.008575380260683853,
    "autoEngage": 0.0038062283530779775,
    "syncPlayers": 0.07506925234999352,
    "syncUnits": 0.03351800544110031,
    "syncResources": 0.02867036017684725,
    "sendClientPoses": 0.005401662058116987,
    "effectsAndFog": 9.99764542892534,
    "syncStructures": 0.16524390203923714
  },
  "userAgent": "Mozilla/5.0 (Linux; Android 10; K) AppleWebKit/537.36 (KHTML, like Gecko) Chrome/145.0.0.0 Mobile Safari/537.36",
  "timestamp": "2026-04-13T20:02:19.380Z"
}