{
  "buildNumber": "273",
  "buildId": "BF-xNiwv",
  "sessionId": "P_6xpY7hD",
  "durationSec": 16.233,
  "avgFps": 34.695728161229255,
  "minFps": 31.992790271339192,
  "maxFps": 40.321994488695054,
  "avgSectionTimingsMs": {
    "hud": 0.02253787891205513,
    "camera": 0.008901515128937635,
    "autoEngage": 0.0037914692225614432,
    "syncPlayers": 0.07286527543637965,
    "syncUnits": 0.03415559760985836,
    "syncResources": 0.027134724936856265,
    "sendClientPoses": 0.004743832960526903,
    "effectsAndFog": 9.862998102376311,
    "syncStructures": 0.17288135573015376
  },
  "userAgent": "Mozilla/5.0 (Linux; Android 10; K) AppleWebKit/537.36 (KHTML, like Gecko) Chrome/145.0.0.0 Mobile Safari/537.36",
  "timestamp": "2026-04-13T20:02:13.122Z"
}