{
  "buildNumber": "273",
  "buildId": "BF-xNiwv",
  "sessionId": "P_6xpY7hD",
  "durationSec": 1.732,
  "avgFps": 39.04200430882848,
  "minFps": 38.68112189989097,
  "maxFps": 40.321994488695054,
  "avgSectionTimingsMs": {
    "hud": 0.02741935464643663,
    "camera": 0.009677419258702186,
    "autoEngage": 0.0040650406504065045,
    "syncPlayers": 0.07377049082615336,
    "syncUnits": 0.02950819691673654,
    "syncResources": 0.03278688475733898,
    "sendClientPoses": 0.0016393441645825495,
    "effectsAndFog": 8.259016394126611,
    "syncStructures": 0.007692307233810425
  },
  "userAgent": "Mozilla/5.0 (Linux; Android 10; K) AppleWebKit/537.36 (KHTML, like Gecko) Chrome/145.0.0.0 Mobile Safari/537.36",
  "timestamp": "2026-04-13T20:01:58.621Z"
}