{
  "buildNumber": "276",
  "buildId": "BdYYCv-Z",
  "sessionId": "P2QeoMsYc",
  "durationSec": 37.242,
  "avgFps": 36.40179077877344,
  "minFps": 28.01787382721959,
  "maxFps": 42.24570034076106,
  "avgSectionTimingsMs": {
    "hud": 0.024940617813161696,
    "camera": 0.008946951711734702,
    "autoEngage": 0.005465346444951426,
    "syncPlayers": 0.12892234549752885,
    "syncUnits": 0.5582408876691114,
    "syncResources": 0.02836767013779533,
    "sendClientPoses": 0.09128367690673532,
    "effectsAndFog": 0.0621236135058471,
    "syncStructures": 0.2014598535360211
  },
  "userAgent": "Mozilla/5.0 (Linux; Android 10; K) AppleWebKit/537.36 (KHTML, like Gecko) Chrome/145.0.0.0 Mobile Safari/537.36",
  "timestamp": "2026-04-13T20:20:56.214Z"
}