{
  "buildNumber": "274",
  "buildId": "CB7E_Olw",
  "sessionId": "PJns0EXEj",
  "durationSec": 24.764,
  "avgFps": 42.187785263422,
  "minFps": 33.33799846725086,
  "maxFps": 47.48005890965272,
  "avgSectionTimingsMs": {
    "hud": 0.01821946166070105,
    "camera": 0.007556935922699686,
    "autoEngage": 0.004350077652178053,
    "syncPlayers": 0.09937823859521144,
    "syncUnits": 0.5551295339134691,
    "syncResources": 0.02031088085372213,
    "sendClientPoses": 0.07502590677281118,
    "effectsAndFog": 0.05647668365987471,
    "syncStructures": 0.25351351306245135
  },
  "userAgent": "Mozilla/5.0 (Linux; Android 10; K) AppleWebKit/537.36 (KHTML, like Gecko) Chrome/145.0.0.0 Mobile Safari/537.36",
  "timestamp": "2026-04-13T20:10:53.249Z"
}