{
  "buildNumber": "273",
  "buildId": "BF-xNiwv",
  "sessionId": "P_6xpY7hD",
  "durationSec": 59.649,
  "avgFps": 28.50280174827234,
  "minFps": 18.005645273948964,
  "maxFps": 40.321994488695054,
  "avgSectionTimingsMs": {
    "hud": 0.026081081137463852,
    "camera": 0.007837837793537089,
    "autoEngage": 0.005238256177695952,
    "syncPlayers": 0.08695064280547347,
    "syncUnits": 0.5724137930188169,
    "syncResources": 0.027180527314856054,
    "sendClientPoses": 0.10764029767160242,
    "effectsAndFog": 17.608789722709094,
    "syncStructures": 0.1358024693565604
  },
  "userAgent": "Mozilla/5.0 (Linux; Android 10; K) AppleWebKit/537.36 (KHTML, like Gecko) Chrome/145.0.0.0 Mobile Safari/537.36",
  "timestamp": "2026-04-13T20:02:56.538Z"
}