{
  "buildNumber": "276",
  "buildId": "BdYYCv-Z",
  "sessionId": "P2QeoMsYc",
  "durationSec": 8.24,
  "avgFps": 41.4487050295423,
  "minFps": 40.13490483125857,
  "maxFps": 42.24570034076106,
  "avgSectionTimingsMs": {
    "hud": 0.027544910500863357,
    "camera": 0.006886227669830094,
    "autoEngage": 0.003148425778170218,
    "syncPlayers": 0.10570570647537529,
    "syncUnits": 0.03543543475526231,
    "syncResources": 0.025225224885138665,
    "sendClientPoses": 0.0021021020663035167,
    "effectsAndFog": 0.056456456760744435,
    "syncStructures": 0.3459016387579871
  },
  "userAgent": "Mozilla/5.0 (Linux; Android 10; K) AppleWebKit/537.36 (KHTML, like Gecko) Chrome/145.0.0.0 Mobile Safari/537.36",
  "timestamp": "2026-04-13T20:20:27.212Z"
}