{
  "buildNumber": "273",
  "buildId": "BF-xNiwv",
  "sessionId": "P_6xpY7hD",
  "durationSec": 14.158,
  "avgFps": 35.05212091223469,
  "minFps": 32.298311318800174,
  "maxFps": 40.321994488695054,
  "avgSectionTimingsMs": {
    "hud": 0.0227272729207943,
    "camera": 0.008658008528994275,
    "autoEngage": 0.004117009763727984,
    "syncPlayers": 0.07093275524271801,
    "syncUnits": 0.03470715835140998,
    "syncResources": 0.02537960964790394,
    "sendClientPoses": 0.004121474937865119,
    "effectsAndFog": 9.878958785158952,
    "syncStructures": 0.17961164990675102
  },
  "userAgent": "Mozilla/5.0 (Linux; Android 10; K) AppleWebKit/537.36 (KHTML, like Gecko) Chrome/145.0.0.0 Mobile Safari/537.36",
  "timestamp": "2026-04-13T20:02:11.047Z"
}