{
  "buildNumber": "273",
  "buildId": "BF-xNiwv",
  "sessionId": "P_6xpY7hD",
  "durationSec": 28.083,
  "avgFps": 33.49316877912663,
  "minFps": 30.47935076193736,
  "maxFps": 40.321994488695054,
  "avgSectionTimingsMs": {
    "hud": 0.025450450443738216,
    "camera": 0.008220720599900495,
    "autoEngage": 0.004281690137487062,
    "syncPlayers": 0.07655016955286433,
    "syncUnits": 0.07519729416964423,
    "syncResources": 0.027508455508188034,
    "sendClientPoses": 0.012063134213848609,
    "effectsAndFog": 10.252085681597302,
    "syncStructures": 0.19705882332488603
  },
  "userAgent": "Mozilla/5.0 (Linux; Android 10; K) AppleWebKit/537.36 (KHTML, like Gecko) Chrome/145.0.0.0 Mobile Safari/537.36",
  "timestamp": "2026-04-13T20:02:24.973Z"
}