{
  "buildNumber": "277",
  "buildId": "CMEduUks",
  "sessionId": "q0WoIYLvG",
  "durationSec": 48.342,
  "avgFps": 34.54763083454887,
  "minFps": 26.510727529094936,
  "maxFps": 39.361938941941844,
  "avgSectionTimingsMs": {
    "hud": 0.02279411751557799,
    "camera": 0.009632352827226414,
    "autoEngage": 0.006176470625488197,
    "syncPlayers": 0.08779411727891248,
    "syncUnits": 0.7963970589506275,
    "syncResources": 0.026397058608777384,
    "sendClientPoses": 0.08529411764705883,
    "effectsAndFog": 0.050000000043826945,
    "syncStructures": 0.15954692589426503
  },
  "userAgent": "Mozilla/5.0 (Linux; Android 10; K) AppleWebKit/537.36 (KHTML, like Gecko) Chrome/145.0.0.0 Mobile Safari/537.36",
  "timestamp": "2026-04-13T20:25:53.181Z"
}