{
  "buildNumber": "277",
  "buildId": "CMEduUks",
  "sessionId": "q0WoIYLvG",
  "durationSec": 15.477,
  "avgFps": 38.04975666573974,
  "minFps": 36.94121099749357,
  "maxFps": 39.361938941941844,
  "avgSectionTimingsMs": {
    "hud": 0.020731707119775566,
    "camera": 0.008362369151065575,
    "autoEngage": 0.0034001744770442493,
    "syncPlayers": 0.07574171015105323,
    "syncUnits": 0.0347294944223101,
    "syncResources": 0.025654449772876387,
    "sendClientPoses": 0.005235602094240838,
    "effectsAndFog": 0.04851657906335894,
    "syncStructures": 0.23448275851792302
  },
  "userAgent": "Mozilla/5.0 (Linux; Android 10; K) AppleWebKit/537.36 (KHTML, like Gecko) Chrome/145.0.0.0 Mobile Safari/537.36",
  "timestamp": "2026-04-13T20:25:20.317Z"
}