{
  "buildNumber": "276",
  "buildId": "BdYYCv-Z",
  "sessionId": "P2QeoMsYc",
  "durationSec": 4.269,
  "avgFps": 41.49885038114771,
  "minFps": 41.125914193165954,
  "maxFps": 41.88124505024189,
  "avgSectionTimingsMs": {
    "hud": 0.02569832448852795,
    "camera": 0.00558659217877095,
    "autoEngage": 0.002521008503537218,
    "syncPlayers": 0.10955056296975425,
    "syncUnits": 0.032022471173425736,
    "syncResources": 0.026966292034374194,
    "sendClientPoses": 0.0022471910447217107,
    "effectsAndFog": 0.061235954419950424,
    "syncStructures": 0.058064514590847875
  },
  "userAgent": "Mozilla/5.0 (Linux; Android 10; K) AppleWebKit/537.36 (KHTML, like Gecko) Chrome/145.0.0.0 Mobile Safari/537.36",
  "timestamp": "2026-04-13T20:20:23.242Z"
}