{
  "buildNumber": "276",
  "buildId": "BdYYCv-Z",
  "sessionId": "P2QeoMsYc",
  "durationSec": 25.885,
  "avgFps": 38.41609024141401,
  "minFps": 32.74417441448303,
  "maxFps": 42.24570034076106,
  "avgSectionTimingsMs": {
    "hud": 0.026780021526354912,
    "camera": 0.007332624936838586,
    "autoEngage": 0.005050504971285692,
    "syncPlayers": 0.11446808510004206,
    "syncUnits": 0.3003191491707842,
    "syncResources": 0.02659574455403267,
    "sendClientPoses": 0.05840425542060365,
    "effectsAndFog": 0.05946808536636068,
    "syncStructures": 0.25208333305393654
  },
  "userAgent": "Mozilla/5.0 (Linux; Android 10; K) AppleWebKit/537.36 (KHTML, like Gecko) Chrome/145.0.0.0 Mobile Safari/537.36",
  "timestamp": "2026-04-13T20:20:44.858Z"
}