{
  "buildNumber": "275",
  "buildId": "DlwQSAVw",
  "sessionId": "7MiGiHpAI",
  "durationSec": 20.159,
  "avgFps": 21.067635577219633,
  "minFps": 15.453768091335075,
  "maxFps": 23.285890513152527,
  "avgSectionTimingsMs": {
    "hud": 0.017264574164766903,
    "camera": 0.010538116364735658,
    "autoEngage": 0.006397306350478955,
    "syncPlayers": 0.12292134842176115,
    "syncUnits": 0.8640449433514241,
    "syncStructures": 0.0731543624561105,
    "syncResources": 0.029438202032882176,
    "sendClientPoses": 0.1916853934861301,
    "effectsAndFog": 16.442696629749257
  },
  "userAgent": "Mozilla/5.0 (Linux; Android 10; K) AppleWebKit/537.36 (KHTML, like Gecko) Chrome/145.0.0.0 Mobile Safari/537.36",
  "timestamp": "2026-04-13T20:14:41.387Z"
}