{
  "buildNumber": "276",
  "buildId": "BdYYCv-Z",
  "sessionId": "P2QeoMsYc",
  "durationSec": 46.488,
  "avgFps": 34.89184576557256,
  "minFps": 24.825465433277753,
  "maxFps": 42.24570034076106,
  "avgSectionTimingsMs": {
    "hud": 0.025990597888717243,
    "camera": 0.009603760901355679,
    "autoEngage": 0.006012764419931111,
    "syncPlayers": 0.1409274193267989,
    "syncUnits": 0.7319892476242716,
    "syncResources": 0.02916666649041637,
    "sendClientPoses": 0.11283602158949581,
    "effectsAndFog": 0.06283602170566077,
    "syncStructures": 0.19853801119048692
  },
  "userAgent": "Mozilla/5.0 (Linux; Android 10; K) AppleWebKit/537.36 (KHTML, like Gecko) Chrome/145.0.0.0 Mobile Safari/537.36",
  "timestamp": "2026-04-13T20:21:05.460Z"
}