{
  "buildNumber": "275",
  "buildId": "DlwQSAVw",
  "sessionId": "7MiGiHpAI",
  "durationSec": 12.135,
  "avgFps": 19.85993210417288,
  "minFps": 15.453768091335075,
  "maxFps": 22.654334781660275,
  "avgSectionTimingsMs": {
    "hud": 0.018045113499003246,
    "camera": 0.01015037567095649,
    "autoEngage": 0.006779661005724172,
    "syncPlayers": 0.1298113206647477,
    "syncUnits": 0.9520754716306362,
    "syncStructures": 0.08426966325620587,
    "syncResources": 0.032452829941263736,
    "sendClientPoses": 0.1890566038635542,
    "effectsAndFog": 16.720000000157444
  },
  "userAgent": "Mozilla/5.0 (Linux; Android 10; K) AppleWebKit/537.36 (KHTML, like Gecko) Chrome/145.0.0.0 Mobile Safari/537.36",
  "timestamp": "2026-04-13T20:14:33.363Z"
}