{
  "buildNumber": "277",
  "buildId": "CMEduUks",
  "sessionId": "q0WoIYLvG",
  "durationSec": 7.149,
  "avgFps": 28.76588088332822,
  "minFps": 28.48434442172548,
  "maxFps": 30.259186777423363,
  "avgSectionTimingsMs": {
    "hud": 0.027638190805013455,
    "camera": 0.009547739022940248,
    "autoEngage": 0.00856423175304903,
    "syncPlayers": 0.10757575778648107,
    "syncUnits": 1.3732323228108763,
    "syncResources": 0.024747475680678782,
    "sendClientPoses": 0.18383838341693687,
    "effectsAndFog": 0.04646464640443975,
    "syncStructures": 0.06399999916553498
  },
  "userAgent": "Mozilla/5.0 (Linux; Android 10; K) AppleWebKit/537.36 (KHTML, like Gecko) Chrome/145.0.0.0 Mobile Safari/537.36",
  "timestamp": "2026-04-13T20:26:06.764Z"
}