{
  "buildNumber": "274",
  "buildId": "CB7E_Olw",
  "sessionId": "PJns0EXEj",
  "durationSec": 24.02,
  "avgFps": 42.40363372186521,
  "minFps": 35.78399795633448,
  "maxFps": 47.48005890965272,
  "avgSectionTimingsMs": {
    "hud": 0.0181336160808454,
    "camera": 0.007529162368238414,
    "autoEngage": 0.004350132603860344,
    "syncPlayers": 0.09861995782821802,
    "syncUnits": 0.535244161662529,
    "syncResources": 0.020276008549516115,
    "sendClientPoses": 0.07070063690471041,
    "effectsAndFog": 0.0563694265238039,
    "syncStructures": 0.25499999953640834
  },
  "userAgent": "Mozilla/5.0 (Linux; Android 10; K) AppleWebKit/537.36 (KHTML, like Gecko) Chrome/145.0.0.0 Mobile Safari/537.36",
  "timestamp": "2026-04-13T20:10:52.506Z"
}