{
  "buildNumber": "273",
  "buildId": "BF-xNiwv",
  "sessionId": "P_6xpY7hD",
  "durationSec": 56.374,
  "avgFps": 28.92717909157982,
  "minFps": 18.005645273948964,
  "maxFps": 40.321994488695054,
  "avgSectionTimingsMs": {
    "hud": 0.0264416316055212,
    "camera": 0.007735583663992741,
    "autoEngage": 0.005205768558537083,
    "syncPlayers": 0.0859254051018231,
    "syncUnits": 0.5650246304621753,
    "syncResources": 0.02730471491394204,
    "sendClientPoses": 0.09978888118292227,
    "effectsAndFog": 17.00598170304701,
    "syncStructures": 0.13922077936011476
  },
  "userAgent": "Mozilla/5.0 (Linux; Android 10; K) AppleWebKit/537.36 (KHTML, like Gecko) Chrome/145.0.0.0 Mobile Safari/537.36",
  "timestamp": "2026-04-13T20:02:53.264Z"
}