{
  "buildNumber": "275",
  "buildId": "DlwQSAVw",
  "sessionId": "7MiGiHpAI",
  "durationSec": 2.872,
  "avgFps": 16.65704545047188,
  "minFps": 15.453768091335075,
  "maxFps": 18.675808413531986,
  "avgSectionTimingsMs": {
    "hud": 0.024590165400114217,
    "camera": 0.011475409640640508,
    "autoEngage": 0.00578512362212189,
    "syncPlayers": 0.1266666665673256,
    "syncUnits": 1.3816666652758915,
    "syncStructures": 0.09000000059604644,
    "syncResources": 0.038333333035310106,
    "sendClientPoses": 0.23166666626930238,
    "effectsAndFog": 17.640000000596046
  },
  "userAgent": "Mozilla/5.0 (Linux; Android 10; K) AppleWebKit/537.36 (KHTML, like Gecko) Chrome/145.0.0.0 Mobile Safari/537.36",
  "timestamp": "2026-04-13T20:14:24.100Z"
}