{
  "buildNumber": "277",
  "buildId": "CMEduUks",
  "sessionId": "q0WoIYLvG",
  "durationSec": 13.307,
  "avgFps": 38.19995780778827,
  "minFps": 37.33993066221078,
  "maxFps": 39.361938941941844,
  "avgSectionTimingsMs": {
    "hud": 0.020850202392952644,
    "camera": 0.008097165750588482,
    "autoEngage": 0.003343465208644925,
    "syncPlayers": 0.07626774828525876,
    "syncUnits": 0.03488843853285056,
    "syncResources": 0.027180526790947748,
    "sendClientPoses": 0.004665314425803101,
    "effectsAndFog": 0.05172413762877969,
    "syncStructures": 0.19900000035762788
  },
  "userAgent": "Mozilla/5.0 (Linux; Android 10; K) AppleWebKit/537.36 (KHTML, like Gecko) Chrome/145.0.0.0 Mobile Safari/537.36",
  "timestamp": "2026-04-13T20:25:18.147Z"
}