{
  "buildNumber": "277",
  "buildId": "CMEduUks",
  "sessionId": "q0WoIYLvG",
  "durationSec": 29.241,
  "avgFps": 36.87268909268341,
  "minFps": 29.45054707312387,
  "maxFps": 39.361938941941844,
  "avgSectionTimingsMs": {
    "hud": 0.02288801555315029,
    "camera": 0.008546168771380291,
    "autoEngage": 0.005552825602618131,
    "syncPlayers": 0.08131760059908076,
    "syncUnits": 0.4364798430906519,
    "syncResources": 0.02586037351318517,
    "sendClientPoses": 0.05152409032148363,
    "effectsAndFog": 0.049557521983233876,
    "syncStructures": 0.20137614695304032
  },
  "userAgent": "Mozilla/5.0 (Linux; Android 10; K) AppleWebKit/537.36 (KHTML, like Gecko) Chrome/145.0.0.0 Mobile Safari/537.36",
  "timestamp": "2026-04-13T20:25:34.081Z"
}