{
  "buildNumber": "273",
  "buildId": "BF-xNiwv",
  "sessionId": "P_6xpY7hD",
  "durationSec": 12.558,
  "avgFps": 35.322693478460444,
  "minFps": 32.298311318800174,
  "maxFps": 40.321994488695054,
  "avgSectionTimingsMs": {
    "hud": 0.021791767554479417,
    "camera": 0.00823244531853147,
    "autoEngage": 0.004121212164560953,
    "syncPlayers": 0.07038834980390604,
    "syncUnits": 0.034223300884070905,
    "syncResources": 0.02621359240661547,
    "sendClientPoses": 0.0033980581945585973,
    "effectsAndFog": 9.70728155334019,
    "syncStructures": 0.15978260824213858
  },
  "userAgent": "Mozilla/5.0 (Linux; Android 10; K) AppleWebKit/537.36 (KHTML, like Gecko) Chrome/145.0.0.0 Mobile Safari/537.36",
  "timestamp": "2026-04-13T20:02:09.447Z"
}