{
  "buildNumber": "274",
  "buildId": "CB7E_Olw",
  "sessionId": "PJns0EXEj",
  "durationSec": 11.95,
  "avgFps": 45.22400576009183,
  "minFps": 42.882096587837026,
  "maxFps": 47.48005890965272,
  "avgSectionTimingsMs": {
    "hud": 0.01814671827329172,
    "camera": 0.006177606442260006,
    "autoEngage": 0.0023188405854690478,
    "syncPlayers": 0.08646034894644407,
    "syncUnits": 0.05183752408571815,
    "syncResources": 0.019922630756920495,
    "sendClientPoses": 0.012959381021429538,
    "effectsAndFog": 0.05415860694658364,
    "syncStructures": 0.3835164839094812
  },
  "userAgent": "Mozilla/5.0 (Linux; Android 10; K) AppleWebKit/537.36 (KHTML, like Gecko) Chrome/145.0.0.0 Mobile Safari/537.36",
  "timestamp": "2026-04-13T20:10:40.436Z"
}