{
  "buildNumber": "276",
  "buildId": "BdYYCv-Z",
  "sessionId": "P2QeoMsYc",
  "durationSec": 19.573,
  "avgFps": 39.539281416618245,
  "minFps": 35.87673306134771,
  "maxFps": 42.24570034076106,
  "avgSectionTimingsMs": {
    "hud": 0.026756757135326797,
    "camera": 0.0064864865831426675,
    "autoEngage": 0.004800540821386238,
    "syncPlayers": 0.11028416791530037,
    "syncUnits": 0.19661705004346225,
    "syncResources": 0.027604871214000716,
    "sendClientPoses": 0.03410013542284985,
    "effectsAndFog": 0.059133965285124414,
    "syncStructures": 0.29448275853847633
  },
  "userAgent": "Mozilla/5.0 (Linux; Android 10; K) AppleWebKit/537.36 (KHTML, like Gecko) Chrome/145.0.0.0 Mobile Safari/537.36",
  "timestamp": "2026-04-13T20:20:38.545Z"
}