{
  "buildNumber": "274",
  "buildId": "CB7E_Olw",
  "sessionId": "PJns0EXEj",
  "durationSec": 29.571,
  "avgFps": 40.87462413056019,
  "minFps": 31.192882327528594,
  "maxFps": 47.48005890965272,
  "avgSectionTimingsMs": {
    "hud": 0.018631863068289633,
    "camera": 0.00810081016148242,
    "autoEngage": 0.004367402065771756,
    "syncPlayers": 0.10153153186982816,
    "syncUnits": 0.65081081108467,
    "syncResources": 0.02072072069387178,
    "sendClientPoses": 0.08846846835033313,
    "effectsAndFog": 0.05657657642622252,
    "syncStructures": 0.2237442922374429
  },
  "userAgent": "Mozilla/5.0 (Linux; Android 10; K) AppleWebKit/537.36 (KHTML, like Gecko) Chrome/145.0.0.0 Mobile Safari/537.36",
  "timestamp": "2026-04-13T20:10:58.056Z"
}