{
  "buildNumber": "277",
  "buildId": "CMEduUks",
  "sessionId": "q0WoIYLvG",
  "durationSec": 24.89,
  "avgFps": 37.60960874656814,
  "minFps": 33.37456852740384,
  "maxFps": 39.361938941941844,
  "avgSectionTimingsMs": {
    "hud": 0.02324805329983704,
    "camera": 0.008008898597405405,
    "autoEngage": 0.004730105847866587,
    "syncPlayers": 0.07728285078614751,
    "syncUnits": 0.23741648132126686,
    "syncResources": 0.025723830496017015,
    "sendClientPoses": 0.0339643651565624,
    "effectsAndFog": 0.04966592413678201,
    "syncStructures": 0.22139037436342493
  },
  "userAgent": "Mozilla/5.0 (Linux; Android 10; K) AppleWebKit/537.36 (KHTML, like Gecko) Chrome/145.0.0.0 Mobile Safari/537.36",
  "timestamp": "2026-04-13T20:25:29.729Z"
}