{
  "buildNumber": "275",
  "buildId": "DlwQSAVw",
  "sessionId": "7MiGiHpAI",
  "durationSec": 0.437,
  "avgFps": 15.453768091335077,
  "minFps": 15.453768091335075,
  "maxFps": 15.453768091335075,
  "avgSectionTimingsMs": {
    "hud": 0.022222224209043715,
    "camera": 0.01111111044883728,
    "autoEngage": 0.005882352590560913,
    "syncPlayers": 0.21250000223517418,
    "syncUnits": 2.6999999955296516,
    "syncStructures": 0.1333333452542623,
    "syncResources": 0.03750000149011612,
    "sendClientPoses": 0.42499999701976776,
    "effectsAndFog": 18.0625
  },
  "userAgent": "Mozilla/5.0 (Linux; Android 10; K) AppleWebKit/537.36 (KHTML, like Gecko) Chrome/145.0.0.0 Mobile Safari/537.36",
  "timestamp": "2026-04-13T20:14:21.665Z"
}