{
  "buildNumber": "276",
  "buildId": "BdYYCv-Z",
  "sessionId": "P2QeoMsYc",
  "durationSec": 7.47,
  "avgFps": 41.558445753824564,
  "minFps": 40.51320644167809,
  "maxFps": 42.24570034076106,
  "avgSectionTimingsMs": {
    "hud": 0.027631579261077076,
    "camera": 0.006578947564488963,
    "autoEngage": 0.003459637551959696,
    "syncPlayers": 0.10429042981009279,
    "syncUnits": 0.035643563805633646,
    "syncResources": 0.025742574001696245,
    "sendClientPoses": 0.0023102309837593105,
    "effectsAndFog": 0.055775577675784775,
    "syncStructures": 0.2436363626610149
  },
  "userAgent": "Mozilla/5.0 (Linux; Android 10; K) AppleWebKit/537.36 (KHTML, like Gecko) Chrome/145.0.0.0 Mobile Safari/537.36",
  "timestamp": "2026-04-13T20:20:26.442Z"
}