{
  "buildNumber": "274",
  "buildId": "CB7E_Olw",
  "sessionId": "PJns0EXEj",
  "durationSec": 30.145,
  "avgFps": 40.71943007276075,
  "minFps": 31.192882327528594,
  "maxFps": 47.48005890965272,
  "avgSectionTimingsMs": {
    "hud": 0.018761061804484478,
    "camera": 0.007964601849032714,
    "autoEngage": 0.0043824701089677474,
    "syncPlayers": 0.10150575769802868,
    "syncUnits": 0.6483613820177354,
    "syncResources": 0.020549158510431133,
    "sendClientPoses": 0.0899911424932066,
    "effectsAndFog": 0.05668733379184091,
    "syncStructures": 0.22008928563445807
  },
  "userAgent": "Mozilla/5.0 (Linux; Android 10; K) AppleWebKit/537.36 (KHTML, like Gecko) Chrome/145.0.0.0 Mobile Safari/537.36",
  "timestamp": "2026-04-13T20:10:58.631Z"
}