{
  "buildNumber": "277",
  "buildId": "CMEduUks",
  "sessionId": "q0WoIYLvG",
  "durationSec": 9.235,
  "avgFps": 38.36977382420577,
  "minFps": 38.014368527508694,
  "maxFps": 39.361938941941844,
  "avgSectionTimingsMs": {
    "hud": 0.02093023252348567,
    "camera": 0.007848837001379146,
    "autoEngage": 0.0036390103627500577,
    "syncPlayers": 0.07405247815148823,
    "syncUnits": 0.030612245158620894,
    "syncResources": 0.02973760859959327,
    "sendClientPoses": 0.004664723014692523,
    "effectsAndFog": 0.053935859710760085,
    "syncStructures": 0.1884057979652847
  },
  "userAgent": "Mozilla/5.0 (Linux; Android 10; K) AppleWebKit/537.36 (KHTML, like Gecko) Chrome/145.0.0.0 Mobile Safari/537.36",
  "timestamp": "2026-04-13T20:25:14.074Z"
}