{
  "buildNumber": "275",
  "buildId": "DlwQSAVw",
  "sessionId": "7MiGiHpAI",
  "durationSec": 18.705,
  "avgFps": 20.902530541964364,
  "minFps": 15.453768091335075,
  "maxFps": 23.047854017536704,
  "avgSectionTimingsMs": {
    "hud": 0.017149758655667882,
    "camera": 0.01062801905012361,
    "autoEngage": 0.006287787168173,
    "syncPlayers": 0.12421307523371809,
    "syncUnits": 0.8699757865930008,
    "syncStructures": 0.0746376814617627,
    "syncResources": 0.029539951328503882,
    "sendClientPoses": 0.1903147700335154,
    "effectsAndFog": 16.383777240070245
  },
  "userAgent": "Mozilla/5.0 (Linux; Android 10; K) AppleWebKit/537.36 (KHTML, like Gecko) Chrome/145.0.0.0 Mobile Safari/537.36",
  "timestamp": "2026-04-13T20:14:39.934Z"
}