{
  "buildNumber": "276",
  "buildId": "BdYYCv-Z",
  "sessionId": "P2QeoMsYc",
  "durationSec": 34.935,
  "avgFps": 36.81437366766916,
  "minFps": 28.8095534706126,
  "maxFps": 42.24570034076106,
  "avgSectionTimingsMs": {
    "hud": 0.024875208189999203,
    "camera": 0.008153078212912586,
    "autoEngage": 0.005076987020085367,
    "syncPlayers": 0.12223147378178262,
    "syncUnits": 0.4811823481971477,
    "syncResources": 0.027144046473959703,
    "sendClientPoses": 0.08492922576936854,
    "effectsAndFog": 0.06069941740548184,
    "syncStructures": 0.21011673105366035
  },
  "userAgent": "Mozilla/5.0 (Linux; Android 10; K) AppleWebKit/537.36 (KHTML, like Gecko) Chrome/145.0.0.0 Mobile Safari/537.36",
  "timestamp": "2026-04-13T20:20:53.908Z"
}