{
  "buildNumber": "276",
  "buildId": "BdYYCv-Z",
  "sessionId": "P2QeoMsYc",
  "durationSec": 33.945,
  "avgFps": 36.99193792531359,
  "minFps": 29.746071294150134,
  "maxFps": 42.24570034076106,
  "avgSectionTimingsMs": {
    "hud": 0.025106383181632833,
    "camera": 0.008255319164154378,
    "autoEngage": 0.00515112806097301,
    "syncPlayers": 0.12155025562801394,
    "syncUnits": 0.46132879055643,
    "syncResources": 0.026916524569870464,
    "sendClientPoses": 0.08219761514379381,
    "effectsAndFog": 0.06073253854373042,
    "syncStructures": 0.21354581623438346
  },
  "userAgent": "Mozilla/5.0 (Linux; Android 10; K) AppleWebKit/537.36 (KHTML, like Gecko) Chrome/145.0.0.0 Mobile Safari/537.36",
  "timestamp": "2026-04-13T20:20:52.917Z"
}