{
  "buildNumber": "277",
  "buildId": "CMEduUks",
  "sessionId": "q0WoIYLvG",
  "durationSec": 30.826,
  "avgFps": 36.56771294363144,
  "minFps": 28.940932728632177,
  "maxFps": 39.361938941941844,
  "avgSectionTimingsMs": {
    "hud": 0.022787193794034967,
    "camera": 0.008757062017805383,
    "autoEngage": 0.005699481946704414,
    "syncPlayers": 0.08152686125483859,
    "syncUnits": 0.4906691803783881,
    "syncResources": 0.0257304428210245,
    "sendClientPoses": 0.055890669078898815,
    "effectsAndFog": 0.049670122486594484,
    "syncStructures": 0.19388646303826546
  },
  "userAgent": "Mozilla/5.0 (Linux; Android 10; K) AppleWebKit/537.36 (KHTML, like Gecko) Chrome/145.0.0.0 Mobile Safari/537.36",
  "timestamp": "2026-04-13T20:25:35.666Z"
}