{
  "buildNumber": "277",
  "buildId": "CMEduUks",
  "sessionId": "q0WoIYLvG",
  "durationSec": 37.739,
  "avgFps": 35.257914050431914,
  "minFps": 26.510727529094936,
  "maxFps": 39.361938941941844,
  "avgSectionTimingsMs": {
    "hud": 0.02266129012550077,
    "camera": 0.009838709571669178,
    "autoEngage": 0.0062525212259819645,
    "syncPlayers": 0.08644067762454158,
    "syncUnits": 0.7482647298323328,
    "syncResources": 0.026150120901811305,
    "sendClientPoses": 0.0754640837702855,
    "effectsAndFog": 0.04971751411948308,
    "syncStructures": 0.16978417304779986
  },
  "userAgent": "Mozilla/5.0 (Linux; Android 10; K) AppleWebKit/537.36 (KHTML, like Gecko) Chrome/145.0.0.0 Mobile Safari/537.36",
  "timestamp": "2026-04-13T20:25:42.579Z"
}