{
  "buildNumber": "277",
  "buildId": "CMEduUks",
  "sessionId": "q0WoIYLvG",
  "durationSec": 0.362,
  "avgFps": 30.25918677742336,
  "minFps": 30.259186777423363,
  "maxFps": 30.259186777423363,
  "avgSectionTimingsMs": {
    "hud": 0.019999998807907104,
    "camera": 0,
    "autoEngage": 0.010526315162056371,
    "syncPlayers": 0.1777777738041348,
    "syncUnits": 2.088888896836175,
    "syncResources": 0.03333333796925015,
    "sendClientPoses": 0.2777777711550395,
    "effectsAndFog": 0.04444444510671827,
    "syncStructures": 0.04999999701976776
  },
  "userAgent": "Mozilla/5.0 (Linux; Android 10; K) AppleWebKit/537.36 (KHTML, like Gecko) Chrome/145.0.0.0 Mobile Safari/537.36",
  "timestamp": "2026-04-13T20:25:59.977Z"
}