{
  "buildNumber": "275",
  "buildId": "DlwQSAVw",
  "sessionId": "7MiGiHpAI",
  "durationSec": 14.178,
  "avgFps": 20.281690751291592,
  "minFps": 15.453768091335075,
  "maxFps": 22.8055633146839,
  "avgSectionTimingsMs": {
    "hud": 0.016666667201580145,
    "camera": 0.01057692282857039,
    "autoEngage": 0.006420545746388443,
    "syncPlayers": 0.12797427675731696,
    "syncUnits": 0.9173633438981231,
    "syncStructures": 0.08269230820811711,
    "syncResources": 0.030546623410902606,
    "sendClientPoses": 0.1877813505014806,
    "effectsAndFog": 16.66816720299399
  },
  "userAgent": "Mozilla/5.0 (Linux; Android 10; K) AppleWebKit/537.36 (KHTML, like Gecko) Chrome/145.0.0.0 Mobile Safari/537.36",
  "timestamp": "2026-04-13T20:14:35.406Z"
}