{
  "buildNumber": "274",
  "buildId": "CB7E_Olw",
  "sessionId": "PJns0EXEj",
  "durationSec": 14.923,
  "avgFps": 44.63561607618173,
  "minFps": 40.38775949799375,
  "maxFps": 47.48005890965272,
  "avgSectionTimingsMs": {
    "hud": 0.018037974645819844,
    "camera": 0.006329114254139647,
    "autoEngage": 0.003404592226538881,
    "syncPlayers": 0.09080824156759658,
    "syncUnits": 0.19033280520356022,
    "syncResources": 0.02076069753256917,
    "sendClientPoses": 0.03026941328910187,
    "effectsAndFog": 0.05356576830951612,
    "syncStructures": 0.35087719272103224
  },
  "userAgent": "Mozilla/5.0 (Linux; Android 10; K) AppleWebKit/537.36 (KHTML, like Gecko) Chrome/145.0.0.0 Mobile Safari/537.36",
  "timestamp": "2026-04-13T20:10:43.408Z"
}