{
  "buildNumber": "276",
  "buildId": "BdYYCv-Z",
  "sessionId": "P2QeoMsYc",
  "durationSec": 18.334,
  "avgFps": 39.73815414789415,
  "minFps": 36.502310748463614,
  "maxFps": 42.24570034076106,
  "avgSectionTimingsMs": {
    "hud": 0.027077364332354855,
    "camera": 0.00601719208808888,
    "autoEngage": 0.00480286731087606,
    "syncPlayers": 0.11004304176081543,
    "syncUnits": 0.19239598260377366,
    "syncResources": 0.027259684147759523,
    "sendClientPoses": 0.03443328559484167,
    "effectsAndFog": 0.059253945882556426,
    "syncStructures": 0.2926470589111833
  },
  "userAgent": "Mozilla/5.0 (Linux; Android 10; K) AppleWebKit/537.36 (KHTML, like Gecko) Chrome/145.0.0.0 Mobile Safari/537.36",
  "timestamp": "2026-04-13T20:20:37.306Z"
}