{
  "buildNumber": "277",
  "buildId": "CMEduUks",
  "sessionId": "q0WoIYLvG",
  "durationSec": 40.769,
  "avgFps": 34.74497744728259,
  "minFps": 26.510727529094936,
  "maxFps": 39.361938941941844,
  "avgSectionTimingsMs": {
    "hud": 0.022448979447668282,
    "camera": 0.009750566785297697,
    "autoEngage": 0.0062759924701121,
    "syncPlayers": 0.08774583934385008,
    "syncUnits": 0.7739031771352901,
    "syncResources": 0.026399394680440155,
    "sendClientPoses": 0.08260211794892165,
    "effectsAndFog": 0.04977307118103472,
    "syncStructures": 0.1630000004172325
  },
  "userAgent": "Mozilla/5.0 (Linux; Android 10; K) AppleWebKit/537.36 (KHTML, like Gecko) Chrome/145.0.0.0 Mobile Safari/537.36",
  "timestamp": "2026-04-13T20:25:45.609Z"
}