{
  "buildNumber": "277",
  "buildId": "CMEduUks",
  "sessionId": "q0WoIYLvG",
  "durationSec": 5.015,
  "avgFps": 38.466192514152354,
  "minFps": 38.293317991131715,
  "maxFps": 39.361938941941844,
  "avgSectionTimingsMs": {
    "hud": 0.02150537602363094,
    "camera": 0.007526881752475616,
    "autoEngage": 0.0029649598739860516,
    "syncPlayers": 0.06918918909253301,
    "syncUnits": 0.028648648874179738,
    "syncResources": 0.024864864027177965,
    "sendClientPoses": 0.0016216215249654409,
    "effectsAndFog": 0.04216216126003781,
    "syncStructures": 0.18108108236983017
  },
  "userAgent": "Mozilla/5.0 (Linux; Android 10; K) AppleWebKit/537.36 (KHTML, like Gecko) Chrome/145.0.0.0 Mobile Safari/537.36",
  "timestamp": "2026-04-13T20:25:09.854Z"
}