{
  "buildNumber": "274",
  "buildId": "CB7E_Olw",
  "sessionId": "PJns0EXEj",
  "durationSec": 22.135,
  "avgFps": 42.794213286646965,
  "minFps": 36.37866394177931,
  "maxFps": 47.48005890965272,
  "avgSectionTimingsMs": {
    "hud": 0.0182432431962576,
    "camera": 0.007770270411227201,
    "autoEngage": 0.004056338021452998,
    "syncPlayers": 0.0935738447217823,
    "syncUnits": 0.4440811726998584,
    "syncResources": 0.020631341715138553,
    "sendClientPoses": 0.0642615556716919,
    "effectsAndFog": 0.05490417111551614,
    "syncStructures": 0.2638554213994957
  },
  "userAgent": "Mozilla/5.0 (Linux; Android 10; K) AppleWebKit/537.36 (KHTML, like Gecko) Chrome/145.0.0.0 Mobile Safari/537.36",
  "timestamp": "2026-04-13T20:10:50.620Z"
}