{
  "buildNumber": "274",
  "buildId": "CB7E_Olw",
  "sessionId": "PJns0EXEj",
  "durationSec": 21.92,
  "avgFps": 42.84338816684319,
  "minFps": 37.171551922372416,
  "maxFps": 47.48005890965272,
  "avgSectionTimingsMs": {
    "hud": 0.018274687814117153,
    "camera": 0.007718501851453142,
    "autoEngage": 0.004088586023894987,
    "syncPlayers": 0.09363636398179964,
    "syncUnits": 0.4352272728966041,
    "syncResources": 0.020454545590010555,
    "sendClientPoses": 0.06272727254439484,
    "effectsAndFog": 0.05477272705598311,
    "syncStructures": 0.26484848459561666
  },
  "userAgent": "Mozilla/5.0 (Linux; Android 10; K) AppleWebKit/537.36 (KHTML, like Gecko) Chrome/145.0.0.0 Mobile Safari/537.36",
  "timestamp": "2026-04-13T20:10:50.405Z"
}