{
  "buildNumber": "277",
  "buildId": "CMEduUks",
  "sessionId": "q0WoIYLvG",
  "durationSec": 12.933,
  "avgFps": 38.22320178469573,
  "minFps": 37.33993066221078,
  "maxFps": 39.361938941941844,
  "avgSectionTimingsMs": {
    "hud": 0.020997920923570088,
    "camera": 0.008316008068171956,
    "autoEngage": 0.003433923164341874,
    "syncPlayers": 0.07583333315948645,
    "syncUnits": 0.03500000045945247,
    "syncResources": 0.027708332737286887,
    "sendClientPoses": 0.004583333370586236,
    "effectsAndFog": 0.05187499970197677,
    "syncStructures": 0.20309278399673933
  },
  "userAgent": "Mozilla/5.0 (Linux; Android 10; K) AppleWebKit/537.36 (KHTML, like Gecko) Chrome/145.0.0.0 Mobile Safari/537.36",
  "timestamp": "2026-04-13T20:25:17.772Z"
}