{
  "buildNumber": "277",
  "buildId": "CMEduUks",
  "sessionId": "q0WoIYLvG",
  "durationSec": 3.134,
  "avgFps": 38.499637374569666,
  "minFps": 38.293317991131715,
  "maxFps": 39.361938941941844,
  "avgSectionTimingsMs": {
    "hud": 0.021367521112800665,
    "camera": 0.0068376066847744155,
    "autoEngage": 0.00343347682973346,
    "syncPlayers": 0.07586206829753415,
    "syncUnits": 0.025000000308299887,
    "syncResources": 0.0258620684516841,
    "sendClientPoses": 0.002586206742401781,
    "effectsAndFog": 0.03965517159166007,
    "syncStructures": 0.008695652951364931
  },
  "userAgent": "Mozilla/5.0 (Linux; Android 10; K) AppleWebKit/537.36 (KHTML, like Gecko) Chrome/145.0.0.0 Mobile Safari/537.36",
  "timestamp": "2026-04-13T20:25:07.974Z"
}