{
  "buildNumber": "273",
  "buildId": "BF-xNiwv",
  "sessionId": "P_6xpY7hD",
  "durationSec": 22.667,
  "avgFps": 33.87972774673563,
  "minFps": 31.135007847593187,
  "maxFps": 40.321994488695054,
  "avgSectionTimingsMs": {
    "hud": 0.024450549466924352,
    "camera": 0.008516483418234102,
    "autoEngage": 0.003780068708039641,
    "syncPlayers": 0.07537826707143404,
    "syncUnits": 0.03328748270766771,
    "syncResources": 0.028473177507130285,
    "sendClientPoses": 0.005502063314721214,
    "effectsAndFog": 10.026685006516836,
    "syncStructures": 0.16424242384505994
  },
  "userAgent": "Mozilla/5.0 (Linux; Android 10; K) AppleWebKit/537.36 (KHTML, like Gecko) Chrome/145.0.0.0 Mobile Safari/537.36",
  "timestamp": "2026-04-13T20:02:19.556Z"
}