{
  "buildNumber": "276",
  "buildId": "BdYYCv-Z",
  "sessionId": "P2QeoMsYc",
  "durationSec": 15.222,
  "avgFps": 40.3245245560352,
  "minFps": 36.74621807043228,
  "maxFps": 42.24570034076106,
  "avgSectionTimingsMs": {
    "hud": 0.026064736270417145,
    "camera": 0.006303236929277748,
    "autoEngage": 0.004603580516927382,
    "syncPlayers": 0.1095563141254028,
    "syncUnits": 0.17030716684898012,
    "syncResources": 0.027474402516775163,
    "sendClientPoses": 0.03276450525168266,
    "effectsAndFog": 0.0590443689973688,
    "syncStructures": 0.27964601791010496
  },
  "userAgent": "Mozilla/5.0 (Linux; Android 10; K) AppleWebKit/537.36 (KHTML, like Gecko) Chrome/145.0.0.0 Mobile Safari/537.36",
  "timestamp": "2026-04-13T20:20:34.195Z"
}