{
  "buildNumber": "277",
  "buildId": "CMEduUks",
  "sessionId": "q0WoIYLvG",
  "durationSec": 0.43,
  "avgFps": 33.16368940736512,
  "minFps": 33.02177606500352,
  "maxFps": 33.36236808667137,
  "avgSectionTimingsMs": {
    "hud": 0,
    "camera": 0.01666666567325592,
    "autoEngage": 0.008695651655611784,
    "syncPlayers": 0.09999999674883756,
    "syncUnits": 1.3727272803133184,
    "syncResources": 0.03636363690549677,
    "sendClientPoses": 0.1545454507524317,
    "effectsAndFog": 0.06363636526194485,
    "syncStructures": 0.13333332538604736
  },
  "userAgent": "Mozilla/5.0 (Linux; Android 10; K) AppleWebKit/537.36 (KHTML, like Gecko) Chrome/145.0.0.0 Mobile Safari/537.36",
  "timestamp": "2026-04-13T20:25:56.202Z"
}