{
  "buildNumber": "273",
  "buildId": "BF-xNiwv",
  "sessionId": "P_6xpY7hD",
  "durationSec": 18.623,
  "avgFps": 34.334689441457826,
  "minFps": 31.245944527628296,
  "maxFps": 40.321994488695054,
  "avgSectionTimingsMs": {
    "hud": 0.02301324519100568,
    "camera": 0.008774834407481136,
    "autoEngage": 0.003976801973586253,
    "syncPlayers": 0.07446102859764352,
    "syncUnits": 0.03399668315156775,
    "syncResources": 0.028358209143032876,
    "sendClientPoses": 0.004477611920529139,
    "effectsAndFog": 9.843117744323626,
    "syncStructures": 0.16691176461822846
  },
  "userAgent": "Mozilla/5.0 (Linux; Android 10; K) AppleWebKit/537.36 (KHTML, like Gecko) Chrome/145.0.0.0 Mobile Safari/537.36",
  "timestamp": "2026-04-13T20:02:15.512Z"
}