{
  "buildNumber": "273",
  "buildId": "BF-xNiwv",
  "sessionId": "P_6xpY7hD",
  "durationSec": 15.7,
  "avgFps": 34.771146100627654,
  "minFps": 32.098293815714115,
  "maxFps": 40.321994488695054,
  "avgSectionTimingsMs": {
    "hud": 0.022265625186264515,
    "camera": 0.008398437406867743,
    "autoEngage": 0.003812316750501258,
    "syncPlayers": 0.07221135059681424,
    "syncUnits": 0.03365949111208757,
    "syncResources": 0.026223091929859377,
    "sendClientPoses": 0.0046966731431666185,
    "effectsAndFog": 9.838747553921026,
    "syncStructures": 0.17739130414050558
  },
  "userAgent": "Mozilla/5.0 (Linux; Android 10; K) AppleWebKit/537.36 (KHTML, like Gecko) Chrome/145.0.0.0 Mobile Safari/537.36",
  "timestamp": "2026-04-13T20:02:12.589Z"
}