{
  "buildNumber": "276",
  "buildId": "BdYYCv-Z",
  "sessionId": "P2QeoMsYc",
  "durationSec": 38.817,
  "avgFps": 36.11077793954127,
  "minFps": 27.76340537041469,
  "maxFps": 42.24570034076106,
  "avgSectionTimingsMs": {
    "hud": 0.025305810598058438,
    "camera": 0.009250764521436954,
    "autoEngage": 0.005583173902723119,
    "syncPlayers": 0.13060443767994162,
    "syncUnits": 0.5848508036446736,
    "syncResources": 0.028385615681726328,
    "sendClientPoses": 0.0947207347436451,
    "effectsAndFog": 0.0624330529477091,
    "syncStructures": 0.19649122744275813
  },
  "userAgent": "Mozilla/5.0 (Linux; Android 10; K) AppleWebKit/537.36 (KHTML, like Gecko) Chrome/145.0.0.0 Mobile Safari/537.36",
  "timestamp": "2026-04-13T20:20:57.790Z"
}