{
  "buildNumber": "274",
  "buildId": "CB7E_Olw",
  "sessionId": "PJns0EXEj",
  "durationSec": 18.384,
  "avgFps": 43.7381892083419,
  "minFps": 37.85108603821611,
  "maxFps": 47.48005890965272,
  "avgSectionTimingsMs": {
    "hud": 0.01785714289656392,
    "camera": 0.006746032014094963,
    "autoEngage": 0.0040370615644221425,
    "syncPlayers": 0.09112582838298469,
    "syncUnits": 0.3357615894434468,
    "syncResources": 0.020662251884574132,
    "sendClientPoses": 0.050860926883899614,
    "effectsAndFog": 0.0549668871803789,
    "syncStructures": 0.29928057528228214
  },
  "userAgent": "Mozilla/5.0 (Linux; Android 10; K) AppleWebKit/537.36 (KHTML, like Gecko) Chrome/145.0.0.0 Mobile Safari/537.36",
  "timestamp": "2026-04-13T20:10:46.869Z"
}