{
  "buildNumber": "276",
  "buildId": "BdYYCv-Z",
  "sessionId": "P2QeoMsYc",
  "durationSec": 53.934,
  "avgFps": 33.75417863385523,
  "minFps": 23.47566485001089,
  "maxFps": 42.24570034076106,
  "avgSectionTimingsMs": {
    "hud": 0.026506024311824018,
    "camera": 0.010060240920767727,
    "autoEngage": 0.006297077353943827,
    "syncPlayers": 0.14810126576170712,
    "syncUnits": 0.800904159322426,
    "syncResources": 0.029355033073459783,
    "sendClientPoses": 0.12561784200527498,
    "effectsAndFog": 0.062989753132631,
    "syncStructures": 0.21209067977045284
  },
  "userAgent": "Mozilla/5.0 (Linux; Android 10; K) AppleWebKit/537.36 (KHTML, like Gecko) Chrome/145.0.0.0 Mobile Safari/537.36",
  "timestamp": "2026-04-13T20:21:12.907Z"
}