{
  "buildNumber": "274",
  "buildId": "CB7E_Olw",
  "sessionId": "PJns0EXEj",
  "durationSec": 31.12,
  "avgFps": 40.464455168034775,
  "minFps": 31.192882327528594,
  "maxFps": 47.48005890965272,
  "avgSectionTimingsMs": {
    "hud": 0.01908856394571778,
    "camera": 0.007738607127607023,
    "autoEngage": 0.004301075268817204,
    "syncPlayers": 0.10223752183265818,
    "syncUnits": 0.6457831326891346,
    "syncResources": 0.02065404477607773,
    "sendClientPoses": 0.09242685010942042,
    "effectsAndFog": 0.0565404473914542,
    "syncStructures": 0.21565217388712843
  },
  "userAgent": "Mozilla/5.0 (Linux; Android 10; K) AppleWebKit/537.36 (KHTML, like Gecko) Chrome/145.0.0.0 Mobile Safari/537.36",
  "timestamp": "2026-04-13T20:10:59.605Z"
}