{
  "buildNumber": "274",
  "buildId": "CB7E_Olw",
  "sessionId": "PJns0EXEj",
  "durationSec": 12.487,
  "avgFps": 45.132762545588385,
  "minFps": 42.882096587837026,
  "maxFps": 47.48005890965272,
  "avgSectionTimingsMs": {
    "hud": 0.01818181831451869,
    "camera": 0.0061224492228761015,
    "autoEngage": 0.0029712163306212357,
    "syncPlayers": 0.0884758372510676,
    "syncUnits": 0.06765799240995074,
    "syncResources": 0.01988847598045732,
    "sendClientPoses": 0.016542750885052308,
    "effectsAndFog": 0.053345724497142775,
    "syncStructures": 0.3810526320808812
  },
  "userAgent": "Mozilla/5.0 (Linux; Android 10; K) AppleWebKit/537.36 (KHTML, like Gecko) Chrome/145.0.0.0 Mobile Safari/537.36",
  "timestamp": "2026-04-13T20:10:40.973Z"
}