{
  "buildNumber": "276",
  "buildId": "BdYYCv-Z",
  "sessionId": "P2QeoMsYc",
  "durationSec": 51.888,
  "avgFps": 34.05801431135181,
  "minFps": 23.512293066686027,
  "maxFps": 42.24570034076106,
  "avgSectionTimingsMs": {
    "hud": 0.026240694999842728,
    "camera": 0.010235731972949972,
    "autoEngage": 0.0062674525969153485,
    "syncPlayers": 0.14630664184846764,
    "syncUnits": 0.7643699567744185,
    "syncResources": 0.02942271870089791,
    "sendClientPoses": 0.1222222222074228,
    "effectsAndFog": 0.06263190585585723,
    "syncStructures": 0.2170157064318033
  },
  "userAgent": "Mozilla/5.0 (Linux; Android 10; K) AppleWebKit/537.36 (KHTML, like Gecko) Chrome/145.0.0.0 Mobile Safari/537.36",
  "timestamp": "2026-04-13T20:21:10.860Z"
}