{
  "buildNumber": "276",
  "buildId": "BdYYCv-Z",
  "sessionId": "P2QeoMsYc",
  "durationSec": 18.872,
  "avgFps": 39.6568061294727,
  "minFps": 36.502310748463614,
  "maxFps": 42.24570034076106,
  "avgSectionTimingsMs": {
    "hud": 0.026815642899308125,
    "camera": 0.006564245876653234,
    "autoEngage": 0.004821802855870842,
    "syncPlayers": 0.10993007013014147,
    "syncUnits": 0.19426573414902587,
    "syncResources": 0.027552447327367075,
    "sendClientPoses": 0.033986014044368185,
    "effectsAndFog": 0.05944055989905671,
    "syncStructures": 0.2950000000851495
  },
  "userAgent": "Mozilla/5.0 (Linux; Android 10; K) AppleWebKit/537.36 (KHTML, like Gecko) Chrome/145.0.0.0 Mobile Safari/537.36",
  "timestamp": "2026-04-13T20:20:37.844Z"
}