{
  "buildNumber": "274",
  "buildId": "CB7E_Olw",
  "sessionId": "PJns0EXEj",
  "durationSec": 34.12,
  "avgFps": 39.8501023941375,
  "minFps": 31.192882327528594,
  "maxFps": 47.48005890965272,
  "avgSectionTimingsMs": {
    "hud": 0.019840637383707966,
    "camera": 0.008127490125329371,
    "autoEngage": 0.00438421681944998,
    "syncPlayers": 0.10510366848496158,
    "syncUnits": 0.6412280703608119,
    "syncResources": 0.020893141983798817,
    "sendClientPoses": 0.0988038276371203,
    "effectsAndFog": 0.05614035069181968,
    "syncStructures": 0.2011857705389558
  },
  "userAgent": "Mozilla/5.0 (Linux; Android 10; K) AppleWebKit/537.36 (KHTML, like Gecko) Chrome/145.0.0.0 Mobile Safari/537.36",
  "timestamp": "2026-04-13T20:11:02.606Z"
}