{
  "buildNumber": "277",
  "buildId": "CMEduUks",
  "sessionId": "q0WoIYLvG",
  "durationSec": 4.141,
  "avgFps": 38.48218904258833,
  "minFps": 38.293317991131715,
  "maxFps": 39.361938941941844,
  "avgSectionTimingsMs": {
    "hud": 0.02077922070181215,
    "camera": 0.007792207908320737,
    "autoEngage": 0.003257329281455919,
    "syncPlayers": 0.07320261449595682,
    "syncUnits": 0.02810457524131326,
    "syncResources": 0.024836600605958426,
    "sendClientPoses": 0.0019607841968536377,
    "effectsAndFog": 0.04379084862135594,
    "syncStructures": 0.07741935599234796
  },
  "userAgent": "Mozilla/5.0 (Linux; Android 10; K) AppleWebKit/537.36 (KHTML, like Gecko) Chrome/145.0.0.0 Mobile Safari/537.36",
  "timestamp": "2026-04-13T20:25:08.980Z"
}