{
  "buildNumber": "277",
  "buildId": "CMEduUks",
  "sessionId": "q0WoIYLvG",
  "durationSec": 0.699,
  "avgFps": 33.10692407042048,
  "minFps": 33.02177606500352,
  "maxFps": 33.36236808667137,
  "avgSectionTimingsMs": {
    "hud": 0.014999999105930329,
    "camera": 0.009999999403953552,
    "autoEngage": 0.007692307233810425,
    "syncPlayers": 0.10526315789473684,
    "syncUnits": 1.6631578991287632,
    "syncResources": 0.02631578947368421,
    "sendClientPoses": 0.1842105231787029,
    "effectsAndFog": 0.04736842136634024,
    "syncStructures": 0.09999999403953552
  },
  "userAgent": "Mozilla/5.0 (Linux; Android 10; K) AppleWebKit/537.36 (KHTML, like Gecko) Chrome/145.0.0.0 Mobile Safari/537.36",
  "timestamp": "2026-04-13T20:25:56.472Z"
}