{
  "buildNumber": "277",
  "buildId": "CMEduUks",
  "sessionId": "q0WoIYLvG",
  "durationSec": 39.705,
  "avgFps": 34.91585983411679,
  "minFps": 26.510727529094936,
  "maxFps": 39.361938941941844,
  "avgSectionTimingsMs": {
    "hud": 0.0224111281001402,
    "camera": 0.009737248721041671,
    "autoEngage": 0.006262079670385915,
    "syncPlayers": 0.08716163926592928,
    "syncUnits": 0.7617942770598751,
    "syncResources": 0.02645011581566937,
    "sendClientPoses": 0.08035576170669077,
    "effectsAndFog": 0.049729311710536156,
    "syncStructures": 0.1650684937222363
  },
  "userAgent": "Mozilla/5.0 (Linux; Android 10; K) AppleWebKit/537.36 (KHTML, like Gecko) Chrome/145.0.0.0 Mobile Safari/537.36",
  "timestamp": "2026-04-13T20:25:44.544Z"
}