{
  "buildNumber": "273",
  "buildId": "BF-xNiwv",
  "sessionId": "P_6xpY7hD",
  "durationSec": 23.102,
  "avgFps": 33.84414052110336,
  "minFps": 31.135007847593187,
  "maxFps": 40.321994488695054,
  "avgSectionTimingsMs": {
    "hud": 0.024291497975708502,
    "camera": 0.008367071428440521,
    "autoEngage": 0.003781228875244573,
    "syncPlayers": 0.07527027053607477,
    "syncUnits": 0.03324324311436833,
    "syncResources": 0.02810810816449088,
    "sendClientPoses": 0.005675675780386538,
    "effectsAndFog": 10.05229729683818,
    "syncStructures": 0.17916666627639816
  },
  "userAgent": "Mozilla/5.0 (Linux; Android 10; K) AppleWebKit/537.36 (KHTML, like Gecko) Chrome/145.0.0.0 Mobile Safari/537.36",
  "timestamp": "2026-04-13T20:02:19.991Z"
}