{
  "buildNumber": "274",
  "buildId": "CB7E_Olw",
  "sessionId": "PJns0EXEj",
  "durationSec": 23.136,
  "avgFps": 42.56912461600344,
  "minFps": 35.78399795633448,
  "maxFps": 47.48005890965272,
  "avgSectionTimingsMs": {
    "hud": 0.017934782576301822,
    "camera": 0.007608695781749227,
    "autoEngage": 0.004350190304620814,
    "syncPlayers": 0.09575625715759037,
    "syncUnits": 0.4705114256635195,
    "syncResources": 0.020457018576197576,
    "sendClientPoses": 0.06648531004835136,
    "effectsAndFog": 0.05571273102205129,
    "syncStructures": 0.25606936371395356
  },
  "userAgent": "Mozilla/5.0 (Linux; Android 10; K) AppleWebKit/537.36 (KHTML, like Gecko) Chrome/145.0.0.0 Mobile Safari/537.36",
  "timestamp": "2026-04-13T20:10:51.621Z"
}