{
  "buildNumber": "273",
  "buildId": "BF-xNiwv",
  "sessionId": "P_6xpY7hD",
  "durationSec": 47.641,
  "avgFps": 30.25470278759284,
  "minFps": 18.36505218394369,
  "maxFps": 40.321994488695054,
  "avgSectionTimingsMs": {
    "hud": 0.025966850903999552,
    "camera": 0.008129439559995235,
    "autoEngage": 0.005132254243979471,
    "syncPlayers": 0.08301737808032435,
    "syncUnits": 0.4858609793640049,
    "syncResources": 0.027567140534402446,
    "sendClientPoses": 0.07424960498467065,
    "effectsAndFog": 15.148578199023884,
    "syncStructures": 0.1519519522920385
  },
  "userAgent": "Mozilla/5.0 (Linux; Android 10; K) AppleWebKit/537.36 (KHTML, like Gecko) Chrome/145.0.0.0 Mobile Safari/537.36",
  "timestamp": "2026-04-13T20:02:44.530Z"
}