{
  "buildNumber": "276",
  "buildId": "BdYYCv-Z",
  "sessionId": "P2QeoMsYc",
  "durationSec": 4.04,
  "avgFps": 41.48925964703328,
  "minFps": 41.125914193165954,
  "maxFps": 41.88124505024189,
  "avgSectionTimingsMs": {
    "hud": 0.02603550352288421,
    "camera": 0.005917159763313609,
    "autoEngage": 0.0026706232515216225,
    "syncPlayers": 0.11250000109984762,
    "syncUnits": 0.031547618408997856,
    "syncResources": 0.027976190405232564,
    "sendClientPoses": 0.002380952416431336,
    "effectsAndFog": 0.06249999946781567,
    "syncStructures": 0.05666666527589162
  },
  "userAgent": "Mozilla/5.0 (Linux; Android 10; K) AppleWebKit/537.36 (KHTML, like Gecko) Chrome/145.0.0.0 Mobile Safari/537.36",
  "timestamp": "2026-04-13T20:20:23.013Z"
}