{
  "buildNumber": "276",
  "buildId": "BdYYCv-Z",
  "sessionId": "P2QeoMsYc",
  "durationSec": 13.484,
  "avgFps": 40.69294423465954,
  "minFps": 37.659943236324054,
  "maxFps": 42.24570034076106,
  "avgSectionTimingsMs": {
    "hud": 0.026425855864590113,
    "camera": 0.006653992565412485,
    "autoEngage": 0.004662226428314122,
    "syncPlayers": 0.10990476222265334,
    "syncUnits": 0.1249523805436634,
    "syncResources": 0.027238094806671144,
    "sendClientPoses": 0.0236190478574662,
    "effectsAndFog": 0.05942857197352818,
    "syncStructures": 0.300990098773843
  },
  "userAgent": "Mozilla/5.0 (Linux; Android 10; K) AppleWebKit/537.36 (KHTML, like Gecko) Chrome/145.0.0.0 Mobile Safari/537.36",
  "timestamp": "2026-04-13T20:20:32.456Z"
}