{
  "buildNumber": "276",
  "buildId": "BdYYCv-Z",
  "sessionId": "P2QeoMsYc",
  "durationSec": 8.416,
  "avgFps": 41.42173552400569,
  "minFps": 40.13490483125857,
  "maxFps": 42.24570034076106,
  "avgSectionTimingsMs": {
    "hud": 0.02756598268436197,
    "camera": 0.006744868157546192,
    "autoEngage": 0.0032305433011440106,
    "syncPlayers": 0.1052941183833515,
    "syncUnits": 0.0352941170334816,
    "syncResources": 0.025882352625622468,
    "sendClientPoses": 0.0020588234943502088,
    "effectsAndFog": 0.055588235574610095,
    "syncStructures": 0.3365079363187154
  },
  "userAgent": "Mozilla/5.0 (Linux; Android 10; K) AppleWebKit/537.36 (KHTML, like Gecko) Chrome/145.0.0.0 Mobile Safari/537.36",
  "timestamp": "2026-04-13T20:20:27.388Z"
}