{
  "buildNumber": "277",
  "buildId": "CMEduUks",
  "sessionId": "q0WoIYLvG",
  "durationSec": 31.847,
  "avgFps": 36.38410379661466,
  "minFps": 28.205699546474133,
  "maxFps": 39.361938941941844,
  "avgSectionTimingsMs": {
    "hud": 0.022518382161198294,
    "camera": 0.00891544105594649,
    "autoEngage": 0.005609195479031267,
    "syncPlayers": 0.08242870257223212,
    "syncUnits": 0.5284268633148049,
    "syncResources": 0.025850965818792936,
    "sendClientPoses": 0.058785648497289324,
    "effectsAndFog": 0.05013799439796967,
    "syncStructures": 0.18898305094848245
  },
  "userAgent": "Mozilla/5.0 (Linux; Android 10; K) AppleWebKit/537.36 (KHTML, like Gecko) Chrome/145.0.0.0 Mobile Safari/537.36",
  "timestamp": "2026-04-13T20:25:36.686Z"
}