{
  "buildNumber": "273",
  "buildId": "BF-xNiwv",
  "sessionId": "P_6xpY7hD",
  "durationSec": 44.508,
  "avgFps": 30.7661108695768,
  "minFps": 18.86530888045911,
  "maxFps": 40.321994488695054,
  "avgSectionTimingsMs": {
    "hud": 0.026029654104980645,
    "camera": 0.008154859898314248,
    "autoEngage": 0.005067985171784479,
    "syncPlayers": 0.0824402313240284,
    "syncUnits": 0.4348722176422094,
    "syncResources": 0.0269579553987404,
    "sendClientPoses": 0.06380873862024387,
    "effectsAndFog": 14.36553998344316,
    "syncStructures": 0.15367412176756814
  },
  "userAgent": "Mozilla/5.0 (Linux; Android 10; K) AppleWebKit/537.36 (KHTML, like Gecko) Chrome/145.0.0.0 Mobile Safari/537.36",
  "timestamp": "2026-04-13T20:02:41.397Z"
}