{
  "buildNumber": "274",
  "buildId": "CB7E_Olw",
  "sessionId": "PJns0EXEj",
  "durationSec": 29.956,
  "avgFps": 40.76787189657097,
  "minFps": 31.192882327528594,
  "maxFps": 47.48005890965272,
  "avgSectionTimingsMs": {
    "hud": 0.01877224185500705,
    "camera": 0.008007117517265985,
    "autoEngage": 0.004361370708553007,
    "syncPlayers": 0.10142475552359333,
    "syncUnits": 0.6492430991024601,
    "syncResources": 0.020569902016239726,
    "sendClientPoses": 0.08940338366602747,
    "effectsAndFog": 0.056544968700791086,
    "syncStructures": 0.22162162156792375
  },
  "userAgent": "Mozilla/5.0 (Linux; Android 10; K) AppleWebKit/537.36 (KHTML, like Gecko) Chrome/145.0.0.0 Mobile Safari/537.36",
  "timestamp": "2026-04-13T20:10:58.441Z"
}