{
  "buildNumber": "273",
  "buildId": "BF-xNiwv",
  "sessionId": "P_6xpY7hD",
  "durationSec": 26.874,
  "avgFps": 33.581414736674574,
  "minFps": 31.135007847593187,
  "maxFps": 40.321994488695054,
  "avgSectionTimingsMs": {
    "hud": 0.02500000000696316,
    "camera": 0.008294392411953936,
    "autoEngage": 0.003857393316328003,
    "syncPlayers": 0.07625731038071258,
    "syncUnits": 0.05321637430386236,
    "syncResources": 0.027134502979747035,
    "sendClientPoses": 0.007485380193643402,
    "effectsAndFog": 10.148070174908778,
    "syncStructures": 0.20357142844978643
  },
  "userAgent": "Mozilla/5.0 (Linux; Android 10; K) AppleWebKit/537.36 (KHTML, like Gecko) Chrome/145.0.0.0 Mobile Safari/537.36",
  "timestamp": "2026-04-13T20:02:23.763Z"
}