{
  "buildNumber": "274",
  "buildId": "CB7E_Olw",
  "sessionId": "PJns0EXEj",
  "durationSec": 4.125,
  "avgFps": 46.39245705063833,
  "minFps": 45.40970613938231,
  "maxFps": 47.48005890965272,
  "avgSectionTimingsMs": {
    "hud": 0.019672131603532803,
    "camera": 0.00601092909203201,
    "autoEngage": 0.0019178081048678046,
    "syncPlayers": 0.08131868203917703,
    "syncUnits": 0.023076922847674444,
    "syncResources": 0.026373626111627937,
    "sendClientPoses": 0.00494505497780475,
    "effectsAndFog": 0.05714285652061085,
    "syncStructures": 0.15312500018626451
  },
  "userAgent": "Mozilla/5.0 (Linux; Android 10; K) AppleWebKit/537.36 (KHTML, like Gecko) Chrome/145.0.0.0 Mobile Safari/537.36",
  "timestamp": "2026-04-13T20:10:32.610Z"
}