{
  "buildNumber": "276",
  "buildId": "BdYYCv-Z",
  "sessionId": "P2QeoMsYc",
  "durationSec": 6.233,
  "avgFps": 41.64057801305605,
  "minFps": 41.125914193165954,
  "maxFps": 42.24570034076106,
  "avgSectionTimingsMs": {
    "hud": 0.026254826646053653,
    "camera": 0.007335907473987594,
    "autoEngage": 0.0029013539651837525,
    "syncPlayers": 0.10348837320194688,
    "syncUnits": 0.03527131734430328,
    "syncResources": 0.026356588962466218,
    "sendClientPoses": 0.0023255813722462618,
    "effectsAndFog": 0.055038759759230206,
    "syncStructures": 0.10217391213645106
  },
  "userAgent": "Mozilla/5.0 (Linux; Android 10; K) AppleWebKit/537.36 (KHTML, like Gecko) Chrome/145.0.0.0 Mobile Safari/537.36",
  "timestamp": "2026-04-13T20:20:25.205Z"
}