{
  "buildNumber": "273",
  "buildId": "BF-xNiwv",
  "sessionId": "P_6xpY7hD",
  "durationSec": 29.738,
  "avgFps": 33.31642667281399,
  "minFps": 28.269634803589767,
  "maxFps": 40.321994488695054,
  "avgSectionTimingsMs": {
    "hud": 0.026293103422584205,
    "camera": 0.007974137808999112,
    "autoEngage": 0.00442048516877578,
    "syncPlayers": 0.07637540489724538,
    "syncUnits": 0.11704422879116178,
    "syncResources": 0.027508090647035948,
    "sendClientPoses": 0.016720604099244876,
    "effectsAndFog": 10.545738942446961,
    "syncStructures": 0.19677419321877615
  },
  "userAgent": "Mozilla/5.0 (Linux; Android 10; K) AppleWebKit/537.36 (KHTML, like Gecko) Chrome/145.0.0.0 Mobile Safari/537.36",
  "timestamp": "2026-04-13T20:02:26.627Z"
}