{
  "buildNumber": "274",
  "buildId": "CB7E_Olw",
  "sessionId": "PJns0EXEj",
  "durationSec": 20.396,
  "avgFps": 43.1977811767708,
  "minFps": 37.22873589649656,
  "maxFps": 47.48005890965272,
  "avgSectionTimingsMs": {
    "hud": 0.01809408930012343,
    "camera": 0.006996381376275683,
    "autoEngage": 0.0039831019879538535,
    "syncPlayers": 0.09299516944205703,
    "syncUnits": 0.3997584542862459,
    "syncResources": 0.02065217404981742,
    "sendClientPoses": 0.057487922518149666,
    "effectsAndFog": 0.055434782435928566,
    "syncStructures": 0.27987012983142556
  },
  "userAgent": "Mozilla/5.0 (Linux; Android 10; K) AppleWebKit/537.36 (KHTML, like Gecko) Chrome/145.0.0.0 Mobile Safari/537.36",
  "timestamp": "2026-04-13T20:10:48.881Z"
}