{
  "buildNumber": "276",
  "buildId": "BdYYCv-Z",
  "sessionId": "P2QeoMsYc",
  "durationSec": 27.104,
  "avgFps": 38.19023313259675,
  "minFps": 32.55813081086227,
  "maxFps": 42.24570034076106,
  "avgSectionTimingsMs": {
    "hud": 0.02655771216406155,
    "camera": 0.00745658842852459,
    "autoEngage": 0.004956566090479029,
    "syncPlayers": 0.1153374232945998,
    "syncUnits": 0.3182004092600204,
    "syncResources": 0.02658486689282829,
    "sendClientPoses": 0.0608384458687164,
    "effectsAndFog": 0.05920245426807911,
    "syncStructures": 0.2447761188988662
  },
  "userAgent": "Mozilla/5.0 (Linux; Android 10; K) AppleWebKit/537.36 (KHTML, like Gecko) Chrome/145.0.0.0 Mobile Safari/537.36",
  "timestamp": "2026-04-13T20:20:46.077Z"
}