{
  "buildNumber": "277",
  "buildId": "CMEduUks",
  "sessionId": "q0WoIYLvG",
  "durationSec": 18.455,
  "avgFps": 37.9733778798098,
  "minFps": 36.94121099749357,
  "maxFps": 39.361938941941844,
  "avgSectionTimingsMs": {
    "hud": 0.02107558126539685,
    "camera": 0.007994185873242311,
    "autoEngage": 0.0036363637880845504,
    "syncPlayers": 0.07409024741798856,
    "syncUnits": 0.03435225665482545,
    "syncResources": 0.02518195013639014,
    "sendClientPoses": 0.004949053822646495,
    "effectsAndFog": 0.047452692511820896,
    "syncStructures": 0.25
  },
  "userAgent": "Mozilla/5.0 (Linux; Android 10; K) AppleWebKit/537.36 (KHTML, like Gecko) Chrome/145.0.0.0 Mobile Safari/537.36",
  "timestamp": "2026-04-13T20:25:23.294Z"
}