{
  "buildNumber": "273",
  "buildId": "BF-xNiwv",
  "sessionId": "P_6xpY7hD",
  "durationSec": 49.877,
  "avgFps": 29.890428910113442,
  "minFps": 18.017841853468326,
  "maxFps": 40.321994488695054,
  "avgSectionTimingsMs": {
    "hud": 0.025574272638258122,
    "camera": 0.00811638586097618,
    "autoEngage": 0.00520873230702573,
    "syncPlayers": 0.08375478976074306,
    "syncUnits": 0.5126436780695715,
    "syncResources": 0.027892720196895673,
    "sendClientPoses": 0.08130268198776976,
    "effectsAndFog": 15.683754789304002,
    "syncStructures": 0.1485549135704261
  },
  "userAgent": "Mozilla/5.0 (Linux; Android 10; K) AppleWebKit/537.36 (KHTML, like Gecko) Chrome/145.0.0.0 Mobile Safari/537.36",
  "timestamp": "2026-04-13T20:02:46.766Z"
}