{
  "buildNumber": "276",
  "buildId": "BdYYCv-Z",
  "sessionId": "P2QeoMsYc",
  "durationSec": 16.127,
  "avgFps": 40.13833388461396,
  "minFps": 36.559663552824205,
  "maxFps": 42.24570034076106,
  "avgSectionTimingsMs": {
    "hud": 0.02600969333255811,
    "camera": 0.006462035685633226,
    "autoEngage": 0.0046079223350642086,
    "syncPlayers": 0.10825242729055842,
    "syncUnits": 0.1825242716228306,
    "syncResources": 0.027022653461274207,
    "sendClientPoses": 0.03656957947127642,
    "effectsAndFog": 0.058737864434526194,
    "syncStructures": 0.2866666667163372
  },
  "userAgent": "Mozilla/5.0 (Linux; Android 10; K) AppleWebKit/537.36 (KHTML, like Gecko) Chrome/145.0.0.0 Mobile Safari/537.36",
  "timestamp": "2026-04-13T20:20:35.099Z"
}