{
  "buildNumber": "277",
  "buildId": "CMEduUks",
  "sessionId": "q0WoIYLvG",
  "durationSec": 12.451,
  "avgFps": 38.25705115783446,
  "minFps": 37.45324088294771,
  "maxFps": 39.361938941941844,
  "avgSectionTimingsMs": {
    "hud": 0.02116630665684364,
    "camera": 0.008207343180802677,
    "autoEngage": 0.00345945963988433,
    "syncPlayers": 0.0755411253605054,
    "syncUnits": 0.03311688346522195,
    "syncResources": 0.028138527493456224,
    "sendClientPoses": 0.004329004329004329,
    "effectsAndFog": 0.05216450176455758,
    "syncStructures": 0.203225806836159
  },
  "userAgent": "Mozilla/5.0 (Linux; Android 10; K) AppleWebKit/537.36 (KHTML, like Gecko) Chrome/145.0.0.0 Mobile Safari/537.36",
  "timestamp": "2026-04-13T20:25:17.290Z"
}