{
  "buildNumber": "276",
  "buildId": "BdYYCv-Z",
  "sessionId": "P2QeoMsYc",
  "durationSec": 49.358,
  "avgFps": 34.44751042732835,
  "minFps": 23.91074322966405,
  "maxFps": 42.24570034076106,
  "avgSectionTimingsMs": {
    "hud": 0.026190476355405386,
    "camera": 0.010102960095288977,
    "autoEngage": 0.006179594354764572,
    "syncPlayers": 0.1434642626674269,
    "syncUnits": 0.7493238895459859,
    "syncResources": 0.02910495802270775,
    "sendClientPoses": 0.118029620078634,
    "effectsAndFog": 0.06271732150932627,
    "syncStructures": 0.19889807118200403
  },
  "userAgent": "Mozilla/5.0 (Linux; Android 10; K) AppleWebKit/537.36 (KHTML, like Gecko) Chrome/145.0.0.0 Mobile Safari/537.36",
  "timestamp": "2026-04-13T20:21:08.331Z"
}