{
  "buildNumber": "274",
  "buildId": "CB7E_Olw",
  "sessionId": "PJns0EXEj",
  "durationSec": 11.524,
  "avgFps": 45.25354089419799,
  "minFps": 44.012616156154714,
  "maxFps": 47.48005890965272,
  "avgSectionTimingsMs": {
    "hud": 0.018452381094296772,
    "camera": 0.006150793934625293,
    "autoEngage": 0.002284011898826819,
    "syncPlayers": 0.08469184978344806,
    "syncUnits": 0.017296222521817946,
    "syncResources": 0.018886679979726286,
    "sendClientPoses": 0.005566600421313974,
    "effectsAndFog": 0.052087474710661656,
    "syncStructures": 0.39431818202137947
  },
  "userAgent": "Mozilla/5.0 (Linux; Android 10; K) AppleWebKit/537.36 (KHTML, like Gecko) Chrome/145.0.0.0 Mobile Safari/537.36",
  "timestamp": "2026-04-13T20:10:40.010Z"
}