{
  "buildNumber": "276",
  "buildId": "BdYYCv-Z",
  "sessionId": "P2QeoMsYc",
  "durationSec": 0.54,
  "avgFps": 41.125914193165954,
  "minFps": 41.125914193165954,
  "maxFps": 41.125914193165954,
  "avgSectionTimingsMs": {
    "hud": 0.030434782090394394,
    "camera": 0.008695652951364931,
    "autoEngage": 0.004444444841808743,
    "syncPlayers": 0.17272727326913315,
    "syncUnits": 0.02727272700179707,
    "syncResources": 0.02727272700179707,
    "sendClientPoses": 0,
    "effectsAndFog": 0.09999999945813959,
    "syncStructures": 0.125
  },
  "userAgent": "Mozilla/5.0 (Linux; Android 10; K) AppleWebKit/537.36 (KHTML, like Gecko) Chrome/145.0.0.0 Mobile Safari/537.36",
  "timestamp": "2026-04-13T20:20:19.512Z"
}