{
  "buildNumber": "276",
  "buildId": "BdYYCv-Z",
  "sessionId": "P2QeoMsYc",
  "durationSec": 32.723,
  "avgFps": 37.187667933617405,
  "minFps": 30.10412674515579,
  "maxFps": 42.24570034076106,
  "avgSectionTimingsMs": {
    "hud": 0.024846894352037657,
    "camera": 0.007961504858831304,
    "autoEngage": 0.005032822691898638,
    "syncPlayers": 0.11882662011111472,
    "syncUnits": 0.43423817869138803,
    "syncResources": 0.02679509613434613,
    "sendClientPoses": 0.07758318756799981,
    "effectsAndFog": 0.0599824871000183,
    "syncStructures": 0.21900826397020956
  },
  "userAgent": "Mozilla/5.0 (Linux; Android 10; K) AppleWebKit/537.36 (KHTML, like Gecko) Chrome/145.0.0.0 Mobile Safari/537.36",
  "timestamp": "2026-04-13T20:20:51.695Z"
}