{
  "buildNumber": "274",
  "buildId": "CB7E_Olw",
  "sessionId": "PJns0EXEj",
  "durationSec": 6.126,
  "avgFps": 45.98197718250746,
  "minFps": 44.792959703402545,
  "maxFps": 47.48005890965272,
  "avgSectionTimingsMs": {
    "hud": 0.01918819216784516,
    "camera": 0.005535055570496844,
    "autoEngage": 0.0022181145805528118,
    "syncPlayers": 0.08296296386807053,
    "syncUnits": 0.01999999969093888,
    "syncResources": 0.02444444442236865,
    "sendClientPoses": 0.005925925903850131,
    "effectsAndFog": 0.05296296256559867,
    "syncStructures": 0.263829786726769
  },
  "userAgent": "Mozilla/5.0 (Linux; Android 10; K) AppleWebKit/537.36 (KHTML, like Gecko) Chrome/145.0.0.0 Mobile Safari/537.36",
  "timestamp": "2026-04-13T20:10:34.611Z"
}