{
  "buildNumber": "277",
  "buildId": "CMEduUks",
  "sessionId": "q0WoIYLvG",
  "durationSec": 21.168,
  "avgFps": 37.96089451375645,
  "minFps": 36.94121099749357,
  "maxFps": 39.361938941941844,
  "avgSectionTimingsMs": {
    "hud": 0.022890025392517714,
    "camera": 0.007544756850318226,
    "autoEngage": 0.00428662842386286,
    "syncPlayers": 0.07631242004307834,
    "syncUnits": 0.10678617188780927,
    "syncResources": 0.024711907558648747,
    "sendClientPoses": 0.016901408320963002,
    "effectsAndFog": 0.049295774342613854,
    "syncStructures": 0.24276729574743308
  },
  "userAgent": "Mozilla/5.0 (Linux; Android 10; K) AppleWebKit/537.36 (KHTML, like Gecko) Chrome/145.0.0.0 Mobile Safari/537.36",
  "timestamp": "2026-04-13T20:25:26.008Z"
}