{
  "buildNumber": "273",
  "buildId": "BF-xNiwv",
  "sessionId": "P_6xpY7hD",
  "durationSec": 43.639,
  "avgFps": 30.914754400471974,
  "minFps": 19.15374517394548,
  "maxFps": 40.321994488695054,
  "avgSectionTimingsMs": {
    "hud": 0.026188490488213038,
    "camera": 0.007923269316591354,
    "autoEngage": 0.004922820209312996,
    "syncPlayers": 0.08196995037923473,
    "syncUnits": 0.417779632721202,
    "syncResources": 0.026794657683332695,
    "sendClientPoses": 0.061018363934924484,
    "effectsAndFog": 14.150918196905435,
    "syncStructures": 0.15551948082911504
  },
  "userAgent": "Mozilla/5.0 (Linux; Android 10; K) AppleWebKit/537.36 (KHTML, like Gecko) Chrome/145.0.0.0 Mobile Safari/537.36",
  "timestamp": "2026-04-13T20:02:40.528Z"
}