{
  "buildNumber": "276",
  "buildId": "BdYYCv-Z",
  "sessionId": "P2QeoMsYc",
  "durationSec": 26.301,
  "avgFps": 38.337824912516496,
  "minFps": 32.55813081086227,
  "maxFps": 42.24570034076106,
  "avgSectionTimingsMs": {
    "hud": 0.02651991640496804,
    "camera": 0.0073375262991687284,
    "autoEngage": 0.0049816464871465065,
    "syncPlayers": 0.11511017837154153,
    "syncUnits": 0.30724029397789354,
    "syncResources": 0.02654774382257011,
    "sendClientPoses": 0.05918153207299592,
    "effectsAndFog": 0.05939139589933133,
    "syncStructures": 0.2492307688945379
  },
  "userAgent": "Mozilla/5.0 (Linux; Android 10; K) AppleWebKit/537.36 (KHTML, like Gecko) Chrome/145.0.0.0 Mobile Safari/537.36",
  "timestamp": "2026-04-13T20:20:45.273Z"
}