{
  "buildNumber": "276",
  "buildId": "BdYYCv-Z",
  "sessionId": "P2QeoMsYc",
  "durationSec": 16.288,
  "avgFps": 40.10397864942877,
  "minFps": 36.559663552824205,
  "maxFps": 42.24570034076106,
  "avgSectionTimingsMs": {
    "hud": 0.026080000257492065,
    "camera": 0.006560000133514404,
    "autoEngage": 0.004643714909939121,
    "syncPlayers": 0.10865384631623061,
    "syncUnits": 0.18397435870690224,
    "syncResources": 0.0270833331040847,
    "sendClientPoses": 0.036858974502254754,
    "effectsAndFog": 0.058333333677206285,
    "syncStructures": 0.28512396694214875
  },
  "userAgent": "Mozilla/5.0 (Linux; Android 10; K) AppleWebKit/537.36 (KHTML, like Gecko) Chrome/145.0.0.0 Mobile Safari/537.36",
  "timestamp": "2026-04-13T20:20:35.260Z"
}