{
  "buildNumber": "275",
  "buildId": "DlwQSAVw",
  "sessionId": "7MiGiHpAI",
  "durationSec": 2.17,
  "avgFps": 16.263724973033064,
  "minFps": 15.453768091335075,
  "maxFps": 17.56774455137598,
  "avgSectionTimingsMs": {
    "hud": 0.021739131730535755,
    "camera": 0.015217391045197197,
    "autoEngage": 0.005494505167007446,
    "syncPlayers": 0.1333333326710595,
    "syncUnits": 1.4999999993377262,
    "syncStructures": 0.10000000198682149,
    "syncResources": 0.04000000026490953,
    "sendClientPoses": 0.25111111005147296,
    "effectsAndFog": 17.713333332538603
  },
  "userAgent": "Mozilla/5.0 (Linux; Android 10; K) AppleWebKit/537.36 (KHTML, like Gecko) Chrome/145.0.0.0 Mobile Safari/537.36",
  "timestamp": "2026-04-13T20:14:23.398Z"
}