{
  "buildNumber": "277",
  "buildId": "CMEduUks",
  "sessionId": "q0WoIYLvG",
  "durationSec": 18.984,
  "avgFps": 37.979215905917584,
  "minFps": 36.94121099749357,
  "maxFps": 39.361938941941844,
  "avgSectionTimingsMs": {
    "hud": 0.021186440509591398,
    "camera": 0.008050847272414946,
    "autoEngage": 0.003816254568605457,
    "syncPlayers": 0.07425742570042104,
    "syncUnits": 0.03451202310295051,
    "syncResources": 0.02475247491029904,
    "sendClientPoses": 0.005091937756774449,
    "effectsAndFog": 0.047807637628436594,
    "syncStructures": 0.25422535207070096
  },
  "userAgent": "Mozilla/5.0 (Linux; Android 10; K) AppleWebKit/537.36 (KHTML, like Gecko) Chrome/145.0.0.0 Mobile Safari/537.36",
  "timestamp": "2026-04-13T20:25:23.823Z"
}