{
  "buildNumber": "273",
  "buildId": "BF-xNiwv",
  "sessionId": "P_6xpY7hD",
  "durationSec": 24.255,
  "avgFps": 33.74902198071141,
  "minFps": 31.135007847593187,
  "maxFps": 40.321994488695054,
  "avgSectionTimingsMs": {
    "hud": 0.02503225803375244,
    "camera": 0.00838709665882972,
    "autoEngage": 0.003615235612806464,
    "syncPlayers": 0.07532299766244814,
    "syncUnits": 0.033591731227645576,
    "syncResources": 0.027260981942948136,
    "sendClientPoses": 0.005684754606673267,
    "effectsAndFog": 10.129974159736966,
    "syncStructures": 0.20564971687430042
  },
  "userAgent": "Mozilla/5.0 (Linux; Android 10; K) AppleWebKit/537.36 (KHTML, like Gecko) Chrome/145.0.0.0 Mobile Safari/537.36",
  "timestamp": "2026-04-13T20:02:21.144Z"
}