{
  "buildNumber": "273",
  "buildId": "BF-xNiwv",
  "sessionId": "P_6xpY7hD",
  "durationSec": 0.235,
  "avgFps": 39.36155126898504,
  "minFps": 39.24149586652129,
  "maxFps": 40.321994488695054,
  "avgSectionTimingsMs": {
    "hud": 0.01111111044883728,
    "camera": 0.011111113760206435,
    "autoEngage": 0,
    "syncPlayers": 0.08749999478459358,
    "syncUnits": 0.05000000074505806,
    "syncResources": 0.03749999776482582,
    "sendClientPoses": 0,
    "effectsAndFog": 8.37500000372529,
    "syncStructures": 0
  },
  "userAgent": "Mozilla/5.0 (Linux; Android 10; K) AppleWebKit/537.36 (KHTML, like Gecko) Chrome/145.0.0.0 Mobile Safari/537.36",
  "timestamp": "2026-04-13T20:01:57.124Z"
}