{
  "buildNumber": "274",
  "buildId": "CB7E_Olw",
  "sessionId": "PJns0EXEj",
  "durationSec": 1.598,
  "avgFps": 46.57747927580826,
  "minFps": 45.86004418223954,
  "maxFps": 47.48005890965272,
  "avgSectionTimingsMs": {
    "hud": 0.0228571423462459,
    "camera": 0.004285714456013271,
    "autoEngage": 0,
    "syncPlayers": 0.09275362327478934,
    "syncUnits": 0.020289854726929596,
    "syncResources": 0.03043478338614754,
    "sendClientPoses": 0.005797101535658905,
    "effectsAndFog": 0.06376811646033025,
    "syncStructures": 0
  },
  "userAgent": "Mozilla/5.0 (Linux; Android 10; K) AppleWebKit/537.36 (KHTML, like Gecko) Chrome/145.0.0.0 Mobile Safari/537.36",
  "timestamp": "2026-04-13T20:10:30.083Z"
}