{
  "buildNumber": "277",
  "buildId": "CMEduUks",
  "sessionId": "q0WoIYLvG",
  "durationSec": 8.438,
  "avgFps": 38.399283761901174,
  "minFps": 38.014368527508694,
  "maxFps": 39.361938941941844,
  "avgSectionTimingsMs": {
    "hud": 0.02063492054031009,
    "camera": 0.007301587150210426,
    "autoEngage": 0.0034976154328908754,
    "syncPlayers": 0.0742038216940157,
    "syncUnits": 0.030573248673396506,
    "syncResources": 0.028025476985676274,
    "sendClientPoses": 0.004458598745097021,
    "effectsAndFog": 0.054140127008887616,
    "syncStructures": 0.1587301596762642
  },
  "userAgent": "Mozilla/5.0 (Linux; Android 10; K) AppleWebKit/537.36 (KHTML, like Gecko) Chrome/145.0.0.0 Mobile Safari/537.36",
  "timestamp": "2026-04-13T20:25:13.277Z"
}