{
  "buildNumber": "276",
  "buildId": "BdYYCv-Z",
  "sessionId": "P2QeoMsYc",
  "durationSec": 21.205,
  "avgFps": 39.26596387875501,
  "minFps": 35.05566234700809,
  "maxFps": 42.24570034076106,
  "avgSectionTimingsMs": {
    "hud": 0.0268261968263751,
    "camera": 0.0065491185230332,
    "autoEngage": 0.004977945738343525,
    "syncPlayers": 0.11160151335360273,
    "syncUnits": 0.22232030262562247,
    "syncResources": 0.027364438674489004,
    "sendClientPoses": 0.040605296478295534,
    "effectsAndFog": 0.05964691081985098,
    "syncStructures": 0.2923566877462302
  },
  "userAgent": "Mozilla/5.0 (Linux; Android 10; K) AppleWebKit/537.36 (KHTML, like Gecko) Chrome/145.0.0.0 Mobile Safari/537.36",
  "timestamp": "2026-04-13T20:20:40.178Z"
}