{
  "buildNumber": "273",
  "buildId": "BF-xNiwv",
  "sessionId": "P_6xpY7hD",
  "durationSec": 8.18,
  "avgFps": 36.6717983306039,
  "minFps": 33.1969979000892,
  "maxFps": 40.321994488695054,
  "avgSectionTimingsMs": {
    "hud": 0.022344322540821172,
    "camera": 0.006959706763208131,
    "autoEngage": 0.003302752315451246,
    "syncPlayers": 0.06801470653975711,
    "syncUnits": 0.03382352914880304,
    "syncResources": 0.030514705926179886,
    "sendClientPoses": 0.0033088234417578753,
    "effectsAndFog": 9.325735293657464,
    "syncStructures": 0.0066666662693023685
  },
  "userAgent": "Mozilla/5.0 (Linux; Android 10; K) AppleWebKit/537.36 (KHTML, like Gecko) Chrome/145.0.0.0 Mobile Safari/537.36",
  "timestamp": "2026-04-13T20:02:05.069Z"
}