{
  "buildNumber": "276",
  "buildId": "BdYYCv-Z",
  "sessionId": "P2QeoMsYc",
  "durationSec": 21.084,
  "avgFps": 39.28728186119424,
  "minFps": 35.407549796010784,
  "maxFps": 42.24570034076106,
  "avgSectionTimingsMs": {
    "hud": 0.02683544336240503,
    "camera": 0.0065822786168207095,
    "autoEngage": 0.004876504052357254,
    "syncPlayers": 0.11128010152259556,
    "syncUnits": 0.22065906209637456,
    "syncResources": 0.027503168401609355,
    "sendClientPoses": 0.04017743989541957,
    "effectsAndFog": 0.05931558970867152,
    "syncStructures": 0.2935897434751193
  },
  "userAgent": "Mozilla/5.0 (Linux; Android 10; K) AppleWebKit/537.36 (KHTML, like Gecko) Chrome/145.0.0.0 Mobile Safari/537.36",
  "timestamp": "2026-04-13T20:20:40.057Z"
}