{
  "buildNumber": "277",
  "buildId": "CMEduUks",
  "sessionId": "q0WoIYLvG",
  "durationSec": 8.046,
  "avgFps": 38.400093835160085,
  "minFps": 38.014368527508694,
  "maxFps": 39.361938941941844,
  "avgSectionTimingsMs": {
    "hud": 0.02099999984105428,
    "camera": 0.00699999988079071,
    "autoEngage": 0.003338898362619849,
    "syncPlayers": 0.07224080285499726,
    "syncUnits": 0.031772575549856075,
    "syncResources": 0.028093644607824625,
    "sendClientPoses": 0.004682274267426303,
    "effectsAndFog": 0.05418060146845304,
    "syncStructures": 0.16333333452542623
  },
  "userAgent": "Mozilla/5.0 (Linux; Android 10; K) AppleWebKit/537.36 (KHTML, like Gecko) Chrome/145.0.0.0 Mobile Safari/537.36",
  "timestamp": "2026-04-13T20:25:12.885Z"
}