{
  "buildNumber": "276",
  "buildId": "BdYYCv-Z",
  "sessionId": "P2QeoMsYc",
  "durationSec": 28.938,
  "avgFps": 37.86381163089089,
  "minFps": 31.876448581110022,
  "maxFps": 42.24570034076106,
  "avgSectionTimingsMs": {
    "hud": 0.025531915101138027,
    "camera": 0.007350096792501453,
    "autoEngage": 0.004886308584919169,
    "syncPlayers": 0.11694094870466692,
    "syncUnits": 0.34743465649077643,
    "syncResources": 0.02642787977086609,
    "sendClientPoses": 0.06757018405724126,
    "effectsAndFog": 0.05895450168865348,
    "syncStructures": 0.2348837205143862
  },
  "userAgent": "Mozilla/5.0 (Linux; Android 10; K) AppleWebKit/537.36 (KHTML, like Gecko) Chrome/145.0.0.0 Mobile Safari/537.36",
  "timestamp": "2026-04-13T20:20:47.911Z"
}