{
  "buildNumber": "277",
  "buildId": "CMEduUks",
  "sessionId": "q0WoIYLvG",
  "durationSec": 21.778,
  "avgFps": 37.92951124075458,
  "minFps": 35.96194021310538,
  "maxFps": 39.361938941941844,
  "avgSectionTimingsMs": {
    "hud": 0.023316708065922422,
    "camera": 0.007855361425073962,
    "autoEngage": 0.0043668123758069735,
    "syncPlayers": 0.07702871412968963,
    "syncUnits": 0.12696629249201286,
    "syncResources": 0.025343320566170224,
    "sendClientPoses": 0.020099874962581678,
    "effectsAndFog": 0.048689138316334264,
    "syncStructures": 0.2445121952673284
  },
  "userAgent": "Mozilla/5.0 (Linux; Android 10; K) AppleWebKit/537.36 (KHTML, like Gecko) Chrome/145.0.0.0 Mobile Safari/537.36",
  "timestamp": "2026-04-13T20:25:26.617Z"
}