{
  "buildNumber": "273",
  "buildId": "BF-xNiwv",
  "sessionId": "P_6xpY7hD",
  "durationSec": 55.976,
  "avgFps": 28.980494666544338,
  "minFps": 18.005645273948964,
  "maxFps": 40.321994488695054,
  "avgSectionTimingsMs": {
    "hud": 0.02621908135211931,
    "camera": 0.007773851569044295,
    "autoEngage": 0.005196182402927321,
    "syncPlayers": 0.08592645027259789,
    "syncUnits": 0.5634370578987764,
    "syncResources": 0.02729844402052894,
    "sendClientPoses": 0.09872701565986644,
    "effectsAndFog": 16.929207920817372,
    "syncStructures": 0.13968668422873276
  },
  "userAgent": "Mozilla/5.0 (Linux; Android 10; K) AppleWebKit/537.36 (KHTML, like Gecko) Chrome/145.0.0.0 Mobile Safari/537.36",
  "timestamp": "2026-04-13T20:02:52.866Z"
}