{
  "buildNumber": "273",
  "buildId": "BF-xNiwv",
  "sessionId": "P_6xpY7hD",
  "durationSec": 3.244,
  "avgFps": 38.20077588699297,
  "minFps": 36.25813106868867,
  "maxFps": 40.321994488695054,
  "avgSectionTimingsMs": {
    "hud": 0.026785714285714284,
    "camera": 0.008035714072840554,
    "autoEngage": 0.0031390133994577177,
    "syncPlayers": 0.06846846841477058,
    "syncUnits": 0.02882882818445429,
    "syncResources": 0.045045045582023824,
    "sendClientPoses": 0.0009009008472030227,
    "effectsAndFog": 8.932432432700923,
    "syncStructures": 0.00416666641831398
  },
  "userAgent": "Mozilla/5.0 (Linux; Android 10; K) AppleWebKit/537.36 (KHTML, like Gecko) Chrome/145.0.0.0 Mobile Safari/537.36",
  "timestamp": "2026-04-13T20:02:00.133Z"
}