{
  "buildNumber": "276",
  "buildId": "BdYYCv-Z",
  "sessionId": "P2QeoMsYc",
  "durationSec": 19.599,
  "avgFps": 39.534338706287244,
  "minFps": 35.87673306134771,
  "maxFps": 42.24570034076106,
  "avgSectionTimingsMs": {
    "hud": 0.026720648151338504,
    "camera": 0.0064777328900480075,
    "autoEngage": 0.004794057984355332,
    "syncPlayers": 0.11013513525595536,
    "syncUnits": 0.19662162158134822,
    "syncResources": 0.02770270246106225,
    "sendClientPoses": 0.03405405415876492,
    "effectsAndFog": 0.05918918964830605,
    "syncStructures": 0.29448275853847633
  },
  "userAgent": "Mozilla/5.0 (Linux; Android 10; K) AppleWebKit/537.36 (KHTML, like Gecko) Chrome/145.0.0.0 Mobile Safari/537.36",
  "timestamp": "2026-04-13T20:20:38.571Z"
}