{
  "buildNumber": "277",
  "buildId": "CMEduUks",
  "sessionId": "q0WoIYLvG",
  "durationSec": 2.922,
  "avgFps": 29.00234697609193,
  "minFps": 28.48434442172548,
  "maxFps": 30.259186777423363,
  "avgSectionTimingsMs": {
    "hud": 0.027499999850988388,
    "camera": 0.013750000298023224,
    "autoEngage": 0.011320754417083549,
    "syncPlayers": 0.11518987409676178,
    "syncUnits": 1.778481013412717,
    "syncResources": 0.026582280291786678,
    "sendClientPoses": 0.19873417668704746,
    "effectsAndFog": 0.04683544288707685,
    "syncStructures": 0.08499999791383743
  },
  "userAgent": "Mozilla/5.0 (Linux; Android 10; K) AppleWebKit/537.36 (KHTML, like Gecko) Chrome/145.0.0.0 Mobile Safari/537.36",
  "timestamp": "2026-04-13T20:26:02.537Z"
}