{
  "buildNumber": "277",
  "buildId": "CMEduUks",
  "sessionId": "q0WoIYLvG",
  "durationSec": 15.556,
  "avgFps": 38.044451744155495,
  "minFps": 36.94121099749357,
  "maxFps": 39.361938941941844,
  "avgSectionTimingsMs": {
    "hud": 0.02097053709641693,
    "camera": 0.00831889062861636,
    "autoEngage": 0.00338248059424957,
    "syncPlayers": 0.07586805537963907,
    "syncUnits": 0.03454861163886057,
    "syncResources": 0.025694443947739072,
    "sendClientPoses": 0.005208333333333333,
    "effectsAndFog": 0.048263888547403946,
    "syncStructures": 0.23448275851792302
  },
  "userAgent": "Mozilla/5.0 (Linux; Android 10; K) AppleWebKit/537.36 (KHTML, like Gecko) Chrome/145.0.0.0 Mobile Safari/537.36",
  "timestamp": "2026-04-13T20:25:20.395Z"
}