{
  "buildNumber": "277",
  "buildId": "CMEduUks",
  "sessionId": "q0WoIYLvG",
  "durationSec": 7.51,
  "avgFps": 28.75952819840255,
  "minFps": 28.48434442172548,
  "maxFps": 30.259186777423363,
  "avgSectionTimingsMs": {
    "hud": 0.027272727073094492,
    "camera": 0.009090909404617748,
    "autoEngage": 0.008633093510886177,
    "syncPlayers": 0.10673076974657866,
    "syncUnits": 1.3499999994841905,
    "syncResources": 0.025000000945650615,
    "sendClientPoses": 0.18221153806035334,
    "effectsAndFog": 0.04711538438613598,
    "syncStructures": 0.06538461435299653
  },
  "userAgent": "Mozilla/5.0 (Linux; Android 10; K) AppleWebKit/537.36 (KHTML, like Gecko) Chrome/145.0.0.0 Mobile Safari/537.36",
  "timestamp": "2026-04-13T20:26:07.125Z"
}