{
  "buildNumber": "274",
  "buildId": "CB7E_Olw",
  "sessionId": "PJns0EXEj",
  "durationSec": 32.841,
  "avgFps": 40.09585099650799,
  "minFps": 31.192882327528594,
  "maxFps": 47.48005890965272,
  "avgSectionTimingsMs": {
    "hud": 0.019391947357793666,
    "camera": 0.00788824988763256,
    "autoEngage": 0.004356761197714564,
    "syncPlayers": 0.10328947402242768,
    "syncUnits": 0.6421052632902405,
    "syncResources": 0.020805921086943464,
    "sendClientPoses": 0.09555921039396995,
    "effectsAndFog": 0.05682565769376723,
    "syncStructures": 0.20781892991850895
  },
  "userAgent": "Mozilla/5.0 (Linux; Android 10; K) AppleWebKit/537.36 (KHTML, like Gecko) Chrome/145.0.0.0 Mobile Safari/537.36",
  "timestamp": "2026-04-13T20:11:01.327Z"
}