{
  "buildNumber": "276",
  "buildId": "BdYYCv-Z",
  "sessionId": "P2QeoMsYc",
  "durationSec": 30.219,
  "avgFps": 37.64326295553223,
  "minFps": 30.805502326874386,
  "maxFps": 42.24570034076106,
  "avgSectionTimingsMs": {
    "hud": 0.025303454904440515,
    "camera": 0.007749766667906532,
    "autoEngage": 0.004904250280704525,
    "syncPlayers": 0.11728971973757878,
    "syncUnits": 0.37598130853376655,
    "syncResources": 0.02654205585751578,
    "sendClientPoses": 0.07009345816674634,
    "effectsAndFog": 0.05971962634091065,
    "syncStructures": 0.22901785653084517
  },
  "userAgent": "Mozilla/5.0 (Linux; Android 10; K) AppleWebKit/537.36 (KHTML, like Gecko) Chrome/145.0.0.0 Mobile Safari/537.36",
  "timestamp": "2026-04-13T20:20:49.192Z"
}