{
  "buildNumber": "273",
  "buildId": "BF-xNiwv",
  "sessionId": "P_6xpY7hD",
  "durationSec": 4.936,
  "avgFps": 37.45398138988067,
  "minFps": 35.9435983015165,
  "maxFps": 40.321994488695054,
  "avgSectionTimingsMs": {
    "hud": 0.024855491398386872,
    "camera": 0.007514450591423608,
    "autoEngage": 0.0026086955830670784,
    "syncPlayers": 0.06453488437935363,
    "syncUnits": 0.03313953498768252,
    "syncResources": 0.037209302533504574,
    "sendClientPoses": 0.0034883718851000762,
    "effectsAndFog": 8.571511627456477,
    "syncStructures": 0.005405405083218137
  },
  "userAgent": "Mozilla/5.0 (Linux; Android 10; K) AppleWebKit/537.36 (KHTML, like Gecko) Chrome/145.0.0.0 Mobile Safari/537.36",
  "timestamp": "2026-04-13T20:02:01.825Z"
}