{
  "buildNumber": "273",
  "buildId": "BF-xNiwv",
  "sessionId": "P_6xpY7hD",
  "durationSec": 13.815,
  "avgFps": 35.101996926053616,
  "minFps": 32.298311318800174,
  "maxFps": 40.321994488695054,
  "avgSectionTimingsMs": {
    "hud": 0.022123893937178417,
    "camera": 0.008849557390255211,
    "autoEngage": 0.004208194919070796,
    "syncPlayers": 0.07073170772677251,
    "syncUnits": 0.035033259449935544,
    "syncResources": 0.025942350438323096,
    "sendClientPoses": 0.004212860191476319,
    "effectsAndFog": 9.822394678373294,
    "syncStructures": 0.18217821729065167
  },
  "userAgent": "Mozilla/5.0 (Linux; Android 10; K) AppleWebKit/537.36 (KHTML, like Gecko) Chrome/145.0.0.0 Mobile Safari/537.36",
  "timestamp": "2026-04-13T20:02:10.704Z"
}