{
  "buildNumber": "273",
  "buildId": "BF-xNiwv",
  "sessionId": "P_6xpY7hD",
  "durationSec": 44.742,
  "avgFps": 30.72702777601647,
  "minFps": 18.86530888045911,
  "maxFps": 40.321994488695054,
  "avgSectionTimingsMs": {
    "hud": 0.026026272641614154,
    "camera": 0.008210180550568992,
    "autoEngage": 0.005051334707154386,
    "syncPlayers": 0.08233360773535567,
    "syncUnits": 0.4396055874857828,
    "syncResources": 0.027115858595392797,
    "sendClientPoses": 0.06442070658714338,
    "effectsAndFog": 14.42785538200384,
    "syncStructures": 0.15365079404815796
  },
  "userAgent": "Mozilla/5.0 (Linux; Android 10; K) AppleWebKit/537.36 (KHTML, like Gecko) Chrome/145.0.0.0 Mobile Safari/537.36",
  "timestamp": "2026-04-13T20:02:41.632Z"
}