{
  "buildNumber": "276",
  "buildId": "BdYYCv-Z",
  "sessionId": "P2QeoMsYc",
  "durationSec": 1.466,
  "avgFps": 41.22460130038915,
  "minFps": 41.125914193165954,
  "maxFps": 41.344435644874466,
  "avgSectionTimingsMs": {
    "hud": 0.03387096764579896,
    "camera": 0.004838710350375022,
    "autoEngage": 0.004065040892701808,
    "syncPlayers": 0.12622950946698425,
    "syncUnits": 0.03114754059275643,
    "syncResources": 0.03114754059275643,
    "sendClientPoses": 0.0016393441645825495,
    "effectsAndFog": 0.06557377049180328,
    "syncStructures": 0.07272727110169151
  },
  "userAgent": "Mozilla/5.0 (Linux; Android 10; K) AppleWebKit/537.36 (KHTML, like Gecko) Chrome/145.0.0.0 Mobile Safari/537.36",
  "timestamp": "2026-04-13T20:20:20.439Z"
}