{
  "buildNumber": "277",
  "buildId": "CMEduUks",
  "sessionId": "q0WoIYLvG",
  "durationSec": 21.967,
  "avgFps": 37.91490056480669,
  "minFps": 35.96194021310538,
  "maxFps": 39.361938941941844,
  "avgSectionTimingsMs": {
    "hud": 0.023391088931867393,
    "camera": 0.00779702953330361,
    "autoEngage": 0.0043962849921117255,
    "syncPlayers": 0.07682775716208466,
    "syncUnits": 0.13345724938822798,
    "syncResources": 0.025402725850782428,
    "sendClientPoses": 0.020817843622434537,
    "effectsAndFog": 0.04869888447769808,
    "syncStructures": 0.24303030317479915
  },
  "userAgent": "Mozilla/5.0 (Linux; Android 10; K) AppleWebKit/537.36 (KHTML, like Gecko) Chrome/145.0.0.0 Mobile Safari/537.36",
  "timestamp": "2026-04-13T20:25:26.806Z"
}