{
  "buildNumber": "273",
  "buildId": "BF-xNiwv",
  "sessionId": "P_6xpY7hD",
  "durationSec": 53.645,
  "avgFps": 29.310664779396987,
  "minFps": 18.005645273948964,
  "maxFps": 40.321994488695054,
  "avgSectionTimingsMs": {
    "hud": 0.02614712315758735,
    "camera": 0.007938820062895717,
    "autoEngage": 0.005209471771191595,
    "syncPlayers": 0.08542274105913784,
    "syncUnits": 0.5520408162005441,
    "syncResources": 0.027259475114394208,
    "sendClientPoses": 0.09212827999633533,
    "effectsAndFog": 16.47806122447242,
    "syncStructures": 0.14254742570039702
  },
  "userAgent": "Mozilla/5.0 (Linux; Android 10; K) AppleWebKit/537.36 (KHTML, like Gecko) Chrome/145.0.0.0 Mobile Safari/537.36",
  "timestamp": "2026-04-13T20:02:50.534Z"
}