{
  "buildNumber": "277",
  "buildId": "CMEduUks",
  "sessionId": "q0WoIYLvG",
  "durationSec": 1.749,
  "avgFps": 29.30421969446942,
  "minFps": 28.64579256230064,
  "maxFps": 30.259186777423363,
  "avgSectionTimingsMs": {
    "hud": 0.0255319152740722,
    "camera": 0.017021276849381466,
    "autoEngage": 0.015053763184496152,
    "syncPlayers": 0.12173913095308386,
    "syncUnits": 1.9913043502880179,
    "syncResources": 0.026086957558341648,
    "sendClientPoses": 0.20652173977831137,
    "effectsAndFog": 0.043478260221688644,
    "syncStructures": 0.12499999751647313
  },
  "userAgent": "Mozilla/5.0 (Linux; Android 10; K) AppleWebKit/537.36 (KHTML, like Gecko) Chrome/145.0.0.0 Mobile Safari/537.36",
  "timestamp": "2026-04-13T20:26:01.365Z"
}