{
  "buildNumber": "277",
  "buildId": "CMEduUks",
  "sessionId": "q0WoIYLvG",
  "durationSec": 12.192,
  "avgFps": 38.27479531401299,
  "minFps": 37.45324088294771,
  "maxFps": 39.361938941941844,
  "avgSectionTimingsMs": {
    "hud": 0.020529801285030038,
    "camera": 0.00838852073446278,
    "autoEngage": 0.003535911786622105,
    "syncPlayers": 0.07544247779698499,
    "syncUnits": 0.033407079962502535,
    "syncResources": 0.02809734444702621,
    "sendClientPoses": 0.004424778761061947,
    "effectsAndFog": 0.05199115011280617,
    "syncStructures": 0.19890109916309734
  },
  "userAgent": "Mozilla/5.0 (Linux; Android 10; K) AppleWebKit/537.36 (KHTML, like Gecko) Chrome/145.0.0.0 Mobile Safari/537.36",
  "timestamp": "2026-04-13T20:25:17.031Z"
}