{
  "buildNumber": "273",
  "buildId": "BF-xNiwv",
  "sessionId": "P_6xpY7hD",
  "durationSec": 12.327,
  "avgFps": 35.36738991573001,
  "minFps": 32.298311318800174,
  "maxFps": 40.321994488695054,
  "avgSectionTimingsMs": {
    "hud": 0.021921182280690798,
    "camera": 0.008128078626881679,
    "autoEngage": 0.004192355161236482,
    "syncPlayers": 0.070617284230244,
    "syncUnits": 0.03432098752186622,
    "syncResources": 0.026419753204157324,
    "sendClientPoses": 0.003456790064588005,
    "effectsAndFog": 9.672839506099253,
    "syncStructures": 0.13888888822661505
  },
  "userAgent": "Mozilla/5.0 (Linux; Android 10; K) AppleWebKit/537.36 (KHTML, like Gecko) Chrome/145.0.0.0 Mobile Safari/537.36",
  "timestamp": "2026-04-13T20:02:09.216Z"
}