{
  "buildNumber": "276",
  "buildId": "BdYYCv-Z",
  "sessionId": "P2QeoMsYc",
  "durationSec": 20.912,
  "avgFps": 39.316973688223705,
  "minFps": 35.407549796010784,
  "maxFps": 42.24570034076106,
  "avgSectionTimingsMs": {
    "hud": 0.026913265640638312,
    "camera": 0.006505102185266358,
    "autoEngage": 0.004850031828226066,
    "syncPlayers": 0.11034482766994266,
    "syncUnits": 0.21570881226814875,
    "syncResources": 0.027458492823487498,
    "sendClientPoses": 0.03920817378989277,
    "effectsAndFog": 0.05887611790787367,
    "syncStructures": 0.2954838708523781
  },
  "userAgent": "Mozilla/5.0 (Linux; Android 10; K) AppleWebKit/537.36 (KHTML, like Gecko) Chrome/145.0.0.0 Mobile Safari/537.36",
  "timestamp": "2026-04-13T20:20:39.885Z"
}