{
  "buildNumber": "276",
  "buildId": "BdYYCv-Z",
  "sessionId": "P2QeoMsYc",
  "durationSec": 27.434,
  "avgFps": 38.129740900501915,
  "minFps": 32.168598108146696,
  "maxFps": 42.24570034076106,
  "avgSectionTimingsMs": {
    "hud": 0.02628918120183646,
    "camera": 0.007381193196689155,
    "autoEngage": 0.0049570054795685355,
    "syncPlayers": 0.11528340078558516,
    "syncUnits": 0.3238866399174277,
    "syncResources": 0.0265182184304303,
    "sendClientPoses": 0.06315789480320355,
    "effectsAndFog": 0.059210526587268116,
    "syncStructures": 0.24215686218995675
  },
  "userAgent": "Mozilla/5.0 (Linux; Android 10; K) AppleWebKit/537.36 (KHTML, like Gecko) Chrome/145.0.0.0 Mobile Safari/537.36",
  "timestamp": "2026-04-13T20:20:46.406Z"
}