{
  "buildNumber": "277",
  "buildId": "CMEduUks",
  "sessionId": "q0WoIYLvG",
  "durationSec": 0.669,
  "avgFps": 38.92342516690595,
  "minFps": 38.52145420645638,
  "maxFps": 39.361938941941844,
  "avgSectionTimingsMs": {
    "hud": 0.026086954966835354,
    "camera": 0.004347825827805892,
    "autoEngage": 0.0022222227520412867,
    "syncPlayers": 0.08181817965074019,
    "syncUnits": 0.022727274081923744,
    "syncResources": 0.018181818452748386,
    "sendClientPoses": 0,
    "effectsAndFog": 0.07272727110169151,
    "syncStructures": 0.020000004768371583
  },
  "userAgent": "Mozilla/5.0 (Linux; Android 10; K) AppleWebKit/537.36 (KHTML, like Gecko) Chrome/145.0.0.0 Mobile Safari/537.36",
  "timestamp": "2026-04-13T20:25:05.508Z"
}