{
  "buildNumber": "274",
  "buildId": "CB7E_Olw",
  "sessionId": "PJns0EXEj",
  "durationSec": 23.402,
  "avgFps": 42.510632144799416,
  "minFps": 35.78399795633448,
  "maxFps": 47.48005890965272,
  "avgSectionTimingsMs": {
    "hud": 0.017887930995945274,
    "camera": 0.007543103576734148,
    "autoEngage": 0.004312668447545918,
    "syncPlayers": 0.0963322549190336,
    "syncUnits": 0.49482200671682597,
    "syncResources": 0.020496224444017955,
    "sendClientPoses": 0.06752966551718974,
    "effectsAndFog": 0.05609492968844236,
    "syncStructures": 0.2577142853396279
  },
  "userAgent": "Mozilla/5.0 (Linux; Android 10; K) AppleWebKit/537.36 (KHTML, like Gecko) Chrome/145.0.0.0 Mobile Safari/537.36",
  "timestamp": "2026-04-13T20:10:51.887Z"
}