{
  "buildNumber": "274",
  "buildId": "CB7E_Olw",
  "sessionId": "PJns0EXEj",
  "durationSec": 24.918,
  "avgFps": 42.14221478558383,
  "minFps": 33.33799846725086,
  "maxFps": 47.48005890965272,
  "avgSectionTimingsMs": {
    "hud": 0.018228630235094488,
    "camera": 0.007826982608907133,
    "autoEngage": 0.004379185955896628,
    "syncPlayers": 0.09958762910562692,
    "syncUnits": 0.5613402064313594,
    "syncResources": 0.020309278399673933,
    "sendClientPoses": 0.07546391757493166,
    "effectsAndFog": 0.05649484506587392,
    "syncStructures": 0.2513368979176098
  },
  "userAgent": "Mozilla/5.0 (Linux; Android 10; K) AppleWebKit/537.36 (KHTML, like Gecko) Chrome/145.0.0.0 Mobile Safari/537.36",
  "timestamp": "2026-04-13T20:10:53.404Z"
}