{
  "buildNumber": "273",
  "buildId": "BF-xNiwv",
  "sessionId": "P_6xpY7hD",
  "durationSec": 7.558,
  "avgFps": 36.897277990062875,
  "minFps": 33.92933053345227,
  "maxFps": 40.321994488695054,
  "avgSectionTimingsMs": {
    "hud": 0.023320158361917427,
    "camera": 0.007509881210892568,
    "autoEngage": 0.003168316878894768,
    "syncPlayers": 0.06746031828815975,
    "syncUnits": 0.033730158611895544,
    "syncResources": 0.031746031746031744,
    "sendClientPoses": 0.003571428476818024,
    "effectsAndFog": 9.281746031391242,
    "syncStructures": 0.00545454512942921
  },
  "userAgent": "Mozilla/5.0 (Linux; Android 10; K) AppleWebKit/537.36 (KHTML, like Gecko) Chrome/145.0.0.0 Mobile Safari/537.36",
  "timestamp": "2026-04-13T20:02:04.447Z"
}