{
  "buildNumber": "275",
  "buildId": "DlwQSAVw",
  "sessionId": "7MiGiHpAI",
  "durationSec": 7.788,
  "avgFps": 18.715394459840596,
  "minFps": 15.453768091335075,
  "maxFps": 21.11740375438308,
  "avgSectionTimingsMs": {
    "hud": 0.024550899238643533,
    "camera": 0.010179640468723047,
    "autoEngage": 0.007507507418011044,
    "syncPlayers": 0.13975903571370135,
    "syncUnits": 1.0897590363600167,
    "syncStructures": 0.07857142708131246,
    "syncResources": 0.03554216835154108,
    "sendClientPoses": 0.21024096460945635,
    "effectsAndFog": 17.239759036036858
  },
  "userAgent": "Mozilla/5.0 (Linux; Android 10; K) AppleWebKit/537.36 (KHTML, like Gecko) Chrome/145.0.0.0 Mobile Safari/537.36",
  "timestamp": "2026-04-13T20:14:29.016Z"
}