{
  "buildNumber": "276",
  "buildId": "BdYYCv-Z",
  "sessionId": "P2QeoMsYc",
  "durationSec": 42.782,
  "avgFps": 35.50656320200707,
  "minFps": 25.51221436036208,
  "maxFps": 42.24570034076106,
  "avgSectionTimingsMs": {
    "hud": 0.026052819542336854,
    "camera": 0.009493219137702305,
    "autoEngage": 0.00571224550952319,
    "syncPlayers": 0.1382857143027442,
    "syncUnits": 0.6948571431211062,
    "syncResources": 0.029285714051553183,
    "sendClientPoses": 0.10657142879707472,
    "effectsAndFog": 0.0637142859186445,
    "syncStructures": 0.18853503133460975
  },
  "userAgent": "Mozilla/5.0 (Linux; Android 10; K) AppleWebKit/537.36 (KHTML, like Gecko) Chrome/145.0.0.0 Mobile Safari/537.36",
  "timestamp": "2026-04-13T20:21:01.754Z"
}