{
  "buildNumber": "273",
  "buildId": "BF-xNiwv",
  "sessionId": "P_6xpY7hD",
  "durationSec": 53.049,
  "avgFps": 29.401968167473267,
  "minFps": 18.005645273948964,
  "maxFps": 40.321994488695054,
  "avgSectionTimingsMs": {
    "hud": 0.02621145382326605,
    "camera": 0.00800293681817608,
    "autoEngage": 0.0052515607829309325,
    "syncPlayers": 0.08530492335010503,
    "syncUnits": 0.5486407052892521,
    "syncResources": 0.02740631878244623,
    "sendClientPoses": 0.09066862610225551,
    "effectsAndFog": 16.35863335779885,
    "syncStructures": 0.1432876714288372
  },
  "userAgent": "Mozilla/5.0 (Linux; Android 10; K) AppleWebKit/537.36 (KHTML, like Gecko) Chrome/145.0.0.0 Mobile Safari/537.36",
  "timestamp": "2026-04-13T20:02:49.938Z"
}