{
  "buildNumber": "273",
  "buildId": "BF-xNiwv",
  "sessionId": "P_6xpY7hD",
  "durationSec": 13.29,
  "avgFps": 35.18655736049158,
  "minFps": 32.298311318800174,
  "maxFps": 40.321994488695054,
  "avgSectionTimingsMs": {
    "hud": 0.021788990894042022,
    "camera": 0.00848623843641456,
    "autoEngage": 0.004362801391413236,
    "syncPlayers": 0.07172413824618548,
    "syncUnits": 0.034252873576920605,
    "syncResources": 0.026206896702448527,
    "sendClientPoses": 0.0043678159686340685,
    "effectsAndFog": 9.751034482594195,
    "syncStructures": 0.18969072109645174
  },
  "userAgent": "Mozilla/5.0 (Linux; Android 10; K) AppleWebKit/537.36 (KHTML, like Gecko) Chrome/145.0.0.0 Mobile Safari/537.36",
  "timestamp": "2026-04-13T20:02:10.179Z"
}