{
  "buildNumber": "276",
  "buildId": "BdYYCv-Z",
  "sessionId": "P2QeoMsYc",
  "durationSec": 27.887,
  "avgFps": 38.0465345205488,
  "minFps": 32.168598108146696,
  "maxFps": 42.24570034076106,
  "avgSectionTimingsMs": {
    "hud": 0.02602193439945742,
    "camera": 0.00727816557480117,
    "autoEngage": 0.004887780465390022,
    "syncPlayers": 0.11546906186435037,
    "syncUnits": 0.3300399203262405,
    "syncResources": 0.026447105639708972,
    "sendClientPoses": 0.06397205600124634,
    "effectsAndFog": 0.05918163697638673,
    "syncStructures": 0.24057970962662628
  },
  "userAgent": "Mozilla/5.0 (Linux; Android 10; K) AppleWebKit/537.36 (KHTML, like Gecko) Chrome/145.0.0.0 Mobile Safari/537.36",
  "timestamp": "2026-04-13T20:20:46.860Z"
}