{
  "buildNumber": "277",
  "buildId": "CMEduUks",
  "sessionId": "q0WoIYLvG",
  "durationSec": 10.653,
  "avgFps": 38.32654788897295,
  "minFps": 38.014368527508694,
  "maxFps": 39.361938941941844,
  "avgSectionTimingsMs": {
    "hud": 0.020551378490930812,
    "camera": 0.008521303049006258,
    "autoEngage": 0.0033877040242012053,
    "syncPlayers": 0.07336683399114177,
    "syncUnits": 0.031155779059208816,
    "syncResources": 0.028391959155025195,
    "sendClientPoses": 0.004522613020398509,
    "effectsAndFog": 0.053517587520369336,
    "syncStructures": 0.20625000037252902
  },
  "userAgent": "Mozilla/5.0 (Linux; Android 10; K) AppleWebKit/537.36 (KHTML, like Gecko) Chrome/145.0.0.0 Mobile Safari/537.36",
  "timestamp": "2026-04-13T20:25:15.492Z"
}