{
  "buildNumber": "277",
  "buildId": "CMEduUks",
  "sessionId": "q0WoIYLvG",
  "durationSec": 10.823,
  "avgFps": 38.32572477719455,
  "minFps": 38.014368527508694,
  "maxFps": 39.361938941941844,
  "avgSectionTimingsMs": {
    "hud": 0.020246913624398503,
    "camera": 0.008395061522354315,
    "autoEngage": 0.003337453779095625,
    "syncPlayers": 0.07326732664415152,
    "syncUnits": 0.031188119018431937,
    "syncResources": 0.02821782113301872,
    "sendClientPoses": 0.004455445500293581,
    "effectsAndFog": 0.05321782133956947,
    "syncStructures": 0.20243902468099828
  },
  "userAgent": "Mozilla/5.0 (Linux; Android 10; K) AppleWebKit/537.36 (KHTML, like Gecko) Chrome/145.0.0.0 Mobile Safari/537.36",
  "timestamp": "2026-04-13T20:25:15.662Z"
}