{
  "buildNumber": "275",
  "buildId": "DlwQSAVw",
  "sessionId": "7MiGiHpAI",
  "durationSec": 2.121,
  "avgFps": 16.234746760181,
  "minFps": 15.453768091335075,
  "maxFps": 17.56774455137598,
  "avgSectionTimingsMs": {
    "hud": 0.022222223546769886,
    "camera": 0.015555555290646023,
    "autoEngage": 0.005617977193232333,
    "syncPlayers": 0.13409090854904868,
    "syncUnits": 1.511363635686311,
    "syncStructures": 0.10000000198682149,
    "syncResources": 0.03863636404275894,
    "sendClientPoses": 0.24545454437082465,
    "effectsAndFog": 17.656818180598997
  },
  "userAgent": "Mozilla/5.0 (Linux; Android 10; K) AppleWebKit/537.36 (KHTML, like Gecko) Chrome/145.0.0.0 Mobile Safari/537.36",
  "timestamp": "2026-04-13T20:14:23.349Z"
}