{
  "buildNumber": "276",
  "buildId": "BdYYCv-Z",
  "sessionId": "P2QeoMsYc",
  "durationSec": 38.525,
  "avgFps": 36.158705471305744,
  "minFps": 27.76340537041469,
  "maxFps": 42.24570034076106,
  "avgSectionTimingsMs": {
    "hud": 0.025230769446262947,
    "camera": 0.009230769230769232,
    "autoEngage": 0.0056175451156679325,
    "syncPlayers": 0.1307159353669925,
    "syncUnits": 0.5816782142356142,
    "syncResources": 0.028329483998381606,
    "sendClientPoses": 0.0943802927575541,
    "effectsAndFog": 0.062278676046785525,
    "syncStructures": 0.1968197874171995
  },
  "userAgent": "Mozilla/5.0 (Linux; Android 10; K) AppleWebKit/537.36 (KHTML, like Gecko) Chrome/145.0.0.0 Mobile Safari/537.36",
  "timestamp": "2026-04-13T20:20:57.497Z"
}