{
  "buildNumber": "276",
  "buildId": "BdYYCv-Z",
  "sessionId": "P2QeoMsYc",
  "durationSec": 12.411,
  "avgFps": 40.88320622756182,
  "minFps": 38.546590981765405,
  "maxFps": 42.24570034076106,
  "avgSectionTimingsMs": {
    "hud": 0.02653061254900329,
    "camera": 0.0061224491012339686,
    "autoEngage": 0.0042900918879231345,
    "syncPlayers": 0.10981595126153988,
    "syncUnits": 0.09345603257356733,
    "syncResources": 0.026993864579678558,
    "sendClientPoses": 0.016768916374822824,
    "effectsAndFog": 0.05787321108494312,
    "syncStructures": 0.3215053754468118
  },
  "userAgent": "Mozilla/5.0 (Linux; Android 10; K) AppleWebKit/537.36 (KHTML, like Gecko) Chrome/145.0.0.0 Mobile Safari/537.36",
  "timestamp": "2026-04-13T20:20:31.383Z"
}