{
  "buildNumber": "273",
  "buildId": "BF-xNiwv",
  "sessionId": "P_6xpY7hD",
  "durationSec": 16.273,
  "avgFps": 34.69061863780791,
  "minFps": 31.992790271339192,
  "maxFps": 40.321994488695054,
  "avgSectionTimingsMs": {
    "hud": 0.022495274226021,
    "camera": 0.008884688068202402,
    "autoEngage": 0.0038789025769554,
    "syncPlayers": 0.07310606093343461,
    "syncUnits": 0.03409090897802151,
    "syncResources": 0.02708333341235464,
    "sendClientPoses": 0.004734848428404693,
    "effectsAndFog": 9.873863636262037,
    "syncStructures": 0.1714285712282197
  },
  "userAgent": "Mozilla/5.0 (Linux; Android 10; K) AppleWebKit/537.36 (KHTML, like Gecko) Chrome/145.0.0.0 Mobile Safari/537.36",
  "timestamp": "2026-04-13T20:02:13.162Z"
}