{
  "buildNumber": "276",
  "buildId": "BdYYCv-Z",
  "sessionId": "P2QeoMsYc",
  "durationSec": 10.377,
  "avgFps": 41.13804643248672,
  "minFps": 39.638383967582946,
  "maxFps": 42.24570034076106,
  "avgSectionTimingsMs": {
    "hud": 0.027098321514449818,
    "camera": 0.0059952039798672535,
    "autoEngage": 0.0031212484922443404,
    "syncPlayers": 0.10408653892003573,
    "syncUnits": 0.03677884575266104,
    "syncResources": 0.026442307334106702,
    "sendClientPoses": 0.0026442306832625316,
    "effectsAndFog": 0.05576923124205608,
    "syncStructures": 0.33846153777379256
  },
  "userAgent": "Mozilla/5.0 (Linux; Android 10; K) AppleWebKit/537.36 (KHTML, like Gecko) Chrome/145.0.0.0 Mobile Safari/537.36",
  "timestamp": "2026-04-13T20:20:29.349Z"
}