{
  "buildNumber": "273",
  "buildId": "BF-xNiwv",
  "sessionId": "P_6xpY7hD",
  "durationSec": 41.363,
  "avgFps": 31.29673640751721,
  "minFps": 19.82888030923641,
  "maxFps": 40.321994488695054,
  "avgSectionTimingsMs": {
    "hud": 0.026551724250974327,
    "camera": 0.008017241312512037,
    "autoEngage": 0.004786545935248753,
    "syncPlayers": 0.0802415879869173,
    "syncUnits": 0.33054357209115115,
    "syncResources": 0.026919758350711327,
    "sendClientPoses": 0.05194132864423823,
    "effectsAndFog": 13.616911130130445,
    "syncStructures": 0.1585034015430074
  },
  "userAgent": "Mozilla/5.0 (Linux; Android 10; K) AppleWebKit/537.36 (KHTML, like Gecko) Chrome/145.0.0.0 Mobile Safari/537.36",
  "timestamp": "2026-04-13T20:02:38.253Z"
}