{
  "buildNumber": "276",
  "buildId": "BdYYCv-Z",
  "sessionId": "P2QeoMsYc",
  "durationSec": 1.898,
  "avgFps": 41.25975858233742,
  "minFps": 41.125914193165954,
  "maxFps": 41.50832673365585,
  "avgSectionTimingsMs": {
    "hud": 0.0324999999254942,
    "camera": 0.0050000004470348355,
    "autoEngage": 0.003773585055609169,
    "syncPlayers": 0.12911392503146885,
    "syncUnits": 0.02784810111492495,
    "syncResources": 0.034177215038975584,
    "sendClientPoses": 0.001265822709361209,
    "effectsAndFog": 0.06708860661410078,
    "syncStructures": 0.12142856844833919
  },
  "userAgent": "Mozilla/5.0 (Linux; Android 10; K) AppleWebKit/537.36 (KHTML, like Gecko) Chrome/145.0.0.0 Mobile Safari/537.36",
  "timestamp": "2026-04-13T20:20:20.870Z"
}