{
  "buildNumber": "276",
  "buildId": "BdYYCv-Z",
  "sessionId": "P2QeoMsYc",
  "durationSec": 49.041,
  "avgFps": 34.49518810695578,
  "minFps": 23.91074322966405,
  "maxFps": 42.24570034076106,
  "avgSectionTimingsMs": {
    "hud": 0.026308985298190028,
    "camera": 0.009890109878551136,
    "autoEngage": 0.006207565360573399,
    "syncPlayers": 0.14327296242599807,
    "syncUnits": 0.748641656198446,
    "syncResources": 0.029172056801568952,
    "sendClientPoses": 0.1173350582378802,
    "effectsAndFog": 0.06274256164167091,
    "syncStructures": 0.19944598288417192
  },
  "userAgent": "Mozilla/5.0 (Linux; Android 10; K) AppleWebKit/537.36 (KHTML, like Gecko) Chrome/145.0.0.0 Mobile Safari/537.36",
  "timestamp": "2026-04-13T20:21:08.013Z"
}