{
  "buildNumber": "273",
  "buildId": "BF-xNiwv",
  "sessionId": "P_6xpY7hD",
  "durationSec": 39.757,
  "avgFps": 31.60770438277325,
  "minFps": 20.10517374564855,
  "maxFps": 40.321994488695054,
  "avgSectionTimingsMs": {
    "hud": 0.026217892066475772,
    "camera": 0.008060230207823356,
    "autoEngage": 0.0047851129871160514,
    "syncPlayers": 0.07996453944567247,
    "syncUnits": 0.319858156091778,
    "syncResources": 0.027039007039357583,
    "sendClientPoses": 0.04787234029342942,
    "effectsAndFog": 13.219414893484918,
    "syncStructures": 0.1623239438508598
  },
  "userAgent": "Mozilla/5.0 (Linux; Android 10; K) AppleWebKit/537.36 (KHTML, like Gecko) Chrome/145.0.0.0 Mobile Safari/537.36",
  "timestamp": "2026-04-13T20:02:36.646Z"
}