{
  "buildNumber": "276",
  "buildId": "BdYYCv-Z",
  "sessionId": "P2QeoMsYc",
  "durationSec": 54.238,
  "avgFps": 33.71156795000736,
  "minFps": 23.47566485001089,
  "maxFps": 42.24570034076106,
  "avgSectionTimingsMs": {
    "hud": 0.02651469726797057,
    "camera": 0.010137972355461006,
    "autoEngage": 0.006330632989985286,
    "syncPlayers": 0.14843937568590135,
    "syncUnits": 0.8090636256147548,
    "syncResources": 0.029231692598361215,
    "sendClientPoses": 0.1274909963126944,
    "effectsAndFog": 0.06332533040038106,
    "syncStructures": 0.21099999979138373
  },
  "userAgent": "Mozilla/5.0 (Linux; Android 10; K) AppleWebKit/537.36 (KHTML, like Gecko) Chrome/145.0.0.0 Mobile Safari/537.36",
  "timestamp": "2026-04-13T20:21:13.210Z"
}