{
  "buildNumber": "277",
  "buildId": "CMEduUks",
  "sessionId": "q0WoIYLvG",
  "durationSec": 5.494,
  "avgFps": 38.451187665514865,
  "minFps": 38.014368527508694,
  "maxFps": 39.361938941941844,
  "avgSectionTimingsMs": {
    "hud": 0.023039215335658954,
    "camera": 0.006862745127257179,
    "autoEngage": 0.0029484032852350934,
    "syncPlayers": 0.06896551694776037,
    "syncUnits": 0.028571428776961828,
    "syncResources": 0.02413793018298783,
    "sendClientPoses": 0.0019704432323061185,
    "effectsAndFog": 0.041871920448218664,
    "syncStructures": 0.1682926845259783
  },
  "userAgent": "Mozilla/5.0 (Linux; Android 10; K) AppleWebKit/537.36 (KHTML, like Gecko) Chrome/145.0.0.0 Mobile Safari/537.36",
  "timestamp": "2026-04-13T20:25:10.333Z"
}