{
  "buildNumber": "276",
  "buildId": "BdYYCv-Z",
  "sessionId": "P2QeoMsYc",
  "durationSec": 41.455,
  "avgFps": 35.737309868310824,
  "minFps": 25.682952480482772,
  "maxFps": 42.24570034076106,
  "avgSectionTimingsMs": {
    "hud": 0.025785244887026666,
    "camera": 0.009495982468955442,
    "autoEngage": 0.005736207413246565,
    "syncPlayers": 0.13559941522646368,
    "syncUnits": 0.6657894739543485,
    "syncResources": 0.0291666664531705,
    "sendClientPoses": 0.10285087744569221,
    "effectsAndFog": 0.06352339201329048,
    "syncStructures": 0.19177631524048352
  },
  "userAgent": "Mozilla/5.0 (Linux; Android 10; K) AppleWebKit/537.36 (KHTML, like Gecko) Chrome/145.0.0.0 Mobile Safari/537.36",
  "timestamp": "2026-04-13T20:21:00.428Z"
}