{
  "buildNumber": "274",
  "buildId": "CB7E_Olw",
  "sessionId": "PJns0EXEj",
  "durationSec": 1.537,
  "avgFps": 46.60960323522178,
  "minFps": 45.86004418223954,
  "maxFps": 47.48005890965272,
  "avgSectionTimingsMs": {
    "hud": 0.023880596481152434,
    "camera": 0.00447761211822282,
    "autoEngage": 0,
    "syncPlayers": 0.09090909136064125,
    "syncUnits": 0.02121212085088094,
    "syncResources": 0.030303030754580643,
    "sendClientPoses": 0.006060606150916128,
    "effectsAndFog": 0.06363636435884418,
    "syncStructures": 0
  },
  "userAgent": "Mozilla/5.0 (Linux; Android 10; K) AppleWebKit/537.36 (KHTML, like Gecko) Chrome/145.0.0.0 Mobile Safari/537.36",
  "timestamp": "2026-04-13T20:10:30.022Z"
}