{
  "buildNumber": "276",
  "buildId": "BdYYCv-Z",
  "sessionId": "P2QeoMsYc",
  "durationSec": 33.265,
  "avgFps": 37.09831075150516,
  "minFps": 29.746071294150134,
  "maxFps": 42.24570034076106,
  "avgSectionTimingsMs": {
    "hud": 0.02530224546661443,
    "camera": 0.00794473233824155,
    "autoEngage": 0.005053995610828276,
    "syncPlayers": 0.11944684543378825,
    "syncUnits": 0.4444252377248779,
    "syncResources": 0.0271391528582099,
    "sendClientPoses": 0.07917026808371086,
    "effectsAndFog": 0.06058772708077624,
    "syncStructures": 0.21666666623053513
  },
  "userAgent": "Mozilla/5.0 (Linux; Android 10; K) AppleWebKit/537.36 (KHTML, like Gecko) Chrome/145.0.0.0 Mobile Safari/537.36",
  "timestamp": "2026-04-13T20:20:52.237Z"
}