{
  "buildNumber": "273",
  "buildId": "BF-xNiwv",
  "sessionId": "P_6xpY7hD",
  "durationSec": 2.598,
  "avgFps": 38.57594639797681,
  "minFps": 37.010841424918226,
  "maxFps": 40.321994488695054,
  "avgSectionTimingsMs": {
    "hud": 0.025842696093441395,
    "camera": 0.007865168405382822,
    "autoEngage": 0.003954802192537125,
    "syncPlayers": 0.0761363638395613,
    "syncUnits": 0.02727272700179707,
    "syncResources": 0.03977272693406452,
    "sendClientPoses": 0.0011363635686310854,
    "effectsAndFog": 9.359090909700502,
    "syncStructures": 0.005263157581028186
  },
  "userAgent": "Mozilla/5.0 (Linux; Android 10; K) AppleWebKit/537.36 (KHTML, like Gecko) Chrome/145.0.0.0 Mobile Safari/537.36",
  "timestamp": "2026-04-13T20:01:59.488Z"
}