{
  "buildNumber": "276",
  "buildId": "BdYYCv-Z",
  "sessionId": "P2QeoMsYc",
  "durationSec": 45.719,
  "avgFps": 35.01502377099833,
  "minFps": 24.825465433277753,
  "maxFps": 42.24570034076106,
  "avgSectionTimingsMs": {
    "hud": 0.02610469087299889,
    "camera": 0.009381373203343717,
    "autoEngage": 0.005916354851591388,
    "syncPlayers": 0.14013605438122134,
    "syncUnits": 0.7251020411244866,
    "syncResources": 0.0292517005180826,
    "sendClientPoses": 0.11163265317881188,
    "effectsAndFog": 0.0629251702707641,
    "syncStructures": 0.19404761847995577
  },
  "userAgent": "Mozilla/5.0 (Linux; Android 10; K) AppleWebKit/537.36 (KHTML, like Gecko) Chrome/145.0.0.0 Mobile Safari/537.36",
  "timestamp": "2026-04-13T20:21:04.692Z"
}