{
  "buildNumber": "273",
  "buildId": "BF-xNiwv",
  "sessionId": "P_6xpY7hD",
  "durationSec": 22.018,
  "avgFps": 33.949097112258634,
  "minFps": 31.135007847593187,
  "maxFps": 40.321994488695054,
  "avgSectionTimingsMs": {
    "hud": 0.02390381900390776,
    "camera": 0.008628005564971557,
    "autoEngage": 0.003892427438214917,
    "syncPlayers": 0.0753541079273305,
    "syncUnits": 0.03328611889574413,
    "syncResources": 0.028895184228845763,
    "sendClientPoses": 0.005382436277508398,
    "effectsAndFog": 10.021813030747786,
    "syncStructures": 0.15187499970197677
  },
  "userAgent": "Mozilla/5.0 (Linux; Android 10; K) AppleWebKit/537.36 (KHTML, like Gecko) Chrome/145.0.0.0 Mobile Safari/537.36",
  "timestamp": "2026-04-13T20:02:18.907Z"
}