{
  "buildNumber": "274",
  "buildId": "CB7E_Olw",
  "sessionId": "PJns0EXEj",
  "durationSec": 15.085,
  "avgFps": 44.59566758171601,
  "minFps": 40.38775949799375,
  "maxFps": 47.48005890965272,
  "avgSectionTimingsMs": {
    "hud": 0.01786833852062405,
    "camera": 0.006269592803473756,
    "autoEngage": 0.003372549005583221,
    "syncPlayers": 0.09089482008381579,
    "syncUnits": 0.19811616961959766,
    "syncResources": 0.021193092855591227,
    "sendClientPoses": 0.031083202202990066,
    "effectsAndFog": 0.05337519590484104,
    "syncStructures": 0.3478260866973711
  },
  "userAgent": "Mozilla/5.0 (Linux; Android 10; K) AppleWebKit/537.36 (KHTML, like Gecko) Chrome/145.0.0.0 Mobile Safari/537.36",
  "timestamp": "2026-04-13T20:10:43.571Z"
}