{
  "buildNumber": "276",
  "buildId": "BdYYCv-Z",
  "sessionId": "P2QeoMsYc",
  "durationSec": 17.728,
  "avgFps": 39.8358068883821,
  "minFps": 36.559663552824205,
  "maxFps": 42.24570034076106,
  "avgSectionTimingsMs": {
    "hud": 0.0271787300067603,
    "camera": 0.006056130108488187,
    "autoEngage": 0.0047302290587978545,
    "syncPlayers": 0.10976331376817805,
    "syncUnits": 0.18949704127904227,
    "syncResources": 0.027514792626073373,
    "sendClientPoses": 0.035059171712257454,
    "effectsAndFog": 0.05857988204476396,
    "syncStructures": 0.29848484830422833
  },
  "userAgent": "Mozilla/5.0 (Linux; Android 10; K) AppleWebKit/537.36 (KHTML, like Gecko) Chrome/145.0.0.0 Mobile Safari/537.36",
  "timestamp": "2026-04-13T20:20:36.700Z"
}