{
  "buildNumber": "273",
  "buildId": "BF-xNiwv",
  "sessionId": "P_6xpY7hD",
  "durationSec": 39.293,
  "avgFps": 31.698161907990034,
  "minFps": 20.473564994198064,
  "maxFps": 40.321994488695054,
  "avgSectionTimingsMs": {
    "hud": 0.02633928582072258,
    "camera": 0.008035714205886637,
    "autoEngage": 0.00482358196155468,
    "syncPlayers": 0.0795352997739364,
    "syncUnits": 0.3163538874260968,
    "syncResources": 0.026809651447897834,
    "sendClientPoses": 0.04647006250258745,
    "effectsAndFog": 13.100268096317661,
    "syncStructures": 0.1629893239918977
  },
  "userAgent": "Mozilla/5.0 (Linux; Android 10; K) AppleWebKit/537.36 (KHTML, like Gecko) Chrome/145.0.0.0 Mobile Safari/537.36",
  "timestamp": "2026-04-13T20:02:36.183Z"
}