{
  "buildNumber": "274",
  "buildId": "CB7E_Olw",
  "sessionId": "PJns0EXEj",
  "durationSec": 25.355,
  "avgFps": 42.0199588828334,
  "minFps": 32.75349885043815,
  "maxFps": 47.48005890965272,
  "avgSectionTimingsMs": {
    "hud": 0.017987804835647103,
    "camera": 0.007926829371268188,
    "autoEngage": 0.004321301444024075,
    "syncPlayers": 0.09979654146720289,
    "syncUnits": 0.5652085454757434,
    "syncResources": 0.02034588005026141,
    "sendClientPoses": 0.07721261439100287,
    "effectsAndFog": 0.056256357857072586,
    "syncStructures": 0.24894736785637706
  },
  "userAgent": "Mozilla/5.0 (Linux; Android 10; K) AppleWebKit/537.36 (KHTML, like Gecko) Chrome/145.0.0.0 Mobile Safari/537.36",
  "timestamp": "2026-04-13T20:10:53.841Z"
}