{
  "buildNumber": "273",
  "buildId": "BF-xNiwv",
  "sessionId": "P_6xpY7hD",
  "durationSec": 38.698,
  "avgFps": 31.80949695402401,
  "minFps": 20.473564994198064,
  "maxFps": 40.321994488695054,
  "avgSectionTimingsMs": {
    "hud": 0.026420198441411698,
    "camera": 0.007844905228739499,
    "autoEngage": 0.004826341911538743,
    "syncPlayers": 0.07942238304804379,
    "syncUnits": 0.3092960289239023,
    "syncResources": 0.026895306843067335,
    "sendClientPoses": 0.044314079363208386,
    "effectsAndFog": 12.936371840913157,
    "syncStructures": 0.16462093882182013
  },
  "userAgent": "Mozilla/5.0 (Linux; Android 10; K) AppleWebKit/537.36 (KHTML, like Gecko) Chrome/145.0.0.0 Mobile Safari/537.36",
  "timestamp": "2026-04-13T20:02:35.587Z"
}