{
  "buildNumber": "277",
  "buildId": "CMEduUks",
  "sessionId": "q0WoIYLvG",
  "durationSec": 10.971,
  "avgFps": 38.32505725361816,
  "minFps": 38.014368527508694,
  "maxFps": 39.361938941941844,
  "avgSectionTimingsMs": {
    "hud": 0.020243902468099827,
    "camera": 0.008536585147787885,
    "autoEngage": 0.0034188035789135757,
    "syncPlayers": 0.07383863070483312,
    "syncUnits": 0.0310513449327287,
    "syncResources": 0.02836185752033896,
    "sendClientPoses": 0.004400977951390236,
    "effectsAndFog": 0.0525672367266163,
    "syncStructures": 0.20963855464774442
  },
  "userAgent": "Mozilla/5.0 (Linux; Android 10; K) AppleWebKit/537.36 (KHTML, like Gecko) Chrome/145.0.0.0 Mobile Safari/537.36",
  "timestamp": "2026-04-13T20:25:15.810Z"
}