{
  "buildNumber": "273",
  "buildId": "BF-xNiwv",
  "sessionId": "P_6xpY7hD",
  "durationSec": 13.59,
  "avgFps": 35.138243898793036,
  "minFps": 32.298311318800174,
  "maxFps": 40.321994488695054,
  "avgSectionTimingsMs": {
    "hud": 0.022022472003872477,
    "camera": 0.00853932573554221,
    "autoEngage": 0.004274465705197896,
    "syncPlayers": 0.07117117156048079,
    "syncUnits": 0.0344594594863084,
    "syncResources": 0.026126126246946352,
    "sendClientPoses": 0.004279279158459054,
    "effectsAndFog": 9.806081080893138,
    "syncStructures": 0.18585858531672544
  },
  "userAgent": "Mozilla/5.0 (Linux; Android 10; K) AppleWebKit/537.36 (KHTML, like Gecko) Chrome/145.0.0.0 Mobile Safari/537.36",
  "timestamp": "2026-04-13T20:02:10.479Z"
}