{
  "buildNumber": "274",
  "buildId": "CB7E_Olw",
  "sessionId": "PJns0EXEj",
  "durationSec": 7.287,
  "avgFps": 45.797030195311024,
  "minFps": 44.792959703402545,
  "maxFps": 47.48005890965272,
  "avgSectionTimingsMs": {
    "hud": 0.019565217705987254,
    "camera": 0.005279503438783729,
    "autoEngage": 0.0023328148836666836,
    "syncPlayers": 0.08006230637291882,
    "syncUnits": 0.019626167797225286,
    "syncResources": 0.02242990659776135,
    "sendClientPoses": 0.00529595011862639,
    "effectsAndFog": 0.05295950127910602,
    "syncStructures": 0.2249999993613788
  },
  "userAgent": "Mozilla/5.0 (Linux; Android 10; K) AppleWebKit/537.36 (KHTML, like Gecko) Chrome/145.0.0.0 Mobile Safari/537.36",
  "timestamp": "2026-04-13T20:10:35.772Z"
}