{
  "buildNumber": "276",
  "buildId": "BdYYCv-Z",
  "sessionId": "P2QeoMsYc",
  "durationSec": 49.122,
  "avgFps": 34.4815219418463,
  "minFps": 23.91074322966405,
  "maxFps": 42.24570034076106,
  "avgSectionTimingsMs": {
    "hud": 0.026275016304906373,
    "camera": 0.00994189798331707,
    "autoEngage": 0.0061995478399268725,
    "syncPlayers": 0.1431524547187549,
    "syncUnits": 0.7490310080599724,
    "syncResources": 0.029134366805701292,
    "sendClientPoses": 0.1175710594507767,
    "effectsAndFog": 0.06285529733859291,
    "syncStructures": 0.19944598288417192
  },
  "userAgent": "Mozilla/5.0 (Linux; Android 10; K) AppleWebKit/537.36 (KHTML, like Gecko) Chrome/145.0.0.0 Mobile Safari/537.36",
  "timestamp": "2026-04-13T20:21:08.095Z"
}