{
  "buildNumber": "274",
  "buildId": "CB7E_Olw",
  "sessionId": "PJns0EXEj",
  "durationSec": 26.251,
  "avgFps": 41.75337846434608,
  "minFps": 32.56512413782861,
  "maxFps": 47.48005890965272,
  "avgSectionTimingsMs": {
    "hud": 0.01806515293436719,
    "camera": 0.008193484798941655,
    "autoEngage": 0.0043456790035153615,
    "syncPlayers": 0.10000000025326085,
    "syncUnits": 0.5697628460795041,
    "syncResources": 0.0202569170549453,
    "sendClientPoses": 0.07994071143889145,
    "effectsAndFog": 0.05622529624243499,
    "syncStructures": 0.24365482203246372
  },
  "userAgent": "Mozilla/5.0 (Linux; Android 10; K) AppleWebKit/537.36 (KHTML, like Gecko) Chrome/145.0.0.0 Mobile Safari/537.36",
  "timestamp": "2026-04-13T20:10:54.736Z"
}