{
  "buildNumber": "273",
  "buildId": "BF-xNiwv",
  "sessionId": "P_6xpY7hD",
  "durationSec": 20.527,
  "avgFps": 34.13688317976914,
  "minFps": 31.245944527628296,
  "maxFps": 40.321994488695054,
  "avgSectionTimingsMs": {
    "hud": 0.023484848620313588,
    "camera": 0.008787878715630734,
    "autoEngage": 0.0038665655754659104,
    "syncPlayers": 0.07496206419420894,
    "syncUnits": 0.03353565994633167,
    "syncResources": 0.0303490137022797,
    "sendClientPoses": 0.004248861884853728,
    "effectsAndFog": 10.031107738681918,
    "syncStructures": 0.15799999992052713
  },
  "userAgent": "Mozilla/5.0 (Linux; Android 10; K) AppleWebKit/537.36 (KHTML, like Gecko) Chrome/145.0.0.0 Mobile Safari/537.36",
  "timestamp": "2026-04-13T20:02:17.416Z"
}