{
  "buildNumber": "273",
  "buildId": "BF-xNiwv",
  "sessionId": "P_6xpY7hD",
  "durationSec": 17.944,
  "avgFps": 34.453464166803975,
  "minFps": 31.992790271339192,
  "maxFps": 40.321994488695054,
  "avgSectionTimingsMs": {
    "hud": 0.022758620874635104,
    "camera": 0.0087931034379992,
    "autoEngage": 0.00414150127879086,
    "syncPlayers": 0.07461139935491821,
    "syncUnits": 0.03367875637373982,
    "syncResources": 0.027979274745226317,
    "sendClientPoses": 0.004490500853263447,
    "effectsAndFog": 9.929015543794385,
    "syncStructures": 0.17251908392396592
  },
  "userAgent": "Mozilla/5.0 (Linux; Android 10; K) AppleWebKit/537.36 (KHTML, like Gecko) Chrome/145.0.0.0 Mobile Safari/537.36",
  "timestamp": "2026-04-13T20:02:14.833Z"
}