{
  "buildNumber": "273",
  "buildId": "BF-xNiwv",
  "sessionId": "P_6xpY7hD",
  "durationSec": 25.73,
  "avgFps": 33.63603025590641,
  "minFps": 31.135007847593187,
  "maxFps": 40.321994488695054,
  "avgSectionTimingsMs": {
    "hud": 0.024757281596799498,
    "camera": 0.008252427090429565,
    "autoEngage": 0.0038251366011649098,
    "syncPlayers": 0.07582017051492833,
    "syncUnits": 0.033778857779242145,
    "syncResources": 0.02746051039324931,
    "sendClientPoses": 0.005589307477088919,
    "effectsAndFog": 10.072296475944079,
    "syncStructures": 0.20265957396081152
  },
  "userAgent": "Mozilla/5.0 (Linux; Android 10; K) AppleWebKit/537.36 (KHTML, like Gecko) Chrome/145.0.0.0 Mobile Safari/537.36",
  "timestamp": "2026-04-13T20:02:22.619Z"
}