{
  "buildNumber": "276",
  "buildId": "BdYYCv-Z",
  "sessionId": "P2QeoMsYc",
  "durationSec": 37.721,
  "avgFps": 36.307285745680105,
  "minFps": 27.76340537041469,
  "maxFps": 42.24570034076106,
  "avgSectionTimingsMs": {
    "hud": 0.02513704014272548,
    "camera": 0.008927173066531296,
    "autoEngage": 0.0055620837248963936,
    "syncPlayers": 0.12970219435736677,
    "syncUnits": 0.570532915594062,
    "syncResources": 0.028526645539135767,
    "sendClientPoses": 0.09341692807719251,
    "effectsAndFog": 0.06214733559603228,
    "syncStructures": 0.19927797786595589
  },
  "userAgent": "Mozilla/5.0 (Linux; Android 10; K) AppleWebKit/537.36 (KHTML, like Gecko) Chrome/145.0.0.0 Mobile Safari/537.36",
  "timestamp": "2026-04-13T20:20:56.694Z"
}