{
  "buildNumber": "273",
  "buildId": "BF-xNiwv",
  "sessionId": "P_6xpY7hD",
  "durationSec": 0.788,
  "avgFps": 39.27751248726042,
  "minFps": 39.24149586652129,
  "maxFps": 40.321994488695054,
  "avgSectionTimingsMs": {
    "hud": 0.023333331942558287,
    "camera": 0.016666666666666666,
    "autoEngage": 0.0050847459647615076,
    "syncPlayers": 0.08965517118059356,
    "syncUnits": 0.031034482964153946,
    "syncResources": 0.034482758620689655,
    "sendClientPoses": 0,
    "effectsAndFog": 7.137931035510425,
    "syncStructures": 0.019999998807907104
  },
  "userAgent": "Mozilla/5.0 (Linux; Android 10; K) AppleWebKit/537.36 (KHTML, like Gecko) Chrome/145.0.0.0 Mobile Safari/537.36",
  "timestamp": "2026-04-13T20:01:57.677Z"
}