{
  "buildNumber": "274",
  "buildId": "CB7E_Olw",
  "sessionId": "PJns0EXEj",
  "durationSec": 4.014,
  "avgFps": 46.420062413314064,
  "minFps": 45.40970613938231,
  "maxFps": 47.48005890965272,
  "avgSectionTimingsMs": {
    "hud": 0.01966292168317216,
    "camera": 0.005617977695518665,
    "autoEngage": 0.0019718308683852074,
    "syncPlayers": 0.0802259894750886,
    "syncUnits": 0.022598869888122472,
    "syncResources": 0.027118643798397086,
    "sendClientPoses": 0.005084745796386805,
    "effectsAndFog": 0.0581920897893313,
    "syncStructures": 0.1516129038026256
  },
  "userAgent": "Mozilla/5.0 (Linux; Android 10; K) AppleWebKit/537.36 (KHTML, like Gecko) Chrome/145.0.0.0 Mobile Safari/537.36",
  "timestamp": "2026-04-13T20:10:32.499Z"
}