{
  "buildNumber": "276",
  "buildId": "BdYYCv-Z",
  "sessionId": "P2QeoMsYc",
  "durationSec": 47.283,
  "avgFps": 34.76914540695874,
  "minFps": 24.619099074958314,
  "maxFps": 42.24570034076106,
  "avgSectionTimingsMs": {
    "hud": 0.02607830144667673,
    "camera": 0.009754479109410347,
    "autoEngage": 0.0060736806219375055,
    "syncPlayers": 0.14169986716225486,
    "syncUnits": 0.7420982739048333,
    "syncResources": 0.02915006624670776,
    "sendClientPoses": 0.11420982737702677,
    "effectsAndFog": 0.0627490042017434,
    "syncStructures": 0.2028735626874299
  },
  "userAgent": "Mozilla/5.0 (Linux; Android 10; K) AppleWebKit/537.36 (KHTML, like Gecko) Chrome/145.0.0.0 Mobile Safari/537.36",
  "timestamp": "2026-04-13T20:21:06.256Z"
}