{
  "buildNumber": "275",
  "buildId": "DlwQSAVw",
  "sessionId": "7MiGiHpAI",
  "durationSec": 16.426,
  "avgFps": 20.62220289512416,
  "minFps": 15.453768091335075,
  "maxFps": 22.854172486012928,
  "avgSectionTimingsMs": {
    "hud": 0.016620499027732997,
    "camera": 0.010249307198537684,
    "autoEngage": 0.006102635237115762,
    "syncPlayers": 0.12499999991721578,
    "syncUnits": 0.8913888890710142,
    "syncStructures": 0.07768595046248318,
    "syncResources": 0.029722221940755845,
    "sendClientPoses": 0.1858333333498902,
    "effectsAndFog": 16.528888889484936
  },
  "userAgent": "Mozilla/5.0 (Linux; Android 10; K) AppleWebKit/537.36 (KHTML, like Gecko) Chrome/145.0.0.0 Mobile Safari/537.36",
  "timestamp": "2026-04-13T20:14:37.654Z"
}