{
  "buildNumber": "277",
  "buildId": "CMEduUks",
  "sessionId": "q0WoIYLvG",
  "durationSec": 3.935,
  "avgFps": 38.48285756583433,
  "minFps": 38.293317991131715,
  "maxFps": 39.361938941941844,
  "avgSectionTimingsMs": {
    "hud": 0.01986301353532974,
    "camera": 0.00684931506849315,
    "autoEngage": 0.003436426424078925,
    "syncPlayers": 0.07517241403974335,
    "syncUnits": 0.027586206896551724,
    "syncResources": 0.02551724068049727,
    "sendClientPoses": 0.0020689653939214244,
    "effectsAndFog": 0.04275861957977558,
    "syncStructures": 0.006896552340737705
  },
  "userAgent": "Mozilla/5.0 (Linux; Android 10; K) AppleWebKit/537.36 (KHTML, like Gecko) Chrome/145.0.0.0 Mobile Safari/537.36",
  "timestamp": "2026-04-13T20:25:08.774Z"
}