{
  "buildNumber": "276",
  "buildId": "BdYYCv-Z",
  "sessionId": "P2QeoMsYc",
  "durationSec": 4.574,
  "avgFps": 41.50982477846511,
  "minFps": 41.125914193165954,
  "maxFps": 41.88124505024189,
  "avgSectionTimingsMs": {
    "hud": 0.02500000052774946,
    "camera": 0.00572916679084301,
    "autoEngage": 0.0023498695450725506,
    "syncPlayers": 0.10837696453663691,
    "syncUnits": 0.03350785281021557,
    "syncResources": 0.02670157049338855,
    "sendClientPoses": 0.0020942408689029555,
    "effectsAndFog": 0.06125654412813836,
    "syncStructures": 0.05454545310049346
  },
  "userAgent": "Mozilla/5.0 (Linux; Android 10; K) AppleWebKit/537.36 (KHTML, like Gecko) Chrome/145.0.0.0 Mobile Safari/537.36",
  "timestamp": "2026-04-13T20:20:23.546Z"
}