{
  "buildNumber": "274",
  "buildId": "CB7E_Olw",
  "sessionId": "PJns0EXEj",
  "durationSec": 12.184,
  "avgFps": 45.184011106296204,
  "minFps": 42.882096587837026,
  "maxFps": 47.48005890965272,
  "avgSectionTimingsMs": {
    "hud": 0.018026565634548325,
    "camera": 0.006072106521993706,
    "autoEngage": 0.002849002849002849,
    "syncPlayers": 0.08745247221944903,
    "syncUnits": 0.05893536116007163,
    "syncResources": 0.01996197735628701,
    "sendClientPoses": 0.014638783247298615,
    "effectsAndFog": 0.05361216688110801,
    "syncStructures": 0.37741935509507374
  },
  "userAgent": "Mozilla/5.0 (Linux; Android 10; K) AppleWebKit/537.36 (KHTML, like Gecko) Chrome/145.0.0.0 Mobile Safari/537.36",
  "timestamp": "2026-04-13T20:10:40.669Z"
}