{
  "buildNumber": "276",
  "buildId": "BdYYCv-Z",
  "sessionId": "P2QeoMsYc",
  "durationSec": 23.927,
  "avgFps": 38.80090037442245,
  "minFps": 33.65631007019205,
  "maxFps": 42.24570034076106,
  "avgSectionTimingsMs": {
    "hud": 0.027076223265460192,
    "camera": 0.006712173032272391,
    "autoEngage": 0.005008537201428183,
    "syncPlayers": 0.11309794986573873,
    "syncUnits": 0.27334851953190387,
    "syncResources": 0.026309794812104697,
    "sendClientPoses": 0.05205011401741271,
    "effectsAndFog": 0.059794988915969134,
    "syncStructures": 0.266101695049954
  },
  "userAgent": "Mozilla/5.0 (Linux; Android 10; K) AppleWebKit/537.36 (KHTML, like Gecko) Chrome/145.0.0.0 Mobile Safari/537.36",
  "timestamp": "2026-04-13T20:20:42.899Z"
}