{
  "buildNumber": "273",
  "buildId": "BF-xNiwv",
  "sessionId": "P_6xpY7hD",
  "durationSec": 7.25,
  "avgFps": 37.00675146182311,
  "minFps": 33.92933053345227,
  "maxFps": 40.321994488695054,
  "avgSectionTimingsMs": {
    "hud": 0.024180328137561925,
    "camera": 0.0077868850260484415,
    "autoEngage": 0.0026694045419320923,
    "syncPlayers": 0.06666666747611245,
    "syncUnits": 0.033333333308804676,
    "syncResources": 0.03168724274929659,
    "sendClientPoses": 0.003703703605589062,
    "effectsAndFog": 9.132510287771499,
    "syncStructures": 0.005660377021105784
  },
  "userAgent": "Mozilla/5.0 (Linux; Android 10; K) AppleWebKit/537.36 (KHTML, like Gecko) Chrome/145.0.0.0 Mobile Safari/537.36",
  "timestamp": "2026-04-13T20:02:04.139Z"
}