{
  "buildNumber": "276",
  "buildId": "BdYYCv-Z",
  "sessionId": "P2QeoMsYc",
  "durationSec": 29.299,
  "avgFps": 37.798991112107466,
  "minFps": 31.407336435832516,
  "maxFps": 42.24570034076106,
  "avgSectionTimingsMs": {
    "hud": 0.025550239422674956,
    "camera": 0.007368421155299867,
    "autoEngage": 0.004834849135963582,
    "syncPlayers": 0.11724137940169294,
    "syncUnits": 0.35440613041093066,
    "syncResources": 0.026628352273469685,
    "sendClientPoses": 0.06839080471759555,
    "effectsAndFog": 0.05909961707518932,
    "syncStructures": 0.232110091305654
  },
  "userAgent": "Mozilla/5.0 (Linux; Android 10; K) AppleWebKit/537.36 (KHTML, like Gecko) Chrome/145.0.0.0 Mobile Safari/537.36",
  "timestamp": "2026-04-13T20:20:48.272Z"
}