{
  "buildNumber": "277",
  "buildId": "CMEduUks",
  "sessionId": "q0WoIYLvG",
  "durationSec": 10.526,
  "avgFps": 38.32725296568668,
  "minFps": 38.014368527508694,
  "maxFps": 39.361938941941844,
  "avgSectionTimingsMs": {
    "hud": 0.020304568603559194,
    "camera": 0.008629441412572329,
    "autoEngage": 0.0034307498186637365,
    "syncPlayers": 0.07353689538613531,
    "syncUnits": 0.030788804283578886,
    "syncResources": 0.028498727098372752,
    "sendClientPoses": 0.004580152626255996,
    "effectsAndFog": 0.05368956695986158,
    "syncStructures": 0.20886075987091549
  },
  "userAgent": "Mozilla/5.0 (Linux; Android 10; K) AppleWebKit/537.36 (KHTML, like Gecko) Chrome/145.0.0.0 Mobile Safari/537.36",
  "timestamp": "2026-04-13T20:25:15.365Z"
}