{
  "buildNumber": "276",
  "buildId": "BdYYCv-Z",
  "sessionId": "P2QeoMsYc",
  "durationSec": 25.407,
  "avgFps": 38.507967927595416,
  "minFps": 32.74417441448303,
  "maxFps": 42.24570034076106,
  "avgSectionTimingsMs": {
    "hud": 0.026889849043819355,
    "camera": 0.006911447155037915,
    "autoEngage": 0.0050243111090812085,
    "syncPlayers": 0.11394594595238969,
    "syncUnits": 0.2950270271945644,
    "syncResources": 0.026270270122064128,
    "sendClientPoses": 0.05567567577233186,
    "effectsAndFog": 0.05978378408663982,
    "syncStructures": 0.2558510636395596
  },
  "userAgent": "Mozilla/5.0 (Linux; Android 10; K) AppleWebKit/537.36 (KHTML, like Gecko) Chrome/145.0.0.0 Mobile Safari/537.36",
  "timestamp": "2026-04-13T20:20:44.379Z"
}