{
  "buildNumber": "276",
  "buildId": "BdYYCv-Z",
  "sessionId": "P2QeoMsYc",
  "durationSec": 0.61,
  "avgFps": 41.125914193165954,
  "minFps": 41.125914193165954,
  "maxFps": 41.125914193165954,
  "avgSectionTimingsMs": {
    "hud": 0.026923076464579657,
    "camera": 0.007692308380053594,
    "autoEngage": 0.003921568978066538,
    "syncPlayers": 0.16800000190734862,
    "syncUnits": 0.02399999976158142,
    "syncResources": 0.02799999952316284,
    "sendClientPoses": 0.003999999761581421,
    "effectsAndFog": 0.08799999952316284,
    "syncStructures": 0.1
  },
  "userAgent": "Mozilla/5.0 (Linux; Android 10; K) AppleWebKit/537.36 (KHTML, like Gecko) Chrome/145.0.0.0 Mobile Safari/537.36",
  "timestamp": "2026-04-13T20:20:19.582Z"
}