{
  "buildNumber": "277",
  "buildId": "CMEduUks",
  "sessionId": "q0WoIYLvG",
  "durationSec": 19.645,
  "avgFps": 37.987094097775895,
  "minFps": 36.94121099749357,
  "maxFps": 39.361938941941844,
  "avgSectionTimingsMs": {
    "hud": 0.021614226898644756,
    "camera": 0.007934336337769243,
    "autoEngage": 0.003764544975096685,
    "syncPlayers": 0.07479452053978018,
    "syncUnits": 0.051643836008359305,
    "syncResources": 0.024657533960799647,
    "sendClientPoses": 0.008904109589041096,
    "effectsAndFog": 0.04945205454140493,
    "syncStructures": 0.24797297289242615
  },
  "userAgent": "Mozilla/5.0 (Linux; Android 10; K) AppleWebKit/537.36 (KHTML, like Gecko) Chrome/145.0.0.0 Mobile Safari/537.36",
  "timestamp": "2026-04-13T20:25:24.484Z"
}