{
  "buildNumber": "273",
  "buildId": "BF-xNiwv",
  "sessionId": "P_6xpY7hD",
  "durationSec": 26.945,
  "avgFps": 33.57766427734103,
  "minFps": 31.135007847593187,
  "maxFps": 40.321994488695054,
  "avgSectionTimingsMs": {
    "hud": 0.02494172494867187,
    "camera": 0.008275058163907422,
    "autoEngage": 0.003848396480604789,
    "syncPlayers": 0.0765460914602914,
    "syncUnits": 0.05414235710124012,
    "syncResources": 0.027187864692792593,
    "sendClientPoses": 0.008051341966820431,
    "effectsAndFog": 10.155892648246214,
    "syncStructures": 0.20253807094496518
  },
  "userAgent": "Mozilla/5.0 (Linux; Android 10; K) AppleWebKit/537.36 (KHTML, like Gecko) Chrome/145.0.0.0 Mobile Safari/537.36",
  "timestamp": "2026-04-13T20:02:23.834Z"
}