{
  "buildNumber": "275",
  "buildId": "DlwQSAVw",
  "sessionId": "7MiGiHpAI",
  "durationSec": 6.516,
  "avgFps": 18.31478365135347,
  "minFps": 15.453768091335075,
  "maxFps": 20.130142232611743,
  "avgSectionTimingsMs": {
    "hud": 0.024460432769583283,
    "camera": 0.010791366692069622,
    "autoEngage": 0.0075812272001259595,
    "syncPlayers": 0.14420289794603983,
    "syncUnits": 1.1557971016652342,
    "syncStructures": 0.08297872226288978,
    "syncResources": 0.03695652126402095,
    "sendClientPoses": 0.21594202971976736,
    "effectsAndFog": 17.436231884187546
  },
  "userAgent": "Mozilla/5.0 (Linux; Android 10; K) AppleWebKit/537.36 (KHTML, like Gecko) Chrome/145.0.0.0 Mobile Safari/537.36",
  "timestamp": "2026-04-13T20:14:27.744Z"
}