{
  "buildNumber": "274",
  "buildId": "CB7E_Olw",
  "sessionId": "PJns0EXEj",
  "durationSec": 6.437,
  "avgFps": 45.92356930634086,
  "minFps": 44.792959703402545,
  "maxFps": 47.48005890965272,
  "avgSectionTimingsMs": {
    "hud": 0.018947368651105648,
    "camera": 0.0052631581038759465,
    "autoEngage": 0.0022847099861486933,
    "syncPlayers": 0.08274648002755473,
    "syncUnits": 0.020070422178422902,
    "syncResources": 0.023943661908868333,
    "sendClientPoses": 0.005633802795913858,
    "effectsAndFog": 0.0524647883336309,
    "syncStructures": 0.2530612240032274
  },
  "userAgent": "Mozilla/5.0 (Linux; Android 10; K) AppleWebKit/537.36 (KHTML, like Gecko) Chrome/145.0.0.0 Mobile Safari/537.36",
  "timestamp": "2026-04-13T20:10:34.923Z"
}