{
  "buildNumber": "277",
  "buildId": "CMEduUks",
  "sessionId": "q0WoIYLvG",
  "durationSec": 40.704,
  "avgFps": 34.756613729297634,
  "minFps": 26.510727529094936,
  "maxFps": 39.361938941941844,
  "avgSectionTimingsMs": {
    "hud": 0.022407267081927026,
    "camera": 0.009765329187697845,
    "autoEngage": 0.0062854979490520645,
    "syncPlayers": 0.08780303001403808,
    "syncUnits": 0.7731818183127678,
    "syncResources": 0.02643939376328931,
    "sendClientPoses": 0.08249999993678295,
    "effectsAndFog": 0.049848484925248404,
    "syncStructures": 0.16321070277969973
  },
  "userAgent": "Mozilla/5.0 (Linux; Android 10; K) AppleWebKit/537.36 (KHTML, like Gecko) Chrome/145.0.0.0 Mobile Safari/537.36",
  "timestamp": "2026-04-13T20:25:45.544Z"
}