{
  "buildNumber": "274",
  "buildId": "CB7E_Olw",
  "sessionId": "PJns0EXEj",
  "durationSec": 0.675,
  "avgFps": 47.48005890965274,
  "minFps": 47.48005890965272,
  "maxFps": 47.48005890965272,
  "avgSectionTimingsMs": {
    "hud": 0.023076921701431274,
    "camera": 0.0038461536169052124,
    "autoEngage": 0,
    "syncPlayers": 0.12800000071525575,
    "syncUnits": 0.012000000476837159,
    "syncResources": 0.047999998331069944,
    "sendClientPoses": 0,
    "effectsAndFog": 0.09599999904632568,
    "syncStructures": 0
  },
  "userAgent": "Mozilla/5.0 (Linux; Android 10; K) AppleWebKit/537.36 (KHTML, like Gecko) Chrome/145.0.0.0 Mobile Safari/537.36",
  "timestamp": "2026-04-13T20:10:29.160Z"
}