{
  "buildNumber": "277",
  "buildId": "CMEduUks",
  "sessionId": "q0WoIYLvG",
  "durationSec": 32.812,
  "avgFps": 36.206870768835884,
  "minFps": 27.4042746598556,
  "maxFps": 39.361938941941844,
  "avgSectionTimingsMs": {
    "hud": 0.02230215806969636,
    "camera": 0.009352517830167743,
    "autoEngage": 0.005802969043983085,
    "syncPlayers": 0.08415841562698598,
    "syncUnits": 0.5735373540465409,
    "syncResources": 0.025742574144761696,
    "sendClientPoses": 0.06264626451379861,
    "effectsAndFog": 0.049954995392250866,
    "syncStructures": 0.18319672150690047
  },
  "userAgent": "Mozilla/5.0 (Linux; Android 10; K) AppleWebKit/537.36 (KHTML, like Gecko) Chrome/145.0.0.0 Mobile Safari/537.36",
  "timestamp": "2026-04-13T20:25:37.651Z"
}