{
  "buildNumber": "276",
  "buildId": "BdYYCv-Z",
  "sessionId": "P2QeoMsYc",
  "durationSec": 31.137,
  "avgFps": 37.48729213827272,
  "minFps": 30.805502326874386,
  "maxFps": 42.24570034076106,
  "avgSectionTimingsMs": {
    "hud": 0.02518248193672974,
    "camera": 0.007846715404604474,
    "autoEngage": 0.005020538512455824,
    "syncPlayers": 0.11799086773232238,
    "syncUnits": 0.3984474886770118,
    "syncResources": 0.026757990687949474,
    "sendClientPoses": 0.07296803672564084,
    "effectsAndFog": 0.059908676011377275,
    "syncStructures": 0.22478260812552078
  },
  "userAgent": "Mozilla/5.0 (Linux; Android 10; K) AppleWebKit/537.36 (KHTML, like Gecko) Chrome/145.0.0.0 Mobile Safari/537.36",
  "timestamp": "2026-04-13T20:20:50.109Z"
}