{
  "buildNumber": "276",
  "buildId": "BdYYCv-Z",
  "sessionId": "P2QeoMsYc",
  "durationSec": 3.402,
  "avgFps": 41.43185531752012,
  "minFps": 41.125914193165954,
  "maxFps": 41.88124505024189,
  "avgSectionTimingsMs": {
    "hud": 0.02657342686519756,
    "camera": 0.005594405677768734,
    "autoEngage": 0.0028070176902570223,
    "syncPlayers": 0.1133802829074188,
    "syncUnits": 0.02957746428503117,
    "syncResources": 0.028873239394644618,
    "sendClientPoses": 0.002112676140288232,
    "effectsAndFog": 0.06619718230106461,
    "syncStructures": 0.06799999833106994
  },
  "userAgent": "Mozilla/5.0 (Linux; Android 10; K) AppleWebKit/537.36 (KHTML, like Gecko) Chrome/145.0.0.0 Mobile Safari/537.36",
  "timestamp": "2026-04-13T20:20:22.374Z"
}