{
  "buildNumber": "273",
  "buildId": "BF-xNiwv",
  "sessionId": "P_6xpY7hD",
  "durationSec": 63.976,
  "avgFps": 27.999099307809637,
  "minFps": 18.005645273948964,
  "maxFps": 40.321994488695054,
  "avgSectionTimingsMs": {
    "hud": 0.0260282776541146,
    "camera": 0.007969151598169135,
    "autoEngage": 0.005496624906283029,
    "syncPlayers": 0.08810289435064678,
    "syncUnits": 0.58758842431464,
    "syncResources": 0.02713826356210126,
    "sendClientPoses": 0.11717041824791592,
    "effectsAndFog": 18.32553054648197,
    "syncStructures": 0.1294663574745373
  },
  "userAgent": "Mozilla/5.0 (Linux; Android 10; K) AppleWebKit/537.36 (KHTML, like Gecko) Chrome/145.0.0.0 Mobile Safari/537.36",
  "timestamp": "2026-04-13T20:03:00.865Z"
}