{
  "buildNumber": "276",
  "buildId": "BdYYCv-Z",
  "sessionId": "P2QeoMsYc",
  "durationSec": 15.687,
  "avgFps": 40.22957778361454,
  "minFps": 36.74621807043228,
  "maxFps": 42.24570034076106,
  "avgSectionTimingsMs": {
    "hud": 0.02587064705282499,
    "camera": 0.006301824330888182,
    "autoEngage": 0.00456431530323266,
    "syncPlayers": 0.10847176091615544,
    "syncUnits": 0.1772425245506027,
    "syncResources": 0.02724252467931703,
    "sendClientPoses": 0.034883721128254636,
    "effectsAndFog": 0.05880398711690871,
    "syncStructures": 0.2717948718967601
  },
  "userAgent": "Mozilla/5.0 (Linux; Android 10; K) AppleWebKit/537.36 (KHTML, like Gecko) Chrome/145.0.0.0 Mobile Safari/537.36",
  "timestamp": "2026-04-13T20:20:34.659Z"
}