{
  "buildNumber": "273",
  "buildId": "BF-xNiwv",
  "sessionId": "P_6xpY7hD",
  "durationSec": 28.643,
  "avgFps": 33.43894208468808,
  "minFps": 29.359513071453023,
  "maxFps": 40.321994488695054,
  "avgSectionTimingsMs": {
    "hud": 0.025720620796315687,
    "camera": 0.008203991005267378,
    "autoEngage": 0.004215196890759587,
    "syncPlayers": 0.07635960085410522,
    "syncUnits": 0.0872364039889451,
    "syncResources": 0.027635960084087443,
    "sendClientPoses": 0.013651498381490846,
    "effectsAndFog": 10.337846836391485,
    "syncStructures": 0.19807692287633052
  },
  "userAgent": "Mozilla/5.0 (Linux; Android 10; K) AppleWebKit/537.36 (KHTML, like Gecko) Chrome/145.0.0.0 Mobile Safari/537.36",
  "timestamp": "2026-04-13T20:02:25.532Z"
}