{
  "buildNumber": "274",
  "buildId": "CB7E_Olw",
  "sessionId": "PJns0EXEj",
  "durationSec": 31.868,
  "avgFps": 40.305647171868564,
  "minFps": 31.192882327528594,
  "maxFps": 47.48005890965272,
  "avgSectionTimingsMs": {
    "hud": 0.019224283214765294,
    "camera": 0.0077571670381858015,
    "autoEngage": 0.00425980598652026,
    "syncPlayers": 0.1028691985687626,
    "syncUnits": 0.6450632913203179,
    "syncResources": 0.020759493716155427,
    "sendClientPoses": 0.09392405046692377,
    "effectsAndFog": 0.0567932488043097,
    "syncStructures": 0.21271186422998623
  },
  "userAgent": "Mozilla/5.0 (Linux; Android 10; K) AppleWebKit/537.36 (KHTML, like Gecko) Chrome/145.0.0.0 Mobile Safari/537.36",
  "timestamp": "2026-04-13T20:11:00.354Z"
}