{
  "buildNumber": "277",
  "buildId": "CMEduUks",
  "sessionId": "q0WoIYLvG",
  "durationSec": 10.112,
  "avgFps": 38.339277576079375,
  "minFps": 38.014368527508694,
  "maxFps": 39.361938941941844,
  "avgSectionTimingsMs": {
    "hud": 0.020634920666457484,
    "camera": 0.008201058027605531,
    "autoEngage": 0.003443708759269967,
    "syncPlayers": 0.07294429700317687,
    "syncUnits": 0.031299734937733616,
    "syncResources": 0.02917771812142997,
    "sendClientPoses": 0.004774535761587816,
    "effectsAndFog": 0.05358090142988716,
    "syncStructures": 0.21447368475951648
  },
  "userAgent": "Mozilla/5.0 (Linux; Android 10; K) AppleWebKit/537.36 (KHTML, like Gecko) Chrome/145.0.0.0 Mobile Safari/537.36",
  "timestamp": "2026-04-13T20:25:14.951Z"
}