{
  "buildNumber": "273",
  "buildId": "BF-xNiwv",
  "sessionId": "P_6xpY7hD",
  "durationSec": 3.483,
  "avgFps": 38.05628164430915,
  "minFps": 36.25813106868867,
  "maxFps": 40.321994488695054,
  "avgSectionTimingsMs": {
    "hud": 0.02727272712494716,
    "camera": 0.007438016331885472,
    "autoEngage": 0.0029045642658882616,
    "syncPlayers": 0.06583333313465119,
    "syncUnits": 0.02916666641831398,
    "syncResources": 0.044166667262713115,
    "sendClientPoses": 0.0016666665673255921,
    "effectsAndFog": 8.796666666865349,
    "syncStructures": 0.0038461536169052124
  },
  "userAgent": "Mozilla/5.0 (Linux; Android 10; K) AppleWebKit/537.36 (KHTML, like Gecko) Chrome/145.0.0.0 Mobile Safari/537.36",
  "timestamp": "2026-04-13T20:02:00.372Z"
}