{
  "buildNumber": "277",
  "buildId": "CMEduUks",
  "sessionId": "q0WoIYLvG",
  "durationSec": 13.132,
  "avgFps": 38.21053191203716,
  "minFps": 37.33993066221078,
  "maxFps": 39.361938941941844,
  "avgSectionTimingsMs": {
    "hud": 0.02069672123819101,
    "camera": 0.008196721067194079,
    "autoEngage": 0.0033846155496744007,
    "syncPlayers": 0.07597535915932861,
    "syncUnits": 0.03511293676110019,
    "syncResources": 0.027310061014163667,
    "sendClientPoses": 0.004722792632281168,
    "effectsAndFog": 0.05133470195274823,
    "syncStructures": 0.20204081675227809
  },
  "userAgent": "Mozilla/5.0 (Linux; Android 10; K) AppleWebKit/537.36 (KHTML, like Gecko) Chrome/145.0.0.0 Mobile Safari/537.36",
  "timestamp": "2026-04-13T20:25:17.971Z"
}