{
  "buildNumber": "277",
  "buildId": "CMEduUks",
  "sessionId": "q0WoIYLvG",
  "durationSec": 33.482,
  "avgFps": 36.066652423737104,
  "minFps": 27.4042746598556,
  "maxFps": 39.361938941941844,
  "avgSectionTimingsMs": {
    "hud": 0.0225663714440523,
    "camera": 0.009469026406254388,
    "autoEngage": 0.00602036306899224,
    "syncPlayers": 0.08449955689790926,
    "syncUnits": 0.6042515503240962,
    "syncResources": 0.02595216991417803,
    "sendClientPoses": 0.06395039846666943,
    "effectsAndFog": 0.04995571297285724,
    "syncStructures": 0.18104838736114964
  },
  "userAgent": "Mozilla/5.0 (Linux; Android 10; K) AppleWebKit/537.36 (KHTML, like Gecko) Chrome/145.0.0.0 Mobile Safari/537.36",
  "timestamp": "2026-04-13T20:25:38.322Z"
}