{
  "buildNumber": "273",
  "buildId": "BF-xNiwv",
  "sessionId": "P_6xpY7hD",
  "durationSec": 53.483,
  "avgFps": 29.335420296562194,
  "minFps": 18.005645273948964,
  "maxFps": 40.321994488695054,
  "avgSectionTimingsMs": {
    "hud": 0.026058394238896613,
    "camera": 0.007956204340405709,
    "autoEngage": 0.0052208835384888385,
    "syncPlayers": 0.08531775069201925,
    "syncUnits": 0.5511322131855284,
    "syncResources": 0.02731921099850172,
    "sendClientPoses": 0.09174579993663172,
    "effectsAndFog": 16.44463111759538,
    "syncStructures": 0.14266304372121458
  },
  "userAgent": "Mozilla/5.0 (Linux; Android 10; K) AppleWebKit/537.36 (KHTML, like Gecko) Chrome/145.0.0.0 Mobile Safari/537.36",
  "timestamp": "2026-04-13T20:02:50.372Z"
}