{
  "buildNumber": "274",
  "buildId": "CB7E_Olw",
  "sessionId": "PJns0EXEj",
  "durationSec": 12.701,
  "avgFps": 45.09984604163589,
  "minFps": 42.882096587837026,
  "maxFps": 47.48005890965272,
  "avgSectionTimingsMs": {
    "hud": 0.01846435110355426,
    "camera": 0.006215722349487667,
    "autoEngage": 0.0030192131583884783,
    "syncPlayers": 0.08864468941976736,
    "syncUnits": 0.07417582395749214,
    "syncResources": 0.019963370083452583,
    "sendClientPoses": 0.017582417516917973,
    "effectsAndFog": 0.05329670290370564,
    "syncStructures": 0.37422680455384794
  },
  "userAgent": "Mozilla/5.0 (Linux; Android 10; K) AppleWebKit/537.36 (KHTML, like Gecko) Chrome/145.0.0.0 Mobile Safari/537.36",
  "timestamp": "2026-04-13T20:10:41.186Z"
}