{
  "buildNumber": "273",
  "buildId": "BF-xNiwv",
  "sessionId": "P_6xpY7hD",
  "durationSec": 19.881,
  "avgFps": 34.19219869831166,
  "minFps": 31.245944527628296,
  "maxFps": 40.321994488695054,
  "avgSectionTimingsMs": {
    "hud": 0.023052959659389246,
    "camera": 0.008878504607907707,
    "autoEngage": 0.00374123147476119,
    "syncPlayers": 0.07503900201569853,
    "syncUnits": 0.03416536648448284,
    "syncResources": 0.0301092044332656,
    "sendClientPoses": 0.004212168468142077,
    "effectsAndFog": 9.941965678320289,
    "syncStructures": 0.16137931038593423
  },
  "userAgent": "Mozilla/5.0 (Linux; Android 10; K) AppleWebKit/537.36 (KHTML, like Gecko) Chrome/145.0.0.0 Mobile Safari/537.36",
  "timestamp": "2026-04-13T20:02:16.770Z"
}