{
  "buildNumber": "275",
  "buildId": "DlwQSAVw",
  "sessionId": "7MiGiHpAI",
  "durationSec": 17.107,
  "avgFps": 20.703442057404477,
  "minFps": 15.453768091335075,
  "maxFps": 22.854172486012928,
  "avgSectionTimingsMs": {
    "hud": 0.015957447204818117,
    "camera": 0.011170212496468362,
    "autoEngage": 0.006258322221143903,
    "syncPlayers": 0.1266666665871938,
    "syncUnits": 0.8824000002543132,
    "syncStructures": 0.0769841271260428,
    "syncResources": 0.030133332967758178,
    "sendClientPoses": 0.18719999996821085,
    "effectsAndFog": 16.54720000052452
  },
  "userAgent": "Mozilla/5.0 (Linux; Android 10; K) AppleWebKit/537.36 (KHTML, like Gecko) Chrome/145.0.0.0 Mobile Safari/537.36",
  "timestamp": "2026-04-13T20:14:38.335Z"
}