{
  "buildNumber": "276",
  "buildId": "BdYYCv-Z",
  "sessionId": "P2QeoMsYc",
  "durationSec": 20.359,
  "avgFps": 39.40884004600415,
  "minFps": 35.407549796010784,
  "maxFps": 42.24570034076106,
  "avgSectionTimingsMs": {
    "hud": 0.026762402477837108,
    "camera": 0.006657963594319615,
    "autoEngage": 0.0047681253381526055,
    "syncPlayers": 0.11019607848591274,
    "syncUnits": 0.20679738552741755,
    "syncResources": 0.02771241816819883,
    "sendClientPoses": 0.036732026252871246,
    "effectsAndFog": 0.059215686718622845,
    "syncStructures": 0.29072847666329893
  },
  "userAgent": "Mozilla/5.0 (Linux; Android 10; K) AppleWebKit/537.36 (KHTML, like Gecko) Chrome/145.0.0.0 Mobile Safari/537.36",
  "timestamp": "2026-04-13T20:20:39.332Z"
}