{
  "buildNumber": "274",
  "buildId": "CB7E_Olw",
  "sessionId": "PJns0EXEj",
  "durationSec": 18.642,
  "avgFps": 43.668929171046294,
  "minFps": 37.85108603821611,
  "maxFps": 47.48005890965272,
  "avgSectionTimingsMs": {
    "hud": 0.017908496794357798,
    "camera": 0.006666666931576199,
    "autoEngage": 0.003989535659805008,
    "syncPlayers": 0.09109947697810478,
    "syncUnits": 0.3469895288660264,
    "syncResources": 0.020942408572004727,
    "sendClientPoses": 0.05104712018479852,
    "effectsAndFog": 0.054973821755479144,
    "syncStructures": 0.29645390058240145
  },
  "userAgent": "Mozilla/5.0 (Linux; Android 10; K) AppleWebKit/537.36 (KHTML, like Gecko) Chrome/145.0.0.0 Mobile Safari/537.36",
  "timestamp": "2026-04-13T20:10:47.128Z"
}