{
  "buildNumber": "276",
  "buildId": "BdYYCv-Z",
  "sessionId": "P2QeoMsYc",
  "durationSec": 40.981,
  "avgFps": 35.802104349986294,
  "minFps": 27.243936640643696,
  "maxFps": 42.24570034076106,
  "avgSectionTimingsMs": {
    "hud": 0.02575423124961067,
    "camera": 0.00949227371314065,
    "autoEngage": 0.005704821384606837,
    "syncPlayers": 0.13505154637419597,
    "syncUnits": 0.6490427101790818,
    "syncResources": 0.0292341676876717,
    "sendClientPoses": 0.1016200296964842,
    "effectsAndFog": 0.06347569976885294,
    "syncStructures": 0.19166666607062022
  },
  "userAgent": "Mozilla/5.0 (Linux; Android 10; K) AppleWebKit/537.36 (KHTML, like Gecko) Chrome/145.0.0.0 Mobile Safari/537.36",
  "timestamp": "2026-04-13T20:20:59.953Z"
}