{
  "buildNumber": "276",
  "buildId": "BdYYCv-Z",
  "sessionId": "P2QeoMsYc",
  "durationSec": 38.719,
  "avgFps": 36.128681902556735,
  "minFps": 27.76340537041469,
  "maxFps": 42.24570034076106,
  "avgSectionTimingsMs": {
    "hud": 0.025363984875295353,
    "camera": 0.00927203064677359,
    "autoEngage": 0.005596013704722482,
    "syncPlayers": 0.13067484667604687,
    "syncUnits": 0.5838190186425952,
    "syncResources": 0.02837423290028894,
    "sendClientPoses": 0.09470858918560063,
    "effectsAndFog": 0.06242331304798828,
    "syncStructures": 0.19683098530685397
  },
  "userAgent": "Mozilla/5.0 (Linux; Android 10; K) AppleWebKit/537.36 (KHTML, like Gecko) Chrome/145.0.0.0 Mobile Safari/537.36",
  "timestamp": "2026-04-13T20:20:57.691Z"
}