{
  "buildNumber": "277",
  "buildId": "CMEduUks",
  "sessionId": "q0WoIYLvG",
  "durationSec": 29.865,
  "avgFps": 36.744130727184455,
  "minFps": 29.45054707312387,
  "maxFps": 39.361938941941844,
  "avgSectionTimingsMs": {
    "hud": 0.02306949790265109,
    "camera": 0.008783783605430117,
    "autoEngage": 0.005601158943917658,
    "syncPlayers": 0.0816425119045276,
    "syncUnits": 0.4583574883027929,
    "syncResources": 0.025700482942055965,
    "sendClientPoses": 0.0530434781226559,
    "effectsAndFog": 0.0495652172876441,
    "syncStructures": 0.1977477479088414
  },
  "userAgent": "Mozilla/5.0 (Linux; Android 10; K) AppleWebKit/537.36 (KHTML, like Gecko) Chrome/145.0.0.0 Mobile Safari/537.36",
  "timestamp": "2026-04-13T20:25:34.704Z"
}