{
  "buildNumber": "273",
  "buildId": "BF-xNiwv",
  "sessionId": "P_6xpY7hD",
  "durationSec": 11.33,
  "avgFps": 35.58372958244507,
  "minFps": 32.298311318800174,
  "maxFps": 40.321994488695054,
  "avgSectionTimingsMs": {
    "hud": 0.021715817758289162,
    "camera": 0.0075067022850302525,
    "autoEngage": 0.004563758437265485,
    "syncPlayers": 0.069354839062178,
    "syncUnits": 0.0336021502972931,
    "syncResources": 0.02768817215517003,
    "sendClientPoses": 0.0032258064195673955,
    "effectsAndFog": 9.73736559110944,
    "syncStructures": 0.13855421614934163
  },
  "userAgent": "Mozilla/5.0 (Linux; Android 10; K) AppleWebKit/537.36 (KHTML, like Gecko) Chrome/145.0.0.0 Mobile Safari/537.36",
  "timestamp": "2026-04-13T20:02:08.219Z"
}