{
  "buildNumber": "277",
  "buildId": "CMEduUks",
  "sessionId": "q0WoIYLvG",
  "durationSec": 18.933,
  "avgFps": 37.9784683092143,
  "minFps": 36.94121099749357,
  "maxFps": 39.361938941941844,
  "avgSectionTimingsMs": {
    "hud": 0.020963172652566062,
    "camera": 0.00807365420519799,
    "autoEngage": 0.0037562014108680816,
    "syncPlayers": 0.07418439713775689,
    "syncUnits": 0.03460992955146952,
    "syncResources": 0.024822694697278613,
    "sendClientPoses": 0.005106382970268845,
    "effectsAndFog": 0.04765957412144817,
    "syncStructures": 0.25422535207070096
  },
  "userAgent": "Mozilla/5.0 (Linux; Android 10; K) AppleWebKit/537.36 (KHTML, like Gecko) Chrome/145.0.0.0 Mobile Safari/537.36",
  "timestamp": "2026-04-13T20:25:23.772Z"
}