{
  "buildNumber": "273",
  "buildId": "BF-xNiwv",
  "sessionId": "P_6xpY7hD",
  "durationSec": 64.656,
  "avgFps": 27.92338982185991,
  "minFps": 18.005645273948964,
  "maxFps": 40.321994488695054,
  "avgSectionTimingsMs": {
    "hud": 0.02595663268347176,
    "camera": 0.008035714205886637,
    "autoEngage": 0.005454545481163159,
    "syncPlayers": 0.08851308277175163,
    "syncUnits": 0.588768347023244,
    "syncResources": 0.027185705051196937,
    "sendClientPoses": 0.11825143615759781,
    "effectsAndFog": 18.439374600977523,
    "syncStructures": 0.12896551736469927
  },
  "userAgent": "Mozilla/5.0 (Linux; Android 10; K) AppleWebKit/537.36 (KHTML, like Gecko) Chrome/145.0.0.0 Mobile Safari/537.36",
  "timestamp": "2026-04-13T20:03:01.545Z"
}