{
  "buildNumber": "276",
  "buildId": "BdYYCv-Z",
  "sessionId": "P2QeoMsYc",
  "durationSec": 7.956,
  "avgFps": 41.49344745115568,
  "minFps": 40.13490483125857,
  "maxFps": 42.24570034076106,
  "avgSectionTimingsMs": {
    "hud": 0.02786377745885229,
    "camera": 0.006811145658463517,
    "autoEngage": 0.003255813944247342,
    "syncPlayers": 0.1052795036794236,
    "syncUnits": 0.036024844054109564,
    "syncResources": 0.025155279206933442,
    "sendClientPoses": 0.0021739130064567422,
    "effectsAndFog": 0.05590062139567381,
    "syncStructures": 0.3050847452575878
  },
  "userAgent": "Mozilla/5.0 (Linux; Android 10; K) AppleWebKit/537.36 (KHTML, like Gecko) Chrome/145.0.0.0 Mobile Safari/537.36",
  "timestamp": "2026-04-13T20:20:26.928Z"
}