{
  "buildNumber": "275",
  "buildId": "DlwQSAVw",
  "sessionId": "7MiGiHpAI",
  "durationSec": 14.756,
  "avgFps": 20.382645653827296,
  "minFps": 15.453768091335075,
  "maxFps": 22.8055633146839,
  "avgSectionTimingsMs": {
    "hud": 0.01692307738157419,
    "camera": 0.010769230494132408,
    "autoEngage": 0.00631741139297309,
    "syncPlayers": 0.1265432099685257,
    "syncUnits": 0.9104938270685113,
    "syncStructures": 0.07889908306095578,
    "syncResources": 0.02993827129219785,
    "sendClientPoses": 0.1861111111479041,
    "effectsAndFog": 16.640432099133363
  },
  "userAgent": "Mozilla/5.0 (Linux; Android 10; K) AppleWebKit/537.36 (KHTML, like Gecko) Chrome/145.0.0.0 Mobile Safari/537.36",
  "timestamp": "2026-04-13T20:14:35.985Z"
}