{
  "buildNumber": "274",
  "buildId": "CB7E_Olw",
  "sessionId": "PJns0EXEj",
  "durationSec": 3.383,
  "avgFps": 46.47227400553937,
  "minFps": 45.86004418223954,
  "maxFps": 47.48005890965272,
  "avgSectionTimingsMs": {
    "hud": 0.020000000198682148,
    "camera": 0.005333333611488343,
    "autoEngage": 0.0016722407030022662,
    "syncPlayers": 0.0832214769501014,
    "syncUnits": 0.023489932485874866,
    "syncResources": 0.02684563738387703,
    "sendClientPoses": 0.00469798669719056,
    "effectsAndFog": 0.05838926166496021,
    "syncStructures": 0.0037037045867354783
  },
  "userAgent": "Mozilla/5.0 (Linux; Android 10; K) AppleWebKit/537.36 (KHTML, like Gecko) Chrome/145.0.0.0 Mobile Safari/537.36",
  "timestamp": "2026-04-13T20:10:31.868Z"
}