{
  "buildNumber": "274",
  "buildId": "CB7E_Olw",
  "sessionId": "PJns0EXEj",
  "durationSec": 32.935,
  "avgFps": 40.0758819162066,
  "minFps": 31.192882327528594,
  "maxFps": 47.48005890965272,
  "avgSectionTimingsMs": {
    "hud": 0.019344262241340074,
    "camera": 0.007950819760072426,
    "autoEngage": 0.004346043457990789,
    "syncPlayers": 0.1036095163487723,
    "syncUnits": 0.6418375719317263,
    "syncResources": 0.020754717015359518,
    "sendClientPoses": 0.09573420823549422,
    "effectsAndFog": 0.056849876738064006,
    "syncStructures": 0.20737704903375906
  },
  "userAgent": "Mozilla/5.0 (Linux; Android 10; K) AppleWebKit/537.36 (KHTML, like Gecko) Chrome/145.0.0.0 Mobile Safari/537.36",
  "timestamp": "2026-04-13T20:11:01.421Z"
}