{
  "buildNumber": "273",
  "buildId": "BF-xNiwv",
  "sessionId": "P_6xpY7hD",
  "durationSec": 22.47,
  "avgFps": 33.89658485361407,
  "minFps": 31.135007847593187,
  "maxFps": 40.321994488695054,
  "avgSectionTimingsMs": {
    "hud": 0.024515235481830183,
    "camera": 0.00858725751866264,
    "autoEngage": 0.0038115037908507815,
    "syncPlayers": 0.07503467434487628,
    "syncUnits": 0.033564493659465226,
    "syncResources": 0.02871012489276521,
    "sendClientPoses": 0.005409153961110214,
    "effectsAndFog": 10.011511788743544,
    "syncStructures": 0.16524390203923714
  },
  "userAgent": "Mozilla/5.0 (Linux; Android 10; K) AppleWebKit/537.36 (KHTML, like Gecko) Chrome/145.0.0.0 Mobile Safari/537.36",
  "timestamp": "2026-04-13T20:02:19.359Z"
}