{
  "buildNumber": "277",
  "buildId": "CMEduUks",
  "sessionId": "q0WoIYLvG",
  "durationSec": 15.87,
  "avgFps": 38.02736766613781,
  "minFps": 36.94121099749357,
  "maxFps": 39.361938941941844,
  "avgSectionTimingsMs": {
    "hud": 0.02088285210986696,
    "camera": 0.008488964143957063,
    "autoEngage": 0.003483432576933855,
    "syncPlayers": 0.07551020393971683,
    "syncUnits": 0.03469387801731525,
    "syncResources": 0.02585033971030696,
    "sendClientPoses": 0.00510204081632653,
    "effectsAndFog": 0.047789115281332104,
    "syncStructures": 0.22941176455561854
  },
  "userAgent": "Mozilla/5.0 (Linux; Android 10; K) AppleWebKit/537.36 (KHTML, like Gecko) Chrome/145.0.0.0 Mobile Safari/537.36",
  "timestamp": "2026-04-13T20:25:20.710Z"
}