{
  "buildNumber": "273",
  "buildId": "BF-xNiwv",
  "sessionId": "P_6xpY7hD",
  "durationSec": 22.733,
  "avgFps": 33.874170289582096,
  "minFps": 31.135007847593187,
  "maxFps": 40.321994488695054,
  "avgSectionTimingsMs": {
    "hud": 0.024383561660165656,
    "camera": 0.008493150586951268,
    "autoEngage": 0.0038382453490316743,
    "syncPlayers": 0.07530864218789037,
    "syncUnits": 0.03347050743011454,
    "syncResources": 0.028395061793804823,
    "sendClientPoses": 0.005624142734765679,
    "effectsAndFog": 10.031961590869273,
    "syncStructures": 0.16445783085851784
  },
  "userAgent": "Mozilla/5.0 (Linux; Android 10; K) AppleWebKit/537.36 (KHTML, like Gecko) Chrome/145.0.0.0 Mobile Safari/537.36",
  "timestamp": "2026-04-13T20:02:19.622Z"
}