{
  "buildNumber": "276",
  "buildId": "BdYYCv-Z",
  "sessionId": "P2QeoMsYc",
  "durationSec": 38.487,
  "avgFps": 36.16473792045393,
  "minFps": 27.76340537041469,
  "maxFps": 42.24570034076106,
  "avgSectionTimingsMs": {
    "hud": 0.025173210381910928,
    "camera": 0.009237875288683603,
    "autoEngage": 0.005583365318359299,
    "syncPlayers": 0.13073959939744328,
    "syncUnits": 0.5812788908305264,
    "syncResources": 0.028274267888950825,
    "sendClientPoses": 0.09445300484750598,
    "effectsAndFog": 0.06232665653680616,
    "syncStructures": 0.1968197874171995
  },
  "userAgent": "Mozilla/5.0 (Linux; Android 10; K) AppleWebKit/537.36 (KHTML, like Gecko) Chrome/145.0.0.0 Mobile Safari/537.36",
  "timestamp": "2026-04-13T20:20:57.460Z"
}