{
  "buildNumber": "277",
  "buildId": "CMEduUks",
  "sessionId": "q0WoIYLvG",
  "durationSec": 13.224,
  "avgFps": 38.20521255613192,
  "minFps": 37.33993066221078,
  "maxFps": 39.361938941941844,
  "avgSectionTimingsMs": {
    "hud": 0.020570264692947482,
    "camera": 0.008146639268412852,
    "autoEngage": 0.003363914537138166,
    "syncPlayers": 0.07632653044194591,
    "syncUnits": 0.035102041217745565,
    "syncResources": 0.027346938179463758,
    "sendClientPoses": 0.0046938775753488345,
    "effectsAndFog": 0.05163265278144759,
    "syncStructures": 0.2010101013713413
  },
  "userAgent": "Mozilla/5.0 (Linux; Android 10; K) AppleWebKit/537.36 (KHTML, like Gecko) Chrome/145.0.0.0 Mobile Safari/537.36",
  "timestamp": "2026-04-13T20:25:18.063Z"
}