{
  "buildNumber": "277",
  "buildId": "CMEduUks",
  "sessionId": "q0WoIYLvG",
  "durationSec": 23.298,
  "avgFps": 37.800978169704415,
  "minFps": 35.221455159829034,
  "maxFps": 39.361938941941844,
  "avgSectionTimingsMs": {
    "hud": 0.023058823382153232,
    "camera": 0.007882352786905624,
    "autoEngage": 0.004649794122764403,
    "syncPlayers": 0.07738515910186812,
    "syncUnits": 0.1815076562695565,
    "syncResources": 0.026030623975996415,
    "sendClientPoses": 0.027326266041071592,
    "effectsAndFog": 0.048881036267825376,
    "syncStructures": 0.23314285721097674
  },
  "userAgent": "Mozilla/5.0 (Linux; Android 10; K) AppleWebKit/537.36 (KHTML, like Gecko) Chrome/145.0.0.0 Mobile Safari/537.36",
  "timestamp": "2026-04-13T20:25:28.137Z"
}