{
  "buildNumber": "273",
  "buildId": "BF-xNiwv",
  "sessionId": "P_6xpY7hD",
  "durationSec": 51.026,
  "avgFps": 29.71128876284019,
  "minFps": 18.010036042575933,
  "maxFps": 40.321994488695054,
  "avgSectionTimingsMs": {
    "hud": 0.026244343967818926,
    "camera": 0.008144796321654572,
    "autoEngage": 0.005205582814682479,
    "syncPlayers": 0.08437735899439398,
    "syncUnits": 0.5292075471383221,
    "syncResources": 0.027849056495810456,
    "sendClientPoses": 0.08437735852205529,
    "effectsAndFog": 15.932452830121202,
    "syncStructures": 0.14617563763016006
  },
  "userAgent": "Mozilla/5.0 (Linux; Android 10; K) AppleWebKit/537.36 (KHTML, like Gecko) Chrome/145.0.0.0 Mobile Safari/537.36",
  "timestamp": "2026-04-13T20:02:47.915Z"
}