{
  "buildNumber": "273",
  "buildId": "BF-xNiwv",
  "sessionId": "P_6xpY7hD",
  "durationSec": 14.007,
  "avgFps": 35.07180995873789,
  "minFps": 32.298311318800174,
  "maxFps": 40.321994488695054,
  "avgSectionTimingsMs": {
    "hud": 0.022489083190672263,
    "camera": 0.008733624324007325,
    "autoEngage": 0.004153005477509212,
    "syncPlayers": 0.07067833739766928,
    "syncUnits": 0.0350109409190372,
    "syncResources": 0.025601750651386687,
    "sendClientPoses": 0.00415754911675234,
    "effectsAndFog": 9.836105032679288,
    "syncStructures": 0.18137254843524858
  },
  "userAgent": "Mozilla/5.0 (Linux; Android 10; K) AppleWebKit/537.36 (KHTML, like Gecko) Chrome/145.0.0.0 Mobile Safari/537.36",
  "timestamp": "2026-04-13T20:02:10.896Z"
}