{
  "buildNumber": "273",
  "buildId": "BF-xNiwv",
  "sessionId": "P_6xpY7hD",
  "durationSec": 7.041,
  "avgFps": 37.07113265279321,
  "minFps": 35.905774044603035,
  "maxFps": 40.321994488695054,
  "avgSectionTimingsMs": {
    "hud": 0.024267782726048424,
    "camera": 0.00753138055362462,
    "autoEngage": 0.0025157232454487864,
    "syncPlayers": 0.06512605117148712,
    "syncUnits": 0.03403361342033418,
    "syncResources": 0.031512604916796964,
    "sendClientPoses": 0.0029411764205002984,
    "effectsAndFog": 8.968907562749726,
    "syncStructures": 0.005769230425357819
  },
  "userAgent": "Mozilla/5.0 (Linux; Android 10; K) AppleWebKit/537.36 (KHTML, like Gecko) Chrome/145.0.0.0 Mobile Safari/537.36",
  "timestamp": "2026-04-13T20:02:03.930Z"
}