{
  "buildNumber": "274",
  "buildId": "CB7E_Olw",
  "sessionId": "PJns0EXEj",
  "durationSec": 1.074,
  "avgFps": 46.97605432779086,
  "minFps": 45.86004418223954,
  "maxFps": 47.48005890965272,
  "avgSectionTimingsMs": {
    "hud": 0.02888888849152459,
    "camera": 0.004444444179534912,
    "autoEngage": 0,
    "syncPlayers": 0.10454545508731496,
    "syncUnits": 0.020454544912685047,
    "syncResources": 0.03409090841358358,
    "sendClientPoses": 0,
    "effectsAndFog": 0.07045454599640587,
    "syncStructures": 0
  },
  "userAgent": "Mozilla/5.0 (Linux; Android 10; K) AppleWebKit/537.36 (KHTML, like Gecko) Chrome/145.0.0.0 Mobile Safari/537.36",
  "timestamp": "2026-04-13T20:10:29.560Z"
}