{
  "buildNumber": "276",
  "buildId": "BdYYCv-Z",
  "sessionId": "P2QeoMsYc",
  "durationSec": 5.297,
  "avgFps": 41.57765841914951,
  "minFps": 41.125914193165954,
  "maxFps": 42.24570034076106,
  "avgSectionTimingsMs": {
    "hud": 0.0265765770061596,
    "camera": 0.007207207314602964,
    "autoEngage": 0.002483070031245729,
    "syncPlayers": 0.10452488792967472,
    "syncUnits": 0.0330316737226771,
    "syncResources": 0.025339366488866675,
    "sendClientPoses": 0.0027149320997264053,
    "effectsAndFog": 0.05746606342932757,
    "syncStructures": 0.048717947342456915
  },
  "userAgent": "Mozilla/5.0 (Linux; Android 10; K) AppleWebKit/537.36 (KHTML, like Gecko) Chrome/145.0.0.0 Mobile Safari/537.36",
  "timestamp": "2026-04-13T20:20:24.269Z"
}