{
  "buildNumber": "277",
  "buildId": "CMEduUks",
  "sessionId": "q0WoIYLvG",
  "durationSec": 10.087,
  "avgFps": 38.34010328903474,
  "minFps": 38.014368527508694,
  "maxFps": 39.361938941941844,
  "avgSectionTimingsMs": {
    "hud": 0.020424403230454625,
    "camera": 0.008222811497174777,
    "autoEngage": 0.003452855396080777,
    "syncPlayers": 0.07287234036212271,
    "syncUnits": 0.03138297891363184,
    "syncResources": 0.0289893610046265,
    "sendClientPoses": 0.004787233994996294,
    "effectsAndFog": 0.05372340382730707,
    "syncStructures": 0.21447368475951648
  },
  "userAgent": "Mozilla/5.0 (Linux; Android 10; K) AppleWebKit/537.36 (KHTML, like Gecko) Chrome/145.0.0.0 Mobile Safari/537.36",
  "timestamp": "2026-04-13T20:25:14.926Z"
}