{
  "buildNumber": "275",
  "buildId": "DlwQSAVw",
  "sessionId": "7MiGiHpAI",
  "durationSec": 6.223,
  "avgFps": 18.220240006188792,
  "minFps": 15.453768091335075,
  "maxFps": 20.130142232611743,
  "avgSectionTimingsMs": {
    "hud": 0.023484849568569298,
    "camera": 0.009848484487244577,
    "autoEngage": 0.007984790625227722,
    "syncPlayers": 0.14351144933518561,
    "syncUnits": 1.1770992370052191,
    "syncStructures": 0.08222222129503885,
    "syncResources": 0.037404579743174196,
    "sendClientPoses": 0.21908397028464396,
    "effectsAndFog": 17.569465648354466
  },
  "userAgent": "Mozilla/5.0 (Linux; Android 10; K) AppleWebKit/537.36 (KHTML, like Gecko) Chrome/145.0.0.0 Mobile Safari/537.36",
  "timestamp": "2026-04-13T20:14:27.451Z"
}