{
  "buildNumber": "275",
  "buildId": "DlwQSAVw",
  "sessionId": "7MiGiHpAI",
  "durationSec": 1.473,
  "avgFps": 15.82338240065741,
  "minFps": 15.453768091335075,
  "maxFps": 16.090326068501305,
  "avgSectionTimingsMs": {
    "hud": 0.02580645295881456,
    "camera": 0.012903225998724661,
    "autoEngage": 0.008196720822912748,
    "syncPlayers": 0.13333333333333333,
    "syncUnits": 1.6666666646798451,
    "syncStructures": 0.12000000178813934,
    "syncResources": 0.03333333432674408,
    "sendClientPoses": 0.263333331545194,
    "effectsAndFog": 17.843333334724107
  },
  "userAgent": "Mozilla/5.0 (Linux; Android 10; K) AppleWebKit/537.36 (KHTML, like Gecko) Chrome/145.0.0.0 Mobile Safari/537.36",
  "timestamp": "2026-04-13T20:14:22.701Z"
}