{
  "buildNumber": "273",
  "buildId": "BF-xNiwv",
  "sessionId": "P_6xpY7hD",
  "durationSec": 13.146,
  "avgFps": 35.208676177832984,
  "minFps": 32.298311318800174,
  "maxFps": 40.321994488695054,
  "avgSectionTimingsMs": {
    "hud": 0.0219907408097276,
    "camera": 0.008333333181562248,
    "autoEngage": 0.004287369661507987,
    "syncPlayers": 0.07030162450332376,
    "syncUnits": 0.03433874712742675,
    "syncResources": 0.026450116161403966,
    "sendClientPoses": 0.0044083525437490015,
    "effectsAndFog": 9.707656612390709,
    "syncStructures": 0.18958333289871612
  },
  "userAgent": "Mozilla/5.0 (Linux; Android 10; K) AppleWebKit/537.36 (KHTML, like Gecko) Chrome/145.0.0.0 Mobile Safari/537.36",
  "timestamp": "2026-04-13T20:02:10.035Z"
}