{
  "buildNumber": "277",
  "buildId": "CMEduUks",
  "sessionId": "q0WoIYLvG",
  "durationSec": 26.251,
  "avgFps": 37.41922972710368,
  "minFps": 32.03092639555288,
  "maxFps": 39.361938941941844,
  "avgSectionTimingsMs": {
    "hud": 0.022970085342725117,
    "camera": 0.008012820321779985,
    "autoEngage": 0.004810261987607661,
    "syncPlayers": 0.078502673739418,
    "syncUnits": 0.2828877008216266,
    "syncResources": 0.02577540087189904,
    "sendClientPoses": 0.04000000003824897,
    "effectsAndFog": 0.04962566826432784,
    "syncStructures": 0.2131979695431472
  },
  "userAgent": "Mozilla/5.0 (Linux; Android 10; K) AppleWebKit/537.36 (KHTML, like Gecko) Chrome/145.0.0.0 Mobile Safari/537.36",
  "timestamp": "2026-04-13T20:25:31.090Z"
}