{
  "buildNumber": "273",
  "buildId": "BF-xNiwv",
  "sessionId": "P_6xpY7hD",
  "durationSec": 22.439,
  "avgFps": 33.89942164829912,
  "minFps": 31.135007847593187,
  "maxFps": 40.321994488695054,
  "avgSectionTimingsMs": {
    "hud": 0.02441054094846305,
    "camera": 0.008599167723265501,
    "autoEngage": 0.003816793872448076,
    "syncPlayers": 0.0750000002897448,
    "syncUnits": 0.03347222213115957,
    "syncResources": 0.028750000066227382,
    "sendClientPoses": 0.00541666667494509,
    "effectsAndFog": 10.010138888450133,
    "syncStructures": 0.16564417141346843
  },
  "userAgent": "Mozilla/5.0 (Linux; Android 10; K) AppleWebKit/537.36 (KHTML, like Gecko) Chrome/145.0.0.0 Mobile Safari/537.36",
  "timestamp": "2026-04-13T20:02:19.328Z"
}