{
  "buildNumber": "276",
  "buildId": "BdYYCv-Z",
  "sessionId": "P2QeoMsYc",
  "durationSec": 30.61,
  "avgFps": 37.573747828993206,
  "minFps": 30.805502326874386,
  "maxFps": 42.24570034076106,
  "avgSectionTimingsMs": {
    "hud": 0.025231053808259876,
    "camera": 0.007763401197197256,
    "autoEngage": 0.004946833041548674,
    "syncPlayers": 0.1172987975586795,
    "syncUnits": 0.38408880678731794,
    "syncResources": 0.026734504872841708,
    "sendClientPoses": 0.07150786329374392,
    "effectsAndFog": 0.059944496068769205,
    "syncStructures": 0.2264317175627805
  },
  "userAgent": "Mozilla/5.0 (Linux; Android 10; K) AppleWebKit/537.36 (KHTML, like Gecko) Chrome/145.0.0.0 Mobile Safari/537.36",
  "timestamp": "2026-04-13T20:20:49.582Z"
}