{
  "buildNumber": "274",
  "buildId": "CB7E_Olw",
  "sessionId": "PJns0EXEj",
  "durationSec": 19.253,
  "avgFps": 43.50332175614491,
  "minFps": 37.63831452866208,
  "maxFps": 47.48005890965272,
  "avgSectionTimingsMs": {
    "hud": 0.018043202055757806,
    "camera": 0.006734434803983308,
    "autoEngage": 0.0040686586179023935,
    "syncPlayers": 0.09160305396594468,
    "syncUnits": 0.36615776086733237,
    "syncResources": 0.020992366563879504,
    "sendClientPoses": 0.05318066140319252,
    "effectsAndFog": 0.05496183181840348,
    "syncStructures": 0.29241379293902164
  },
  "userAgent": "Mozilla/5.0 (Linux; Android 10; K) AppleWebKit/537.36 (KHTML, like Gecko) Chrome/145.0.0.0 Mobile Safari/537.36",
  "timestamp": "2026-04-13T20:10:47.738Z"
}