{
  "buildNumber": "276",
  "buildId": "BdYYCv-Z",
  "sessionId": "P2QeoMsYc",
  "durationSec": 27.368,
  "avgFps": 38.14182021720375,
  "minFps": 32.168598108146696,
  "maxFps": 42.24570034076106,
  "avgSectionTimingsMs": {
    "hud": 0.026342452085730758,
    "camera": 0.007396150021809092,
    "autoEngage": 0.004967055161230104,
    "syncPlayers": 0.11531440158040238,
    "syncUnits": 0.3229208927427779,
    "syncResources": 0.02647058804789615,
    "sendClientPoses": 0.06277890473181046,
    "effectsAndFog": 0.0592292092030237,
    "syncStructures": 0.24285714232862876
  },
  "userAgent": "Mozilla/5.0 (Linux; Android 10; K) AppleWebKit/537.36 (KHTML, like Gecko) Chrome/145.0.0.0 Mobile Safari/537.36",
  "timestamp": "2026-04-13T20:20:46.340Z"
}