{
  "buildNumber": "277",
  "buildId": "CMEduUks",
  "sessionId": "q0WoIYLvG",
  "durationSec": 14.807,
  "avgFps": 38.100236887426675,
  "minFps": 36.94121099749357,
  "maxFps": 39.361938941941844,
  "avgSectionTimingsMs": {
    "hud": 0.02131147522526795,
    "camera": 0.008014571742716166,
    "autoEngage": 0.0032816774321341364,
    "syncPlayers": 0.07536496330786796,
    "syncUnits": 0.0352189786677813,
    "syncResources": 0.02572992656135211,
    "sendClientPoses": 0.0051094890728484105,
    "effectsAndFog": 0.049452554407345986,
    "syncStructures": 0.23513513481294787
  },
  "userAgent": "Mozilla/5.0 (Linux; Android 10; K) AppleWebKit/537.36 (KHTML, like Gecko) Chrome/145.0.0.0 Mobile Safari/537.36",
  "timestamp": "2026-04-13T20:25:19.647Z"
}