{
  "buildNumber": "274",
  "buildId": "CB7E_Olw",
  "sessionId": "PJns0EXEj",
  "durationSec": 8.925,
  "avgFps": 45.540287628088336,
  "minFps": 44.13353983316393,
  "maxFps": 47.48005890965272,
  "avgSectionTimingsMs": {
    "hud": 0.01760204113563713,
    "camera": 0.006887755451761946,
    "autoEngage": 0.002681992329552408,
    "syncPlayers": 0.08132992399013256,
    "syncUnits": 0.019181585372866267,
    "syncResources": 0.020716112592945927,
    "sendClientPoses": 0.005115089437845723,
    "effectsAndFog": 0.05242966736674004,
    "syncStructures": 0.3808823525905609
  },
  "userAgent": "Mozilla/5.0 (Linux; Android 10; K) AppleWebKit/537.36 (KHTML, like Gecko) Chrome/145.0.0.0 Mobile Safari/537.36",
  "timestamp": "2026-04-13T20:10:37.410Z"
}