{
  "buildNumber": "273",
  "buildId": "BF-xNiwv",
  "sessionId": "P_6xpY7hD",
  "durationSec": 62.606,
  "avgFps": 28.15349374874504,
  "minFps": 18.005645273948964,
  "maxFps": 40.321994488695054,
  "avgSectionTimingsMs": {
    "hud": 0.026305483055955124,
    "camera": 0.007898172261509509,
    "autoEngage": 0.00535422790256778,
    "syncPlayers": 0.08817766206783068,
    "syncUnits": 0.5834748529476873,
    "syncResources": 0.027171783066512245,
    "sendClientPoses": 0.1142390596173621,
    "effectsAndFog": 18.096668843776087,
    "syncStructures": 0.13120567389977458
  },
  "userAgent": "Mozilla/5.0 (Linux; Android 10; K) AppleWebKit/537.36 (KHTML, like Gecko) Chrome/145.0.0.0 Mobile Safari/537.36",
  "timestamp": "2026-04-13T20:02:59.496Z"
}