{
  "buildNumber": "274",
  "buildId": "CB7E_Olw",
  "sessionId": "PJns0EXEj",
  "durationSec": 32.324,
  "avgFps": 40.210895086910995,
  "minFps": 31.192882327528594,
  "maxFps": 47.48005890965272,
  "avgSectionTimingsMs": {
    "hud": 0.019416666602094967,
    "camera": 0.007750000084439913,
    "autoEngage": 0.0042517715665189955,
    "syncPlayers": 0.10316930804479311,
    "syncUnits": 0.6434528775469674,
    "syncResources": 0.0209341118045406,
    "sendClientPoses": 0.0945788155604244,
    "effectsAndFog": 0.05679733093029465,
    "syncStructures": 0.21046025084651165
  },
  "userAgent": "Mozilla/5.0 (Linux; Android 10; K) AppleWebKit/537.36 (KHTML, like Gecko) Chrome/145.0.0.0 Mobile Safari/537.36",
  "timestamp": "2026-04-13T20:11:00.810Z"
}