{
  "buildNumber": "274",
  "buildId": "CB7E_Olw",
  "sessionId": "PJns0EXEj",
  "durationSec": 3.992,
  "avgFps": 46.4257706408504,
  "minFps": 45.40970613938231,
  "maxFps": 47.48005890965272,
  "avgSectionTimingsMs": {
    "hud": 0.019209039918446944,
    "camera": 0.005649717682498997,
    "autoEngage": 0.0019830027146650105,
    "syncPlayers": 0.08068181896074252,
    "syncUnits": 0.02272727255794135,
    "syncResources": 0.02727272700179707,
    "sendClientPoses": 0.005113636397502639,
    "effectsAndFog": 0.05795454487881877,
    "syncStructures": 0.1516129038026256
  },
  "userAgent": "Mozilla/5.0 (Linux; Android 10; K) AppleWebKit/537.36 (KHTML, like Gecko) Chrome/145.0.0.0 Mobile Safari/537.36",
  "timestamp": "2026-04-13T20:10:32.477Z"
}