{
  "buildNumber": "273",
  "buildId": "BF-xNiwv",
  "sessionId": "P_6xpY7hD",
  "durationSec": 27.514,
  "avgFps": 33.54495259385499,
  "minFps": 30.47935076193736,
  "maxFps": 40.321994488695054,
  "avgSectionTimingsMs": {
    "hud": 0.025429553285087506,
    "camera": 0.008247422564343762,
    "autoEngage": 0.004183381078577998,
    "syncPlayers": 0.07649082615288026,
    "syncUnits": 0.0644495412365559,
    "syncResources": 0.027178899137251966,
    "sendClientPoses": 0.010091743132936846,
    "effectsAndFog": 10.194036696789736,
    "syncStructures": 0.19950248738426474
  },
  "userAgent": "Mozilla/5.0 (Linux; Android 10; K) AppleWebKit/537.36 (KHTML, like Gecko) Chrome/145.0.0.0 Mobile Safari/537.36",
  "timestamp": "2026-04-13T20:02:24.404Z"
}