{
  "buildNumber": "274",
  "buildId": "CB7E_Olw",
  "sessionId": "PJns0EXEj",
  "durationSec": 8.099,
  "avgFps": 45.6801091462075,
  "minFps": 44.13353983316393,
  "maxFps": 47.48005890965272,
  "avgSectionTimingsMs": {
    "hud": 0.018539326160811307,
    "camera": 0.005898876722609059,
    "autoEngage": 0.002250351567140947,
    "syncPlayers": 0.08112676160436282,
    "syncUnits": 0.019154929275244054,
    "syncResources": 0.021408450771385517,
    "sendClientPoses": 0.005070422484841145,
    "effectsAndFog": 0.05239436592854244,
    "syncStructures": 0.30645161194186055
  },
  "userAgent": "Mozilla/5.0 (Linux; Android 10; K) AppleWebKit/537.36 (KHTML, like Gecko) Chrome/145.0.0.0 Mobile Safari/537.36",
  "timestamp": "2026-04-13T20:10:36.585Z"
}