{
  "buildNumber": "277",
  "buildId": "CMEduUks",
  "sessionId": "q0WoIYLvG",
  "durationSec": 4.381,
  "avgFps": 28.855591359764013,
  "minFps": 28.48434442172548,
  "maxFps": 30.259186777423363,
  "avgSectionTimingsMs": {
    "hud": 0.02561983441518358,
    "camera": 0.011570248229444519,
    "autoEngage": 0.010373443859741401,
    "syncPlayers": 0.11000000064571698,
    "syncUnits": 1.5566666667660078,
    "syncResources": 0.024166667958100636,
    "sendClientPoses": 0.19083333338300387,
    "effectsAndFog": 0.05000000024835269,
    "syncStructures": 0.07333333194255828
  },
  "userAgent": "Mozilla/5.0 (Linux; Android 10; K) AppleWebKit/537.36 (KHTML, like Gecko) Chrome/145.0.0.0 Mobile Safari/537.36",
  "timestamp": "2026-04-13T20:26:03.996Z"
}