{
  "buildNumber": "273",
  "buildId": "BF-xNiwv",
  "sessionId": "P_6xpY7hD",
  "durationSec": 7.95,
  "avgFps": 36.752227926393935,
  "minFps": 33.92933053345227,
  "maxFps": 40.321994488695054,
  "avgSectionTimingsMs": {
    "hud": 0.022556391201521222,
    "camera": 0.0071428569411872925,
    "autoEngage": 0.003013182719099544,
    "syncPlayers": 0.06792452908911795,
    "syncUnits": 0.03358490545794649,
    "syncResources": 0.03056603771335674,
    "sendClientPoses": 0.0033962263251250645,
    "effectsAndFog": 9.275471697663361,
    "syncStructures": 0.005172413484803562
  },
  "userAgent": "Mozilla/5.0 (Linux; Android 10; K) AppleWebKit/537.36 (KHTML, like Gecko) Chrome/145.0.0.0 Mobile Safari/537.36",
  "timestamp": "2026-04-13T20:02:04.839Z"
}