{
  "buildNumber": "273",
  "buildId": "BF-xNiwv",
  "sessionId": "P_6xpY7hD",
  "durationSec": 17.676,
  "avgFps": 34.487853977479496,
  "minFps": 31.992790271339192,
  "maxFps": 40.321994488695054,
  "avgSectionTimingsMs": {
    "hud": 0.02255244771917383,
    "camera": 0.008741258741258742,
    "autoEngage": 0.004111985991320272,
    "syncPlayers": 0.07408056080654499,
    "syncUnits": 0.03397548151726063,
    "syncResources": 0.02767075313786909,
    "sendClientPoses": 0.00455341505085733,
    "effectsAndFog": 9.912434325483343,
    "syncStructures": 0.1744186046511628
  },
  "userAgent": "Mozilla/5.0 (Linux; Android 10; K) AppleWebKit/537.36 (KHTML, like Gecko) Chrome/145.0.0.0 Mobile Safari/537.36",
  "timestamp": "2026-04-13T20:02:14.565Z"
}