{
  "buildNumber": "277",
  "buildId": "CMEduUks",
  "sessionId": "q0WoIYLvG",
  "durationSec": 27.292,
  "avgFps": 37.23954865581243,
  "minFps": 31.02319479666466,
  "maxFps": 39.361938941941844,
  "avgSectionTimingsMs": {
    "hud": 0.02341968895857816,
    "camera": 0.00808290135057479,
    "autoEngage": 0.005028512268995856,
    "syncPlayers": 0.07914937745115075,
    "syncUnits": 0.3377593364643853,
    "syncResources": 0.02614107864031653,
    "sendClientPoses": 0.04284232366381839,
    "effectsAndFog": 0.049481327726633224,
    "syncStructures": 0.20931372528567033
  },
  "userAgent": "Mozilla/5.0 (Linux; Android 10; K) AppleWebKit/537.36 (KHTML, like Gecko) Chrome/145.0.0.0 Mobile Safari/537.36",
  "timestamp": "2026-04-13T20:25:32.132Z"
}