{
  "buildNumber": "275",
  "buildId": "DlwQSAVw",
  "sessionId": "7MiGiHpAI",
  "durationSec": 0.385,
  "avgFps": 15.453768091335077,
  "minFps": 15.453768091335075,
  "maxFps": 15.453768091335075,
  "avgSectionTimingsMs": {
    "hud": 0.02500000223517418,
    "camera": 0.01249999925494194,
    "autoEngage": 0.0066666662693023685,
    "syncPlayers": 0.24285714541162765,
    "syncUnits": 2.7428571368966783,
    "syncStructures": 0.1333333452542623,
    "syncResources": 0.04285714456013271,
    "sendClientPoses": 0.485714282308306,
    "effectsAndFog": 17.88571428826877
  },
  "userAgent": "Mozilla/5.0 (Linux; Android 10; K) AppleWebKit/537.36 (KHTML, like Gecko) Chrome/145.0.0.0 Mobile Safari/537.36",
  "timestamp": "2026-04-13T20:14:21.613Z"
}