{
  "buildNumber": "275",
  "buildId": "DlwQSAVw",
  "sessionId": "7MiGiHpAI",
  "durationSec": 19.464,
  "avgFps": 20.9926717578365,
  "minFps": 15.453768091335075,
  "maxFps": 23.285890513152527,
  "avgSectionTimingsMs": {
    "hud": 0.017169373771154135,
    "camera": 0.010440834990233667,
    "autoEngage": 0.0062717769757934284,
    "syncPlayers": 0.12325581416141156,
    "syncUnits": 0.8630232553149378,
    "syncStructures": 0.0743055556797319,
    "syncResources": 0.029302325359610623,
    "sendClientPoses": 0.19116279080856677,
    "effectsAndFog": 16.39953488423381
  },
  "userAgent": "Mozilla/5.0 (Linux; Android 10; K) AppleWebKit/537.36 (KHTML, like Gecko) Chrome/145.0.0.0 Mobile Safari/537.36",
  "timestamp": "2026-04-13T20:14:40.692Z"
}