{
  "buildNumber": "273",
  "buildId": "BF-xNiwv",
  "sessionId": "P_6xpY7hD",
  "durationSec": 26.179,
  "avgFps": 33.61365353334341,
  "minFps": 31.135007847593187,
  "maxFps": 40.321994488695054,
  "avgSectionTimingsMs": {
    "hud": 0.024701670665729588,
    "camera": 0.00823389011521897,
    "autoEngage": 0.0037611940191752875,
    "syncPlayers": 0.07550776620777135,
    "syncUnits": 0.033691756293765106,
    "syncResources": 0.027001194807221244,
    "sendClientPoses": 0.005615292769036697,
    "effectsAndFog": 10.09689366739141,
    "syncStructures": 0.200523559803738
  },
  "userAgent": "Mozilla/5.0 (Linux; Android 10; K) AppleWebKit/537.36 (KHTML, like Gecko) Chrome/145.0.0.0 Mobile Safari/537.36",
  "timestamp": "2026-04-13T20:02:23.068Z"
}