{
  "buildNumber": "274",
  "buildId": "CB7E_Olw",
  "sessionId": "PJns0EXEj",
  "durationSec": 23.275,
  "avgFps": 42.5397517733209,
  "minFps": 35.78399795633448,
  "maxFps": 47.48005890965272,
  "avgSectionTimingsMs": {
    "hud": 0.01796536792666365,
    "camera": 0.0075757577047719585,
    "autoEngage": 0.004331348115970589,
    "syncPlayers": 0.09609967528288439,
    "syncUnits": 0.48819068280873035,
    "syncResources": 0.02047670646323414,
    "sendClientPoses": 0.06695557954768576,
    "effectsAndFog": 0.05612134326447128,
    "syncStructures": 0.25517241331352586
  },
  "userAgent": "Mozilla/5.0 (Linux; Android 10; K) AppleWebKit/537.36 (KHTML, like Gecko) Chrome/145.0.0.0 Mobile Safari/537.36",
  "timestamp": "2026-04-13T20:10:51.760Z"
}