{
  "buildNumber": "274",
  "buildId": "CB7E_Olw",
  "sessionId": "PJns0EXEj",
  "durationSec": 0.105,
  "avgFps": 47.48005890965272,
  "minFps": 47.48005890965272,
  "maxFps": 47.48005890965272,
  "avgSectionTimingsMs": {
    "hud": 0.03999999761581421,
    "camera": 0.019999998807907104,
    "autoEngage": 0,
    "syncPlayers": 0.07500001788139343,
    "syncUnits": 0.02499999850988388,
    "syncResources": 0.09999999403953552,
    "sendClientPoses": 0,
    "effectsAndFog": 0.2749999985098839,
    "syncStructures": 0
  },
  "userAgent": "Mozilla/5.0 (Linux; Android 10; K) AppleWebKit/537.36 (KHTML, like Gecko) Chrome/145.0.0.0 Mobile Safari/537.36",
  "timestamp": "2026-04-13T20:10:28.590Z"
}