{
  "buildNumber": "273",
  "buildId": "BF-xNiwv",
  "sessionId": "P_6xpY7hD",
  "durationSec": 24.863,
  "avgFps": 33.695271277783135,
  "minFps": 31.135007847593187,
  "maxFps": 40.321994488695054,
  "avgSectionTimingsMs": {
    "hud": 0.02525125631135912,
    "camera": 0.00841708533727943,
    "autoEngage": 0.003582652393637177,
    "syncPlayers": 0.07559748456912971,
    "syncUnits": 0.03358490560789528,
    "syncResources": 0.027295597506769048,
    "sendClientPoses": 0.005534591277440389,
    "effectsAndFog": 10.078867924138436,
    "syncStructures": 0.20165745790492104
  },
  "userAgent": "Mozilla/5.0 (Linux; Android 10; K) AppleWebKit/537.36 (KHTML, like Gecko) Chrome/145.0.0.0 Mobile Safari/537.36",
  "timestamp": "2026-04-13T20:02:21.752Z"
}