{
  "buildNumber": "276",
  "buildId": "BdYYCv-Z",
  "sessionId": "P2QeoMsYc",
  "durationSec": 42.398,
  "avgFps": 35.57118183675911,
  "minFps": 25.682952480482772,
  "maxFps": 42.24570034076106,
  "avgSectionTimingsMs": {
    "hud": 0.02586206911538524,
    "camera": 0.00955459770971331,
    "autoEngage": 0.005713258957288868,
    "syncPlayers": 0.13709561467856318,
    "syncUnits": 0.6862688715898416,
    "syncResources": 0.029187634555150242,
    "sendClientPoses": 0.10553558613223879,
    "effectsAndFog": 0.06369518353131759,
    "syncStructures": 0.1893890669683168
  },
  "userAgent": "Mozilla/5.0 (Linux; Android 10; K) AppleWebKit/537.36 (KHTML, like Gecko) Chrome/145.0.0.0 Mobile Safari/537.36",
  "timestamp": "2026-04-13T20:21:01.371Z"
}