{
  "buildNumber": "274",
  "buildId": "CB7E_Olw",
  "sessionId": "PJns0EXEj",
  "durationSec": 0.616,
  "avgFps": 47.480058909652726,
  "minFps": 47.48005890965272,
  "maxFps": 47.48005890965272,
  "avgSectionTimingsMs": {
    "hud": 0.02173912913902946,
    "camera": 0.004347825827805892,
    "autoEngage": 0,
    "syncPlayers": 0.13636363771828738,
    "syncUnits": 0.013636364178224043,
    "syncResources": 0.04999999837441878,
    "sendClientPoses": 0,
    "effectsAndFog": 0.10454545373266394,
    "syncStructures": 0
  },
  "userAgent": "Mozilla/5.0 (Linux; Android 10; K) AppleWebKit/537.36 (KHTML, like Gecko) Chrome/145.0.0.0 Mobile Safari/537.36",
  "timestamp": "2026-04-13T20:10:29.101Z"
}