{
  "buildNumber": "274",
  "buildId": "CB7E_Olw",
  "sessionId": "PJns0EXEj",
  "durationSec": 8.278,
  "avgFps": 45.6461186118549,
  "minFps": 44.13353983316393,
  "maxFps": 47.48005890965272,
  "avgSectionTimingsMs": {
    "hud": 0.01840659370134165,
    "camera": 0.005769231080353915,
    "autoEngage": 0.002338376874936824,
    "syncPlayers": 0.08099173645671078,
    "syncUnits": 0.018732782073585783,
    "syncResources": 0.02148760333862515,
    "sendClientPoses": 0.005234159713934276,
    "effectsAndFog": 0.0520661153904991,
    "syncStructures": 0.38095238000627546
  },
  "userAgent": "Mozilla/5.0 (Linux; Android 10; K) AppleWebKit/537.36 (KHTML, like Gecko) Chrome/145.0.0.0 Mobile Safari/537.36",
  "timestamp": "2026-04-13T20:10:36.763Z"
}