{
  "buildNumber": "273",
  "buildId": "BF-xNiwv",
  "sessionId": "P_6xpY7hD",
  "durationSec": 15.477,
  "avgFps": 34.805070813839315,
  "minFps": 32.098293815714115,
  "maxFps": 40.321994488695054,
  "avgSectionTimingsMs": {
    "hud": 0.022574257614588974,
    "camera": 0.008514851390725315,
    "autoEngage": 0.0038652131177034556,
    "syncPlayers": 0.07162698441081577,
    "syncUnits": 0.03373015867102714,
    "syncResources": 0.025396825420478032,
    "sendClientPoses": 0.004761904714599488,
    "effectsAndFog": 9.82638888894802,
    "syncStructures": 0.17876106157767035
  },
  "userAgent": "Mozilla/5.0 (Linux; Android 10; K) AppleWebKit/537.36 (KHTML, like Gecko) Chrome/145.0.0.0 Mobile Safari/537.36",
  "timestamp": "2026-04-13T20:02:12.367Z"
}