{
  "buildNumber": "277",
  "buildId": "CMEduUks",
  "sessionId": "q0WoIYLvG",
  "durationSec": 28.839,
  "avgFps": 36.96122358993462,
  "minFps": 29.45054707312387,
  "maxFps": 39.361938941941844,
  "avgSectionTimingsMs": {
    "hud": 0.022962226486111258,
    "camera": 0.008449303997202848,
    "autoEngage": 0.005519642025484249,
    "syncPlayers": 0.08079601974036563,
    "syncUnits": 0.42049751275807473,
    "syncResources": 0.025870646647552946,
    "sendClientPoses": 0.05044776100424392,
    "effectsAndFog": 0.049751243662478316,
    "syncStructures": 0.20418604667796644
  },
  "userAgent": "Mozilla/5.0 (Linux; Android 10; K) AppleWebKit/537.36 (KHTML, like Gecko) Chrome/145.0.0.0 Mobile Safari/537.36",
  "timestamp": "2026-04-13T20:25:33.678Z"
}