{
  "buildNumber": "273",
  "buildId": "BF-xNiwv",
  "sessionId": "P_6xpY7hD",
  "durationSec": 45.382,
  "avgFps": 30.618924840888386,
  "minFps": 18.648981660344333,
  "maxFps": 40.321994488695054,
  "avgSectionTimingsMs": {
    "hud": 0.025956061892241748,
    "camera": 0.008136696428472768,
    "autoEngage": 0.005087505099634645,
    "syncPlayers": 0.08249185722114985,
    "syncUnits": 0.45195439729706083,
    "syncResources": 0.027117263756279836,
    "sendClientPoses": 0.06620521171182298,
    "effectsAndFog": 14.598127035733542,
    "syncStructures": 0.152664577138835
  },
  "userAgent": "Mozilla/5.0 (Linux; Android 10; K) AppleWebKit/537.36 (KHTML, like Gecko) Chrome/145.0.0.0 Mobile Safari/537.36",
  "timestamp": "2026-04-13T20:02:42.271Z"
}