{
  "buildNumber": "277",
  "buildId": "CMEduUks",
  "sessionId": "q0WoIYLvG",
  "durationSec": 27.817,
  "avgFps": 37.1483368579314,
  "minFps": 30.267396097498498,
  "maxFps": 39.361938941941844,
  "avgSectionTimingsMs": {
    "hud": 0.023186925269731828,
    "camera": 0.008478038614202934,
    "autoEngage": 0.005314256594262686,
    "syncPlayers": 0.07924335360039475,
    "syncUnits": 0.36267893695880055,
    "syncResources": 0.026073619479538228,
    "sendClientPoses": 0.044785275994390555,
    "effectsAndFog": 0.049386502957782866,
    "syncStructures": 0.20721153843288237
  },
  "userAgent": "Mozilla/5.0 (Linux; Android 10; K) AppleWebKit/537.36 (KHTML, like Gecko) Chrome/145.0.0.0 Mobile Safari/537.36",
  "timestamp": "2026-04-13T20:25:32.656Z"
}