{
  "buildNumber": "275",
  "buildId": "DlwQSAVw",
  "sessionId": "7MiGiHpAI",
  "durationSec": 12.982,
  "avgFps": 20.047135261316804,
  "minFps": 15.453768091335075,
  "maxFps": 22.740751086245204,
  "avgSectionTimingsMs": {
    "hud": 0.017192983104471576,
    "camera": 0.01052631558033458,
    "autoEngage": 0.006678383096869256,
    "syncPlayers": 0.12711267614028823,
    "syncUnits": 0.9341549291996889,
    "syncStructures": 0.0831578951132925,
    "syncResources": 0.031690140530257156,
    "sendClientPoses": 0.18697183117480345,
    "effectsAndFog": 16.709154929808328
  },
  "userAgent": "Mozilla/5.0 (Linux; Android 10; K) AppleWebKit/537.36 (KHTML, like Gecko) Chrome/145.0.0.0 Mobile Safari/537.36",
  "timestamp": "2026-04-13T20:14:34.210Z"
}