{
  "buildNumber": "274",
  "buildId": "CB7E_Olw",
  "sessionId": "PJns0EXEj",
  "durationSec": 1.661,
  "avgFps": 46.547995641825985,
  "minFps": 45.86004418223954,
  "maxFps": 47.48005890965272,
  "avgSectionTimingsMs": {
    "hud": 0.021917807729276893,
    "camera": 0.004109589204396287,
    "autoEngage": 0,
    "syncPlayers": 0.09027777777777778,
    "syncUnits": 0.019444444113307528,
    "syncResources": 0.03194444543785519,
    "sendClientPoses": 0.005555555638339784,
    "effectsAndFog": 0.06250000041392115,
    "syncStructures": 0
  },
  "userAgent": "Mozilla/5.0 (Linux; Android 10; K) AppleWebKit/537.36 (KHTML, like Gecko) Chrome/145.0.0.0 Mobile Safari/537.36",
  "timestamp": "2026-04-13T20:10:30.146Z"
}