{
  "buildNumber": "273",
  "buildId": "BF-xNiwv",
  "sessionId": "P_6xpY7hD",
  "durationSec": 6.279,
  "avgFps": 37.1775580964636,
  "minFps": 35.905774044603035,
  "maxFps": 40.321994488695054,
  "avgSectionTimingsMs": {
    "hud": 0.024200913568609924,
    "camera": 0.007305935909758964,
    "autoEngage": 0.00251716238955884,
    "syncPlayers": 0.06422018403307013,
    "syncUnits": 0.033027523154512455,
    "syncResources": 0.03256880731210796,
    "sendClientPoses": 0.0032110091196287664,
    "effectsAndFog": 8.73944954068289,
    "syncStructures": 0.0065217387417088385
  },
  "userAgent": "Mozilla/5.0 (Linux; Android 10; K) AppleWebKit/537.36 (KHTML, like Gecko) Chrome/145.0.0.0 Mobile Safari/537.36",
  "timestamp": "2026-04-13T20:02:03.168Z"
}