{
  "buildNumber": "274",
  "buildId": "CB7E_Olw",
  "sessionId": "PJns0EXEj",
  "durationSec": 27.078,
  "avgFps": 41.54011001220445,
  "minFps": 31.92384310337146,
  "maxFps": 47.48005890965272,
  "avgSectionTimingsMs": {
    "hud": 0.018418514826258676,
    "camera": 0.008100289388011024,
    "autoEngage": 0.00443801253645879,
    "syncPlayers": 0.10048262582207279,
    "syncUnits": 0.5897683399697068,
    "syncResources": 0.020077220117493487,
    "sendClientPoses": 0.08233590726111387,
    "effectsAndFog": 0.056081080873960694,
    "syncStructures": 0.23861386117958786
  },
  "userAgent": "Mozilla/5.0 (Linux; Android 10; K) AppleWebKit/537.36 (KHTML, like Gecko) Chrome/145.0.0.0 Mobile Safari/537.36",
  "timestamp": "2026-04-13T20:10:55.563Z"
}