{
  "buildNumber": "273",
  "buildId": "BF-xNiwv",
  "sessionId": "P_6xpY7hD",
  "durationSec": 32.872,
  "avgFps": 32.85833718036609,
  "minFps": 24.785627182764433,
  "maxFps": 40.321994488695054,
  "avgSectionTimingsMs": {
    "hud": 0.026907630474213136,
    "camera": 0.008032128394368183,
    "autoEngage": 0.004570567536030745,
    "syncPlayers": 0.07738693512264808,
    "syncUnits": 0.19597989961729576,
    "syncResources": 0.02763819095477387,
    "sendClientPoses": 0.02572864315018582,
    "effectsAndFog": 11.28894472331857,
    "syncStructures": 0.18249999980131784
  },
  "userAgent": "Mozilla/5.0 (Linux; Android 10; K) AppleWebKit/537.36 (KHTML, like Gecko) Chrome/145.0.0.0 Mobile Safari/537.36",
  "timestamp": "2026-04-13T20:02:29.761Z"
}