{
  "buildNumber": "273",
  "buildId": "BF-xNiwv",
  "sessionId": "P_6xpY7hD",
  "durationSec": 56.147,
  "avgFps": 28.957599888453263,
  "minFps": 18.005645273948964,
  "maxFps": 40.321994488695054,
  "avgSectionTimingsMs": {
    "hud": 0.02623413265676189,
    "camera": 0.0077574047744694485,
    "autoEngage": 0.005185185191492555,
    "syncPlayers": 0.08588567443439131,
    "syncUnits": 0.5642201834021106,
    "syncResources": 0.027240649149631563,
    "sendClientPoses": 0.09929428381573253,
    "effectsAndFog": 16.96337332394061,
    "syncStructures": 0.13958333347303173
  },
  "userAgent": "Mozilla/5.0 (Linux; Android 10; K) AppleWebKit/537.36 (KHTML, like Gecko) Chrome/145.0.0.0 Mobile Safari/537.36",
  "timestamp": "2026-04-13T20:02:53.037Z"
}