{
  "buildNumber": "274",
  "buildId": "CB7E_Olw",
  "sessionId": "PJns0EXEj",
  "durationSec": 21.258,
  "avgFps": 42.995430397172825,
  "minFps": 37.171551922372416,
  "maxFps": 47.48005890965272,
  "avgSectionTimingsMs": {
    "hud": 0.01841491839407763,
    "camera": 0.007342657495489765,
    "autoEngage": 0.004023323618635839,
    "syncPlayers": 0.09323220568749284,
    "syncUnits": 0.42147024527035626,
    "syncResources": 0.0204200701507693,
    "sendClientPoses": 0.060793465431540544,
    "effectsAndFog": 0.05472578742957588,
    "syncStructures": 0.2718749998137355
  },
  "userAgent": "Mozilla/5.0 (Linux; Android 10; K) AppleWebKit/537.36 (KHTML, like Gecko) Chrome/145.0.0.0 Mobile Safari/537.36",
  "timestamp": "2026-04-13T20:10:49.744Z"
}