{
  "buildNumber": "274",
  "buildId": "CB7E_Olw",
  "sessionId": "PJns0EXEj",
  "durationSec": 17.759,
  "avgFps": 43.917863425035584,
  "minFps": 38.46811471762148,
  "maxFps": 47.48005890965272,
  "avgSectionTimingsMs": {
    "hud": 0.017871759882727878,
    "camera": 0.006684857005149248,
    "autoEngage": 0.004095563139931741,
    "syncPlayers": 0.09125683118736809,
    "syncUnits": 0.3174863388059569,
    "syncResources": 0.020901639604829048,
    "sendClientPoses": 0.04822404336571042,
    "effectsAndFog": 0.05464480853960162,
    "syncStructures": 0.307462686478202
  },
  "userAgent": "Mozilla/5.0 (Linux; Android 10; K) AppleWebKit/537.36 (KHTML, like Gecko) Chrome/145.0.0.0 Mobile Safari/537.36",
  "timestamp": "2026-04-13T20:10:46.244Z"
}