{
  "buildNumber": "275",
  "buildId": "DlwQSAVw",
  "sessionId": "7MiGiHpAI",
  "durationSec": 18.072,
  "avgFps": 20.82187928348418,
  "minFps": 15.453768091335075,
  "maxFps": 23.047854017536704,
  "avgSectionTimingsMs": {
    "hud": 0.015538847461380158,
    "camera": 0.01077694208699659,
    "autoEngage": 0.006148055214504974,
    "syncPlayers": 0.1256281407783978,
    "syncUnits": 0.8753768842873262,
    "syncStructures": 0.07669172968183245,
    "syncResources": 0.029899497202892398,
    "sendClientPoses": 0.18869346739658757,
    "effectsAndFog": 16.440954774243746
  },
  "userAgent": "Mozilla/5.0 (Linux; Android 10; K) AppleWebKit/537.36 (KHTML, like Gecko) Chrome/145.0.0.0 Mobile Safari/537.36",
  "timestamp": "2026-04-13T20:14:39.300Z"
}