{
  "buildNumber": "276",
  "buildId": "BdYYCv-Z",
  "sessionId": "P2QeoMsYc",
  "durationSec": 36.267,
  "avgFps": 36.57800892003482,
  "minFps": 28.35716510295945,
  "maxFps": 42.24570034076106,
  "avgSectionTimingsMs": {
    "hud": 0.024979790059808965,
    "camera": 0.008730800332999942,
    "autoEngage": 0.005378083220098937,
    "syncPlayers": 0.12637540454521148,
    "syncUnits": 0.518203883663929,
    "syncResources": 0.027993527310372943,
    "sendClientPoses": 0.08907767006687362,
    "effectsAndFog": 0.06092233034785126,
    "syncStructures": 0.2048689133665535
  },
  "userAgent": "Mozilla/5.0 (Linux; Android 10; K) AppleWebKit/537.36 (KHTML, like Gecko) Chrome/145.0.0.0 Mobile Safari/537.36",
  "timestamp": "2026-04-13T20:20:55.239Z"
}