{
  "buildNumber": "277",
  "buildId": "CMEduUks",
  "sessionId": "q0WoIYLvG",
  "durationSec": 37.001,
  "avgFps": 35.40131055078172,
  "minFps": 26.510727529094936,
  "maxFps": 39.361938941941844,
  "avgSectionTimingsMs": {
    "hud": 0.022459016178475052,
    "camera": 0.009754098218972565,
    "autoEngage": 0.006232062376830948,
    "syncPlayers": 0.08597210795298475,
    "syncUnits": 0.7367514358425453,
    "syncResources": 0.02625102528399185,
    "sendClientPoses": 0.07317473323155467,
    "effectsAndFog": 0.049548810480851635,
    "syncStructures": 0.17179487214420305
  },
  "userAgent": "Mozilla/5.0 (Linux; Android 10; K) AppleWebKit/537.36 (KHTML, like Gecko) Chrome/145.0.0.0 Mobile Safari/537.36",
  "timestamp": "2026-04-13T20:25:41.840Z"
}