{
  "buildNumber": "276",
  "buildId": "BdYYCv-Z",
  "sessionId": "P2QeoMsYc",
  "durationSec": 0.398,
  "avgFps": 41.125914193165954,
  "minFps": 41.125914193165954,
  "maxFps": 41.125914193165954,
  "avgSectionTimingsMs": {
    "hud": 0.04117646988700418,
    "camera": 0.011764706934199613,
    "autoEngage": 0.006060606602466468,
    "syncPlayers": 0.15000000037252903,
    "syncUnits": 0.02500000037252903,
    "syncResources": 0.03749999962747097,
    "sendClientPoses": 0,
    "effectsAndFog": 0.10624999925494194,
    "syncStructures": 0.06666666269302368
  },
  "userAgent": "Mozilla/5.0 (Linux; Android 10; K) AppleWebKit/537.36 (KHTML, like Gecko) Chrome/145.0.0.0 Mobile Safari/537.36",
  "timestamp": "2026-04-13T20:20:19.370Z"
}