{
  "buildNumber": "274",
  "buildId": "CB7E_Olw",
  "sessionId": "PJns0EXEj",
  "durationSec": 6.796,
  "avgFps": 45.86347045701519,
  "minFps": 44.792959703402545,
  "maxFps": 47.48005890965272,
  "avgSectionTimingsMs": {
    "hud": 0.018936877234829622,
    "camera": 0.005315614895171105,
    "autoEngage": 0.002329450875471118,
    "syncPlayers": 0.08133333434661229,
    "syncUnits": 0.019999999602635703,
    "syncResources": 0.023333333333333334,
    "sendClientPoses": 0.0053333333134651184,
    "effectsAndFog": 0.05299999972184499,
    "syncStructures": 0.24230769161994642
  },
  "userAgent": "Mozilla/5.0 (Linux; Android 10; K) AppleWebKit/537.36 (KHTML, like Gecko) Chrome/145.0.0.0 Mobile Safari/537.36",
  "timestamp": "2026-04-13T20:10:35.281Z"
}