{
  "buildNumber": "273",
  "buildId": "BF-xNiwv",
  "sessionId": "P_6xpY7hD",
  "durationSec": 15.097,
  "avgFps": 34.86638330575976,
  "minFps": 32.098293815714115,
  "maxFps": 40.321994488695054,
  "avgSectionTimingsMs": {
    "hud": 0.022109533601551944,
    "camera": 0.008519269692244926,
    "autoEngage": 0.0039593908992515605,
    "syncPlayers": 0.0715447157863679,
    "syncUnits": 0.03394308940666478,
    "syncResources": 0.025813008166425597,
    "sendClientPoses": 0.004268292610238238,
    "effectsAndFog": 9.810365853694881,
    "syncStructures": 0.18272727240215647
  },
  "userAgent": "Mozilla/5.0 (Linux; Android 10; K) AppleWebKit/537.36 (KHTML, like Gecko) Chrome/145.0.0.0 Mobile Safari/537.36",
  "timestamp": "2026-04-13T20:02:11.987Z"
}