{
  "buildNumber": "273",
  "buildId": "BF-xNiwv",
  "sessionId": "P_6xpY7hD",
  "durationSec": 26.429,
  "avgFps": 33.60235960956808,
  "minFps": 31.135007847593187,
  "maxFps": 40.321994488695054,
  "avgSectionTimingsMs": {
    "hud": 0.02485207100591716,
    "camera": 0.00828402356283199,
    "autoEngage": 0.0037892243790160697,
    "syncPlayers": 0.07547393402358367,
    "syncUnits": 0.03364928914189904,
    "syncResources": 0.0268957346889645,
    "sendClientPoses": 0.005568720435644213,
    "effectsAndFog": 10.128080568218966,
    "syncStructures": 0.19896373029199907
  },
  "userAgent": "Mozilla/5.0 (Linux; Android 10; K) AppleWebKit/537.36 (KHTML, like Gecko) Chrome/145.0.0.0 Mobile Safari/537.36",
  "timestamp": "2026-04-13T20:02:23.319Z"
}