{
  "buildNumber": "277",
  "buildId": "CMEduUks",
  "sessionId": "q0WoIYLvG",
  "durationSec": 12.503,
  "avgFps": 38.253593909340324,
  "minFps": 37.45324088294771,
  "maxFps": 39.361938941941844,
  "avgSectionTimingsMs": {
    "hud": 0.02107526877874969,
    "camera": 0.008172042780025032,
    "autoEngage": 0.0035522068470748556,
    "syncPlayers": 0.07607758603990078,
    "syncUnits": 0.03297413827787186,
    "syncResources": 0.028017240737018913,
    "sendClientPoses": 0.004525862056119689,
    "effectsAndFog": 0.05193965477419311,
    "syncStructures": 0.20212766020856004
  },
  "userAgent": "Mozilla/5.0 (Linux; Android 10; K) AppleWebKit/537.36 (KHTML, like Gecko) Chrome/145.0.0.0 Mobile Safari/537.36",
  "timestamp": "2026-04-13T20:25:17.342Z"
}