{
  "buildNumber": "276",
  "buildId": "BdYYCv-Z",
  "sessionId": "P2QeoMsYc",
  "durationSec": 48.993,
  "avgFps": 34.50203444904976,
  "minFps": 23.91074322966405,
  "maxFps": 42.24570034076106,
  "avgSectionTimingsMs": {
    "hud": 0.026261319703920077,
    "camera": 0.009896507103569603,
    "autoEngage": 0.006211581902379012,
    "syncPlayers": 0.14304207113954243,
    "syncUnits": 0.7485436896290208,
    "syncResources": 0.029126213476495834,
    "sendClientPoses": 0.1174110032593934,
    "effectsAndFog": 0.06278317171393089,
    "syncStructures": 0.19999999950329464
  },
  "userAgent": "Mozilla/5.0 (Linux; Android 10; K) AppleWebKit/537.36 (KHTML, like Gecko) Chrome/145.0.0.0 Mobile Safari/537.36",
  "timestamp": "2026-04-13T20:21:07.965Z"
}