{
  "buildNumber": "277",
  "buildId": "CMEduUks",
  "sessionId": "q0WoIYLvG",
  "durationSec": 37.671,
  "avgFps": 35.2720452079785,
  "minFps": 26.510727529094936,
  "maxFps": 39.361938941941844,
  "avgSectionTimingsMs": {
    "hud": 0.022617124201600503,
    "camera": 0.009773828630878775,
    "autoEngage": 0.00622222227279586,
    "syncPlayers": 0.08649959545898746,
    "syncUnits": 0.7479385612419563,
    "syncResources": 0.026192400806260476,
    "sendClientPoses": 0.07526273224367282,
    "effectsAndFog": 0.04963621665801169,
    "syncStructures": 0.16978417304779986
  },
  "userAgent": "Mozilla/5.0 (Linux; Android 10; K) AppleWebKit/537.36 (KHTML, like Gecko) Chrome/145.0.0.0 Mobile Safari/537.36",
  "timestamp": "2026-04-13T20:25:42.511Z"
}