{
  "buildNumber": "274",
  "buildId": "CB7E_Olw",
  "sessionId": "PJns0EXEj",
  "durationSec": 2.372,
  "avgFps": 46.46939135302581,
  "minFps": 45.86004418223954,
  "maxFps": 47.48005890965272,
  "avgSectionTimingsMs": {
    "hud": 0.02242990659776135,
    "camera": 0.005607476858335121,
    "autoEngage": 0.0009389670801834321,
    "syncPlayers": 0.08396226505063614,
    "syncUnits": 0.023584905379223375,
    "syncResources": 0.028301887073606816,
    "sendClientPoses": 0.0047169811320754715,
    "effectsAndFog": 0.05943396209545855,
    "syncStructures": 0
  },
  "userAgent": "Mozilla/5.0 (Linux; Android 10; K) AppleWebKit/537.36 (KHTML, like Gecko) Chrome/145.0.0.0 Mobile Safari/537.36",
  "timestamp": "2026-04-13T20:10:30.857Z"
}