{
  "buildNumber": "273",
  "buildId": "BF-xNiwv",
  "sessionId": "P_6xpY7hD",
  "durationSec": 39.237,
  "avgFps": 31.708192825696727,
  "minFps": 20.473564994198064,
  "maxFps": 40.321994488695054,
  "avgSectionTimingsMs": {
    "hud": 0.0263628240564873,
    "camera": 0.008042895362460261,
    "autoEngage": 0.004783191782691727,
    "syncPlayers": 0.07960644047140862,
    "syncUnits": 0.31592128803030534,
    "syncResources": 0.02683363145813746,
    "sendClientPoses": 0.04624329155480925,
    "effectsAndFog": 13.08381037547358,
    "syncStructures": 0.1629893239918977
  },
  "userAgent": "Mozilla/5.0 (Linux; Android 10; K) AppleWebKit/537.36 (KHTML, like Gecko) Chrome/145.0.0.0 Mobile Safari/537.36",
  "timestamp": "2026-04-13T20:02:36.126Z"
}