{
  "buildNumber": "277",
  "buildId": "CMEduUks",
  "sessionId": "q0WoIYLvG",
  "durationSec": 4.014,
  "avgFps": 38.48259845699234,
  "minFps": 38.293317991131715,
  "maxFps": 39.361938941941844,
  "avgSectionTimingsMs": {
    "hud": 0.020134228187919462,
    "camera": 0.006711409395973154,
    "autoEngage": 0.0033670036680369265,
    "syncPlayers": 0.07432432452569136,
    "syncUnits": 0.027702702863796336,
    "syncResources": 0.024999999315352052,
    "sendClientPoses": 0.002027026906206801,
    "effectsAndFog": 0.043243242075314395,
    "syncStructures": 0.07666666706403097
  },
  "userAgent": "Mozilla/5.0 (Linux; Android 10; K) AppleWebKit/537.36 (KHTML, like Gecko) Chrome/145.0.0.0 Mobile Safari/537.36",
  "timestamp": "2026-04-13T20:25:08.853Z"
}