{
  "buildNumber": "277",
  "buildId": "CMEduUks",
  "sessionId": "q0WoIYLvG",
  "durationSec": 23.382,
  "avgFps": 37.791905990302745,
  "minFps": 35.221455159829034,
  "maxFps": 39.361938941941844,
  "avgSectionTimingsMs": {
    "hud": 0.023094958814618736,
    "camera": 0.00785463056139482,
    "autoEngage": 0.004633431210895438,
    "syncPlayers": 0.07746478880235287,
    "syncUnits": 0.18485915513945297,
    "syncResources": 0.025938966849320372,
    "sendClientPoses": 0.027934272139564925,
    "effectsAndFog": 0.0490610326329867,
    "syncStructures": 0.23181818188591438
  },
  "userAgent": "Mozilla/5.0 (Linux; Android 10; K) AppleWebKit/537.36 (KHTML, like Gecko) Chrome/145.0.0.0 Mobile Safari/537.36",
  "timestamp": "2026-04-13T20:25:28.222Z"
}