{
  "buildNumber": "274",
  "buildId": "CB7E_Olw",
  "sessionId": "PJns0EXEj",
  "durationSec": 1.473,
  "avgFps": 46.64473881583032,
  "minFps": 45.86004418223954,
  "maxFps": 47.48005890965272,
  "avgSectionTimingsMs": {
    "hud": 0.023437499534338713,
    "camera": 0.004687500186264515,
    "autoEngage": 0,
    "syncPlayers": 0.09523809571114797,
    "syncUnits": 0.020634920351088992,
    "syncResources": 0.03174603221908448,
    "sendClientPoses": 0.006349206443816897,
    "effectsAndFog": 0.06349206349206349,
    "syncStructures": 0
  },
  "userAgent": "Mozilla/5.0 (Linux; Android 10; K) AppleWebKit/537.36 (KHTML, like Gecko) Chrome/145.0.0.0 Mobile Safari/537.36",
  "timestamp": "2026-04-13T20:10:29.958Z"
}