{
  "buildNumber": "277",
  "buildId": "CMEduUks",
  "sessionId": "q0WoIYLvG",
  "durationSec": 6.725,
  "avgFps": 38.38965261759842,
  "minFps": 38.014368527508694,
  "maxFps": 39.361938941941844,
  "avgSectionTimingsMs": {
    "hud": 0.02063492023282581,
    "camera": 0.005952380952380952,
    "autoEngage": 0.0029821075928614105,
    "syncPlayers": 0.06852589636684889,
    "syncUnits": 0.028685259035384037,
    "syncResources": 0.0282868517347541,
    "sendClientPoses": 0.00398406374501992,
    "effectsAndFog": 0.04581673235532297,
    "syncStructures": 0.1686274526165981
  },
  "userAgent": "Mozilla/5.0 (Linux; Android 10; K) AppleWebKit/537.36 (KHTML, like Gecko) Chrome/145.0.0.0 Mobile Safari/537.36",
  "timestamp": "2026-04-13T20:25:11.564Z"
}