{
  "buildNumber": "274",
  "buildId": "CB7E_Olw",
  "sessionId": "PJns0EXEj",
  "durationSec": 23.079,
  "avgFps": 42.57650777885401,
  "minFps": 35.78399795633448,
  "maxFps": 47.48005890965272,
  "avgSectionTimingsMs": {
    "hud": 0.017954298117734142,
    "camera": 0.007616975102512829,
    "autoEngage": 0.004354926494391768,
    "syncPlayers": 0.09520697200869682,
    "syncUnits": 0.46884531610541874,
    "syncResources": 0.02047930291015858,
    "sendClientPoses": 0.06612200431184831,
    "effectsAndFog": 0.05555555532830473,
    "syncStructures": 0.25606936371395356
  },
  "userAgent": "Mozilla/5.0 (Linux; Android 10; K) AppleWebKit/537.36 (KHTML, like Gecko) Chrome/145.0.0.0 Mobile Safari/537.36",
  "timestamp": "2026-04-13T20:10:51.564Z"
}