{
  "buildNumber": "276",
  "buildId": "BdYYCv-Z",
  "sessionId": "P2QeoMsYc",
  "durationSec": 16.315,
  "avgFps": 40.09831680422652,
  "minFps": 36.559663552824205,
  "maxFps": 42.24570034076106,
  "avgSectionTimingsMs": {
    "hud": 0.026198083314651878,
    "camera": 0.006549520900074286,
    "autoEngage": 0.0046362909052869395,
    "syncPlayers": 0.10864000015258789,
    "syncUnits": 0.18399999976158143,
    "syncResources": 0.027199999761581422,
    "sendClientPoses": 0.03696000013351441,
    "effectsAndFog": 0.05824000034332275,
    "syncStructures": 0.28512396694214875
  },
  "userAgent": "Mozilla/5.0 (Linux; Android 10; K) AppleWebKit/537.36 (KHTML, like Gecko) Chrome/145.0.0.0 Mobile Safari/537.36",
  "timestamp": "2026-04-13T20:20:35.288Z"
}