{
  "buildNumber": "274",
  "buildId": "CB7E_Olw",
  "sessionId": "PJns0EXEj",
  "durationSec": 4.689,
  "avgFps": 46.27433795072774,
  "minFps": 45.40970613938231,
  "maxFps": 47.48005890965272,
  "avgSectionTimingsMs": {
    "hud": 0.01971153886272357,
    "camera": 0.006250000200592554,
    "autoEngage": 0.0021686745695320957,
    "syncPlayers": 0.07922705417669913,
    "syncUnits": 0.022222221905482564,
    "syncResources": 0.02705313992385127,
    "sendClientPoses": 0.004830918018368708,
    "effectsAndFog": 0.05845410567550843,
    "syncStructures": 0.14444444411330754
  },
  "userAgent": "Mozilla/5.0 (Linux; Android 10; K) AppleWebKit/537.36 (KHTML, like Gecko) Chrome/145.0.0.0 Mobile Safari/537.36",
  "timestamp": "2026-04-13T20:10:33.174Z"
}