{
  "buildNumber": "276",
  "buildId": "BdYYCv-Z",
  "sessionId": "P2QeoMsYc",
  "durationSec": 47.773,
  "avgFps": 34.69399444631023,
  "minFps": 24.214324306218735,
  "maxFps": 42.24570034076106,
  "avgSectionTimingsMs": {
    "hud": 0.02608695671413884,
    "camera": 0.009749670627088886,
    "autoEngage": 0.006161449650759752,
    "syncPlayers": 0.14225444952044428,
    "syncUnits": 0.7448912330497309,
    "syncResources": 0.029136453361674683,
    "sendClientPoses": 0.11502966381015162,
    "effectsAndFog": 0.0628872777414542,
    "syncStructures": 0.20199430150184197
  },
  "userAgent": "Mozilla/5.0 (Linux; Android 10; K) AppleWebKit/537.36 (KHTML, like Gecko) Chrome/145.0.0.0 Mobile Safari/537.36",
  "timestamp": "2026-04-13T20:21:06.745Z"
}