{
  "buildNumber": "277",
  "buildId": "CMEduUks",
  "sessionId": "q0WoIYLvG",
  "durationSec": 6.717,
  "avgFps": 28.773359227572612,
  "minFps": 28.48434442172548,
  "maxFps": 30.259186777423363,
  "avgSectionTimingsMs": {
    "hud": 0.027272727240853133,
    "camera": 0.009625668672316852,
    "autoEngage": 0.00911528151732028,
    "syncPlayers": 0.10806451609698675,
    "syncUnits": 1.3956989245389098,
    "syncResources": 0.024731183885246196,
    "sendClientPoses": 0.1844086015737185,
    "effectsAndFog": 0.04731182802108026,
    "syncStructures": 0.06595744541350831
  },
  "userAgent": "Mozilla/5.0 (Linux; Android 10; K) AppleWebKit/537.36 (KHTML, like Gecko) Chrome/145.0.0.0 Mobile Safari/537.36",
  "timestamp": "2026-04-13T20:26:06.332Z"
}