{
  "buildNumber": "276",
  "buildId": "BdYYCv-Z",
  "sessionId": "P2QeoMsYc",
  "durationSec": 27.626,
  "avgFps": 38.093794310799275,
  "minFps": 32.168598108146696,
  "maxFps": 42.24570034076106,
  "avgSectionTimingsMs": {
    "hud": 0.02613065347599624,
    "camera": 0.007336683488970426,
    "autoEngage": 0.0049270989608381065,
    "syncPlayers": 0.1153923541127556,
    "syncUnits": 0.32665995995643393,
    "syncResources": 0.02635814870147398,
    "sendClientPoses": 0.06368209265727152,
    "effectsAndFog": 0.0591549298293154,
    "syncStructures": 0.2414634140526376
  },
  "userAgent": "Mozilla/5.0 (Linux; Android 10; K) AppleWebKit/537.36 (KHTML, like Gecko) Chrome/145.0.0.0 Mobile Safari/537.36",
  "timestamp": "2026-04-13T20:20:46.598Z"
}