{
  "buildNumber": "276",
  "buildId": "BdYYCv-Z",
  "sessionId": "P2QeoMsYc",
  "durationSec": 28.789,
  "avgFps": 37.887063526229845,
  "minFps": 31.876448581110022,
  "maxFps": 42.24570034076106,
  "avgSectionTimingsMs": {
    "hud": 0.025631068169491962,
    "camera": 0.0073786408577150514,
    "autoEngage": 0.004905293756691561,
    "syncPlayers": 0.1168124392498339,
    "syncUnits": 0.34480077763919814,
    "syncResources": 0.026433430329703727,
    "sendClientPoses": 0.06666666680568625,
    "effectsAndFog": 0.059086491982837226,
    "syncStructures": 0.23504672847061514
  },
  "userAgent": "Mozilla/5.0 (Linux; Android 10; K) AppleWebKit/537.36 (KHTML, like Gecko) Chrome/145.0.0.0 Mobile Safari/537.36",
  "timestamp": "2026-04-13T20:20:47.761Z"
}