{
  "buildNumber": "277",
  "buildId": "CMEduUks",
  "sessionId": "q0WoIYLvG",
  "durationSec": 40.669,
  "avgFps": 34.76244509335291,
  "minFps": 26.510727529094936,
  "maxFps": 39.361938941941844,
  "avgSectionTimingsMs": {
    "hud": 0.022348484713019746,
    "camera": 0.009772727164355191,
    "autoEngage": 0.006290261494295757,
    "syncPlayers": 0.08779378286178045,
    "syncUnits": 0.7727065960551139,
    "syncResources": 0.0264594387926777,
    "sendClientPoses": 0.08256254732111713,
    "effectsAndFog": 0.049810462530315416,
    "syncStructures": 0.16321070277969973
  },
  "userAgent": "Mozilla/5.0 (Linux; Android 10; K) AppleWebKit/537.36 (KHTML, like Gecko) Chrome/145.0.0.0 Mobile Safari/537.36",
  "timestamp": "2026-04-13T20:25:45.508Z"
}