{
  "buildNumber": "274",
  "buildId": "CB7E_Olw",
  "sessionId": "PJns0EXEj",
  "durationSec": 25.385,
  "avgFps": 42.01055130919645,
  "minFps": 32.75349885043815,
  "maxFps": 47.48005890965272,
  "avgSectionTimingsMs": {
    "hud": 0.01796954310484949,
    "camera": 0.007918781828759285,
    "autoEngage": 0.004367699306467695,
    "syncPlayers": 0.10010162628884238,
    "syncUnits": 0.5656504067100161,
    "syncResources": 0.02032520334289326,
    "sendClientPoses": 0.07713414628694697,
    "effectsAndFog": 0.05619918676168938,
    "syncStructures": 0.24894736785637706
  },
  "userAgent": "Mozilla/5.0 (Linux; Android 10; K) AppleWebKit/537.36 (KHTML, like Gecko) Chrome/145.0.0.0 Mobile Safari/537.36",
  "timestamp": "2026-04-13T20:10:53.871Z"
}