{
  "buildNumber": "277",
  "buildId": "CMEduUks",
  "sessionId": "q0WoIYLvG",
  "durationSec": 11.038,
  "avgFps": 38.3247947807556,
  "minFps": 38.014368527508694,
  "maxFps": 39.361938941941844,
  "avgSectionTimingsMs": {
    "hud": 0.020145631096895458,
    "camera": 0.008737863846195555,
    "autoEngage": 0.0034021872796235948,
    "syncPlayers": 0.07396593660913825,
    "syncUnits": 0.03138686154590616,
    "syncResources": 0.02846715260306124,
    "sendClientPoses": 0.004379562000288581,
    "effectsAndFog": 0.05279805306390544,
    "syncStructures": 0.20963855464774442
  },
  "userAgent": "Mozilla/5.0 (Linux; Android 10; K) AppleWebKit/537.36 (KHTML, like Gecko) Chrome/145.0.0.0 Mobile Safari/537.36",
  "timestamp": "2026-04-13T20:25:15.877Z"
}