{
  "buildNumber": "277",
  "buildId": "CMEduUks",
  "sessionId": "q0WoIYLvG",
  "durationSec": 34.059,
  "avgFps": 35.96444910651469,
  "minFps": 26.803205994891698,
  "maxFps": 39.361938941941844,
  "avgSectionTimingsMs": {
    "hud": 0.022309711051425284,
    "camera": 0.00944881877769844,
    "autoEngage": 0.006083151052504191,
    "syncPlayers": 0.08467600675994585,
    "syncUnits": 0.6532399302345232,
    "syncResources": 0.026007005086922188,
    "sendClientPoses": 0.06523642716391075,
    "effectsAndFog": 0.04973730296157496,
    "syncStructures": 0.18174603214812657
  },
  "userAgent": "Mozilla/5.0 (Linux; Android 10; K) AppleWebKit/537.36 (KHTML, like Gecko) Chrome/145.0.0.0 Mobile Safari/537.36",
  "timestamp": "2026-04-13T20:25:38.898Z"
}