{
  "buildNumber": "273",
  "buildId": "BF-xNiwv",
  "sessionId": "P_6xpY7hD",
  "durationSec": 38.262,
  "avgFps": 31.88918843966451,
  "minFps": 20.96475332559742,
  "maxFps": 40.321994488695054,
  "avgSectionTimingsMs": {
    "hud": 0.026521344275825354,
    "camera": 0.007901907264915626,
    "autoEngage": 0.0048159927278689394,
    "syncPlayers": 0.07927272766828537,
    "syncUnits": 0.30045454548163847,
    "syncResources": 0.026818181818181817,
    "sendClientPoses": 0.04318181815472516,
    "effectsAndFog": 12.817272726974704,
    "syncStructures": 0.16581818201325157
  },
  "userAgent": "Mozilla/5.0 (Linux; Android 10; K) AppleWebKit/537.36 (KHTML, like Gecko) Chrome/145.0.0.0 Mobile Safari/537.36",
  "timestamp": "2026-04-13T20:02:35.152Z"
}