{
  "buildNumber": "273",
  "buildId": "BF-xNiwv",
  "sessionId": "P_6xpY7hD",
  "durationSec": 58.032,
  "avgFps": 28.71122541803938,
  "minFps": 18.005645273948964,
  "maxFps": 40.321994488695054,
  "avgSectionTimingsMs": {
    "hud": 0.02611991738467936,
    "camera": 0.007787732565345475,
    "autoEngage": 0.00520510169729123,
    "syncPlayers": 0.08655172463121086,
    "syncUnits": 0.5699999998972334,
    "syncResources": 0.027310344761815566,
    "sendClientPoses": 0.10413793113724938,
    "effectsAndFog": 17.315793103452386,
    "syncStructures": 0.13797468377065056
  },
  "userAgent": "Mozilla/5.0 (Linux; Android 10; K) AppleWebKit/537.36 (KHTML, like Gecko) Chrome/145.0.0.0 Mobile Safari/537.36",
  "timestamp": "2026-04-13T20:02:54.921Z"
}