{
  "buildNumber": "277",
  "buildId": "CMEduUks",
  "sessionId": "q0WoIYLvG",
  "durationSec": 5.13,
  "avgFps": 38.463798805854644,
  "minFps": 38.293317991131715,
  "maxFps": 39.361938941941844,
  "avgSectionTimingsMs": {
    "hud": 0.02157894702334153,
    "camera": 0.007368421084002445,
    "autoEngage": 0.0029023749689942612,
    "syncPlayers": 0.06878306862538454,
    "syncUnits": 0.028571428760649668,
    "syncResources": 0.024867724016229942,
    "sendClientPoses": 0.00158730149269104,
    "effectsAndFog": 0.04179894088437318,
    "syncStructures": 0.17631579072851883
  },
  "userAgent": "Mozilla/5.0 (Linux; Android 10; K) AppleWebKit/537.36 (KHTML, like Gecko) Chrome/145.0.0.0 Mobile Safari/537.36",
  "timestamp": "2026-04-13T20:25:09.969Z"
}