{
  "buildNumber": "276",
  "buildId": "BdYYCv-Z",
  "sessionId": "P2QeoMsYc",
  "durationSec": 25.003,
  "avgFps": 38.58895049398954,
  "minFps": 32.99223255264404,
  "maxFps": 42.24570034076106,
  "avgSectionTimingsMs": {
    "hud": 0.02705366947042459,
    "camera": 0.006900328665416839,
    "autoEngage": 0.004986301284946808,
    "syncPlayers": 0.11403508768662025,
    "syncUnits": 0.2884868422947955,
    "syncResources": 0.026315789310294286,
    "sendClientPoses": 0.05504385979944154,
    "effectsAndFog": 0.06008771960541867,
    "syncStructures": 0.2583783782817222
  },
  "userAgent": "Mozilla/5.0 (Linux; Android 10; K) AppleWebKit/537.36 (KHTML, like Gecko) Chrome/145.0.0.0 Mobile Safari/537.36",
  "timestamp": "2026-04-13T20:20:43.975Z"
}