{
  "buildNumber": "277",
  "buildId": "CMEduUks",
  "sessionId": "q0WoIYLvG",
  "durationSec": 32.923,
  "avgFps": 36.18318665374446,
  "minFps": 27.4042746598556,
  "maxFps": 39.361938941941844,
  "avgSectionTimingsMs": {
    "hud": 0.022331838356539808,
    "camera": 0.009327354105064153,
    "autoEngage": 0.005787348669705876,
    "syncPlayers": 0.08420107696921007,
    "syncUnits": 0.5784560146622855,
    "syncResources": 0.025852782641749835,
    "sendClientPoses": 0.06310592449974115,
    "effectsAndFog": 0.04999999990904139,
    "syncStructures": 0.18319672150690047
  },
  "userAgent": "Mozilla/5.0 (Linux; Android 10; K) AppleWebKit/537.36 (KHTML, like Gecko) Chrome/145.0.0.0 Mobile Safari/537.36",
  "timestamp": "2026-04-13T20:25:37.762Z"
}