{
  "buildNumber": "273",
  "buildId": "BF-xNiwv",
  "sessionId": "P_6xpY7hD",
  "durationSec": 15.947,
  "avgFps": 34.73349339695317,
  "minFps": 32.098293815714115,
  "maxFps": 40.321994488695054,
  "avgSectionTimingsMs": {
    "hud": 0.02250000014901161,
    "camera": 0.008461538358376576,
    "autoEngage": 0.0038498556590975193,
    "syncPlayers": 0.07263969197898013,
    "syncUnits": 0.033911367946507155,
    "syncResources": 0.026589595341268993,
    "sendClientPoses": 0.00462427741070933,
    "effectsAndFog": 9.832369942253955,
    "syncStructures": 0.17586206875998397
  },
  "userAgent": "Mozilla/5.0 (Linux; Android 10; K) AppleWebKit/537.36 (KHTML, like Gecko) Chrome/145.0.0.0 Mobile Safari/537.36",
  "timestamp": "2026-04-13T20:02:12.836Z"
}