{
  "buildNumber": "277",
  "buildId": "CMEduUks",
  "sessionId": "q0WoIYLvG",
  "durationSec": 9.718,
  "avgFps": 38.35214095559059,
  "minFps": 38.014368527508694,
  "maxFps": 39.361938941941844,
  "avgSectionTimingsMs": {
    "hud": 0.02038567494754949,
    "camera": 0.007988980568473332,
    "autoEngage": 0.0035862070527570003,
    "syncPlayers": 0.07237569057480406,
    "syncUnits": 0.03149171297062826,
    "syncResources": 0.029281767198394017,
    "sendClientPoses": 0.00441988948629706,
    "effectsAndFog": 0.0535911597434987,
    "syncStructures": 0.21232876793978966
  },
  "userAgent": "Mozilla/5.0 (Linux; Android 10; K) AppleWebKit/537.36 (KHTML, like Gecko) Chrome/145.0.0.0 Mobile Safari/537.36",
  "timestamp": "2026-04-13T20:25:14.557Z"
}