{
  "buildNumber": "273",
  "buildId": "BF-xNiwv",
  "sessionId": "P_6xpY7hD",
  "durationSec": 13.973,
  "avgFps": 35.07678607442961,
  "minFps": 32.298311318800174,
  "maxFps": 40.321994488695054,
  "avgSectionTimingsMs": {
    "hud": 0.02253829343835426,
    "camera": 0.008752735099333381,
    "autoEngage": 0.004162102970340557,
    "syncPlayers": 0.07039473722116989,
    "syncUnits": 0.03486842106570277,
    "syncResources": 0.025657894841411656,
    "sendClientPoses": 0.0041666665490259205,
    "effectsAndFog": 9.83004385951841,
    "syncStructures": 0.18137254843524858
  },
  "userAgent": "Mozilla/5.0 (Linux; Android 10; K) AppleWebKit/537.36 (KHTML, like Gecko) Chrome/145.0.0.0 Mobile Safari/537.36",
  "timestamp": "2026-04-13T20:02:10.862Z"
}