{
  "buildNumber": "274",
  "buildId": "CB7E_Olw",
  "sessionId": "PJns0EXEj",
  "durationSec": 5.146,
  "avgFps": 46.1786797902068,
  "minFps": 45.05727960453673,
  "maxFps": 47.48005890965272,
  "avgSectionTimingsMs": {
    "hud": 0.02026431754822248,
    "camera": 0.005726872430498905,
    "autoEngage": 0.0019867548484675934,
    "syncPlayers": 0.0823008855887219,
    "syncUnits": 0.020353982010773854,
    "syncResources": 0.025663716735038082,
    "sendClientPoses": 0.005309734592395546,
    "effectsAndFog": 0.05575221170366338,
    "syncStructures": 0.25
  },
  "userAgent": "Mozilla/5.0 (Linux; Android 10; K) AppleWebKit/537.36 (KHTML, like Gecko) Chrome/145.0.0.0 Mobile Safari/537.36",
  "timestamp": "2026-04-13T20:10:33.631Z"
}