{
  "buildNumber": "274",
  "buildId": "CB7E_Olw",
  "sessionId": "PJns0EXEj",
  "durationSec": 34.348,
  "avgFps": 39.811090482489966,
  "minFps": 31.192882327528594,
  "maxFps": 47.48005890965272,
  "avgSectionTimingsMs": {
    "hud": 0.01974623308212014,
    "camera": 0.008088818483178715,
    "autoEngage": 0.004442681482697895,
    "syncPlayers": 0.10523809546989107,
    "syncUnits": 0.6415079367066187,
    "syncResources": 0.020793650831495012,
    "sendClientPoses": 0.09904761893881692,
    "effectsAndFog": 0.056111110912428964,
    "syncStructures": 0.22125984223808828
  },
  "userAgent": "Mozilla/5.0 (Linux; Android 10; K) AppleWebKit/537.36 (KHTML, like Gecko) Chrome/145.0.0.0 Mobile Safari/537.36",
  "timestamp": "2026-04-13T20:11:02.834Z"
}