{
  "buildNumber": "274",
  "buildId": "CB7E_Olw",
  "sessionId": "PJns0EXEj",
  "durationSec": 34.444,
  "avgFps": 39.79133153925603,
  "minFps": 31.192882327528594,
  "maxFps": 47.48005890965272,
  "avgSectionTimingsMs": {
    "hud": 0.01977848094192487,
    "camera": 0.008069620338044588,
    "autoEngage": 0.004471705584456244,
    "syncPlayers": 0.10522565342373821,
    "syncUnits": 0.6417260493254341,
    "syncResources": 0.020823436295901228,
    "sendClientPoses": 0.09904988111245283,
    "effectsAndFog": 0.05605700692296123,
    "syncStructures": 0.22039215658225264
  },
  "userAgent": "Mozilla/5.0 (Linux; Android 10; K) AppleWebKit/537.36 (KHTML, like Gecko) Chrome/145.0.0.0 Mobile Safari/537.36",
  "timestamp": "2026-04-13T20:11:02.929Z"
}