{
  "buildNumber": "276",
  "buildId": "BdYYCv-Z",
  "sessionId": "P2QeoMsYc",
  "durationSec": 18.809,
  "avgFps": 39.665642250988135,
  "minFps": 36.502310748463614,
  "maxFps": 42.24570034076106,
  "avgSectionTimingsMs": {
    "hud": 0.02689075674496445,
    "camera": 0.0064425771059442305,
    "autoEngage": 0.004835318771374334,
    "syncPlayers": 0.10967741958891025,
    "syncUnits": 0.19410939675561176,
    "syncResources": 0.027629733294624766,
    "sendClientPoses": 0.033941094036022045,
    "effectsAndFog": 0.05946704114135486,
    "syncStructures": 0.29640287782648483
  },
  "userAgent": "Mozilla/5.0 (Linux; Android 10; K) AppleWebKit/537.36 (KHTML, like Gecko) Chrome/145.0.0.0 Mobile Safari/537.36",
  "timestamp": "2026-04-13T20:20:37.781Z"
}