{
  "buildNumber": "277",
  "buildId": "CMEduUks",
  "sessionId": "q0WoIYLvG",
  "durationSec": 1.598,
  "avgFps": 29.36546873002001,
  "minFps": 28.64579256230064,
  "maxFps": 30.259186777423363,
  "avgSectionTimingsMs": {
    "hud": 0.025581395903299022,
    "camera": 0.01627907018328822,
    "autoEngage": 0.014117646918577306,
    "syncPlayers": 0.11904761975719816,
    "syncUnits": 1.978571431267829,
    "syncResources": 0.02619047746771858,
    "sendClientPoses": 0.20952380980764115,
    "effectsAndFog": 0.04523809467043195,
    "syncStructures": 0.13636363365433432
  },
  "userAgent": "Mozilla/5.0 (Linux; Android 10; K) AppleWebKit/537.36 (KHTML, like Gecko) Chrome/145.0.0.0 Mobile Safari/537.36",
  "timestamp": "2026-04-13T20:26:01.213Z"
}