{
  "buildNumber": "276",
  "buildId": "BdYYCv-Z",
  "sessionId": "P2QeoMsYc",
  "durationSec": 2.843,
  "avgFps": 41.345722285415114,
  "minFps": 41.125914193165954,
  "maxFps": 41.88124505024189,
  "avgSectionTimingsMs": {
    "hud": 0.030833333730697632,
    "camera": 0.005000000198682149,
    "autoEngage": 0.0025104603508027527,
    "syncPlayers": 0.11596638815743583,
    "syncUnits": 0.026890755701465766,
    "syncResources": 0.030252100790248197,
    "sendClientPoses": 0.0016806724191713734,
    "effectsAndFog": 0.06470588150144625,
    "syncStructures": 0.08095237896555946
  },
  "userAgent": "Mozilla/5.0 (Linux; Android 10; K) AppleWebKit/537.36 (KHTML, like Gecko) Chrome/145.0.0.0 Mobile Safari/537.36",
  "timestamp": "2026-04-13T20:20:21.815Z"
}