{
  "buildNumber": "276",
  "buildId": "BdYYCv-Z",
  "sessionId": "P2QeoMsYc",
  "durationSec": 11.007,
  "avgFps": 41.05404203069903,
  "minFps": 39.638383967582946,
  "maxFps": 42.24570034076106,
  "avgSectionTimingsMs": {
    "hud": 0.026244344080195707,
    "camera": 0.005882353062543394,
    "autoEngage": 0.003284258183644555,
    "syncPlayers": 0.10362811835985335,
    "syncUnits": 0.03718820829240103,
    "syncResources": 0.02585033974409644,
    "sendClientPoses": 0.0031746031881189673,
    "effectsAndFog": 0.05623582809690445,
    "syncStructures": 0.33975903564188853
  },
  "userAgent": "Mozilla/5.0 (Linux; Android 10; K) AppleWebKit/537.36 (KHTML, like Gecko) Chrome/145.0.0.0 Mobile Safari/537.36",
  "timestamp": "2026-04-13T20:20:29.979Z"
}