{
  "buildNumber": "274",
  "buildId": "CB7E_Olw",
  "sessionId": "PJns0EXEj",
  "durationSec": 5.257,
  "avgFps": 46.154511682757004,
  "minFps": 45.05727960453673,
  "maxFps": 47.48005890965272,
  "avgSectionTimingsMs": {
    "hud": 0.019827586566579753,
    "camera": 0.00560344845570367,
    "autoEngage": 0.0021598271494550274,
    "syncPlayers": 0.0826839834322661,
    "syncUnits": 0.020779220443783386,
    "syncResources": 0.025541125437914036,
    "sendClientPoses": 0.005194805272213825,
    "effectsAndFog": 0.054978354281677314,
    "syncStructures": 0.24634146326925696
  },
  "userAgent": "Mozilla/5.0 (Linux; Android 10; K) AppleWebKit/537.36 (KHTML, like Gecko) Chrome/145.0.0.0 Mobile Safari/537.36",
  "timestamp": "2026-04-13T20:10:33.742Z"
}