{
  "buildNumber": "276",
  "buildId": "BdYYCv-Z",
  "sessionId": "P2QeoMsYc",
  "durationSec": 32.28,
  "avgFps": 37.260448547673114,
  "minFps": 30.10412674515579,
  "maxFps": 42.24570034076106,
  "avgSectionTimingsMs": {
    "hud": 0.025110521878319227,
    "camera": 0.00786914240987189,
    "autoEngage": 0.004997788528487093,
    "syncPlayers": 0.1188495576909158,
    "syncUnits": 0.4268141593289586,
    "syncResources": 0.02690265466154149,
    "sendClientPoses": 0.07592920373498865,
    "effectsAndFog": 0.060176991387806106,
    "syncStructures": 0.22092050164314495
  },
  "userAgent": "Mozilla/5.0 (Linux; Android 10; K) AppleWebKit/537.36 (KHTML, like Gecko) Chrome/145.0.0.0 Mobile Safari/537.36",
  "timestamp": "2026-04-13T20:20:51.252Z"
}