{
  "buildNumber": "276",
  "buildId": "BdYYCv-Z",
  "sessionId": "P2QeoMsYc",
  "durationSec": 18.012,
  "avgFps": 39.789721601282196,
  "minFps": 36.559663552824205,
  "maxFps": 42.24570034076106,
  "avgSectionTimingsMs": {
    "hud": 0.027074236189607623,
    "camera": 0.005967976831799858,
    "autoEngage": 0.004661325503680624,
    "syncPlayers": 0.11049562701330935,
    "syncUnits": 0.19081632632208287,
    "syncResources": 0.027551020199633895,
    "sendClientPoses": 0.034985422827412016,
    "effectsAndFog": 0.05860058350743775,
    "syncStructures": 0.2962686566274558
  },
  "userAgent": "Mozilla/5.0 (Linux; Android 10; K) AppleWebKit/537.36 (KHTML, like Gecko) Chrome/145.0.0.0 Mobile Safari/537.36",
  "timestamp": "2026-04-13T20:20:36.984Z"
}