{
  "buildNumber": "274",
  "buildId": "CB7E_Olw",
  "sessionId": "PJns0EXEj",
  "durationSec": 16.572,
  "avgFps": 44.234819990652,
  "minFps": 39.29081962349531,
  "maxFps": 47.48005890965272,
  "avgSectionTimingsMs": {
    "hud": 0.017800289366593756,
    "camera": 0.006946454689920207,
    "autoEngage": 0.0036929761215364646,
    "syncPlayers": 0.09130434843077176,
    "syncUnits": 0.26782608697379845,
    "syncResources": 0.021014492969582046,
    "sendClientPoses": 0.04217391286207282,
    "effectsAndFog": 0.05376811567424,
    "syncStructures": 0.32301587315778885
  },
  "userAgent": "Mozilla/5.0 (Linux; Android 10; K) AppleWebKit/537.36 (KHTML, like Gecko) Chrome/145.0.0.0 Mobile Safari/537.36",
  "timestamp": "2026-04-13T20:10:45.057Z"
}