{
  "buildNumber": "276",
  "buildId": "BdYYCv-Z",
  "sessionId": "P2QeoMsYc",
  "durationSec": 8.139,
  "avgFps": 41.46462988043059,
  "minFps": 40.13490483125857,
  "maxFps": 42.24570034076106,
  "avgSectionTimingsMs": {
    "hud": 0.027878788203904124,
    "camera": 0.0069696970961310644,
    "autoEngage": 0.0031866464249461846,
    "syncPlayers": 0.10547112521791893,
    "syncUnits": 0.03586626070973359,
    "syncResources": 0.02522796319973143,
    "sendClientPoses": 0.0021276595382342584,
    "effectsAndFog": 0.05653495475151619,
    "syncStructures": 0.3459016387579871
  },
  "userAgent": "Mozilla/5.0 (Linux; Android 10; K) AppleWebKit/537.36 (KHTML, like Gecko) Chrome/145.0.0.0 Mobile Safari/537.36",
  "timestamp": "2026-04-13T20:20:27.111Z"
}