{
  "buildNumber": "273",
  "buildId": "BF-xNiwv",
  "sessionId": "P_6xpY7hD",
  "durationSec": 34.946,
  "avgFps": 32.496932688222365,
  "minFps": 22.879415290304994,
  "maxFps": 40.321994488695054,
  "avgSectionTimingsMs": {
    "hud": 0.026300577988744012,
    "camera": 0.007899807224154242,
    "autoEngage": 0.004674698789435697,
    "syncPlayers": 0.07849566099613818,
    "syncUnits": 0.23731919013775649,
    "syncResources": 0.027386692330140617,
    "sendClientPoses": 0.0319189970150748,
    "effectsAndFog": 11.854001928318432,
    "syncStructures": 0.17480314962976562
  },
  "userAgent": "Mozilla/5.0 (Linux; Android 10; K) AppleWebKit/537.36 (KHTML, like Gecko) Chrome/145.0.0.0 Mobile Safari/537.36",
  "timestamp": "2026-04-13T20:02:31.835Z"
}