{
  "buildNumber": "276",
  "buildId": "BdYYCv-Z",
  "sessionId": "P2QeoMsYc",
  "durationSec": 3.378,
  "avgFps": 41.4286906010925,
  "minFps": 41.125914193165954,
  "maxFps": 41.88124505024189,
  "avgSectionTimingsMs": {
    "hud": 0.026760563674107403,
    "camera": 0.005633802900851612,
    "autoEngage": 0.0028268552711068953,
    "syncPlayers": 0.11347517857314847,
    "syncUnits": 0.02978723353527962,
    "syncResources": 0.029078014142124367,
    "sendClientPoses": 0.0021276596590136805,
    "effectsAndFog": 0.06595744604760027,
    "syncStructures": 0.06799999833106994
  },
  "userAgent": "Mozilla/5.0 (Linux; Android 10; K) AppleWebKit/537.36 (KHTML, like Gecko) Chrome/145.0.0.0 Mobile Safari/537.36",
  "timestamp": "2026-04-13T20:20:22.350Z"
}