{
  "buildNumber": "277",
  "buildId": "CMEduUks",
  "sessionId": "q0WoIYLvG",
  "durationSec": 7.655,
  "avgFps": 38.40098917928835,
  "minFps": 38.014368527508694,
  "maxFps": 39.361938941941844,
  "avgSectionTimingsMs": {
    "hud": 0.02035087692110162,
    "camera": 0.006666666583011025,
    "autoEngage": 0.003163444817799466,
    "syncPlayers": 0.0721830988014248,
    "syncUnits": 0.03133802839987714,
    "syncResources": 0.027464787829929675,
    "sendClientPoses": 0.004929577485776283,
    "effectsAndFog": 0.05492957681417465,
    "syncStructures": 0.15789473788780078
  },
  "userAgent": "Mozilla/5.0 (Linux; Android 10; K) AppleWebKit/537.36 (KHTML, like Gecko) Chrome/145.0.0.0 Mobile Safari/537.36",
  "timestamp": "2026-04-13T20:25:12.494Z"
}