{
  "buildNumber": "277",
  "buildId": "CMEduUks",
  "sessionId": "q0WoIYLvG",
  "durationSec": 16.549,
  "avgFps": 37.99263930049808,
  "minFps": 36.94121099749357,
  "maxFps": 39.361938941941844,
  "avgSectionTimingsMs": {
    "hud": 0.0211382112851957,
    "camera": 0.008130081106976765,
    "autoEngage": 0.0037428805554562995,
    "syncPlayers": 0.07491856667816833,
    "syncUnits": 0.034853420641989194,
    "syncResources": 0.02508143279762144,
    "sendClientPoses": 0.005211726364949627,
    "effectsAndFog": 0.047557002898147904,
    "syncStructures": 0.2266129031777382
  },
  "userAgent": "Mozilla/5.0 (Linux; Android 10; K) AppleWebKit/537.36 (KHTML, like Gecko) Chrome/145.0.0.0 Mobile Safari/537.36",
  "timestamp": "2026-04-13T20:25:21.389Z"
}