{
  "buildNumber": "274",
  "buildId": "CB7E_Olw",
  "sessionId": "PJns0EXEj",
  "durationSec": 2.042,
  "avgFps": 46.482465325130654,
  "minFps": 45.86004418223954,
  "maxFps": 47.48005890965272,
  "avgSectionTimingsMs": {
    "hud": 0.02307692268392542,
    "camera": 0.003296703427702516,
    "autoEngage": 0.0011049723098291218,
    "syncPlayers": 0.09222222301695082,
    "syncUnits": 0.022222221891085307,
    "syncResources": 0.028888889484935336,
    "sendClientPoses": 0.005555555555555556,
    "effectsAndFog": 0.05777777797645993,
    "syncStructures": 0
  },
  "userAgent": "Mozilla/5.0 (Linux; Android 10; K) AppleWebKit/537.36 (KHTML, like Gecko) Chrome/145.0.0.0 Mobile Safari/537.36",
  "timestamp": "2026-04-13T20:10:30.527Z"
}