{
  "buildNumber": "273",
  "buildId": "BF-xNiwv",
  "sessionId": "P_6xpY7hD",
  "durationSec": 12.25,
  "avgFps": 35.387020857161055,
  "minFps": 32.298311318800174,
  "maxFps": 40.321994488695054,
  "avgSectionTimingsMs": {
    "hud": 0.02183622831742166,
    "camera": 0.0081885854156674,
    "autoEngage": 0.004223602528897872,
    "syncPlayers": 0.07064676648052177,
    "syncUnits": 0.03457711429441746,
    "syncResources": 0.026616915541501782,
    "sendClientPoses": 0.0034825870053685126,
    "effectsAndFog": 9.691791044613023,
    "syncStructures": 0.13888888822661505
  },
  "userAgent": "Mozilla/5.0 (Linux; Android 10; K) AppleWebKit/537.36 (KHTML, like Gecko) Chrome/145.0.0.0 Mobile Safari/537.36",
  "timestamp": "2026-04-13T20:02:09.139Z"
}