{
  "buildNumber": "277",
  "buildId": "CMEduUks",
  "sessionId": "q0WoIYLvG",
  "durationSec": 24.12,
  "avgFps": 37.706345686706584,
  "minFps": 34.16609136987178,
  "maxFps": 39.361938941941844,
  "avgSectionTimingsMs": {
    "hud": 0.023059360614922492,
    "camera": 0.008105022654141465,
    "autoEngage": 0.004683038376182369,
    "syncPlayers": 0.07759999997275216,
    "syncUnits": 0.2099428574017116,
    "syncResources": 0.025828571149281093,
    "sendClientPoses": 0.030628571340015957,
    "effectsAndFog": 0.04937142838750567,
    "syncStructures": 0.22707182333614287
  },
  "userAgent": "Mozilla/5.0 (Linux; Android 10; K) AppleWebKit/537.36 (KHTML, like Gecko) Chrome/145.0.0.0 Mobile Safari/537.36",
  "timestamp": "2026-04-13T20:25:28.960Z"
}