{
  "buildNumber": "276",
  "buildId": "BdYYCv-Z",
  "sessionId": "P2QeoMsYc",
  "durationSec": 1.587,
  "avgFps": 41.233544161917905,
  "minFps": 41.125914193165954,
  "maxFps": 41.344435644874466,
  "avgSectionTimingsMs": {
    "hud": 0.03582089561135022,
    "camera": 0.004477612563033602,
    "autoEngage": 0.004511278374750812,
    "syncPlayers": 0.13939394011641992,
    "syncUnits": 0.033333333152713196,
    "syncResources": 0.030303030303030304,
    "sendClientPoses": 0.0015151514248414473,
    "effectsAndFog": 0.06515151488058495,
    "syncStructures": 0.14166666318972906
  },
  "userAgent": "Mozilla/5.0 (Linux; Android 10; K) AppleWebKit/537.36 (KHTML, like Gecko) Chrome/145.0.0.0 Mobile Safari/537.36",
  "timestamp": "2026-04-13T20:20:20.560Z"
}