{
  "buildNumber": "277",
  "buildId": "CMEduUks",
  "sessionId": "q0WoIYLvG",
  "durationSec": 17.807,
  "avgFps": 37.972720055158234,
  "minFps": 36.94121099749357,
  "maxFps": 39.361938941941844,
  "avgSectionTimingsMs": {
    "hud": 0.02111613867329616,
    "camera": 0.008295625762881917,
    "autoEngage": 0.003773585063106609,
    "syncPlayers": 0.07386706940537133,
    "syncUnits": 0.0345921454742956,
    "syncResources": 0.02552870055519922,
    "sendClientPoses": 0.004984894232807562,
    "effectsAndFog": 0.047734138603657036,
    "syncStructures": 0.2563909771747159
  },
  "userAgent": "Mozilla/5.0 (Linux; Android 10; K) AppleWebKit/537.36 (KHTML, like Gecko) Chrome/145.0.0.0 Mobile Safari/537.36",
  "timestamp": "2026-04-13T20:25:22.646Z"
}