{
  "buildNumber": "277",
  "buildId": "CMEduUks",
  "sessionId": "q0WoIYLvG",
  "durationSec": 21.261,
  "avgFps": 37.95702837020377,
  "minFps": 36.94121099749357,
  "maxFps": 39.361938941941844,
  "avgSectionTimingsMs": {
    "hud": 0.023057324643347674,
    "camera": 0.007770700439526017,
    "autoEngage": 0.004461440559858878,
    "syncPlayers": 0.07614795924449454,
    "syncUnits": 0.1088010208035002,
    "syncResources": 0.024744897700694143,
    "sendClientPoses": 0.017602040679479132,
    "effectsAndFog": 0.049234693565843056,
    "syncStructures": 0.2412500001490116
  },
  "userAgent": "Mozilla/5.0 (Linux; Android 10; K) AppleWebKit/537.36 (KHTML, like Gecko) Chrome/145.0.0.0 Mobile Safari/537.36",
  "timestamp": "2026-04-13T20:25:26.100Z"
}