{
  "buildNumber": "275",
  "buildId": "DlwQSAVw",
  "sessionId": "7MiGiHpAI",
  "durationSec": 11.387,
  "avgFps": 19.687163852006275,
  "minFps": 15.453768091335075,
  "maxFps": 22.205779708880364,
  "avgSectionTimingsMs": {
    "hud": 0.018875502797973204,
    "camera": 0.010441766804959401,
    "autoEngage": 0.007243460752594639,
    "syncPlayers": 0.131451612759021,
    "syncUnits": 0.9737903228209864,
    "syncStructures": 0.08333333297854378,
    "syncResources": 0.031854838493370244,
    "sendClientPoses": 0.1907258066198518,
    "effectsAndFog": 16.789516128960155
  },
  "userAgent": "Mozilla/5.0 (Linux; Android 10; K) AppleWebKit/537.36 (KHTML, like Gecko) Chrome/145.0.0.0 Mobile Safari/537.36",
  "timestamp": "2026-04-13T20:14:32.615Z"
}