{
  "buildNumber": "275",
  "buildId": "DlwQSAVw",
  "sessionId": "7MiGiHpAI",
  "durationSec": 14.669,
  "avgFps": 20.367643067691958,
  "minFps": 15.453768091335075,
  "maxFps": 22.8055633146839,
  "avgSectionTimingsMs": {
    "hud": 0.017027864238426043,
    "camera": 0.01052631553112538,
    "autoEngage": 0.006356589138045791,
    "syncPlayers": 0.12639751567603638,
    "syncUnits": 0.909937888106204,
    "syncStructures": 0.079629630126335,
    "syncResources": 0.029813664207547348,
    "sendClientPoses": 0.18633540381926186,
    "effectsAndFog": 16.645031056233815
  },
  "userAgent": "Mozilla/5.0 (Linux; Android 10; K) AppleWebKit/537.36 (KHTML, like Gecko) Chrome/145.0.0.0 Mobile Safari/537.36",
  "timestamp": "2026-04-13T20:14:35.897Z"
}