{
  "buildNumber": "276",
  "buildId": "BdYYCv-Z",
  "sessionId": "P2QeoMsYc",
  "durationSec": 38.752,
  "avgFps": 36.12270477554698,
  "minFps": 27.76340537041469,
  "maxFps": 42.24570034076106,
  "avgSectionTimingsMs": {
    "hud": 0.02534456375364505,
    "camera": 0.009264931082725525,
    "autoEngage": 0.005591727213949045,
    "syncPlayers": 0.13065134104184264,
    "syncUnits": 0.5842145596427479,
    "syncResources": 0.028352490193085653,
    "sendClientPoses": 0.09463601555404079,
    "effectsAndFog": 0.062452107439552686,
    "syncStructures": 0.19649122744275813
  },
  "userAgent": "Mozilla/5.0 (Linux; Android 10; K) AppleWebKit/537.36 (KHTML, like Gecko) Chrome/145.0.0.0 Mobile Safari/537.36",
  "timestamp": "2026-04-13T20:20:57.725Z"
}