{
  "buildNumber": "277",
  "buildId": "CMEduUks",
  "sessionId": "q0WoIYLvG",
  "durationSec": 7.997,
  "avgFps": 38.40020800655899,
  "minFps": 38.014368527508694,
  "maxFps": 39.361938941941844,
  "avgSectionTimingsMs": {
    "hud": 0.020805368987505866,
    "camera": 0.0070469797457624606,
    "autoEngage": 0.0031932774712057676,
    "syncPlayers": 0.0723905724909169,
    "syncUnits": 0.031649831970934114,
    "syncResources": 0.02828282739979651,
    "sendClientPoses": 0.0047138047338736175,
    "effectsAndFog": 0.05454545400359414,
    "syncStructures": 0.16333333452542623
  },
  "userAgent": "Mozilla/5.0 (Linux; Android 10; K) AppleWebKit/537.36 (KHTML, like Gecko) Chrome/145.0.0.0 Mobile Safari/537.36",
  "timestamp": "2026-04-13T20:25:12.836Z"
}