{
  "buildNumber": "273",
  "buildId": "BF-xNiwv",
  "sessionId": "P_6xpY7hD",
  "durationSec": 26.829,
  "avgFps": 33.583296546094566,
  "minFps": 31.135007847593187,
  "maxFps": 40.321994488695054,
  "avgSectionTimingsMs": {
    "hud": 0.025029239773053175,
    "camera": 0.008304093455710607,
    "autoEngage": 0.0038619075273476963,
    "syncPlayers": 0.07622950860850984,
    "syncUnits": 0.05128805625494526,
    "syncResources": 0.02704918039068405,
    "sendClientPoses": 0.006674473123751423,
    "effectsAndFog": 10.144262294579447,
    "syncStructures": 0.20357142844978643
  },
  "userAgent": "Mozilla/5.0 (Linux; Android 10; K) AppleWebKit/537.36 (KHTML, like Gecko) Chrome/145.0.0.0 Mobile Safari/537.36",
  "timestamp": "2026-04-13T20:02:23.719Z"
}