{
  "buildNumber": "274",
  "buildId": "CB7E_Olw",
  "sessionId": "PJns0EXEj",
  "durationSec": 23.371,
  "avgFps": 42.51788849235979,
  "minFps": 35.78399795633448,
  "maxFps": 47.48005890965272,
  "avgSectionTimingsMs": {
    "hud": 0.01790722757738642,
    "camera": 0.007551240689546159,
    "autoEngage": 0.004317323243495779,
    "syncPlayers": 0.09632829404546685,
    "syncUnits": 0.49330453590749407,
    "syncResources": 0.020518358595685363,
    "sendClientPoses": 0.06760259172185193,
    "effectsAndFog": 0.05615550736629165,
    "syncStructures": 0.2577142853396279
  },
  "userAgent": "Mozilla/5.0 (Linux; Android 10; K) AppleWebKit/537.36 (KHTML, like Gecko) Chrome/145.0.0.0 Mobile Safari/537.36",
  "timestamp": "2026-04-13T20:10:51.857Z"
}