{
  "buildNumber": "277",
  "buildId": "CMEduUks",
  "sessionId": "q0WoIYLvG",
  "durationSec": 7.004,
  "avgFps": 38.394718631128306,
  "minFps": 38.014368527508694,
  "maxFps": 39.361938941941844,
  "avgSectionTimingsMs": {
    "hud": 0.0205323190743479,
    "camera": 0.005703422053231939,
    "autoEngage": 0.0028571430842081707,
    "syncPlayers": 0.067938931115711,
    "syncUnits": 0.02938931315909815,
    "syncResources": 0.027099235822226255,
    "sendClientPoses": 0.004198473259692884,
    "effectsAndFog": 0.04541984666849821,
    "syncStructures": 0.16415094485822715
  },
  "userAgent": "Mozilla/5.0 (Linux; Android 10; K) AppleWebKit/537.36 (KHTML, like Gecko) Chrome/145.0.0.0 Mobile Safari/537.36",
  "timestamp": "2026-04-13T20:25:11.843Z"
}