{
  "buildNumber": "273",
  "buildId": "BF-xNiwv",
  "sessionId": "P_6xpY7hD",
  "durationSec": 24.276,
  "avgFps": 33.746302161038166,
  "minFps": 31.135007847593187,
  "maxFps": 40.321994488695054,
  "avgSectionTimingsMs": {
    "hud": 0.024999999969275957,
    "camera": 0.00837628854457865,
    "autoEngage": 0.0036105738002818913,
    "syncPlayers": 0.0752258066977224,
    "syncUnits": 0.033677419308693175,
    "syncResources": 0.027354838771204794,
    "sendClientPoses": 0.00567741943943885,
    "effectsAndFog": 10.116903225337305,
    "syncStructures": 0.20564971687430042
  },
  "userAgent": "Mozilla/5.0 (Linux; Android 10; K) AppleWebKit/537.36 (KHTML, like Gecko) Chrome/145.0.0.0 Mobile Safari/537.36",
  "timestamp": "2026-04-13T20:02:21.165Z"
}