{
  "buildNumber": "273",
  "buildId": "BF-xNiwv",
  "sessionId": "P_6xpY7hD",
  "durationSec": 61.554,
  "avgFps": 28.271832289206806,
  "minFps": 18.005645273948964,
  "maxFps": 40.321994488695054,
  "avgSectionTimingsMs": {
    "hud": 0.026354029085708577,
    "camera": 0.007992073913231552,
    "autoEngage": 0.005252725472732232,
    "syncPlayers": 0.0879048253043314,
    "syncUnits": 0.5781890282903533,
    "syncResources": 0.027032385913252594,
    "sendClientPoses": 0.11216126917138135,
    "effectsAndFog": 17.929147389221885,
    "syncStructures": 0.1326923078785722
  },
  "userAgent": "Mozilla/5.0 (Linux; Android 10; K) AppleWebKit/537.36 (KHTML, like Gecko) Chrome/145.0.0.0 Mobile Safari/537.36",
  "timestamp": "2026-04-13T20:02:58.443Z"
}