{
  "buildNumber": "275",
  "buildId": "DlwQSAVw",
  "sessionId": "7MiGiHpAI",
  "durationSec": 13.784,
  "avgFps": 20.207152042995702,
  "minFps": 15.453768091335075,
  "maxFps": 22.740751086245204,
  "avgSectionTimingsMs": {
    "hud": 0.01683168373879033,
    "camera": 0.010231022885923731,
    "autoEngage": 0.006280991705981168,
    "syncPlayers": 0.1281456955221315,
    "syncUnits": 0.9152317879018405,
    "syncStructures": 0.08316831748084266,
    "syncResources": 0.030463575823417563,
    "sendClientPoses": 0.18675496680847067,
    "effectsAndFog": 16.693708609567572
  },
  "userAgent": "Mozilla/5.0 (Linux; Android 10; K) AppleWebKit/537.36 (KHTML, like Gecko) Chrome/145.0.0.0 Mobile Safari/537.36",
  "timestamp": "2026-04-13T20:14:35.013Z"
}