{
  "buildNumber": "277",
  "buildId": "CMEduUks",
  "sessionId": "q0WoIYLvG",
  "durationSec": 26.427,
  "avgFps": 37.39059899739298,
  "minFps": 32.03092639555288,
  "maxFps": 39.361938941941844,
  "avgSectionTimingsMs": {
    "hud": 0.023060573718246314,
    "camera": 0.008076514150080342,
    "autoEngage": 0.004944178729789933,
    "syncPlayers": 0.07872340419190996,
    "syncUnits": 0.28936170244470555,
    "syncResources": 0.026063829565301854,
    "sendClientPoses": 0.04074468083204107,
    "effectsAndFog": 0.049787233928416635,
    "syncStructures": 0.21262626259615927
  },
  "userAgent": "Mozilla/5.0 (Linux; Android 10; K) AppleWebKit/537.36 (KHTML, like Gecko) Chrome/145.0.0.0 Mobile Safari/537.36",
  "timestamp": "2026-04-13T20:25:31.266Z"
}