{
  "buildNumber": "274",
  "buildId": "CB7E_Olw",
  "sessionId": "PJns0EXEj",
  "durationSec": 5.973,
  "avgFps": 46.0135041611201,
  "minFps": 44.792959703402545,
  "maxFps": 47.48005890965272,
  "avgSectionTimingsMs": {
    "hud": 0.018939394278056694,
    "camera": 0.005681818407593351,
    "autoEngage": 0.002277039825576985,
    "syncPlayers": 0.08250950679126348,
    "syncUnits": 0.019771862845910367,
    "syncResources": 0.02509505701155717,
    "sendClientPoses": 0.0060836501674507056,
    "effectsAndFog": 0.05399239493866837,
    "syncStructures": 0.26739130395910016
  },
  "userAgent": "Mozilla/5.0 (Linux; Android 10; K) AppleWebKit/537.36 (KHTML, like Gecko) Chrome/145.0.0.0 Mobile Safari/537.36",
  "timestamp": "2026-04-13T20:10:34.459Z"
}