{
  "buildNumber": "273",
  "buildId": "BF-xNiwv",
  "sessionId": "P_6xpY7hD",
  "durationSec": 11.874,
  "avgFps": 35.469960521965916,
  "minFps": 32.298311318800174,
  "maxFps": 40.321994488695054,
  "avgSectionTimingsMs": {
    "hud": 0.021794871871288007,
    "camera": 0.00769230753947527,
    "autoEngage": 0.004364570007397673,
    "syncPlayers": 0.07017994884660128,
    "syncUnits": 0.03393316176985714,
    "syncResources": 0.026478149207514786,
    "sendClientPoses": 0.0030848328742392574,
    "effectsAndFog": 9.764010282515867,
    "syncStructures": 0.13218390736086616
  },
  "userAgent": "Mozilla/5.0 (Linux; Android 10; K) AppleWebKit/537.36 (KHTML, like Gecko) Chrome/145.0.0.0 Mobile Safari/537.36",
  "timestamp": "2026-04-13T20:02:08.764Z"
}