{
  "buildNumber": "273",
  "buildId": "BF-xNiwv",
  "sessionId": "P_6xpY7hD",
  "durationSec": 28.604,
  "avgFps": 33.443469752849275,
  "minFps": 29.359513071453023,
  "maxFps": 40.321994488695054,
  "avgSectionTimingsMs": {
    "hud": 0.025638179760529647,
    "camera": 0.008213096433686099,
    "autoEngage": 0.00421987784233178,
    "syncPlayers": 0.07633333375056585,
    "syncUnits": 0.08622222221559948,
    "syncResources": 0.027666666706403095,
    "sendClientPoses": 0.013333333399560717,
    "effectsAndFog": 10.331888888412053,
    "syncStructures": 0.19807692287633052
  },
  "userAgent": "Mozilla/5.0 (Linux; Android 10; K) AppleWebKit/537.36 (KHTML, like Gecko) Chrome/145.0.0.0 Mobile Safari/537.36",
  "timestamp": "2026-04-13T20:02:25.493Z"
}