{
  "buildNumber": "276",
  "buildId": "BdYYCv-Z",
  "sessionId": "P2QeoMsYc",
  "durationSec": 30.545,
  "avgFps": 37.586281616960086,
  "minFps": 30.805502326874386,
  "maxFps": 42.24570034076106,
  "avgSectionTimingsMs": {
    "hud": 0.025185185394905232,
    "camera": 0.007777777866080955,
    "autoEngage": 0.004955998086553859,
    "syncPlayers": 0.11733086204175268,
    "syncUnits": 0.38229842460520075,
    "syncResources": 0.026598702297926612,
    "sendClientPoses": 0.07126969436012671,
    "effectsAndFog": 0.059962928875162164,
    "syncStructures": 0.22699114983588192
  },
  "userAgent": "Mozilla/5.0 (Linux; Android 10; K) AppleWebKit/537.36 (KHTML, like Gecko) Chrome/145.0.0.0 Mobile Safari/537.36",
  "timestamp": "2026-04-13T20:20:49.517Z"
}