{
  "buildNumber": "273",
  "buildId": "BF-xNiwv",
  "sessionId": "P_6xpY7hD",
  "durationSec": 19.326,
  "avgFps": 34.2282690404789,
  "minFps": 31.245944527628296,
  "maxFps": 40.321994488695054,
  "avgSectionTimingsMs": {
    "hud": 0.02312599695280218,
    "camera": 0.00893141940069731,
    "autoEngage": 0.003830806051172072,
    "syncPlayers": 0.07492012813830147,
    "syncUnits": 0.034025558981651695,
    "syncResources": 0.02891373815247045,
    "sendClientPoses": 0.0043130990224905285,
    "effectsAndFog": 9.84920127756489,
    "syncStructures": 0.16453900721901699
  },
  "userAgent": "Mozilla/5.0 (Linux; Android 10; K) AppleWebKit/537.36 (KHTML, like Gecko) Chrome/145.0.0.0 Mobile Safari/537.36",
  "timestamp": "2026-04-13T20:02:16.215Z"
}