{
  "buildNumber": "277",
  "buildId": "CMEduUks",
  "sessionId": "q0WoIYLvG",
  "durationSec": 19.527,
  "avgFps": 37.9861129225461,
  "minFps": 36.94121099749357,
  "maxFps": 39.361938941941844,
  "avgSectionTimingsMs": {
    "hud": 0.021458046554371283,
    "camera": 0.007977991558334686,
    "autoEngage": 0.0037852719949182773,
    "syncPlayers": 0.074931129443744,
    "syncUnits": 0.04834710788135686,
    "syncResources": 0.02465564706272987,
    "sendClientPoses": 0.008126721771295406,
    "effectsAndFog": 0.049173553456288065,
    "syncStructures": 0.2489795917961873
  },
  "userAgent": "Mozilla/5.0 (Linux; Android 10; K) AppleWebKit/537.36 (KHTML, like Gecko) Chrome/145.0.0.0 Mobile Safari/537.36",
  "timestamp": "2026-04-13T20:25:24.366Z"
}