{
  "buildNumber": "274",
  "buildId": "CB7E_Olw",
  "sessionId": "PJns0EXEj",
  "durationSec": 33.852,
  "avgFps": 39.90058376471441,
  "minFps": 31.192882327528594,
  "maxFps": 47.48005890965272,
  "avgSectionTimingsMs": {
    "hud": 0.019647153119803813,
    "camera": 0.00809943874358366,
    "autoEngage": 0.004332129968680678,
    "syncPlayers": 0.1048956663612378,
    "syncUnits": 0.6403691816004666,
    "syncResources": 0.020866773699680836,
    "sendClientPoses": 0.09807383614692412,
    "effectsAndFog": 0.05626003193051628,
    "syncStructures": 0.202390438057037
  },
  "userAgent": "Mozilla/5.0 (Linux; Android 10; K) AppleWebKit/537.36 (KHTML, like Gecko) Chrome/145.0.0.0 Mobile Safari/537.36",
  "timestamp": "2026-04-13T20:11:02.338Z"
}