{
  "buildNumber": "277",
  "buildId": "CMEduUks",
  "sessionId": "q0WoIYLvG",
  "durationSec": 13.411,
  "avgFps": 38.193049959229434,
  "minFps": 37.33993066221078,
  "maxFps": 39.361938941941844,
  "avgSectionTimingsMs": {
    "hud": 0.02088353408867097,
    "camera": 0.008032128274680141,
    "autoEngage": 0.0033165830763141114,
    "syncPlayers": 0.07605633781229706,
    "syncUnits": 0.03480885350248463,
    "syncResources": 0.027162977327523336,
    "sendClientPoses": 0.004627766623583358,
    "effectsAndFog": 0.051509054014140694,
    "syncStructures": 0.19900000035762788
  },
  "userAgent": "Mozilla/5.0 (Linux; Android 10; K) AppleWebKit/537.36 (KHTML, like Gecko) Chrome/145.0.0.0 Mobile Safari/537.36",
  "timestamp": "2026-04-13T20:25:18.250Z"
}