{
  "buildNumber": "277",
  "buildId": "CMEduUks",
  "sessionId": "q0WoIYLvG",
  "durationSec": 31.621,
  "avgFps": 36.41982523863149,
  "minFps": 28.940932728632177,
  "maxFps": 39.361938941941844,
  "avgSectionTimingsMs": {
    "hud": 0.022437672948573104,
    "camera": 0.00895660191031374,
    "autoEngage": 0.005635104003183836,
    "syncPlayers": 0.08216266146759449,
    "syncUnits": 0.517190388550159,
    "syncResources": 0.025878003559138992,
    "sendClientPoses": 0.05767097959016035,
    "effectsAndFog": 0.05018484278439153,
    "syncStructures": 0.18978723414400792
  },
  "userAgent": "Mozilla/5.0 (Linux; Android 10; K) AppleWebKit/537.36 (KHTML, like Gecko) Chrome/145.0.0.0 Mobile Safari/537.36",
  "timestamp": "2026-04-13T20:25:36.460Z"
}