{
  "buildNumber": "277",
  "buildId": "CMEduUks",
  "sessionId": "q0WoIYLvG",
  "durationSec": 5.102,
  "avgFps": 38.46438773408662,
  "minFps": 38.293317991131715,
  "maxFps": 39.361938941941844,
  "avgSectionTimingsMs": {
    "hud": 0.021693121346216353,
    "camera": 0.007407407438944256,
    "autoEngage": 0.002917772183683886,
    "syncPlayers": 0.06861702114977736,
    "syncUnits": 0.02872340444554674,
    "syncResources": 0.024999999143975847,
    "sendClientPoses": 0.0015957445857372689,
    "effectsAndFog": 0.041489360814398905,
    "syncStructures": 0.17631579072851883
  },
  "userAgent": "Mozilla/5.0 (Linux; Android 10; K) AppleWebKit/537.36 (KHTML, like Gecko) Chrome/145.0.0.0 Mobile Safari/537.36",
  "timestamp": "2026-04-13T20:25:09.941Z"
}