{
  "buildNumber": "274",
  "buildId": "CB7E_Olw",
  "sessionId": "PJns0EXEj",
  "durationSec": 19.842,
  "avgFps": 43.350889637608795,
  "minFps": 37.63831452866208,
  "maxFps": 47.48005890965272,
  "avgSectionTimingsMs": {
    "hud": 0.018193069365945193,
    "camera": 0.00668316854551287,
    "autoEngage": 0.004086687302810858,
    "syncPlayers": 0.09281288757643293,
    "syncUnits": 0.38451053300016136,
    "syncResources": 0.02081784402866198,
    "sendClientPoses": 0.05539033440999973,
    "effectsAndFog": 0.05539033433614019,
    "syncStructures": 0.2865771811280475
  },
  "userAgent": "Mozilla/5.0 (Linux; Android 10; K) AppleWebKit/537.36 (KHTML, like Gecko) Chrome/145.0.0.0 Mobile Safari/537.36",
  "timestamp": "2026-04-13T20:10:48.327Z"
}