{
  "buildNumber": "273",
  "buildId": "BF-xNiwv",
  "sessionId": "P_6xpY7hD",
  "durationSec": 5.091,
  "avgFps": 37.414522319135834,
  "minFps": 35.9435983015165,
  "maxFps": 40.321994488695054,
  "avgSectionTimingsMs": {
    "hud": 0.02415730343775803,
    "camera": 0.00730337051863081,
    "autoEngage": 0.002535211200445471,
    "syncPlayers": 0.06497175208592819,
    "syncUnits": 0.03389830508474576,
    "syncResources": 0.036723164010182614,
    "sendClientPoses": 0.003389830306424933,
    "effectsAndFog": 8.632768361245171,
    "syncStructures": 0.005263157581028186
  },
  "userAgent": "Mozilla/5.0 (Linux; Android 10; K) AppleWebKit/537.36 (KHTML, like Gecko) Chrome/145.0.0.0 Mobile Safari/537.36",
  "timestamp": "2026-04-13T20:02:01.980Z"
}