{
  "buildNumber": "273",
  "buildId": "BF-xNiwv",
  "sessionId": "P_6xpY7hD",
  "durationSec": 11.71,
  "avgFps": 35.50237905486028,
  "minFps": 32.298311318800174,
  "maxFps": 40.321994488695054,
  "avgSectionTimingsMs": {
    "hud": 0.02155844166681364,
    "camera": 0.007792207637390533,
    "autoEngage": 0.0044213264444249506,
    "syncPlayers": 0.0697916670081516,
    "syncUnits": 0.03411458316259086,
    "syncResources": 0.026822916775320966,
    "sendClientPoses": 0.003124999968955914,
    "effectsAndFog": 9.751041666371748,
    "syncStructures": 0.13372092953948087
  },
  "userAgent": "Mozilla/5.0 (Linux; Android 10; K) AppleWebKit/537.36 (KHTML, like Gecko) Chrome/145.0.0.0 Mobile Safari/537.36",
  "timestamp": "2026-04-13T20:02:08.599Z"
}