{
  "buildNumber": "274",
  "buildId": "CB7E_Olw",
  "sessionId": "PJns0EXEj",
  "durationSec": 12.161,
  "avgFps": 45.18838736963928,
  "minFps": 42.882096587837026,
  "maxFps": 47.48005890965272,
  "avgSectionTimingsMs": {
    "hud": 0.017870722558108572,
    "camera": 0.006083650450742743,
    "autoEngage": 0.0028544243577545195,
    "syncPlayers": 0.08742857217788697,
    "syncUnits": 0.058476190396717614,
    "syncResources": 0.01980952399117606,
    "sendClientPoses": 0.014666666643960135,
    "effectsAndFog": 0.05371428529421488,
    "syncStructures": 0.37741935509507374
  },
  "userAgent": "Mozilla/5.0 (Linux; Android 10; K) AppleWebKit/537.36 (KHTML, like Gecko) Chrome/145.0.0.0 Mobile Safari/537.36",
  "timestamp": "2026-04-13T20:10:40.646Z"
}