{
  "buildNumber": "276",
  "buildId": "BdYYCv-Z",
  "sessionId": "P2QeoMsYc",
  "durationSec": 31.989,
  "avgFps": 37.31745296798971,
  "minFps": 30.10412674515579,
  "maxFps": 42.24570034076106,
  "avgSectionTimingsMs": {
    "hud": 0.025044563487039317,
    "camera": 0.007932263873052682,
    "autoEngage": 0.005037895614315344,
    "syncPlayers": 0.11873327401681844,
    "syncUnits": 0.4207850134766176,
    "syncResources": 0.026940231712453605,
    "sendClientPoses": 0.07511150778456525,
    "effectsAndFog": 0.059857270528332236,
    "syncStructures": 0.22194092774189977
  },
  "userAgent": "Mozilla/5.0 (Linux; Android 10; K) AppleWebKit/537.36 (KHTML, like Gecko) Chrome/145.0.0.0 Mobile Safari/537.36",
  "timestamp": "2026-04-13T20:20:50.962Z"
}