{
  "buildNumber": "274",
  "buildId": "CB7E_Olw",
  "sessionId": "PJns0EXEj",
  "durationSec": 7.263,
  "avgFps": 45.799996894431764,
  "minFps": 44.792959703402545,
  "maxFps": 47.48005890965272,
  "avgSectionTimingsMs": {
    "hud": 0.019626168539962293,
    "camera": 0.0052959504899948925,
    "autoEngage": 0.002340093557250667,
    "syncPlayers": 0.08031250108033419,
    "syncUnits": 0.019687499571591615,
    "syncResources": 0.022500000055879356,
    "sendClientPoses": 0.005312499962747097,
    "effectsAndFog": 0.05312499972060323,
    "syncStructures": 0.2249999993613788
  },
  "userAgent": "Mozilla/5.0 (Linux; Android 10; K) AppleWebKit/537.36 (KHTML, like Gecko) Chrome/145.0.0.0 Mobile Safari/537.36",
  "timestamp": "2026-04-13T20:10:35.748Z"
}