{
  "buildNumber": "273",
  "buildId": "BF-xNiwv",
  "sessionId": "P_6xpY7hD",
  "durationSec": 2.207,
  "avgFps": 38.843661722315815,
  "minFps": 37.010841424918226,
  "maxFps": 40.321994488695054,
  "avgSectionTimingsMs": {
    "hud": 0.02631578908154839,
    "camera": 0.009210526158935145,
    "autoEngage": 0.004635761510457424,
    "syncPlayers": 0.06933333277702332,
    "syncUnits": 0.03199999968210856,
    "syncResources": 0.03333333293596903,
    "sendClientPoses": 0.0013333332538604736,
    "effectsAndFog": 9.236000001033148,
    "syncStructures": 0.00624999962747097
  },
  "userAgent": "Mozilla/5.0 (Linux; Android 10; K) AppleWebKit/537.36 (KHTML, like Gecko) Chrome/145.0.0.0 Mobile Safari/537.36",
  "timestamp": "2026-04-13T20:01:59.096Z"
}