{
  "buildNumber": "275",
  "buildId": "DlwQSAVw",
  "sessionId": "7MiGiHpAI",
  "durationSec": 5.272,
  "avgFps": 17.882381493788994,
  "minFps": 15.453768091335075,
  "maxFps": 20.130142232611743,
  "avgSectionTimingsMs": {
    "hud": 0.025892858526536396,
    "camera": 0.008035714072840554,
    "autoEngage": 0.00717488773200544,
    "syncPlayers": 0.13333333209828213,
    "syncUnits": 1.2180180187160905,
    "syncStructures": 0.08157894642729509,
    "syncResources": 0.039639639424848126,
    "sendClientPoses": 0.21351351367460714,
    "effectsAndFog": 17.68558558553189
  },
  "userAgent": "Mozilla/5.0 (Linux; Android 10; K) AppleWebKit/537.36 (KHTML, like Gecko) Chrome/145.0.0.0 Mobile Safari/537.36",
  "timestamp": "2026-04-13T20:14:26.500Z"
}