{
  "buildNumber": "273",
  "buildId": "BF-xNiwv",
  "sessionId": "P_6xpY7hD",
  "durationSec": 9.015,
  "avgFps": 36.39100637662295,
  "minFps": 33.1969979000892,
  "maxFps": 40.321994488695054,
  "avgSectionTimingsMs": {
    "hud": 0.021548821669234972,
    "camera": 0.00740740716658056,
    "autoEngage": 0.0037099494901917636,
    "syncPlayers": 0.06891891944247323,
    "syncUnits": 0.03344594576471561,
    "syncResources": 0.029391891851618484,
    "sendClientPoses": 0.003716216196079512,
    "effectsAndFog": 9.635472972550103,
    "syncStructures": 0.006060605699365789
  },
  "userAgent": "Mozilla/5.0 (Linux; Android 10; K) AppleWebKit/537.36 (KHTML, like Gecko) Chrome/145.0.0.0 Mobile Safari/537.36",
  "timestamp": "2026-04-13T20:02:05.904Z"
}