{
  "buildNumber": "277",
  "buildId": "CMEduUks",
  "sessionId": "q0WoIYLvG",
  "durationSec": 17.679,
  "avgFps": 37.97258249182684,
  "minFps": 36.94121099749357,
  "maxFps": 39.361938941941844,
  "avgSectionTimingsMs": {
    "hud": 0.020972644304432044,
    "camera": 0.00835866243281263,
    "autoEngage": 0.003726235881957718,
    "syncPlayers": 0.07397260263993134,
    "syncUnits": 0.03455098982633884,
    "syncResources": 0.025418568918512654,
    "sendClientPoses": 0.005022831023011578,
    "effectsAndFog": 0.04779299812411246,
    "syncStructures": 0.2568181816375617
  },
  "userAgent": "Mozilla/5.0 (Linux; Android 10; K) AppleWebKit/537.36 (KHTML, like Gecko) Chrome/145.0.0.0 Mobile Safari/537.36",
  "timestamp": "2026-04-13T20:25:22.518Z"
}