{
  "buildNumber": "273",
  "buildId": "BF-xNiwv",
  "sessionId": "P_6xpY7hD",
  "durationSec": 62.494,
  "avgFps": 28.16654919534159,
  "minFps": 18.005645273948964,
  "maxFps": 40.321994488695054,
  "avgSectionTimingsMs": {
    "hud": 0.02633986930831585,
    "camera": 0.007908496669694488,
    "autoEngage": 0.005328538761531734,
    "syncPlayers": 0.08822760013211702,
    "syncUnits": 0.5828646173112294,
    "syncResources": 0.027141922747410535,
    "sendClientPoses": 0.11406147826957577,
    "effectsAndFog": 18.078351863834733,
    "syncStructures": 0.13151658781896836
  },
  "userAgent": "Mozilla/5.0 (Linux; Android 10; K) AppleWebKit/537.36 (KHTML, like Gecko) Chrome/145.0.0.0 Mobile Safari/537.36",
  "timestamp": "2026-04-13T20:02:59.383Z"
}