{
  "buildNumber": "275",
  "buildId": "DlwQSAVw",
  "sessionId": "7MiGiHpAI",
  "durationSec": 8.663,
  "avgFps": 18.97229384963126,
  "minFps": 15.453768091335075,
  "maxFps": 21.11740375438308,
  "avgSectionTimingsMs": {
    "hud": 0.022994653426389643,
    "camera": 0.0090909088677901,
    "autoEngage": 0.006970509287499231,
    "syncPlayers": 0.13817204262620658,
    "syncUnits": 1.0532258063234308,
    "syncStructures": 0.07936507794592115,
    "syncResources": 0.0344086020223556,
    "sendClientPoses": 0.2053763445026131,
    "effectsAndFog": 17.072580645161292
  },
  "userAgent": "Mozilla/5.0 (Linux; Android 10; K) AppleWebKit/537.36 (KHTML, like Gecko) Chrome/145.0.0.0 Mobile Safari/537.36",
  "timestamp": "2026-04-13T20:14:29.891Z"
}