{
  "buildNumber": "276",
  "buildId": "BdYYCv-Z",
  "sessionId": "P2QeoMsYc",
  "durationSec": 53.424,
  "avgFps": 33.82838585175944,
  "minFps": 23.47566485001089,
  "maxFps": 42.24570034076106,
  "avgSectionTimingsMs": {
    "hud": 0.026516990501035766,
    "camera": 0.010133495102229627,
    "autoEngage": 0.006312594762883165,
    "syncPlayers": 0.14766241647144773,
    "syncUnits": 0.7922890105425552,
    "syncResources": 0.02938676374423265,
    "sendClientPoses": 0.1251366119639542,
    "effectsAndFog": 0.06302367964149896,
    "syncStructures": 0.21323155181401862
  },
  "userAgent": "Mozilla/5.0 (Linux; Android 10; K) AppleWebKit/537.36 (KHTML, like Gecko) Chrome/145.0.0.0 Mobile Safari/537.36",
  "timestamp": "2026-04-13T20:21:12.397Z"
}