{
  "buildNumber": "273",
  "buildId": "BF-xNiwv",
  "sessionId": "P_6xpY7hD",
  "durationSec": 28.808,
  "avgFps": 33.42093136056784,
  "minFps": 29.359513071453023,
  "maxFps": 40.321994488695054,
  "avgSectionTimingsMs": {
    "hud": 0.025717439240967203,
    "camera": 0.008167770294427345,
    "autoEngage": 0.004307012690291887,
    "syncPlayers": 0.07646408884564816,
    "syncUnits": 0.0911602209615444,
    "syncResources": 0.027734806656178848,
    "sendClientPoses": 0.014143646454942819,
    "effectsAndFog": 10.364309391823921,
    "syncStructures": 0.20142857120150612
  },
  "userAgent": "Mozilla/5.0 (Linux; Android 10; K) AppleWebKit/537.36 (KHTML, like Gecko) Chrome/145.0.0.0 Mobile Safari/537.36",
  "timestamp": "2026-04-13T20:02:25.697Z"
}