{
  "buildNumber": "277",
  "buildId": "CMEduUks",
  "sessionId": "q0WoIYLvG",
  "durationSec": 1.17,
  "avgFps": 38.74158116098829,
  "minFps": 38.52145420645638,
  "maxFps": 39.361938941941844,
  "avgSectionTimingsMs": {
    "hud": 0.026190475338981264,
    "camera": 0.00476190447807312,
    "autoEngage": 0.0036144583340150765,
    "syncPlayers": 0.08536585147787885,
    "syncUnits": 0.024390244629324938,
    "syncResources": 0.019512194685819672,
    "sendClientPoses": 0.00243902424486672,
    "effectsAndFog": 0.05365853629461149,
    "syncStructures": 0.012500002980232239
  },
  "userAgent": "Mozilla/5.0 (Linux; Android 10; K) AppleWebKit/537.36 (KHTML, like Gecko) Chrome/145.0.0.0 Mobile Safari/537.36",
  "timestamp": "2026-04-13T20:25:06.009Z"
}