{
  "buildNumber": "276",
  "buildId": "BdYYCv-Z",
  "sessionId": "P2QeoMsYc",
  "durationSec": 28.029,
  "avgFps": 38.02318621305167,
  "minFps": 32.168598108146696,
  "maxFps": 42.24570034076106,
  "avgSectionTimingsMs": {
    "hud": 0.02591857021117755,
    "camera": 0.007348560174148393,
    "autoEngage": 0.004868355605120216,
    "syncPlayers": 0.11620278327649915,
    "syncUnits": 0.3328031811041102,
    "syncResources": 0.026441351734620203,
    "sendClientPoses": 0.06421471184219565,
    "effectsAndFog": 0.059244533034252596,
    "syncStructures": 0.23990384560938066
  },
  "userAgent": "Mozilla/5.0 (Linux; Android 10; K) AppleWebKit/537.36 (KHTML, like Gecko) Chrome/145.0.0.0 Mobile Safari/537.36",
  "timestamp": "2026-04-13T20:20:47.001Z"
}