{
  "buildNumber": "276",
  "buildId": "BdYYCv-Z",
  "sessionId": "P2QeoMsYc",
  "durationSec": 16.906,
  "avgFps": 39.97817734198753,
  "minFps": 36.559663552824205,
  "maxFps": 42.24570034076106,
  "avgSectionTimingsMs": {
    "hud": 0.026697531158541454,
    "camera": 0.0063271606226026275,
    "autoEngage": 0.004633204564164504,
    "syncPlayers": 0.10880989200180796,
    "syncUnits": 0.18732612035374,
    "syncResources": 0.026893353720168243,
    "sendClientPoses": 0.0363214839094389,
    "effectsAndFog": 0.05826893393554864,
    "syncStructures": 0.29920634911173866
  },
  "userAgent": "Mozilla/5.0 (Linux; Android 10; K) AppleWebKit/537.36 (KHTML, like Gecko) Chrome/145.0.0.0 Mobile Safari/537.36",
  "timestamp": "2026-04-13T20:20:35.878Z"
}