{
  "buildNumber": "274",
  "buildId": "CB7E_Olw",
  "sessionId": "PJns0EXEj",
  "durationSec": 25.501,
  "avgFps": 41.97311125880715,
  "minFps": 32.75349885043815,
  "maxFps": 47.48005890965272,
  "avgSectionTimingsMs": {
    "hud": 0.017896865478540698,
    "camera": 0.007987866628278495,
    "autoEngage": 0.004350025257680775,
    "syncPlayers": 0.09979757111564821,
    "syncUnits": 0.5665991905367809,
    "syncResources": 0.020242915070249966,
    "sendClientPoses": 0.07753036433627249,
    "effectsAndFog": 0.056174088827511556,
    "syncStructures": 0.24816753867408992
  },
  "userAgent": "Mozilla/5.0 (Linux; Android 10; K) AppleWebKit/537.36 (KHTML, like Gecko) Chrome/145.0.0.0 Mobile Safari/537.36",
  "timestamp": "2026-04-13T20:10:53.986Z"
}