{
  "buildNumber": "273",
  "buildId": "BF-xNiwv",
  "sessionId": "P_6xpY7hD",
  "durationSec": 64.085,
  "avgFps": 27.986423388065063,
  "minFps": 18.005645273948964,
  "maxFps": 40.321994488695054,
  "avgSectionTimingsMs": {
    "hud": 0.02599486523093859,
    "camera": 0.008023106470340637,
    "autoEngage": 0.005489566639950723,
    "syncPlayers": 0.08824662857508919,
    "syncUnits": 0.5877328194060537,
    "syncResources": 0.02716762995061464,
    "sendClientPoses": 0.11734104070360261,
    "effectsAndFog": 18.34296724456736,
    "syncStructures": 0.12939814829991925
  },
  "userAgent": "Mozilla/5.0 (Linux; Android 10; K) AppleWebKit/537.36 (KHTML, like Gecko) Chrome/145.0.0.0 Mobile Safari/537.36",
  "timestamp": "2026-04-13T20:03:00.974Z"
}