{
  "buildNumber": "277",
  "buildId": "CMEduUks",
  "sessionId": "q0WoIYLvG",
  "durationSec": 6.787,
  "avgFps": 28.77204689026694,
  "minFps": 28.48434442172548,
  "maxFps": 30.259186777423363,
  "avgSectionTimingsMs": {
    "hud": 0.026984126952590136,
    "camera": 0.009523809744567468,
    "autoEngage": 0.009018567655067545,
    "syncPlayers": 0.10797872346766452,
    "syncUnits": 1.3904255316295522,
    "syncResources": 0.02446808618433932,
    "sendClientPoses": 0.18351063782230337,
    "effectsAndFog": 0.04680851070170707,
    "syncStructures": 0.06595744541350831
  },
  "userAgent": "Mozilla/5.0 (Linux; Android 10; K) AppleWebKit/537.36 (KHTML, like Gecko) Chrome/145.0.0.0 Mobile Safari/537.36",
  "timestamp": "2026-04-13T20:26:06.403Z"
}