{
  "buildNumber": "276",
  "buildId": "BdYYCv-Z",
  "sessionId": "P2QeoMsYc",
  "durationSec": 13.12,
  "avgFps": 40.76375359648836,
  "minFps": 37.659943236324054,
  "maxFps": 42.24570034076106,
  "avgSectionTimingsMs": {
    "hud": 0.02645914424718122,
    "camera": 0.006614786177757649,
    "autoEngage": 0.004576436152360688,
    "syncPlayers": 0.11033138435254088,
    "syncUnits": 0.11403508731263888,
    "syncResources": 0.02748537964058666,
    "sendClientPoses": 0.021637427179436935,
    "effectsAndFog": 0.05750487381719474,
    "syncStructures": 0.308163264880375
  },
  "userAgent": "Mozilla/5.0 (Linux; Android 10; K) AppleWebKit/537.36 (KHTML, like Gecko) Chrome/145.0.0.0 Mobile Safari/537.36",
  "timestamp": "2026-04-13T20:20:32.092Z"
}