{
  "buildNumber": "275",
  "buildId": "DlwQSAVw",
  "sessionId": "7MiGiHpAI",
  "durationSec": 2.307,
  "avgFps": 16.343562906400997,
  "minFps": 15.453768091335075,
  "maxFps": 17.56774455137598,
  "avgSectionTimingsMs": {
    "hud": 0.024489797499715065,
    "camera": 0.014285714042430021,
    "autoEngage": 0.007216494415224213,
    "syncPlayers": 0.13333333283662796,
    "syncUnits": 1.4666666655490797,
    "syncStructures": 0.10000000149011612,
    "syncResources": 0.037500000248352684,
    "sendClientPoses": 0.2416666659216086,
    "effectsAndFog": 17.697916666045785
  },
  "userAgent": "Mozilla/5.0 (Linux; Android 10; K) AppleWebKit/537.36 (KHTML, like Gecko) Chrome/145.0.0.0 Mobile Safari/537.36",
  "timestamp": "2026-04-13T20:14:23.535Z"
}