{
  "buildNumber": "276",
  "buildId": "BdYYCv-Z",
  "sessionId": "P2QeoMsYc",
  "durationSec": 9.492,
  "avgFps": 41.26284174311026,
  "minFps": 39.85117862344393,
  "maxFps": 42.24570034076106,
  "avgSectionTimingsMs": {
    "hud": 0.02767624042675327,
    "camera": 0.006005222041052876,
    "autoEngage": 0.0031372549097522413,
    "syncPlayers": 0.10471204258696572,
    "syncUnits": 0.035863873846243816,
    "syncResources": 0.025654450058937073,
    "sendClientPoses": 0.0018324607017776728,
    "effectsAndFog": 0.05497382237961155,
    "syncStructures": 0.3366197179740583
  },
  "userAgent": "Mozilla/5.0 (Linux; Android 10; K) AppleWebKit/537.36 (KHTML, like Gecko) Chrome/145.0.0.0 Mobile Safari/537.36",
  "timestamp": "2026-04-13T20:20:28.465Z"
}