{
  "buildNumber": "276",
  "buildId": "BdYYCv-Z",
  "sessionId": "P2QeoMsYc",
  "durationSec": 51.31,
  "avgFps": 34.14321811938645,
  "minFps": 23.512293066686027,
  "maxFps": 42.24570034076106,
  "avgSectionTimingsMs": {
    "hud": 0.026391494900379574,
    "camera": 0.010193871139659964,
    "autoEngage": 0.006255864780099085,
    "syncPlayers": 0.14599499374963762,
    "syncUnits": 0.760387985257243,
    "syncResources": 0.029349186393585015,
    "sendClientPoses": 0.12158948682873359,
    "effectsAndFog": 0.06264080120266902,
    "syncStructures": 0.2188328908514281
  },
  "userAgent": "Mozilla/5.0 (Linux; Android 10; K) AppleWebKit/537.36 (KHTML, like Gecko) Chrome/145.0.0.0 Mobile Safari/537.36",
  "timestamp": "2026-04-13T20:21:10.283Z"
}