{
  "buildNumber": "277",
  "buildId": "CMEduUks",
  "sessionId": "q0WoIYLvG",
  "durationSec": 38.629,
  "avgFps": 35.091225526668126,
  "minFps": 26.510727529094936,
  "maxFps": 39.361938941941844,
  "avgSectionTimingsMs": {
    "hud": 0.02245059270161414,
    "camera": 0.009723320049730685,
    "autoEngage": 0.006287070037631378,
    "syncPlayers": 0.08655063253886337,
    "syncUnits": 0.7553006331377392,
    "syncResources": 0.026186708667421642,
    "sendClientPoses": 0.07776898720973655,
    "effectsAndFog": 0.04976265825614144,
    "syncStructures": 0.16725352165144933
  },
  "userAgent": "Mozilla/5.0 (Linux; Android 10; K) AppleWebKit/537.36 (KHTML, like Gecko) Chrome/145.0.0.0 Mobile Safari/537.36",
  "timestamp": "2026-04-13T20:25:43.469Z"
}