{
  "buildNumber": "276",
  "buildId": "BdYYCv-Z",
  "sessionId": "P2QeoMsYc",
  "durationSec": 1.103,
  "avgFps": 41.18635629683001,
  "minFps": 41.125914193165954,
  "maxFps": 41.344435644874466,
  "avgSectionTimingsMs": {
    "hud": 0.027659574721721893,
    "camera": 0.0063829796111330075,
    "autoEngage": 0.00430107533290822,
    "syncPlayers": 0.14130434912184012,
    "syncUnits": 0.028260869176491447,
    "syncResources": 0.026086955614711926,
    "sendClientPoses": 0.002173912913902946,
    "effectsAndFog": 0.06956521778003029,
    "syncStructures": 0.08749999850988388
  },
  "userAgent": "Mozilla/5.0 (Linux; Android 10; K) AppleWebKit/537.36 (KHTML, like Gecko) Chrome/145.0.0.0 Mobile Safari/537.36",
  "timestamp": "2026-04-13T20:20:20.075Z"
}