{
  "buildNumber": "273",
  "buildId": "BF-xNiwv",
  "sessionId": "P_6xpY7hD",
  "durationSec": 40.228,
  "avgFps": 31.516735335555236,
  "minFps": 20.10517374564855,
  "maxFps": 40.321994488695054,
  "avgSectionTimingsMs": {
    "hud": 0.026449912252241782,
    "camera": 0.008084358434685504,
    "autoEngage": 0.004747252752492716,
    "syncPlayers": 0.08003518074462575,
    "syncUnits": 0.3236587511255957,
    "syncResources": 0.026912928702229454,
    "sendClientPoses": 0.04925241851450166,
    "effectsAndFog": 13.340193491550318,
    "syncStructures": 0.1613240420610647
  },
  "userAgent": "Mozilla/5.0 (Linux; Android 10; K) AppleWebKit/537.36 (KHTML, like Gecko) Chrome/145.0.0.0 Mobile Safari/537.36",
  "timestamp": "2026-04-13T20:02:37.117Z"
}