{
  "buildNumber": "273",
  "buildId": "BF-xNiwv",
  "sessionId": "P_6xpY7hD",
  "durationSec": 63.12,
  "avgFps": 28.09516360609918,
  "minFps": 18.005645273948964,
  "maxFps": 40.321994488695054,
  "avgSectionTimingsMs": {
    "hud": 0.02628163532109171,
    "camera": 0.00785204406530342,
    "autoEngage": 0.005355404108927181,
    "syncPlayers": 0.08811688353488972,
    "syncUnits": 0.5852597401513682,
    "syncResources": 0.02714285705383722,
    "sendClientPoses": 0.11545454565580789,
    "effectsAndFog": 18.1845454544216,
    "syncStructures": 0.13075117389081228
  },
  "userAgent": "Mozilla/5.0 (Linux; Android 10; K) AppleWebKit/537.36 (KHTML, like Gecko) Chrome/145.0.0.0 Mobile Safari/537.36",
  "timestamp": "2026-04-13T20:03:00.010Z"
}