{
  "buildNumber": "274",
  "buildId": "CB7E_Olw",
  "sessionId": "PJns0EXEj",
  "durationSec": 11.549,
  "avgFps": 45.25206747087703,
  "minFps": 44.012616156154714,
  "maxFps": 47.48005890965272,
  "avgSectionTimingsMs": {
    "hud": 0.018415841725793216,
    "camera": 0.006138614144655738,
    "autoEngage": 0.0022794846205338023,
    "syncPlayers": 0.08452381039895708,
    "syncUnits": 0.01726190461998894,
    "syncResources": 0.019047619154055912,
    "sendClientPoses": 0.005555555579208192,
    "effectsAndFog": 0.051984126546553204,
    "syncStructures": 0.39431818202137947
  },
  "userAgent": "Mozilla/5.0 (Linux; Android 10; K) AppleWebKit/537.36 (KHTML, like Gecko) Chrome/145.0.0.0 Mobile Safari/537.36",
  "timestamp": "2026-04-13T20:10:40.034Z"
}