{
  "buildNumber": "277",
  "buildId": "CMEduUks",
  "sessionId": "q0WoIYLvG",
  "durationSec": 1.41,
  "avgFps": 29.46016296261467,
  "minFps": 28.64579256230064,
  "maxFps": 30.259186777423363,
  "avgSectionTimingsMs": {
    "hud": 0.02368421068317012,
    "camera": 0.01578947431162784,
    "autoEngage": 0.011999999682108561,
    "syncPlayers": 0.12162162242708979,
    "syncUnits": 2.0513513539288497,
    "syncResources": 0.02702702863796337,
    "sendClientPoses": 0.208108108591389,
    "effectsAndFog": 0.04594594481829051,
    "syncStructures": 0.14444444245762295
  },
  "userAgent": "Mozilla/5.0 (Linux; Android 10; K) AppleWebKit/537.36 (KHTML, like Gecko) Chrome/145.0.0.0 Mobile Safari/537.36",
  "timestamp": "2026-04-13T20:26:01.025Z"
}