{
  "buildNumber": "277",
  "buildId": "CMEduUks",
  "sessionId": "q0WoIYLvG",
  "durationSec": 34.366,
  "avgFps": 35.89287689470512,
  "minFps": 26.803205994891698,
  "maxFps": 39.361938941941844,
  "avgSectionTimingsMs": {
    "hud": 0.022222221984217565,
    "camera": 0.00937499988099767,
    "autoEngage": 0.006035605798945756,
    "syncPlayers": 0.08479582942329625,
    "syncUnits": 0.6581233712924656,
    "syncResources": 0.026238053700490996,
    "sendClientPoses": 0.06585577738792558,
    "effectsAndFog": 0.04952215464813206,
    "syncStructures": 0.18070866179278516
  },
  "userAgent": "Mozilla/5.0 (Linux; Android 10; K) AppleWebKit/537.36 (KHTML, like Gecko) Chrome/145.0.0.0 Mobile Safari/537.36",
  "timestamp": "2026-04-13T20:25:39.205Z"
}