{
  "buildNumber": "273",
  "buildId": "BF-xNiwv",
  "sessionId": "P_6xpY7hD",
  "durationSec": 2.344,
  "avgFps": 38.75202070744592,
  "minFps": 37.010841424918226,
  "maxFps": 40.321994488695054,
  "avgSectionTimingsMs": {
    "hud": 0.02749999947845936,
    "camera": 0.008749999850988389,
    "autoEngage": 0.0044025156482960445,
    "syncPlayers": 0.06962025278731238,
    "syncUnits": 0.03037974653364737,
    "syncResources": 0.034177215038975584,
    "sendClientPoses": 0.001265822709361209,
    "effectsAndFog": 9.475949367767647,
    "syncStructures": 0.005882352590560913
  },
  "userAgent": "Mozilla/5.0 (Linux; Android 10; K) AppleWebKit/537.36 (KHTML, like Gecko) Chrome/145.0.0.0 Mobile Safari/537.36",
  "timestamp": "2026-04-13T20:01:59.233Z"
}