{
  "buildNumber": "276",
  "buildId": "BdYYCv-Z",
  "sessionId": "P2QeoMsYc",
  "durationSec": 10.809,
  "avgFps": 41.079303893538906,
  "minFps": 39.638383967582946,
  "maxFps": 42.24570034076106,
  "avgSectionTimingsMs": {
    "hud": 0.02672811079135139,
    "camera": 0.005990783533742351,
    "autoEngage": 0.0033448673312089297,
    "syncPlayers": 0.10323325673647345,
    "syncUnits": 0.03695150081059674,
    "syncResources": 0.025866050436645402,
    "sendClientPoses": 0.003233256364804768,
    "effectsAndFog": 0.055889145950797525,
    "syncStructures": 0.3382716042759978
  },
  "userAgent": "Mozilla/5.0 (Linux; Android 10; K) AppleWebKit/537.36 (KHTML, like Gecko) Chrome/145.0.0.0 Mobile Safari/537.36",
  "timestamp": "2026-04-13T20:20:29.781Z"
}