{
  "buildNumber": "273",
  "buildId": "BF-xNiwv",
  "sessionId": "P_6xpY7hD",
  "durationSec": 15.981,
  "avgFps": 34.72886811281658,
  "minFps": 32.098293815714115,
  "maxFps": 40.321994488695054,
  "avgSectionTimingsMs": {
    "hud": 0.022456813968303336,
    "camera": 0.008637236027250821,
    "autoEngage": 0.0038424592024998293,
    "syncPlayers": 0.07269230800179335,
    "syncUnits": 0.033846153777379255,
    "syncResources": 0.026730769184919505,
    "sendClientPoses": 0.004615384569534889,
    "effectsAndFog": 9.835000000034388,
    "syncStructures": 0.1743589741551978
  },
  "userAgent": "Mozilla/5.0 (Linux; Android 10; K) AppleWebKit/537.36 (KHTML, like Gecko) Chrome/145.0.0.0 Mobile Safari/537.36",
  "timestamp": "2026-04-13T20:02:12.870Z"
}