{
  "buildNumber": "276",
  "buildId": "BdYYCv-Z",
  "sessionId": "P2QeoMsYc",
  "durationSec": 37.551,
  "avgFps": 36.34087018111746,
  "minFps": 27.76340537041469,
  "maxFps": 42.24570034076106,
  "avgSectionTimingsMs": {
    "hud": 0.025000000220237288,
    "camera": 0.008962264155629295,
    "autoEngage": 0.005505308596768156,
    "syncPlayers": 0.12934697089375333,
    "syncUnits": 0.5672698664346331,
    "syncResources": 0.028560188602594575,
    "sendClientPoses": 0.09276160522767823,
    "effectsAndFog": 0.06207710483428721,
    "syncStructures": 0.1999999995248905
  },
  "userAgent": "Mozilla/5.0 (Linux; Android 10; K) AppleWebKit/537.36 (KHTML, like Gecko) Chrome/145.0.0.0 Mobile Safari/537.36",
  "timestamp": "2026-04-13T20:20:56.523Z"
}