{
  "buildNumber": "275",
  "buildId": "DlwQSAVw",
  "sessionId": "7MiGiHpAI",
  "durationSec": 10.861,
  "avgFps": 19.55963899849368,
  "minFps": 15.453768091335075,
  "maxFps": 22.205779708880364,
  "avgSectionTimingsMs": {
    "hud": 0.019409283555509672,
    "camera": 0.01012658205213426,
    "autoEngage": 0.007188160563120126,
    "syncPlayers": 0.13305084723032126,
    "syncUnits": 0.9889830512515569,
    "syncStructures": 0.08499999940395356,
    "syncResources": 0.03220338967897124,
    "sendClientPoses": 0.19364406812494084,
    "effectsAndFog": 16.832627118265226
  },
  "userAgent": "Mozilla/5.0 (Linux; Android 10; K) AppleWebKit/537.36 (KHTML, like Gecko) Chrome/145.0.0.0 Mobile Safari/537.36",
  "timestamp": "2026-04-13T20:14:32.089Z"
}