{
  "buildNumber": "273",
  "buildId": "BF-xNiwv",
  "sessionId": "P_6xpY7hD",
  "durationSec": 55.31,
  "avgFps": 29.072781074526773,
  "minFps": 18.005645273948964,
  "maxFps": 40.321994488695054,
  "avgSectionTimingsMs": {
    "hud": 0.0261582324357009,
    "camera": 0.007840342102778102,
    "autoEngage": 0.005204991085219086,
    "syncPlayers": 0.08601997197524627,
    "syncUnits": 0.5610556347393956,
    "syncResources": 0.02717546349160171,
    "sendClientPoses": 0.09707560635752413,
    "effectsAndFog": 16.801212553524767,
    "syncStructures": 0.14089709779832482
  },
  "userAgent": "Mozilla/5.0 (Linux; Android 10; K) AppleWebKit/537.36 (KHTML, like Gecko) Chrome/145.0.0.0 Mobile Safari/537.36",
  "timestamp": "2026-04-13T20:02:52.200Z"
}