{
  "buildNumber": "276",
  "buildId": "BdYYCv-Z",
  "sessionId": "P2QeoMsYc",
  "durationSec": 37.923,
  "avgFps": 36.2673299528106,
  "minFps": 27.76340537041469,
  "maxFps": 42.24570034076106,
  "avgSectionTimingsMs": {
    "hud": 0.025175370421153163,
    "camera": 0.008885424790304337,
    "autoEngage": 0.005575048633021453,
    "syncPlayers": 0.12995319812327577,
    "syncUnits": 0.5741029643742789,
    "syncResources": 0.028471138613086408,
    "sendClientPoses": 0.09360374433573992,
    "effectsAndFog": 0.06232449317034247,
    "syncStructures": 0.1989247306487039
  },
  "userAgent": "Mozilla/5.0 (Linux; Android 10; K) AppleWebKit/537.36 (KHTML, like Gecko) Chrome/145.0.0.0 Mobile Safari/537.36",
  "timestamp": "2026-04-13T20:20:56.896Z"
}