{
  "buildNumber": "276",
  "buildId": "BdYYCv-Z",
  "sessionId": "P2QeoMsYc",
  "durationSec": 14.902,
  "avgFps": 40.3915647526866,
  "minFps": 36.99495742724304,
  "maxFps": 42.24570034076106,
  "avgSectionTimingsMs": {
    "hud": 0.02621527812961075,
    "camera": 0.006250000144872401,
    "autoEngage": 0.004691572499005925,
    "syncPlayers": 0.10956521754679473,
    "syncUnits": 0.165913043125816,
    "syncResources": 0.027478260527486385,
    "sendClientPoses": 0.030956522019013114,
    "effectsAndFog": 0.05895652211230734,
    "syncStructures": 0.28288288293658076
  },
  "userAgent": "Mozilla/5.0 (Linux; Android 10; K) AppleWebKit/537.36 (KHTML, like Gecko) Chrome/145.0.0.0 Mobile Safari/537.36",
  "timestamp": "2026-04-13T20:20:33.874Z"
}