{
  "buildNumber": "275",
  "buildId": "DlwQSAVw",
  "sessionId": "7MiGiHpAI",
  "durationSec": 3.235,
  "avgFps": 16.891104924449863,
  "minFps": 15.453768091335075,
  "maxFps": 18.675808413531986,
  "avgSectionTimingsMs": {
    "hud": 0.021739131730535755,
    "camera": 0.010144927363464798,
    "autoEngage": 0.006569342674130071,
    "syncPlayers": 0.12352941141409032,
    "syncUnits": 1.3352941165075582,
    "syncStructures": 0.08260869720707768,
    "syncResources": 0.036764705444083494,
    "sendClientPoses": 0.22499999929876888,
    "effectsAndFog": 17.586764706846544
  },
  "userAgent": "Mozilla/5.0 (Linux; Android 10; K) AppleWebKit/537.36 (KHTML, like Gecko) Chrome/145.0.0.0 Mobile Safari/537.36",
  "timestamp": "2026-04-13T20:14:24.463Z"
}