{
  "buildNumber": "274",
  "buildId": "CB7E_Olw",
  "sessionId": "PJns0EXEj",
  "durationSec": 1.009,
  "avgFps": 47.055769338187396,
  "minFps": 45.86004418223954,
  "maxFps": 47.48005890965272,
  "avgSectionTimingsMs": {
    "hud": 0.028571427578017825,
    "camera": 0.00476190447807312,
    "autoEngage": 0,
    "syncPlayers": 0.10487804907124217,
    "syncUnits": 0.019512194685819672,
    "syncResources": 0.03658536512677262,
    "sendClientPoses": 0,
    "effectsAndFog": 0.06829268321758364,
    "syncStructures": 0
  },
  "userAgent": "Mozilla/5.0 (Linux; Android 10; K) AppleWebKit/537.36 (KHTML, like Gecko) Chrome/145.0.0.0 Mobile Safari/537.36",
  "timestamp": "2026-04-13T20:10:29.494Z"
}