{
  "buildNumber": "276",
  "buildId": "BdYYCv-Z",
  "sessionId": "P2QeoMsYc",
  "durationSec": 14.018,
  "avgFps": 40.584766270280625,
  "minFps": 36.99495742724304,
  "maxFps": 42.24570034076106,
  "avgSectionTimingsMs": {
    "hud": 0.025688073777277536,
    "camera": 0.006422018512673334,
    "autoEngage": 0.004683195559446476,
    "syncPlayers": 0.11029411792097722,
    "syncUnits": 0.1443014703143169,
    "syncResources": 0.027205881936585203,
    "sendClientPoses": 0.026838235557079315,
    "effectsAndFog": 0.058455882813124097,
    "syncStructures": 0.2923809522674197
  },
  "userAgent": "Mozilla/5.0 (Linux; Android 10; K) AppleWebKit/537.36 (KHTML, like Gecko) Chrome/145.0.0.0 Mobile Safari/537.36",
  "timestamp": "2026-04-13T20:20:32.990Z"
}