{
  "buildNumber": "274",
  "buildId": "CB7E_Olw",
  "sessionId": "PJns0EXEj",
  "durationSec": 9.379,
  "avgFps": 45.48526932562821,
  "minFps": 44.13353983316393,
  "maxFps": 47.48005890965272,
  "avgSectionTimingsMs": {
    "hud": 0.017761557424155465,
    "camera": 0.006812652387178147,
    "autoEngage": 0.002679658937976944,
    "syncPlayers": 0.08170731780005665,
    "syncUnits": 0.018780487485048247,
    "syncResources": 0.020243902468099827,
    "sendClientPoses": 0.004878048707799214,
    "effectsAndFog": 0.05146341440154285,
    "syncStructures": 0.3763888892200258
  },
  "userAgent": "Mozilla/5.0 (Linux; Android 10; K) AppleWebKit/537.36 (KHTML, like Gecko) Chrome/145.0.0.0 Mobile Safari/537.36",
  "timestamp": "2026-04-13T20:10:37.865Z"
}