{
  "buildNumber": "277",
  "buildId": "CMEduUks",
  "sessionId": "q0WoIYLvG",
  "durationSec": 20.587,
  "avgFps": 37.9847976493924,
  "minFps": 36.94121099749357,
  "maxFps": 39.361938941941844,
  "avgSectionTimingsMs": {
    "hud": 0.02201834840512057,
    "camera": 0.007732634150653804,
    "autoEngage": 0.004131147685598155,
    "syncPlayers": 0.07598425197632606,
    "syncUnits": 0.08438320242826707,
    "syncResources": 0.024146981322233446,
    "sendClientPoses": 0.013517060304877013,
    "effectsAndFog": 0.04934383173940063,
    "syncStructures": 0.24870129877870734
  },
  "userAgent": "Mozilla/5.0 (Linux; Android 10; K) AppleWebKit/537.36 (KHTML, like Gecko) Chrome/145.0.0.0 Mobile Safari/537.36",
  "timestamp": "2026-04-13T20:25:25.426Z"
}