{
  "buildNumber": "273",
  "buildId": "BF-xNiwv",
  "sessionId": "P_6xpY7hD",
  "durationSec": 21.016,
  "avgFps": 34.07858230459188,
  "minFps": 31.245944527628296,
  "maxFps": 40.321994488695054,
  "avgSectionTimingsMs": {
    "hud": 0.02340740751337122,
    "camera": 0.008740740661267881,
    "autoEngage": 0.003928836161689108,
    "syncPlayers": 0.07537092029694634,
    "syncUnits": 0.033234421241177294,
    "syncResources": 0.02982195849234697,
    "sendClientPoses": 0.005341246326174863,
    "effectsAndFog": 10.0284866466455,
    "syncStructures": 0.1568627449032528
  },
  "userAgent": "Mozilla/5.0 (Linux; Android 10; K) AppleWebKit/537.36 (KHTML, like Gecko) Chrome/145.0.0.0 Mobile Safari/537.36",
  "timestamp": "2026-04-13T20:02:17.905Z"
}