{
  "buildNumber": "276",
  "buildId": "BdYYCv-Z",
  "sessionId": "P2QeoMsYc",
  "durationSec": 44.761,
  "avgFps": 35.166692370804455,
  "minFps": 25.10062057770367,
  "maxFps": 42.24570034076106,
  "avgSectionTimingsMs": {
    "hud": 0.025879917369372604,
    "camera": 0.009454796403091147,
    "autoEngage": 0.005902657786195839,
    "syncPlayers": 0.1388812154449152,
    "syncUnits": 0.7158839781845802,
    "syncResources": 0.02928176777468202,
    "sendClientPoses": 0.1100138122864191,
    "effectsAndFog": 0.06339779022813502,
    "syncStructures": 0.18353658487520566
  },
  "userAgent": "Mozilla/5.0 (Linux; Android 10; K) AppleWebKit/537.36 (KHTML, like Gecko) Chrome/145.0.0.0 Mobile Safari/537.36",
  "timestamp": "2026-04-13T20:21:03.733Z"
}