{
  "buildNumber": "273",
  "buildId": "BF-xNiwv",
  "sessionId": "P_6xpY7hD",
  "durationSec": 10.734,
  "avgFps": 35.76822177140742,
  "minFps": 32.298311318800174,
  "maxFps": 40.321994488695054,
  "avgSectionTimingsMs": {
    "hud": 0.021875000050799412,
    "camera": 0.007386363450099121,
    "autoEngage": 0.004409672907032974,
    "syncPlayers": 0.06894586959116139,
    "syncUnits": 0.033618233397475675,
    "syncResources": 0.029059829195680103,
    "sendClientPoses": 0.0034188033848406582,
    "effectsAndFog": 9.786609686253078,
    "syncStructures": 0.13461538385122251
  },
  "userAgent": "Mozilla/5.0 (Linux; Android 10; K) AppleWebKit/537.36 (KHTML, like Gecko) Chrome/145.0.0.0 Mobile Safari/537.36",
  "timestamp": "2026-04-13T20:02:07.623Z"
}