{
  "buildNumber": "277",
  "buildId": "CMEduUks",
  "sessionId": "q0WoIYLvG",
  "durationSec": 1.67,
  "avgFps": 29.333483122565813,
  "minFps": 28.64579256230064,
  "maxFps": 30.259186777423363,
  "avgSectionTimingsMs": {
    "hud": 0.026666667064030966,
    "camera": 0.015555555952919855,
    "autoEngage": 0.013483145933472709,
    "syncPlayers": 0.12272727354006334,
    "syncUnits": 1.9386363659392705,
    "syncResources": 0.025000001219185917,
    "sendClientPoses": 0.20909090949730438,
    "effectsAndFog": 0.04318181763995777,
    "syncStructures": 0.13636363365433432
  },
  "userAgent": "Mozilla/5.0 (Linux; Android 10; K) AppleWebKit/537.36 (KHTML, like Gecko) Chrome/145.0.0.0 Mobile Safari/537.36",
  "timestamp": "2026-04-13T20:26:01.285Z"
}