{
  "buildNumber": "273",
  "buildId": "BF-xNiwv",
  "sessionId": "P_6xpY7hD",
  "durationSec": 12.42,
  "avgFps": 35.34804695876983,
  "minFps": 32.298311318800174,
  "maxFps": 40.321994488695054,
  "avgSectionTimingsMs": {
    "hud": 0.02176039121261727,
    "camera": 0.008312958231182145,
    "autoEngage": 0.004161566751239641,
    "syncPlayers": 0.07058823554247033,
    "syncUnits": 0.03431372541715117,
    "syncResources": 0.026225490312950284,
    "sendClientPoses": 0.0034313724905836816,
    "effectsAndFog": 9.666176470471363,
    "syncStructures": 0.1604395600465628
  },
  "userAgent": "Mozilla/5.0 (Linux; Android 10; K) AppleWebKit/537.36 (KHTML, like Gecko) Chrome/145.0.0.0 Mobile Safari/537.36",
  "timestamp": "2026-04-13T20:02:09.309Z"
}