{
  "buildNumber": "274",
  "buildId": "CB7E_Olw",
  "sessionId": "PJns0EXEj",
  "durationSec": 14.712,
  "avgFps": 44.68114718803567,
  "minFps": 41.18367933065833,
  "maxFps": 47.48005890965272,
  "avgSectionTimingsMs": {
    "hud": 0.01810897433031828,
    "camera": 0.006250000296112819,
    "autoEngage": 0.003448275847729436,
    "syncPlayers": 0.09101123660563658,
    "syncUnits": 0.17897271282408822,
    "syncResources": 0.02086677391494641,
    "sendClientPoses": 0.029534510155933436,
    "effectsAndFog": 0.05345104292728736,
    "syncStructures": 0.3562499997871263
  },
  "userAgent": "Mozilla/5.0 (Linux; Android 10; K) AppleWebKit/537.36 (KHTML, like Gecko) Chrome/145.0.0.0 Mobile Safari/537.36",
  "timestamp": "2026-04-13T20:10:43.197Z"
}