{
  "buildNumber": "276",
  "buildId": "BdYYCv-Z",
  "sessionId": "P2QeoMsYc",
  "durationSec": 21.733,
  "avgFps": 39.1777084828984,
  "minFps": 35.05566234700809,
  "maxFps": 42.24570034076106,
  "avgSectionTimingsMs": {
    "hud": 0.02675709036510764,
    "camera": 0.006658446480107807,
    "autoEngage": 0.004935225096107779,
    "syncPlayers": 0.1118518520652512,
    "syncUnits": 0.2328395062022739,
    "syncResources": 0.02716049367998853,
    "sendClientPoses": 0.043580247001883426,
    "effectsAndFog": 0.059135802770838325,
    "syncStructures": 0.2863354036896866
  },
  "userAgent": "Mozilla/5.0 (Linux; Android 10; K) AppleWebKit/537.36 (KHTML, like Gecko) Chrome/145.0.0.0 Mobile Safari/537.36",
  "timestamp": "2026-04-13T20:20:40.706Z"
}