{
  "buildNumber": "273",
  "buildId": "BF-xNiwv",
  "sessionId": "P_6xpY7hD",
  "durationSec": 55.641,
  "avgFps": 29.026441377118985,
  "minFps": 18.005645273948964,
  "maxFps": 40.321994488695054,
  "avgSectionTimingsMs": {
    "hud": 0.026259758757563496,
    "camera": 0.0078069552662865,
    "autoEngage": 0.005218317365240112,
    "syncPlayers": 0.0859375004868277,
    "syncUnits": 0.5625710226383738,
    "syncResources": 0.02720170442692258,
    "sendClientPoses": 0.09779829553074458,
    "effectsAndFog": 16.86399147731506,
    "syncStructures": 0.14015748048704754
  },
  "userAgent": "Mozilla/5.0 (Linux; Android 10; K) AppleWebKit/537.36 (KHTML, like Gecko) Chrome/145.0.0.0 Mobile Safari/537.36",
  "timestamp": "2026-04-13T20:02:52.530Z"
}