{
  "buildNumber": "273",
  "buildId": "BF-xNiwv",
  "sessionId": "P_6xpY7hD",
  "durationSec": 59.818,
  "avgFps": 28.481677397283285,
  "minFps": 18.005645273948964,
  "maxFps": 40.321994488695054,
  "avgSectionTimingsMs": {
    "hud": 0.02616318278592419,
    "camera": 0.007821982423759198,
    "autoEngage": 0.0052276559965606486,
    "syncPlayers": 0.0871120112547186,
    "syncUnits": 0.5727395410881995,
    "syncResources": 0.027192982383746046,
    "sendClientPoses": 0.1078947370070034,
    "effectsAndFog": 17.6402834007333,
    "syncStructures": 0.1354679805157807
  },
  "userAgent": "Mozilla/5.0 (Linux; Android 10; K) AppleWebKit/537.36 (KHTML, like Gecko) Chrome/145.0.0.0 Mobile Safari/537.36",
  "timestamp": "2026-04-13T20:02:56.707Z"
}