{
  "buildNumber": "277",
  "buildId": "CMEduUks",
  "sessionId": "q0WoIYLvG",
  "durationSec": 21.806,
  "avgFps": 37.927060965502214,
  "minFps": 35.96194021310538,
  "maxFps": 39.361938941941844,
  "avgSectionTimingsMs": {
    "hud": 0.023287671069576316,
    "camera": 0.007845578907732648,
    "autoEngage": 0.0044236761758632,
    "syncPlayers": 0.07693266835147305,
    "syncUnits": 0.12817955147149854,
    "syncResources": 0.025436408687708086,
    "sendClientPoses": 0.02032418931808852,
    "effectsAndFog": 0.04862842866756078,
    "syncStructures": 0.2445121952673284
  },
  "userAgent": "Mozilla/5.0 (Linux; Android 10; K) AppleWebKit/537.36 (KHTML, like Gecko) Chrome/145.0.0.0 Mobile Safari/537.36",
  "timestamp": "2026-04-13T20:25:26.645Z"
}