{
  "buildNumber": "276",
  "buildId": "BdYYCv-Z",
  "sessionId": "P2QeoMsYc",
  "durationSec": 12.124,
  "avgFps": 40.93188571184926,
  "minFps": 38.546590981765405,
  "maxFps": 42.24570034076106,
  "avgSectionTimingsMs": {
    "hud": 0.026666666877766452,
    "camera": 0.006250000124176343,
    "autoEngage": 0.004066736127586882,
    "syncPlayers": 0.10981210904479774,
    "syncUnits": 0.088726513383284,
    "syncResources": 0.02713987430351512,
    "sendClientPoses": 0.014822547271505527,
    "effectsAndFog": 0.05782881036929646,
    "syncStructures": 0.32747252662103254
  },
  "userAgent": "Mozilla/5.0 (Linux; Android 10; K) AppleWebKit/537.36 (KHTML, like Gecko) Chrome/145.0.0.0 Mobile Safari/537.36",
  "timestamp": "2026-04-13T20:20:31.096Z"
}