{
  "buildNumber": "273",
  "buildId": "BF-xNiwv",
  "sessionId": "P_6xpY7hD",
  "durationSec": 40.345,
  "avgFps": 31.496715052064175,
  "minFps": 20.10517374564855,
  "maxFps": 40.321994488695054,
  "avgSectionTimingsMs": {
    "hud": 0.02640350889741329,
    "camera": 0.008070175349712373,
    "autoEngage": 0.004782799489145584,
    "syncPlayers": 0.08007023748438855,
    "syncUnits": 0.3246707638645507,
    "syncResources": 0.026865671584227296,
    "sendClientPoses": 0.049604916462676375,
    "effectsAndFog": 13.373397717201678,
    "syncStructures": 0.16076388913724157
  },
  "userAgent": "Mozilla/5.0 (Linux; Android 10; K) AppleWebKit/537.36 (KHTML, like Gecko) Chrome/145.0.0.0 Mobile Safari/537.36",
  "timestamp": "2026-04-13T20:02:37.234Z"
}