{
  "buildNumber": "273",
  "buildId": "BF-xNiwv",
  "sessionId": "P_6xpY7hD",
  "durationSec": 61.439,
  "avgFps": 28.28512646401196,
  "minFps": 18.005645273948964,
  "maxFps": 40.321994488695054,
  "avgSectionTimingsMs": {
    "hud": 0.026322751350346067,
    "camera": 0.008002645439571805,
    "autoEngage": 0.005226596100536199,
    "syncPlayers": 0.08782263446295994,
    "syncUnits": 0.576704169290102,
    "syncResources": 0.02700198536910102,
    "sendClientPoses": 0.11178027814307172,
    "effectsAndFog": 17.910191925805897,
    "syncStructures": 0.1326923078785722
  },
  "userAgent": "Mozilla/5.0 (Linux; Android 10; K) AppleWebKit/537.36 (KHTML, like Gecko) Chrome/145.0.0.0 Mobile Safari/537.36",
  "timestamp": "2026-04-13T20:02:58.329Z"
}