{
  "buildNumber": "277",
  "buildId": "CMEduUks",
  "sessionId": "q0WoIYLvG",
  "durationSec": 38.369,
  "avgFps": 35.136899023614816,
  "minFps": 26.510727529094936,
  "maxFps": 39.361938941941844,
  "avgSectionTimingsMs": {
    "hud": 0.022575516508379877,
    "camera": 0.00977742437433173,
    "autoEngage": 0.006282306203311291,
    "syncPlayers": 0.08655529002775346,
    "syncUnits": 0.7537788386940482,
    "syncResources": 0.02617342861379625,
    "sendClientPoses": 0.07716785981812549,
    "effectsAndFog": 0.04972155931551682,
    "syncStructures": 0.16749116652003446
  },
  "userAgent": "Mozilla/5.0 (Linux; Android 10; K) AppleWebKit/537.36 (KHTML, like Gecko) Chrome/145.0.0.0 Mobile Safari/537.36",
  "timestamp": "2026-04-13T20:25:43.208Z"
}