{
  "buildNumber": "277",
  "buildId": "CMEduUks",
  "sessionId": "q0WoIYLvG",
  "durationSec": 0.672,
  "avgFps": 29.78594380215409,
  "minFps": 29.19439008306752,
  "maxFps": 30.259186777423363,
  "avgSectionTimingsMs": {
    "hud": 0.02222222089767456,
    "camera": 0.00555555522441864,
    "autoEngage": 0.014285714285714285,
    "syncPlayers": 0.14117646743269527,
    "syncUnits": 2.2588235350216137,
    "syncResources": 0.03529412080259884,
    "sendClientPoses": 0.24705882107510285,
    "effectsAndFog": 0.052941175068126005,
    "syncStructures": 0.04999999701976776
  },
  "userAgent": "Mozilla/5.0 (Linux; Android 10; K) AppleWebKit/537.36 (KHTML, like Gecko) Chrome/145.0.0.0 Mobile Safari/537.36",
  "timestamp": "2026-04-13T20:26:00.287Z"
}