{
  "buildNumber": "274",
  "buildId": "CB7E_Olw",
  "sessionId": "PJns0EXEj",
  "durationSec": 2.021,
  "avgFps": 46.483436793891215,
  "minFps": 45.86004418223954,
  "maxFps": 47.48005890965272,
  "avgSectionTimingsMs": {
    "hud": 0.023333332935969033,
    "camera": 0.0033333334657880995,
    "autoEngage": 0.0011173183691568214,
    "syncPlayers": 0.09325842776995026,
    "syncUnits": 0.02134831433885553,
    "syncResources": 0.029213483748811015,
    "sendClientPoses": 0.0056179775280898875,
    "effectsAndFog": 0.05842696649304936,
    "syncStructures": 0
  },
  "userAgent": "Mozilla/5.0 (Linux; Android 10; K) AppleWebKit/537.36 (KHTML, like Gecko) Chrome/145.0.0.0 Mobile Safari/537.36",
  "timestamp": "2026-04-13T20:10:30.506Z"
}