{
  "buildNumber": "277",
  "buildId": "CMEduUks",
  "sessionId": "q0WoIYLvG",
  "durationSec": 0.799,
  "avgFps": 38.85164463825424,
  "minFps": 38.52145420645638,
  "maxFps": 39.361938941941844,
  "avgSectionTimingsMs": {
    "hud": 0.02499999850988388,
    "camera": 0.00357142835855484,
    "autoEngage": 0.0036363639614798806,
    "syncPlayers": 0.09259258928122344,
    "syncUnits": 0.022222223105253996,
    "syncResources": 0.014814815035572759,
    "sendClientPoses": 0,
    "effectsAndFog": 0.07777777755701984,
    "syncStructures": 0.01666667064030965
  },
  "userAgent": "Mozilla/5.0 (Linux; Android 10; K) AppleWebKit/537.36 (KHTML, like Gecko) Chrome/145.0.0.0 Mobile Safari/537.36",
  "timestamp": "2026-04-13T20:25:05.638Z"
}