{
  "buildNumber": "273",
  "buildId": "BF-xNiwv",
  "sessionId": "P_6xpY7hD",
  "durationSec": 28.441,
  "avgFps": 33.461681376846585,
  "minFps": 29.359513071453023,
  "maxFps": 40.321994488695054,
  "avgSectionTimingsMs": {
    "hud": 0.025641025607801203,
    "camera": 0.008249721166946684,
    "autoEngage": 0.00423870607587258,
    "syncPlayers": 0.07656250042574746,
    "syncUnits": 0.08303571425910507,
    "syncResources": 0.02745535720272788,
    "sendClientPoses": 0.013058035767504148,
    "effectsAndFog": 10.304241070922997,
    "syncStructures": 0.19420289834916304
  },
  "userAgent": "Mozilla/5.0 (Linux; Android 10; K) AppleWebKit/537.36 (KHTML, like Gecko) Chrome/145.0.0.0 Mobile Safari/537.36",
  "timestamp": "2026-04-13T20:02:25.331Z"
}