{
  "buildNumber": "276",
  "buildId": "BdYYCv-Z",
  "sessionId": "P2QeoMsYc",
  "durationSec": 41.365,
  "avgFps": 35.75201997421839,
  "minFps": 27.243936640643696,
  "maxFps": 42.24570034076106,
  "avgSectionTimingsMs": {
    "hud": 0.025749817305266987,
    "camera": 0.009509875640087784,
    "autoEngage": 0.005744602886957865,
    "syncPlayers": 0.13572474378181587,
    "syncUnits": 0.6635431920888658,
    "syncResources": 0.02920937021078861,
    "sendClientPoses": 0.10263543217108853,
    "effectsAndFog": 0.0633967791085362,
    "syncStructures": 0.1900990093895311
  },
  "userAgent": "Mozilla/5.0 (Linux; Android 10; K) AppleWebKit/537.36 (KHTML, like Gecko) Chrome/145.0.0.0 Mobile Safari/537.36",
  "timestamp": "2026-04-13T20:21:00.337Z"
}