{
  "buildNumber": "273",
  "buildId": "BF-xNiwv",
  "sessionId": "P_6xpY7hD",
  "durationSec": 2.618,
  "avgFps": 38.5585563427206,
  "minFps": 37.010841424918226,
  "maxFps": 40.321994488695054,
  "avgSectionTimingsMs": {
    "hud": 0.02666666607062022,
    "camera": 0.007777777645323012,
    "autoEngage": 0.003910614458542297,
    "syncPlayers": 0.07528089907731902,
    "syncUnits": 0.026966291866945418,
    "syncResources": 0.040449437800418125,
    "sendClientPoses": 0.0011235954386464666,
    "effectsAndFog": 9.253932584872407,
    "syncStructures": 0.005263157581028186
  },
  "userAgent": "Mozilla/5.0 (Linux; Android 10; K) AppleWebKit/537.36 (KHTML, like Gecko) Chrome/145.0.0.0 Mobile Safari/537.36",
  "timestamp": "2026-04-13T20:01:59.507Z"
}