{
  "buildNumber": "274",
  "buildId": "CB7E_Olw",
  "sessionId": "PJns0EXEj",
  "durationSec": 6.573,
  "avgFps": 45.90025776813592,
  "minFps": 44.792959703402545,
  "maxFps": 47.48005890965272,
  "avgSectionTimingsMs": {
    "hud": 0.019243986438639796,
    "camera": 0.00515463938008469,
    "autoEngage": 0.0022375214838530233,
    "syncPlayers": 0.08241379425443451,
    "syncUnits": 0.019999999630040136,
    "syncResources": 0.023793103366062558,
    "sendClientPoses": 0.005517241358757019,
    "effectsAndFog": 0.05241379285680837,
    "syncStructures": 0.24999999940395357
  },
  "userAgent": "Mozilla/5.0 (Linux; Android 10; K) AppleWebKit/537.36 (KHTML, like Gecko) Chrome/145.0.0.0 Mobile Safari/537.36",
  "timestamp": "2026-04-13T20:10:35.058Z"
}