{
  "buildNumber": "274",
  "buildId": "CB7E_Olw",
  "sessionId": "PJns0EXEj",
  "durationSec": 10.662,
  "avgFps": 45.32033245322284,
  "minFps": 44.012616156154714,
  "maxFps": 47.48005890965272,
  "avgSectionTimingsMs": {
    "hud": 0.01901709422087058,
    "camera": 0.006410256664977115,
    "autoEngage": 0.0023529411637209317,
    "syncPlayers": 0.08308351269626005,
    "syncUnits": 0.017773019169842152,
    "syncResources": 0.019057815922404256,
    "sendClientPoses": 0.0053533190578158455,
    "effectsAndFog": 0.052248393506513675,
    "syncStructures": 0.3679012350830031
  },
  "userAgent": "Mozilla/5.0 (Linux; Android 10; K) AppleWebKit/537.36 (KHTML, like Gecko) Chrome/145.0.0.0 Mobile Safari/537.36",
  "timestamp": "2026-04-13T20:10:39.147Z"
}