{
  "buildNumber": "277",
  "buildId": "CMEduUks",
  "sessionId": "q0WoIYLvG",
  "durationSec": 26.318,
  "avgFps": 37.4077408074202,
  "minFps": 32.03092639555288,
  "maxFps": 39.361938941941844,
  "avgSectionTimingsMs": {
    "hud": 0.023027718416663377,
    "camera": 0.007995735417042713,
    "autoEngage": 0.004800000095367431,
    "syncPlayers": 0.07854855916161675,
    "syncUnits": 0.2858057633726167,
    "syncResources": 0.02572038400771142,
    "sendClientPoses": 0.040234791908091136,
    "effectsAndFog": 0.04962646729027576,
    "syncStructures": 0.21262626259615927
  },
  "userAgent": "Mozilla/5.0 (Linux; Android 10; K) AppleWebKit/537.36 (KHTML, like Gecko) Chrome/145.0.0.0 Mobile Safari/537.36",
  "timestamp": "2026-04-13T20:25:31.157Z"
}