{
  "buildNumber": "273",
  "buildId": "BF-xNiwv",
  "sessionId": "P_6xpY7hD",
  "durationSec": 28.158,
  "avgFps": 33.4863961543689,
  "minFps": 30.47935076193736,
  "maxFps": 40.321994488695054,
  "avgSectionTimingsMs": {
    "hud": 0.025617977507998435,
    "camera": 0.008202247070462515,
    "autoEngage": 0.004272062953366799,
    "syncPlayers": 0.07671541102959684,
    "syncUnits": 0.07727784018951005,
    "syncResources": 0.02755905518515708,
    "sendClientPoses": 0.012260967419305721,
    "effectsAndFog": 10.259730033283159,
    "syncStructures": 0.1960975607720817
  },
  "userAgent": "Mozilla/5.0 (Linux; Android 10; K) AppleWebKit/537.36 (KHTML, like Gecko) Chrome/145.0.0.0 Mobile Safari/537.36",
  "timestamp": "2026-04-13T20:02:25.047Z"
}