{
  "buildNumber": "274",
  "buildId": "CB7E_Olw",
  "sessionId": "PJns0EXEj",
  "durationSec": 0.396,
  "avgFps": 47.48005890965272,
  "minFps": 47.48005890965272,
  "maxFps": 47.48005890965272,
  "avgSectionTimingsMs": {
    "hud": 0.02857142686843872,
    "camera": 0.00714285671710968,
    "autoEngage": 0,
    "syncPlayers": 0.1538461561386402,
    "syncUnits": 0.015384616760107188,
    "syncResources": 0.0615384578704834,
    "sendClientPoses": 0,
    "effectsAndFog": 0.138461539378533,
    "syncStructures": 0
  },
  "userAgent": "Mozilla/5.0 (Linux; Android 10; K) AppleWebKit/537.36 (KHTML, like Gecko) Chrome/145.0.0.0 Mobile Safari/537.36",
  "timestamp": "2026-04-13T20:10:28.882Z"
}