{
  "buildNumber": "276",
  "buildId": "BdYYCv-Z",
  "sessionId": "P2QeoMsYc",
  "durationSec": 33.192,
  "avgFps": 37.110527408209315,
  "minFps": 30.10412674515579,
  "maxFps": 42.24570034076106,
  "avgSectionTimingsMs": {
    "hud": 0.025259515792647035,
    "camera": 0.007958477549899408,
    "autoEngage": 0.005062743331487434,
    "syncPlayers": 0.11922077936527532,
    "syncUnits": 0.4428571429087486,
    "syncResources": 0.02718614706229338,
    "sendClientPoses": 0.07878787891689316,
    "effectsAndFog": 0.060086580298163675,
    "syncStructures": 0.2171428567292739
  },
  "userAgent": "Mozilla/5.0 (Linux; Android 10; K) AppleWebKit/537.36 (KHTML, like Gecko) Chrome/145.0.0.0 Mobile Safari/537.36",
  "timestamp": "2026-04-13T20:20:52.165Z"
}