{
  "buildNumber": "273",
  "buildId": "BF-xNiwv",
  "sessionId": "P_6xpY7hD",
  "durationSec": 2.174,
  "avgFps": 38.86809932628112,
  "minFps": 37.010841424918226,
  "maxFps": 40.321994488695054,
  "avgSectionTimingsMs": {
    "hud": 0.025333333015441894,
    "camera": 0.009333333174387615,
    "autoEngage": 0.004026845597580775,
    "syncPlayers": 0.06891891843563802,
    "syncUnits": 0.032432432110245164,
    "syncResources": 0.033783783381049697,
    "sendClientPoses": 0.0013513512708045342,
    "effectsAndFog": 9.172972973939535,
    "syncStructures": 0.00624999962747097
  },
  "userAgent": "Mozilla/5.0 (Linux; Android 10; K) AppleWebKit/537.36 (KHTML, like Gecko) Chrome/145.0.0.0 Mobile Safari/537.36",
  "timestamp": "2026-04-13T20:01:59.063Z"
}