{
  "buildNumber": "276",
  "buildId": "BdYYCv-Z",
  "sessionId": "P2QeoMsYc",
  "durationSec": 26.824,
  "avgFps": 38.242489752076786,
  "minFps": 32.55813081086227,
  "maxFps": 42.24570034076106,
  "avgSectionTimingsMs": {
    "hud": 0.026494845594327476,
    "camera": 0.007422680492253648,
    "autoEngage": 0.004951005593103622,
    "syncPlayers": 0.1150670794633643,
    "syncUnits": 0.3146542829871793,
    "syncResources": 0.026522187656416365,
    "sendClientPoses": 0.06016511878362012,
    "effectsAndFog": 0.05944272472885494,
    "syncStructures": 0.24673366786247522
  },
  "userAgent": "Mozilla/5.0 (Linux; Android 10; K) AppleWebKit/537.36 (KHTML, like Gecko) Chrome/145.0.0.0 Mobile Safari/537.36",
  "timestamp": "2026-04-13T20:20:45.796Z"
}