{
  "buildNumber": "273",
  "buildId": "BF-xNiwv",
  "sessionId": "P_6xpY7hD",
  "durationSec": 5.571,
  "avgFps": 37.3093120571821,
  "minFps": 35.9435983015165,
  "maxFps": 40.321994488695054,
  "avgSectionTimingsMs": {
    "hud": 0.024102564041431133,
    "camera": 0.007179486904388819,
    "autoEngage": 0.002827763404208774,
    "syncPlayers": 0.06597938227284815,
    "syncUnits": 0.0324742268655718,
    "syncResources": 0.03505154645320067,
    "sendClientPoses": 0.003092783320810377,
    "effectsAndFog": 8.609793814033576,
    "syncStructures": 0.00731707273460016
  },
  "userAgent": "Mozilla/5.0 (Linux; Android 10; K) AppleWebKit/537.36 (KHTML, like Gecko) Chrome/145.0.0.0 Mobile Safari/537.36",
  "timestamp": "2026-04-13T20:02:02.460Z"
}