{
  "buildNumber": "277",
  "buildId": "CMEduUks",
  "sessionId": "q0WoIYLvG",
  "durationSec": 23.805,
  "avgFps": 37.74722622154301,
  "minFps": 34.16609136987178,
  "maxFps": 39.361938941941844,
  "avgSectionTimingsMs": {
    "hud": 0.0232101615526935,
    "camera": 0.007967667271303524,
    "autoEngage": 0.004679376200263312,
    "syncPlayers": 0.07734104046931846,
    "syncUnits": 0.19861271698350852,
    "syncResources": 0.026011560418013203,
    "sendClientPoses": 0.02947976864831296,
    "effectsAndFog": 0.04901734084063183,
    "syncStructures": 0.22905027949610235
  },
  "userAgent": "Mozilla/5.0 (Linux; Android 10; K) AppleWebKit/537.36 (KHTML, like Gecko) Chrome/145.0.0.0 Mobile Safari/537.36",
  "timestamp": "2026-04-13T20:25:28.645Z"
}