{
  "buildNumber": "273",
  "buildId": "BF-xNiwv",
  "sessionId": "P_6xpY7hD",
  "durationSec": 50.385,
  "avgFps": 29.80914452439731,
  "minFps": 18.013381390101245,
  "maxFps": 40.321994488695054,
  "avgSectionTimingsMs": {
    "hud": 0.02638783278120788,
    "camera": 0.008060836452041743,
    "autoEngage": 0.0051730696286208366,
    "syncPlayers": 0.08409436883991711,
    "syncUnits": 0.5221461186715638,
    "syncResources": 0.027853881160599638,
    "sendClientPoses": 0.08264840179926729,
    "effectsAndFog": 15.793455098975375,
    "syncStructures": 0.14756447017022054
  },
  "userAgent": "Mozilla/5.0 (Linux; Android 10; K) AppleWebKit/537.36 (KHTML, like Gecko) Chrome/145.0.0.0 Mobile Safari/537.36",
  "timestamp": "2026-04-13T20:02:47.275Z"
}