{
  "buildNumber": "274",
  "buildId": "CB7E_Olw",
  "sessionId": "PJns0EXEj",
  "durationSec": 27.573,
  "avgFps": 41.41201511522669,
  "minFps": 31.92384310337146,
  "maxFps": 47.48005890965272,
  "avgSectionTimingsMs": {
    "hud": 0.018458610739059158,
    "camera": 0.00799238829245236,
    "autoEngage": 0.004474059960094309,
    "syncPlayers": 0.1005714289063499,
    "syncUnits": 0.5935238097111384,
    "syncResources": 0.020380952386629014,
    "sendClientPoses": 0.08352380945568993,
    "effectsAndFog": 0.05619047599179404,
    "syncStructures": 0.23495145619494243
  },
  "userAgent": "Mozilla/5.0 (Linux; Android 10; K) AppleWebKit/537.36 (KHTML, like Gecko) Chrome/145.0.0.0 Mobile Safari/537.36",
  "timestamp": "2026-04-13T20:10:56.058Z"
}