{
  "buildNumber": "276",
  "buildId": "BdYYCv-Z",
  "sessionId": "P2QeoMsYc",
  "durationSec": 27.144,
  "avgFps": 38.18448608941131,
  "minFps": 32.55813081086227,
  "maxFps": 42.24570034076106,
  "avgSectionTimingsMs": {
    "hud": 0.02653061245777169,
    "camera": 0.007448979664822014,
    "autoEngage": 0.004951505788191659,
    "syncPlayers": 0.11552604695019122,
    "syncUnits": 0.31859039864574196,
    "syncResources": 0.026557711768320804,
    "sendClientPoses": 0.06077630241021925,
    "effectsAndFog": 0.05914198189395441,
    "syncStructures": 0.2447761188988662
  },
  "userAgent": "Mozilla/5.0 (Linux; Android 10; K) AppleWebKit/537.36 (KHTML, like Gecko) Chrome/145.0.0.0 Mobile Safari/537.36",
  "timestamp": "2026-04-13T20:20:46.116Z"
}