{
  "buildNumber": "277",
  "buildId": "CMEduUks",
  "sessionId": "q0WoIYLvG",
  "durationSec": 35.366,
  "avgFps": 35.68417112548844,
  "minFps": 26.803205994891698,
  "maxFps": 39.361938941941844,
  "avgSectionTimingsMs": {
    "hud": 0.022118643860695727,
    "camera": 0.009576271045005927,
    "autoEngage": 0.006146672394579879,
    "syncPlayers": 0.08481764169038605,
    "syncUnits": 0.6804919426627236,
    "syncResources": 0.026378286476353652,
    "sendClientPoses": 0.067938931115711,
    "effectsAndFog": 0.049448685286103716,
    "syncStructures": 0.17739463640355516
  },
  "userAgent": "Mozilla/5.0 (Linux; Android 10; K) AppleWebKit/537.36 (KHTML, like Gecko) Chrome/145.0.0.0 Mobile Safari/537.36",
  "timestamp": "2026-04-13T20:25:40.205Z"
}