{
  "buildNumber": "273",
  "buildId": "BF-xNiwv",
  "sessionId": "P_6xpY7hD",
  "durationSec": 60.944,
  "avgFps": 28.345191643496644,
  "minFps": 18.005645273948964,
  "maxFps": 40.321994488695054,
  "avgSectionTimingsMs": {
    "hud": 0.02641383900058642,
    "camera": 0.00798403187664207,
    "autoEngage": 0.005224625629910613,
    "syncPlayers": 0.08768308968264635,
    "syncUnits": 0.5757656456944787,
    "syncResources": 0.027030625768730072,
    "sendClientPoses": 0.11078561931729475,
    "effectsAndFog": 17.827230359480957,
    "syncStructures": 0.13365617452175796
  },
  "userAgent": "Mozilla/5.0 (Linux; Android 10; K) AppleWebKit/537.36 (KHTML, like Gecko) Chrome/145.0.0.0 Mobile Safari/537.36",
  "timestamp": "2026-04-13T20:02:57.833Z"
}