{
  "buildNumber": "276",
  "buildId": "BdYYCv-Z",
  "sessionId": "P2QeoMsYc",
  "durationSec": 4.943,
  "avgFps": 41.53269405904099,
  "minFps": 41.125914193165954,
  "maxFps": 42.24570034076106,
  "avgSectionTimingsMs": {
    "hud": 0.025480769717922576,
    "camera": 0.006250000057312159,
    "autoEngage": 0.0024096386260296925,
    "syncPlayers": 0.1053140105832602,
    "syncUnits": 0.03333333278623756,
    "syncResources": 0.0256038645039434,
    "sendClientPoses": 0.0019323671785529686,
    "effectsAndFog": 0.05990338152733402,
    "syncStructures": 0.04999999867545234
  },
  "userAgent": "Mozilla/5.0 (Linux; Android 10; K) AppleWebKit/537.36 (KHTML, like Gecko) Chrome/145.0.0.0 Mobile Safari/537.36",
  "timestamp": "2026-04-13T20:20:23.915Z"
}