{
  "buildNumber": "273",
  "buildId": "BF-xNiwv",
  "sessionId": "P_6xpY7hD",
  "durationSec": 13.113,
  "avgFps": 35.214426470317925,
  "minFps": 32.298311318800174,
  "maxFps": 40.321994488695054,
  "avgSectionTimingsMs": {
    "hud": 0.022041763410214205,
    "camera": 0.008352668061333854,
    "autoEngage": 0.004297328708340759,
    "syncPlayers": 0.07023255852765815,
    "syncUnits": 0.034418604678885883,
    "syncResources": 0.026511628059453743,
    "sendClientPoses": 0.004186046400735544,
    "effectsAndFog": 9.703255813828735,
    "syncStructures": 0.18958333289871612
  },
  "userAgent": "Mozilla/5.0 (Linux; Android 10; K) AppleWebKit/537.36 (KHTML, like Gecko) Chrome/145.0.0.0 Mobile Safari/537.36",
  "timestamp": "2026-04-13T20:02:10.002Z"
}