{
  "buildNumber": "273",
  "buildId": "BF-xNiwv",
  "sessionId": "P_6xpY7hD",
  "durationSec": 14.752,
  "avgFps": 34.93544167141579,
  "minFps": 32.098293815714115,
  "maxFps": 40.321994488695054,
  "avgSectionTimingsMs": {
    "hud": 0.02224532240641588,
    "camera": 0.008731808645066005,
    "autoEngage": 0.003954214372446336,
    "syncPlayers": 0.07145833373069763,
    "syncUnits": 0.03437499993791183,
    "syncResources": 0.025625000024835268,
    "sendClientPoses": 0.003958333221574625,
    "effectsAndFog": 9.849166666716338,
    "syncStructures": 0.17383177536670294
  },
  "userAgent": "Mozilla/5.0 (Linux; Android 10; K) AppleWebKit/537.36 (KHTML, like Gecko) Chrome/145.0.0.0 Mobile Safari/537.36",
  "timestamp": "2026-04-13T20:02:11.641Z"
}