{
  "buildNumber": "277",
  "buildId": "CMEduUks",
  "sessionId": "q0WoIYLvG",
  "durationSec": 16.576,
  "avgFps": 37.99209026135131,
  "minFps": 36.94121099749357,
  "maxFps": 39.361938941941844,
  "avgSectionTimingsMs": {
    "hud": 0.0212662336597969,
    "camera": 0.008116882923361542,
    "autoEngage": 0.003736799514748816,
    "syncPlayers": 0.07479674787056155,
    "syncUnits": 0.03479674841330303,
    "syncResources": 0.025365853261172286,
    "sendClientPoses": 0.005203252013136701,
    "effectsAndFog": 0.04747967443815092,
    "syncStructures": 0.2266129031777382
  },
  "userAgent": "Mozilla/5.0 (Linux; Android 10; K) AppleWebKit/537.36 (KHTML, like Gecko) Chrome/145.0.0.0 Mobile Safari/537.36",
  "timestamp": "2026-04-13T20:25:21.416Z"
}