{
  "buildNumber": "276",
  "buildId": "BdYYCv-Z",
  "sessionId": "P2QeoMsYc",
  "durationSec": 38.022,
  "avgFps": 36.247491870581065,
  "minFps": 27.76340537041469,
  "maxFps": 42.24570034076106,
  "avgSectionTimingsMs": {
    "hud": 0.025194401434198325,
    "camera": 0.008942457231726283,
    "autoEngage": 0.005600933386907648,
    "syncPlayers": 0.12980544745690165,
    "syncUnits": 0.575019455512674,
    "syncResources": 0.0284046690287757,
    "sendClientPoses": 0.0936186772376183,
    "effectsAndFog": 0.06233463053109581,
    "syncStructures": 0.1989247306487039
  },
  "userAgent": "Mozilla/5.0 (Linux; Android 10; K) AppleWebKit/537.36 (KHTML, like Gecko) Chrome/145.0.0.0 Mobile Safari/537.36",
  "timestamp": "2026-04-13T20:20:56.994Z"
}