{
  "buildNumber": "276",
  "buildId": "BdYYCv-Z",
  "sessionId": "P2QeoMsYc",
  "durationSec": 48.385,
  "avgFps": 34.59822722570885,
  "minFps": 24.214324306218735,
  "maxFps": 42.24570034076106,
  "avgSectionTimingsMs": {
    "hud": 0.026109660768944665,
    "camera": 0.009856396862950088,
    "autoEngage": 0.006203068779684771,
    "syncPlayers": 0.14271717827589508,
    "syncUnits": 0.7472240368888551,
    "syncResources": 0.02913128660053774,
    "sendClientPoses": 0.11600261266756338,
    "effectsAndFog": 0.0627041151716692,
    "syncStructures": 0.20168539278962638
  },
  "userAgent": "Mozilla/5.0 (Linux; Android 10; K) AppleWebKit/537.36 (KHTML, like Gecko) Chrome/145.0.0.0 Mobile Safari/537.36",
  "timestamp": "2026-04-13T20:21:07.358Z"
}