{
  "buildNumber": "274",
  "buildId": "CB7E_Olw",
  "sessionId": "PJns0EXEj",
  "durationSec": 12.802,
  "avgFps": 45.08374622708926,
  "minFps": 42.882096587837026,
  "maxFps": 47.48005890965272,
  "avgSectionTimingsMs": {
    "hud": 0.018330308627303414,
    "camera": 0.006170599138239118,
    "autoEngage": 0.0029972751881186255,
    "syncPlayers": 0.08836363716558977,
    "syncUnits": 0.07654545426368714,
    "syncResources": 0.019818181937391106,
    "sendClientPoses": 0.018363636298613116,
    "effectsAndFog": 0.053272726915099405,
    "syncStructures": 0.38061224532370663
  },
  "userAgent": "Mozilla/5.0 (Linux; Android 10; K) AppleWebKit/537.36 (KHTML, like Gecko) Chrome/145.0.0.0 Mobile Safari/537.36",
  "timestamp": "2026-04-13T20:10:41.288Z"
}