{
  "buildNumber": "273",
  "buildId": "BF-xNiwv",
  "sessionId": "P_6xpY7hD",
  "durationSec": 47.403,
  "avgFps": 30.29235805474612,
  "minFps": 18.36505218394369,
  "maxFps": 40.321994488695054,
  "avgSectionTimingsMs": {
    "hud": 0.02589073640339354,
    "camera": 0.008076009444556158,
    "autoEngage": 0.005148514851485149,
    "syncPlayers": 0.08288431110926173,
    "syncUnits": 0.4828050712303579,
    "syncResources": 0.02765451657413114,
    "sendClientPoses": 0.07187004748690524,
    "effectsAndFog": 15.096196513428174,
    "syncStructures": 0.15287009097658255
  },
  "userAgent": "Mozilla/5.0 (Linux; Android 10; K) AppleWebKit/537.36 (KHTML, like Gecko) Chrome/145.0.0.0 Mobile Safari/537.36",
  "timestamp": "2026-04-13T20:02:44.292Z"
}