{
  "buildNumber": "277",
  "buildId": "CMEduUks",
  "sessionId": "q0WoIYLvG",
  "durationSec": 1.278,
  "avgFps": 38.72243968668117,
  "minFps": 38.52145420645638,
  "maxFps": 39.361938941941844,
  "avgSectionTimingsMs": {
    "hud": 0.026086955614711926,
    "camera": 0.004347825827805892,
    "autoEngage": 0.004395605116100102,
    "syncPlayers": 0.07999999788072375,
    "syncUnits": 0.026666667726304796,
    "syncResources": 0.02222222155994839,
    "sendClientPoses": 0.002222222089767456,
    "effectsAndFog": 0.055555554893281726,
    "syncStructures": 0.011111113760206435
  },
  "userAgent": "Mozilla/5.0 (Linux; Android 10; K) AppleWebKit/537.36 (KHTML, like Gecko) Chrome/145.0.0.0 Mobile Safari/537.36",
  "timestamp": "2026-04-13T20:25:06.117Z"
}