{
  "buildNumber": "273",
  "buildId": "BF-xNiwv",
  "sessionId": "P_6xpY7hD",
  "durationSec": 9.134,
  "avgFps": 36.34590576738323,
  "minFps": 32.3977484250669,
  "maxFps": 40.321994488695054,
  "avgSectionTimingsMs": {
    "hud": 0.021262458590574042,
    "camera": 0.007308969862041283,
    "autoEngage": 0.003993344535050098,
    "syncPlayers": 0.06966666728258133,
    "syncUnits": 0.033666666547457376,
    "syncResources": 0.02899999996026357,
    "sendClientPoses": 0.003666666646798452,
    "effectsAndFog": 9.599999999503295,
    "syncStructures": 0.07313432800236033
  },
  "userAgent": "Mozilla/5.0 (Linux; Android 10; K) AppleWebKit/537.36 (KHTML, like Gecko) Chrome/145.0.0.0 Mobile Safari/537.36",
  "timestamp": "2026-04-13T20:02:06.023Z"
}