{
  "buildNumber": "277",
  "buildId": "CMEduUks",
  "sessionId": "q0WoIYLvG",
  "durationSec": 6.828,
  "avgFps": 38.39154517663018,
  "minFps": 38.014368527508694,
  "maxFps": 39.361938941941844,
  "avgSectionTimingsMs": {
    "hud": 0.020312499604187906,
    "camera": 0.005859375,
    "autoEngage": 0.0029354209769262025,
    "syncPlayers": 0.0686274508635203,
    "syncUnits": 0.029019607866511626,
    "syncResources": 0.027843136413424622,
    "sendClientPoses": 0.00392156862745098,
    "effectsAndFog": 0.04549019547069774,
    "syncStructures": 0.1686274526165981
  },
  "userAgent": "Mozilla/5.0 (Linux; Android 10; K) AppleWebKit/537.36 (KHTML, like Gecko) Chrome/145.0.0.0 Mobile Safari/537.36",
  "timestamp": "2026-04-13T20:25:11.667Z"
}