{
  "buildNumber": "273",
  "buildId": "BF-xNiwv",
  "sessionId": "P_6xpY7hD",
  "durationSec": 60.498,
  "avgFps": 28.39897060516342,
  "minFps": 18.005645273948964,
  "maxFps": 40.321994488695054,
  "avgSectionTimingsMs": {
    "hud": 0.02642140470220891,
    "camera": 0.007892976536798636,
    "autoEngage": 0.005252592846397255,
    "syncPlayers": 0.08755020126999621,
    "syncUnits": 0.5741633198546916,
    "syncResources": 0.027108433655147732,
    "sendClientPoses": 0.10957161996418852,
    "effectsAndFog": 17.757697456452743,
    "syncStructures": 0.1343902441059671
  },
  "userAgent": "Mozilla/5.0 (Linux; Android 10; K) AppleWebKit/537.36 (KHTML, like Gecko) Chrome/145.0.0.0 Mobile Safari/537.36",
  "timestamp": "2026-04-13T20:02:57.387Z"
}