{
  "buildNumber": "274",
  "buildId": "CB7E_Olw",
  "sessionId": "PJns0EXEj",
  "durationSec": 10.091,
  "avgFps": 45.397256941285775,
  "minFps": 44.012616156154714,
  "maxFps": 47.48005890965272,
  "avgSectionTimingsMs": {
    "hud": 0.01832579211142268,
    "camera": 0.006787330586446356,
    "autoEngage": 0.0024915062152650862,
    "syncPlayers": 0.08276644065266564,
    "syncUnits": 0.01814058929884515,
    "syncResources": 0.01950113377333228,
    "sendClientPoses": 0.005215419460586409,
    "effectsAndFog": 0.05238095196196282,
    "syncStructures": 0.38311688311688313
  },
  "userAgent": "Mozilla/5.0 (Linux; Android 10; K) AppleWebKit/537.36 (KHTML, like Gecko) Chrome/145.0.0.0 Mobile Safari/537.36",
  "timestamp": "2026-04-13T20:10:38.576Z"
}