{
  "buildNumber": "277",
  "buildId": "CMEduUks",
  "sessionId": "q0WoIYLvG",
  "durationSec": 19.818,
  "avgFps": 37.986648323492496,
  "minFps": 36.94121099749357,
  "maxFps": 39.361938941941844,
  "avgSectionTimingsMs": {
    "hud": 0.021709633447745437,
    "camera": 0.007869742012088626,
    "autoEngage": 0.004141208576006867,
    "syncPlayers": 0.0755434782527711,
    "syncUnits": 0.05855978304601234,
    "syncResources": 0.024592391012803368,
    "sendClientPoses": 0.010054347793693129,
    "effectsAndFog": 0.04945652146378289,
    "syncStructures": 0.24765100655139693
  },
  "userAgent": "Mozilla/5.0 (Linux; Android 10; K) AppleWebKit/537.36 (KHTML, like Gecko) Chrome/145.0.0.0 Mobile Safari/537.36",
  "timestamp": "2026-04-13T20:25:24.658Z"
}