{
  "buildNumber": "274",
  "buildId": "CB7E_Olw",
  "sessionId": "PJns0EXEj",
  "durationSec": 32.689,
  "avgFps": 40.129352478861804,
  "minFps": 31.192882327528594,
  "maxFps": 47.48005890965272,
  "avgSectionTimingsMs": {
    "hud": 0.019389438870126265,
    "camera": 0.007838283902150963,
    "autoEngage": 0.004333470903838217,
    "syncPlayers": 0.10330305564118061,
    "syncUnits": 0.6425268374672614,
    "syncResources": 0.020809248594288784,
    "sendClientPoses": 0.09512799326099708,
    "effectsAndFog": 0.05681255139859622,
    "syncStructures": 0.20867768582726312
  },
  "userAgent": "Mozilla/5.0 (Linux; Android 10; K) AppleWebKit/537.36 (KHTML, like Gecko) Chrome/145.0.0.0 Mobile Safari/537.36",
  "timestamp": "2026-04-13T20:11:01.175Z"
}