{
  "buildNumber": "277",
  "buildId": "CMEduUks",
  "sessionId": "q0WoIYLvG",
  "durationSec": 35.293,
  "avgFps": 35.698316739460125,
  "minFps": 26.803205994891698,
  "maxFps": 39.361938941941844,
  "avgSectionTimingsMs": {
    "hud": 0.02198641743441389,
    "camera": 0.009592529569700334,
    "autoEngage": 0.006157112602468762,
    "syncPlayers": 0.08496176682494916,
    "syncUnits": 0.6794392526808085,
    "syncResources": 0.02642310939305094,
    "sendClientPoses": 0.06779949006228095,
    "effectsAndFog": 0.04936278669025904,
    "syncStructures": 0.17739463640355516
  },
  "userAgent": "Mozilla/5.0 (Linux; Android 10; K) AppleWebKit/537.36 (KHTML, like Gecko) Chrome/145.0.0.0 Mobile Safari/537.36",
  "timestamp": "2026-04-13T20:25:40.133Z"
}