{
  "buildNumber": "274",
  "buildId": "CB7E_Olw",
  "sessionId": "PJns0EXEj",
  "durationSec": 21.778,
  "avgFps": 42.875761661389255,
  "minFps": 37.171551922372416,
  "maxFps": 47.48005890965272,
  "avgSectionTimingsMs": {
    "hud": 0.018378995392964854,
    "camera": 0.007420091460284577,
    "autoEngage": 0.004111936029742473,
    "syncPlayers": 0.09348571460587637,
    "syncUnits": 0.43257142874172755,
    "syncResources": 0.02057142870766776,
    "sendClientPoses": 0.06239999982288905,
    "effectsAndFog": 0.05474285694531032,
    "syncStructures": 0.2658536583185196
  },
  "userAgent": "Mozilla/5.0 (Linux; Android 10; K) AppleWebKit/537.36 (KHTML, like Gecko) Chrome/145.0.0.0 Mobile Safari/537.36",
  "timestamp": "2026-04-13T20:10:50.264Z"
}