{
  "buildNumber": "277",
  "buildId": "CMEduUks",
  "sessionId": "q0WoIYLvG",
  "durationSec": 18.431,
  "avgFps": 37.9733524860547,
  "minFps": 36.94121099749357,
  "maxFps": 39.361938941941844,
  "avgSectionTimingsMs": {
    "hud": 0.021106258967384328,
    "camera": 0.008005822242781237,
    "autoEngage": 0.0036416607491742583,
    "syncPlayers": 0.07419825069410808,
    "syncUnits": 0.034256560201200034,
    "syncResources": 0.02521865851851316,
    "sendClientPoses": 0.0049562681868194495,
    "effectsAndFog": 0.047521865532975154,
    "syncStructures": 0.25
  },
  "userAgent": "Mozilla/5.0 (Linux; Android 10; K) AppleWebKit/537.36 (KHTML, like Gecko) Chrome/145.0.0.0 Mobile Safari/537.36",
  "timestamp": "2026-04-13T20:25:23.270Z"
}