{
  "buildNumber": "276",
  "buildId": "BdYYCv-Z",
  "sessionId": "P2QeoMsYc",
  "durationSec": 48.722,
  "avgFps": 34.54329922003437,
  "minFps": 23.91074322966405,
  "maxFps": 42.24570034076106,
  "avgSectionTimingsMs": {
    "hud": 0.02616883135074145,
    "camera": 0.009870129862389007,
    "autoEngage": 0.0062033126554771,
    "syncPlayers": 0.14275503571038126,
    "syncUnits": 0.7478232621526935,
    "syncResources": 0.029174788692231453,
    "sendClientPoses": 0.1169590643468501,
    "effectsAndFog": 0.0626380768900494,
    "syncStructures": 0.20111731793627394
  },
  "userAgent": "Mozilla/5.0 (Linux; Android 10; K) AppleWebKit/537.36 (KHTML, like Gecko) Chrome/145.0.0.0 Mobile Safari/537.36",
  "timestamp": "2026-04-13T20:21:07.694Z"
}