{
  "buildNumber": "276",
  "buildId": "BdYYCv-Z",
  "sessionId": "P2QeoMsYc",
  "durationSec": 39.08,
  "avgFps": 36.0693197133952,
  "minFps": 27.76340537041469,
  "maxFps": 42.24570034076106,
  "avgSectionTimingsMs": {
    "hud": 0.025475285352409567,
    "camera": 0.009353612153702362,
    "autoEngage": 0.005629516829098527,
    "syncPlayers": 0.1308980213089802,
    "syncUnits": 0.5877473366587129,
    "syncResources": 0.02846270906235711,
    "sendClientPoses": 0.09528158317054969,
    "effectsAndFog": 0.06225266379036316,
    "syncStructures": 0.19581881477026988
  },
  "userAgent": "Mozilla/5.0 (Linux; Android 10; K) AppleWebKit/537.36 (KHTML, like Gecko) Chrome/145.0.0.0 Mobile Safari/537.36",
  "timestamp": "2026-04-13T20:20:58.053Z"
}