{
  "buildNumber": "277",
  "buildId": "CMEduUks",
  "sessionId": "q0WoIYLvG",
  "durationSec": 27.481,
  "avgFps": 37.207505594682814,
  "minFps": 31.02319479666466,
  "maxFps": 39.361938941941844,
  "avgSectionTimingsMs": {
    "hud": 0.023402061689760268,
    "camera": 0.00824742249606811,
    "autoEngage": 0.005054151707546437,
    "syncPlayers": 0.07894736829802963,
    "syncUnits": 0.3464396288089831,
    "syncResources": 0.026006191753627592,
    "sendClientPoses": 0.043550051556529155,
    "effectsAndFog": 0.04932920528639212,
    "syncStructures": 0.20825242706872885
  },
  "userAgent": "Mozilla/5.0 (Linux; Android 10; K) AppleWebKit/537.36 (KHTML, like Gecko) Chrome/145.0.0.0 Mobile Safari/537.36",
  "timestamp": "2026-04-13T20:25:32.320Z"
}