{
  "buildNumber": "274",
  "buildId": "CB7E_Olw",
  "sessionId": "PJns0EXEj",
  "durationSec": 20.317,
  "avgFps": 43.21946051798245,
  "minFps": 37.22873589649656,
  "maxFps": 47.48005890965272,
  "avgSectionTimingsMs": {
    "hud": 0.01815980633147981,
    "camera": 0.007021791962388064,
    "autoEngage": 0.0039975772223134675,
    "syncPlayers": 0.09296969731648763,
    "syncUnits": 0.3975757577563777,
    "syncResources": 0.020606060750556713,
    "sendClientPoses": 0.05721212101705146,
    "effectsAndFog": 0.055636363462968304,
    "syncStructures": 0.28104575163398693
  },
  "userAgent": "Mozilla/5.0 (Linux; Android 10; K) AppleWebKit/537.36 (KHTML, like Gecko) Chrome/145.0.0.0 Mobile Safari/537.36",
  "timestamp": "2026-04-13T20:10:48.802Z"
}