{
  "buildNumber": "274",
  "buildId": "CB7E_Olw",
  "sessionId": "PJns0EXEj",
  "durationSec": 26.591,
  "avgFps": 41.66356170651111,
  "minFps": 32.56512413782861,
  "maxFps": 47.48005890965272,
  "avgSectionTimingsMs": {
    "hud": 0.018181818088594887,
    "camera": 0.008113392083409478,
    "autoEngage": 0.004400977995110024,
    "syncPlayers": 0.10009784763223271,
    "syncUnits": 0.5793542076346926,
    "syncResources": 0.020156555825483542,
    "sendClientPoses": 0.08101761247780458,
    "effectsAndFog": 0.056360078067928844,
    "syncStructures": 0.24170854253385535
  },
  "userAgent": "Mozilla/5.0 (Linux; Android 10; K) AppleWebKit/537.36 (KHTML, like Gecko) Chrome/145.0.0.0 Mobile Safari/537.36",
  "timestamp": "2026-04-13T20:10:55.076Z"
}