{
  "buildNumber": "277",
  "buildId": "CMEduUks",
  "sessionId": "q0WoIYLvG",
  "durationSec": 5.974,
  "avgFps": 28.798905800300915,
  "minFps": 28.48434442172548,
  "maxFps": 30.259186777423363,
  "avgSectionTimingsMs": {
    "hud": 0.027710843517119627,
    "camera": 0.009638554540025183,
    "autoEngage": 0.009667673679997194,
    "syncPlayers": 0.11030303023078225,
    "syncUnits": 1.415151515151515,
    "syncResources": 0.02424242514552492,
    "sendClientPoses": 0.1884848480874842,
    "effectsAndFog": 0.04727272734497533,
    "syncStructures": 0.06585365751894509
  },
  "userAgent": "Mozilla/5.0 (Linux; Android 10; K) AppleWebKit/537.36 (KHTML, like Gecko) Chrome/145.0.0.0 Mobile Safari/537.36",
  "timestamp": "2026-04-13T20:26:05.589Z"
}