{
  "buildNumber": "276",
  "buildId": "BdYYCv-Z",
  "sessionId": "P2QeoMsYc",
  "durationSec": 24.487,
  "avgFps": 38.68878046841714,
  "minFps": 32.99223255264404,
  "maxFps": 42.24570034076106,
  "avgSectionTimingsMs": {
    "hud": 0.02697881856889629,
    "camera": 0.00668896331037566,
    "autoEngage": 0.005075292718922434,
    "syncPlayers": 0.11316964279727212,
    "syncUnits": 0.2814732144719788,
    "syncResources": 0.02622767840512097,
    "sendClientPoses": 0.05379464301014585,
    "effectsAndFog": 0.06004464313653963,
    "syncStructures": 0.2618784530716048
  },
  "userAgent": "Mozilla/5.0 (Linux; Android 10; K) AppleWebKit/537.36 (KHTML, like Gecko) Chrome/145.0.0.0 Mobile Safari/537.36",
  "timestamp": "2026-04-13T20:20:43.459Z"
}