{
  "buildNumber": "277",
  "buildId": "CMEduUks",
  "sessionId": "q0WoIYLvG",
  "durationSec": 4.323,
  "avgFps": 38.48165858392574,
  "minFps": 38.293317991131715,
  "maxFps": 39.361938941941844,
  "avgSectionTimingsMs": {
    "hud": 0.020496894298873334,
    "camera": 0.00807453423553372,
    "autoEngage": 0.003115265076034166,
    "syncPlayers": 0.07250000014901162,
    "syncUnits": 0.027500000037252902,
    "syncResources": 0.025624999217689036,
    "sendClientPoses": 0.001874999888241291,
    "effectsAndFog": 0.042499998956918715,
    "syncStructures": 0.17812500149011612
  },
  "userAgent": "Mozilla/5.0 (Linux; Android 10; K) AppleWebKit/537.36 (KHTML, like Gecko) Chrome/145.0.0.0 Mobile Safari/537.36",
  "timestamp": "2026-04-13T20:25:09.162Z"
}