{
  "buildNumber": "274",
  "buildId": "CB7E_Olw",
  "sessionId": "PJns0EXEj",
  "durationSec": 34.816,
  "avgFps": 39.719677604197734,
  "minFps": 31.192882327528594,
  "maxFps": 47.48005890965272,
  "avgSectionTimingsMs": {
    "hud": 0.019686274435005938,
    "camera": 0.008078431452021879,
    "autoEngage": 0.004433111028607661,
    "syncPlayers": 0.10557299864067575,
    "syncUnits": 0.6427786501601128,
    "syncResources": 0.020800627966877806,
    "sendClientPoses": 0.09984301402580045,
    "effectsAndFog": 0.0561224487924501,
    "syncStructures": 0.2193798445915991
  },
  "userAgent": "Mozilla/5.0 (Linux; Android 10; K) AppleWebKit/537.36 (KHTML, like Gecko) Chrome/145.0.0.0 Mobile Safari/537.36",
  "timestamp": "2026-04-13T20:11:03.301Z"
}