{
  "buildNumber": "273",
  "buildId": "BF-xNiwv",
  "sessionId": "P_6xpY7hD",
  "durationSec": 18.654,
  "avgFps": 34.329584077963894,
  "minFps": 31.245944527628296,
  "maxFps": 40.321994488695054,
  "avgSectionTimingsMs": {
    "hud": 0.022975206769202366,
    "camera": 0.008760330548956375,
    "autoEngage": 0.003970223310271801,
    "syncPlayers": 0.07433774874897192,
    "syncUnits": 0.03394039725231019,
    "syncResources": 0.028476821369682718,
    "sendClientPoses": 0.004470198655760051,
    "effectsAndFog": 9.846026489819517,
    "syncStructures": 0.16691176461822846
  },
  "userAgent": "Mozilla/5.0 (Linux; Android 10; K) AppleWebKit/537.36 (KHTML, like Gecko) Chrome/145.0.0.0 Mobile Safari/537.36",
  "timestamp": "2026-04-13T20:02:15.544Z"
}