{
  "buildNumber": "275",
  "buildId": "DlwQSAVw",
  "sessionId": "7MiGiHpAI",
  "durationSec": 6.558,
  "avgFps": 18.327518101518507,
  "minFps": 15.453768091335075,
  "maxFps": 20.130142232611743,
  "avgSectionTimingsMs": {
    "hud": 0.024285715392657687,
    "camera": 0.010714285501411984,
    "autoEngage": 0.007885304403134145,
    "syncPlayers": 0.14316546702556474,
    "syncUnits": 1.1532374103721097,
    "syncStructures": 0.08297872226288978,
    "syncResources": 0.03669064701032296,
    "sendClientPoses": 0.21726618782221843,
    "effectsAndFog": 17.423021582819576
  },
  "userAgent": "Mozilla/5.0 (Linux; Android 10; K) AppleWebKit/537.36 (KHTML, like Gecko) Chrome/145.0.0.0 Mobile Safari/537.36",
  "timestamp": "2026-04-13T20:14:27.786Z"
}