{
  "buildNumber": "277",
  "buildId": "CMEduUks",
  "sessionId": "q0WoIYLvG",
  "durationSec": 18.834,
  "avgFps": 37.976960336376905,
  "minFps": 36.94121099749357,
  "maxFps": 39.361938941941844,
  "avgSectionTimingsMs": {
    "hud": 0.02108262092978866,
    "camera": 0.008119657932862937,
    "autoEngage": 0.0037776195229756687,
    "syncPlayers": 0.07417974318145175,
    "syncUnits": 0.03466476510662835,
    "syncResources": 0.02496433632179946,
    "sendClientPoses": 0.004992867289868299,
    "effectsAndFog": 0.04750356601070235,
    "syncStructures": 0.2560283687520534
  },
  "userAgent": "Mozilla/5.0 (Linux; Android 10; K) AppleWebKit/537.36 (KHTML, like Gecko) Chrome/145.0.0.0 Mobile Safari/537.36",
  "timestamp": "2026-04-13T20:25:23.673Z"
}