{
  "buildNumber": "276",
  "buildId": "BdYYCv-Z",
  "sessionId": "P2QeoMsYc",
  "durationSec": 0.588,
  "avgFps": 41.125914193165954,
  "minFps": 41.125914193165954,
  "maxFps": 41.125914193165954,
  "avgSectionTimingsMs": {
    "hud": 0.02799999952316284,
    "camera": 0.008000000715255737,
    "autoEngage": 0.004081633017987621,
    "syncPlayers": 0.17083333556850752,
    "syncUnits": 0.024999999751647312,
    "syncResources": 0.024999999751647312,
    "sendClientPoses": 0.00416666641831398,
    "effectsAndFog": 0.09166666616996129,
    "syncStructures": 0.125
  },
  "userAgent": "Mozilla/5.0 (Linux; Android 10; K) AppleWebKit/537.36 (KHTML, like Gecko) Chrome/145.0.0.0 Mobile Safari/537.36",
  "timestamp": "2026-04-13T20:20:19.560Z"
}