{
  "buildNumber": "273",
  "buildId": "BF-xNiwv",
  "sessionId": "P_6xpY7hD",
  "durationSec": 18.999,
  "avgFps": 34.26961053727667,
  "minFps": 31.245944527628296,
  "maxFps": 40.321994488695054,
  "avgSectionTimingsMs": {
    "hud": 0.02333873597304284,
    "camera": 0.009076174982556261,
    "autoEngage": 0.0038929440244270938,
    "syncPlayers": 0.07500000041607138,
    "syncUnits": 0.033766233688825135,
    "syncResources": 0.029058441713258817,
    "sendClientPoses": 0.004383116863764726,
    "effectsAndFog": 9.81071428533692,
    "syncStructures": 0.16546762589928057
  },
  "userAgent": "Mozilla/5.0 (Linux; Android 10; K) AppleWebKit/537.36 (KHTML, like Gecko) Chrome/145.0.0.0 Mobile Safari/537.36",
  "timestamp": "2026-04-13T20:02:15.888Z"
}