{
  "buildNumber": "273",
  "buildId": "BF-xNiwv",
  "sessionId": "P_6xpY7hD",
  "durationSec": 0.521,
  "avgFps": 39.295520797629976,
  "minFps": 39.24149586652129,
  "maxFps": 40.321994488695054,
  "avgSectionTimingsMs": {
    "hud": 0.02499999850988388,
    "camera": 0.010000000894069671,
    "autoEngage": 0.005128205586702396,
    "syncPlayers": 0.08421052286499425,
    "syncUnits": 0.02631578947368421,
    "syncResources": 0.02631578947368421,
    "sendClientPoses": 0,
    "effectsAndFog": 7.536842106204284,
    "syncStructures": 0.03333333134651184
  },
  "userAgent": "Mozilla/5.0 (Linux; Android 10; K) AppleWebKit/537.36 (KHTML, like Gecko) Chrome/145.0.0.0 Mobile Safari/537.36",
  "timestamp": "2026-04-13T20:01:57.410Z"
}