{
  "buildNumber": "277",
  "buildId": "CMEduUks",
  "sessionId": "q0WoIYLvG",
  "durationSec": 2.992,
  "avgFps": 28.989712767448843,
  "minFps": 28.48434442172548,
  "maxFps": 30.259186777423363,
  "avgSectionTimingsMs": {
    "hud": 0.026829268147305744,
    "camera": 0.013414634437095828,
    "autoEngage": 0.01104294449273794,
    "syncPlayers": 0.11481481569784659,
    "syncUnits": 1.756790123971892,
    "syncResources": 0.02716049551963806,
    "sendClientPoses": 0.19876543165724955,
    "effectsAndFog": 0.046913580394085545,
    "syncStructures": 0.08499999791383743
  },
  "userAgent": "Mozilla/5.0 (Linux; Android 10; K) AppleWebKit/537.36 (KHTML, like Gecko) Chrome/145.0.0.0 Mobile Safari/537.36",
  "timestamp": "2026-04-13T20:26:02.607Z"
}