{
  "buildNumber": "276",
  "buildId": "BdYYCv-Z",
  "sessionId": "P2QeoMsYc",
  "durationSec": 26.491,
  "avgFps": 38.301701824381134,
  "minFps": 32.55813081086227,
  "maxFps": 42.24570034076106,
  "avgSectionTimingsMs": {
    "hud": 0.026458333587894838,
    "camera": 0.007500000080714623,
    "autoEngage": 0.004950494971854293,
    "syncPlayers": 0.11501564127436768,
    "syncUnits": 0.30980187716648155,
    "syncResources": 0.0266944732482043,
    "sendClientPoses": 0.0594369135136649,
    "effectsAndFog": 0.05954118904281831,
    "syncStructures": 0.24846938739017566
  },
  "userAgent": "Mozilla/5.0 (Linux; Android 10; K) AppleWebKit/537.36 (KHTML, like Gecko) Chrome/145.0.0.0 Mobile Safari/537.36",
  "timestamp": "2026-04-13T20:20:45.463Z"
}