{
  "buildNumber": "273",
  "buildId": "BF-xNiwv",
  "sessionId": "P_6xpY7hD",
  "durationSec": 5.757,
  "avgFps": 37.276428077150904,
  "minFps": 35.9435983015165,
  "maxFps": 40.321994488695054,
  "avgSectionTimingsMs": {
    "hud": 0.02437810933412011,
    "camera": 0.007960198827050811,
    "autoEngage": 0.0027431420554543968,
    "syncPlayers": 0.06600000083446503,
    "syncUnits": 0.03300000011920929,
    "syncResources": 0.03450000002980232,
    "sendClientPoses": 0.0029999998211860655,
    "effectsAndFog": 8.674999999552965,
    "syncStructures": 0.0069767437702001524
  },
  "userAgent": "Mozilla/5.0 (Linux; Android 10; K) AppleWebKit/537.36 (KHTML, like Gecko) Chrome/145.0.0.0 Mobile Safari/537.36",
  "timestamp": "2026-04-13T20:02:02.646Z"
}