{
  "buildNumber": "276",
  "buildId": "BdYYCv-Z",
  "sessionId": "P2QeoMsYc",
  "durationSec": 28.061,
  "avgFps": 38.017378089931725,
  "minFps": 32.168598108146696,
  "maxFps": 42.24570034076106,
  "avgSectionTimingsMs": {
    "hud": 0.02599206371676354,
    "camera": 0.007341269935880389,
    "autoEngage": 0.00486352349037568,
    "syncPlayers": 0.11608738825834969,
    "syncUnits": 0.333167825430602,
    "syncResources": 0.02641509418572783,
    "sendClientPoses": 0.0644488580887462,
    "effectsAndFog": 0.059185700330147084,
    "syncStructures": 0.23990384560938066
  },
  "userAgent": "Mozilla/5.0 (Linux; Android 10; K) AppleWebKit/537.36 (KHTML, like Gecko) Chrome/145.0.0.0 Mobile Safari/537.36",
  "timestamp": "2026-04-13T20:20:47.033Z"
}