{
  "buildNumber": "276",
  "buildId": "BdYYCv-Z",
  "sessionId": "P2QeoMsYc",
  "durationSec": 52.262,
  "avgFps": 34.00014006668676,
  "minFps": 23.512293066686027,
  "maxFps": 42.24570034076106,
  "avgSectionTimingsMs": {
    "hud": 0.026280074226937126,
    "camera": 0.01030228249751661,
    "autoEngage": 0.006294353504454564,
    "syncPlayers": 0.14660493827160495,
    "syncUnits": 0.768086419981203,
    "syncResources": 0.02944444434510337,
    "sendClientPoses": 0.12277777774466409,
    "effectsAndFog": 0.06296296314692791,
    "syncStructures": 0.21558441527478106
  },
  "userAgent": "Mozilla/5.0 (Linux; Android 10; K) AppleWebKit/537.36 (KHTML, like Gecko) Chrome/145.0.0.0 Mobile Safari/537.36",
  "timestamp": "2026-04-13T20:21:11.235Z"
}