{
  "buildNumber": "274",
  "buildId": "CB7E_Olw",
  "sessionId": "PJns0EXEj",
  "durationSec": 12.336,
  "avgFps": 45.15809837250492,
  "minFps": 42.882096587837026,
  "maxFps": 47.48005890965272,
  "avgSectionTimingsMs": {
    "hud": 0.018011257192207322,
    "camera": 0.006191369852026676,
    "autoEngage": 0.0028169014084507044,
    "syncPlayers": 0.08815789553231763,
    "syncUnits": 0.06353383449683513,
    "syncResources": 0.020112782100537664,
    "sendClientPoses": 0.0157894735833756,
    "effectsAndFog": 0.05357142817929275,
    "syncStructures": 0.38510638348599696
  },
  "userAgent": "Mozilla/5.0 (Linux; Android 10; K) AppleWebKit/537.36 (KHTML, like Gecko) Chrome/145.0.0.0 Mobile Safari/537.36",
  "timestamp": "2026-04-13T20:10:40.821Z"
}