{
  "buildNumber": "273",
  "buildId": "BF-xNiwv",
  "sessionId": "P_6xpY7hD",
  "durationSec": 5.535,
  "avgFps": 37.31499047641429,
  "minFps": 35.9435983015165,
  "maxFps": 40.321994488695054,
  "avgSectionTimingsMs": {
    "hud": 0.02422680406226325,
    "camera": 0.007216494568844431,
    "autoEngage": 0.0028423771685716103,
    "syncPlayers": 0.06632124435716343,
    "syncUnits": 0.03264248710839859,
    "syncResources": 0.03523316068352813,
    "sendClientPoses": 0.0031088081048560264,
    "effectsAndFog": 8.572538859640378,
    "syncStructures": 0.00731707273460016
  },
  "userAgent": "Mozilla/5.0 (Linux; Android 10; K) AppleWebKit/537.36 (KHTML, like Gecko) Chrome/145.0.0.0 Mobile Safari/537.36",
  "timestamp": "2026-04-13T20:02:02.424Z"
}