{
  "buildNumber": "277",
  "buildId": "CMEduUks",
  "sessionId": "q0WoIYLvG",
  "durationSec": 39.739,
  "avgFps": 34.91006556724497,
  "minFps": 26.510727529094936,
  "maxFps": 39.361938941941844,
  "avgSectionTimingsMs": {
    "hud": 0.02239382220971538,
    "camera": 0.009729729610060172,
    "autoEngage": 0.0062572422198873545,
    "syncPlayers": 0.08717156071474969,
    "syncUnits": 0.7617465226091963,
    "syncResources": 0.026429675231576886,
    "sendClientPoses": 0.08029366297275979,
    "effectsAndFog": 0.04976816076952302,
    "syncStructures": 0.1650684937222363
  },
  "userAgent": "Mozilla/5.0 (Linux; Android 10; K) AppleWebKit/537.36 (KHTML, like Gecko) Chrome/145.0.0.0 Mobile Safari/537.36",
  "timestamp": "2026-04-13T20:25:44.579Z"
}