{
  "buildNumber": "274",
  "buildId": "CB7E_Olw",
  "sessionId": "PJns0EXEj",
  "durationSec": 25.023,
  "avgFps": 42.11509707618445,
  "minFps": 33.33799846725086,
  "maxFps": 47.48005890965272,
  "avgSectionTimingsMs": {
    "hud": 0.01817248455675231,
    "camera": 0.007802874859598383,
    "autoEngage": 0.00436569077575519,
    "syncPlayers": 0.09979445042370035,
    "syncUnits": 0.5628982530284639,
    "syncResources": 0.0203494348114343,
    "sendClientPoses": 0.07595066807375415,
    "effectsAndFog": 0.05632065746546527,
    "syncStructures": 0.2513368979176098
  },
  "userAgent": "Mozilla/5.0 (Linux; Android 10; K) AppleWebKit/537.36 (KHTML, like Gecko) Chrome/145.0.0.0 Mobile Safari/537.36",
  "timestamp": "2026-04-13T20:10:53.508Z"
}