{
  "buildNumber": "277",
  "buildId": "CMEduUks",
  "sessionId": "q0WoIYLvG",
  "durationSec": 27.064,
  "avgFps": 37.278441380687156,
  "minFps": 31.02319479666466,
  "maxFps": 39.361938941941844,
  "avgSectionTimingsMs": {
    "hud": 0.023566214645493144,
    "camera": 0.008029196881402646,
    "autoEngage": 0.005007824816303323,
    "syncPlayers": 0.07891440491088994,
    "syncUnits": 0.31837160785785545,
    "syncResources": 0.02609603321626938,
    "sendClientPoses": 0.042066805826846146,
    "effectsAndFog": 0.04958246340333544,
    "syncStructures": 0.20985221657259712
  },
  "userAgent": "Mozilla/5.0 (Linux; Android 10; K) AppleWebKit/537.36 (KHTML, like Gecko) Chrome/145.0.0.0 Mobile Safari/537.36",
  "timestamp": "2026-04-13T20:25:31.903Z"
}