{
  "buildNumber": "275",
  "buildId": "DlwQSAVw",
  "sessionId": "7MiGiHpAI",
  "durationSec": 12.56,
  "avgFps": 19.961178577994897,
  "minFps": 15.453768091335075,
  "maxFps": 22.654334781660275,
  "avgSectionTimingsMs": {
    "hud": 0.017391305038894432,
    "camera": 0.010144927363464798,
    "autoEngage": 0.006533575306786816,
    "syncPlayers": 0.12799999995665118,
    "syncUnits": 0.9436363634196194,
    "syncStructures": 0.08369565269221431,
    "syncResources": 0.031999999718232586,
    "sendClientPoses": 0.18763636393980546,
    "effectsAndFog": 16.66581818190488
  },
  "userAgent": "Mozilla/5.0 (Linux; Android 10; K) AppleWebKit/537.36 (KHTML, like Gecko) Chrome/145.0.0.0 Mobile Safari/537.36",
  "timestamp": "2026-04-13T20:14:33.788Z"
}