{
  "buildNumber": "275",
  "buildId": "DlwQSAVw",
  "sessionId": "7MiGiHpAI",
  "durationSec": 11.855,
  "avgFps": 19.795445888538552,
  "minFps": 15.453768091335075,
  "maxFps": 22.654334781660275,
  "avgSectionTimingsMs": {
    "hud": 0.01846153919513409,
    "camera": 0.010384615109517024,
    "autoEngage": 0.006936416173486581,
    "syncPlayers": 0.13050193043289038,
    "syncUnits": 0.9594594595745264,
    "syncStructures": 0.082758620552633,
    "syncResources": 0.03320463295148606,
    "sendClientPoses": 0.18880308882610217,
    "effectsAndFog": 16.712741312948435
  },
  "userAgent": "Mozilla/5.0 (Linux; Android 10; K) AppleWebKit/537.36 (KHTML, like Gecko) Chrome/145.0.0.0 Mobile Safari/537.36",
  "timestamp": "2026-04-13T20:14:33.083Z"
}