{
  "buildNumber": "276",
  "buildId": "BdYYCv-Z",
  "sessionId": "P2QeoMsYc",
  "durationSec": 6.159,
  "avgFps": 41.640065935995324,
  "minFps": 41.125914193165954,
  "maxFps": 42.24570034076106,
  "avgSectionTimingsMs": {
    "hud": 0.026562500395812094,
    "camera": 0.007421875139698386,
    "autoEngage": 0.0027397260390615743,
    "syncPlayers": 0.10431372663554023,
    "syncUnits": 0.03568627401894214,
    "syncResources": 0.025098039122188793,
    "sendClientPoses": 0.002352941153096218,
    "effectsAndFog": 0.05529411774055631,
    "syncStructures": 0.10217391213645106
  },
  "userAgent": "Mozilla/5.0 (Linux; Android 10; K) AppleWebKit/537.36 (KHTML, like Gecko) Chrome/145.0.0.0 Mobile Safari/537.36",
  "timestamp": "2026-04-13T20:20:25.132Z"
}