{
  "buildNumber": "275",
  "buildId": "DlwQSAVw",
  "sessionId": "7MiGiHpAI",
  "durationSec": 19.359,
  "avgFps": 20.981980761308222,
  "minFps": 15.453768091335075,
  "maxFps": 23.285890513152527,
  "avgSectionTimingsMs": {
    "hud": 0.017249417471718955,
    "camera": 0.010489510211633357,
    "autoEngage": 0.006301050147209034,
    "syncPlayers": 0.12313084130253747,
    "syncUnits": 0.8637850462833297,
    "syncStructures": 0.07412587429260041,
    "syncResources": 0.029439252113627495,
    "sendClientPoses": 0.19018691597140838,
    "effectsAndFog": 16.361214953814155
  },
  "userAgent": "Mozilla/5.0 (Linux; Android 10; K) AppleWebKit/537.36 (KHTML, like Gecko) Chrome/145.0.0.0 Mobile Safari/537.36",
  "timestamp": "2026-04-13T20:14:40.587Z"
}