{
  "buildNumber": "276",
  "buildId": "BdYYCv-Z",
  "sessionId": "P2QeoMsYc",
  "durationSec": 47.685,
  "avgFps": 34.70781986865863,
  "minFps": 24.214324306218735,
  "maxFps": 42.24570034076106,
  "avgSectionTimingsMs": {
    "hud": 0.026121372224315806,
    "camera": 0.009696569932639442,
    "autoEngage": 0.006169580894112784,
    "syncPlayers": 0.14211221116997622,
    "syncUnits": 0.7444884492029058,
    "syncResources": 0.029042904133057042,
    "sendClientPoses": 0.11498349836163789,
    "effectsAndFog": 0.06297029725002377,
    "syncStructures": 0.20199430150184197
  },
  "userAgent": "Mozilla/5.0 (Linux; Android 10; K) AppleWebKit/537.36 (KHTML, like Gecko) Chrome/145.0.0.0 Mobile Safari/537.36",
  "timestamp": "2026-04-13T20:21:06.657Z"
}