{
  "buildNumber": "275",
  "buildId": "DlwQSAVw",
  "sessionId": "7MiGiHpAI",
  "durationSec": 4.172,
  "avgFps": 17.38553805644776,
  "minFps": 15.453768091335075,
  "maxFps": 19.50685631014899,
  "avgSectionTimingsMs": {
    "hud": 0.02247191212150488,
    "camera": 0.010112359282675754,
    "autoEngage": 0.006779660781224568,
    "syncPlayers": 0.12272727184674957,
    "syncUnits": 1.2761363637718288,
    "syncStructures": 0.07666666706403097,
    "syncResources": 0.04090909016403285,
    "sendClientPoses": 0.21477272734045982,
    "effectsAndFog": 17.650000000203196
  },
  "userAgent": "Mozilla/5.0 (Linux; Android 10; K) AppleWebKit/537.36 (KHTML, like Gecko) Chrome/145.0.0.0 Mobile Safari/537.36",
  "timestamp": "2026-04-13T20:14:25.400Z"
}