{
  "buildNumber": "277",
  "buildId": "CMEduUks",
  "sessionId": "q0WoIYLvG",
  "durationSec": 17.535,
  "avgFps": 37.97295797071623,
  "minFps": 36.94121099749357,
  "maxFps": 39.361938941941844,
  "avgSectionTimingsMs": {
    "hud": 0.020980091774080285,
    "camera": 0.008422664442252236,
    "autoEngage": 0.0036781610656972134,
    "syncPlayers": 0.07377300608011843,
    "syncUnits": 0.034662577180774666,
    "syncResources": 0.025153373876597985,
    "sendClientPoses": 0.004907975441839066,
    "effectsAndFog": 0.04708588923230493,
    "syncStructures": 0.2488549615590627
  },
  "userAgent": "Mozilla/5.0 (Linux; Android 10; K) AppleWebKit/537.36 (KHTML, like Gecko) Chrome/145.0.0.0 Mobile Safari/537.36",
  "timestamp": "2026-04-13T20:25:22.375Z"
}