{
  "buildNumber": "277",
  "buildId": "CMEduUks",
  "sessionId": "q0WoIYLvG",
  "durationSec": 7.754,
  "avgFps": 28.7506965095607,
  "minFps": 28.48434442172548,
  "maxFps": 30.259186777423363,
  "avgSectionTimingsMs": {
    "hud": 0.02824074057517228,
    "camera": 0.00879629659983847,
    "autoEngage": 0.008584686747283228,
    "syncPlayers": 0.10790697710458623,
    "syncUnits": 1.3348837203757709,
    "syncResources": 0.02604651270910751,
    "sendClientPoses": 0.18279069717540297,
    "effectsAndFog": 0.046046511378399164,
    "syncStructures": 0.06296296196955221
  },
  "userAgent": "Mozilla/5.0 (Linux; Android 10; K) AppleWebKit/537.36 (KHTML, like Gecko) Chrome/145.0.0.0 Mobile Safari/537.36",
  "timestamp": "2026-04-13T20:26:07.369Z"
}