{
  "buildNumber": "273",
  "buildId": "BF-xNiwv",
  "sessionId": "P_6xpY7hD",
  "durationSec": 51.422,
  "avgFps": 29.649841824324188,
  "minFps": 18.010036042575933,
  "maxFps": 40.321994488695054,
  "avgSectionTimingsMs": {
    "hud": 0.026181545457890046,
    "camera": 0.008102025448247533,
    "autoEngage": 0.005215759863325623,
    "syncPlayers": 0.08468468518586487,
    "syncUnits": 0.5325825825423092,
    "syncResources": 0.02785285273650745,
    "sendClientPoses": 0.08566066074568231,
    "effectsAndFog": 16.02027027020315,
    "syncStructures": 0.14550561817844263
  },
  "userAgent": "Mozilla/5.0 (Linux; Android 10; K) AppleWebKit/537.36 (KHTML, like Gecko) Chrome/145.0.0.0 Mobile Safari/537.36",
  "timestamp": "2026-04-13T20:02:48.311Z"
}