{
  "buildNumber": "274",
  "buildId": "CB7E_Olw",
  "sessionId": "PJns0EXEj",
  "durationSec": 20.237,
  "avgFps": 43.241297910284345,
  "minFps": 37.22873589649656,
  "maxFps": 47.48005890965272,
  "avgSectionTimingsMs": {
    "hud": 0.01822600246634547,
    "camera": 0.0069258811262369446,
    "autoEngage": 0.004012158051087863,
    "syncPlayers": 0.09282238476902899,
    "syncUnits": 0.39549878362901597,
    "syncResources": 0.02068126535183612,
    "sendClientPoses": 0.05705596089653145,
    "effectsAndFog": 0.05535279787224865,
    "syncStructures": 0.28223684214447675
  },
  "userAgent": "Mozilla/5.0 (Linux; Android 10; K) AppleWebKit/537.36 (KHTML, like Gecko) Chrome/145.0.0.0 Mobile Safari/537.36",
  "timestamp": "2026-04-13T20:10:48.722Z"
}