{
  "buildNumber": "276",
  "buildId": "BdYYCv-Z",
  "sessionId": "P2QeoMsYc",
  "durationSec": 52.004,
  "avgFps": 34.03865122557224,
  "minFps": 23.512293066686027,
  "maxFps": 42.24570034076106,
  "avgSectionTimingsMs": {
    "hud": 0.026253870175718893,
    "camera": 0.010278637730300242,
    "autoEngage": 0.006286776003065254,
    "syncPlayers": 0.14634448576076914,
    "syncUnits": 0.7649318465808362,
    "syncResources": 0.029429987497636968,
    "sendClientPoses": 0.12230483268051785,
    "effectsAndFog": 0.06263940540388171,
    "syncStructures": 0.2167101824563726
  },
  "userAgent": "Mozilla/5.0 (Linux; Android 10; K) AppleWebKit/537.36 (KHTML, like Gecko) Chrome/145.0.0.0 Mobile Safari/537.36",
  "timestamp": "2026-04-13T20:21:10.976Z"
}