{
  "buildNumber": "274",
  "buildId": "CB7E_Olw",
  "sessionId": "PJns0EXEj",
  "durationSec": 1.278,
  "avgFps": 46.773143392236086,
  "minFps": 45.86004418223954,
  "maxFps": 47.48005890965272,
  "avgSectionTimingsMs": {
    "hud": 0.02545454502105713,
    "camera": 0.0036363634196194734,
    "autoEngage": 0,
    "syncPlayers": 0.10000000011037898,
    "syncUnits": 0.02037036970809654,
    "syncResources": 0.03333333355409128,
    "sendClientPoses": 0,
    "effectsAndFog": 0.06666666710818256,
    "syncStructures": 0
  },
  "userAgent": "Mozilla/5.0 (Linux; Android 10; K) AppleWebKit/537.36 (KHTML, like Gecko) Chrome/145.0.0.0 Mobile Safari/537.36",
  "timestamp": "2026-04-13T20:10:29.763Z"
}