{
  "buildNumber": "273",
  "buildId": "BF-xNiwv",
  "sessionId": "P_6xpY7hD",
  "durationSec": 9.641,
  "avgFps": 36.14662968701392,
  "minFps": 32.3977484250669,
  "maxFps": 40.321994488695054,
  "avgSectionTimingsMs": {
    "hud": 0.022397476415904914,
    "camera": 0.0075709777487565294,
    "autoEngage": 0.0044233807926117715,
    "syncPlayers": 0.0705696208567559,
    "syncUnits": 0.03354430368429498,
    "syncResources": 0.029746835367589056,
    "sendClientPoses": 0.003481012639365619,
    "effectsAndFog": 9.671518986832492,
    "syncStructures": 0.07464788707209305
  },
  "userAgent": "Mozilla/5.0 (Linux; Android 10; K) AppleWebKit/537.36 (KHTML, like Gecko) Chrome/145.0.0.0 Mobile Safari/537.36",
  "timestamp": "2026-04-13T20:02:06.530Z"
}