{
  "buildNumber": "276",
  "buildId": "BdYYCv-Z",
  "sessionId": "P2QeoMsYc",
  "durationSec": 2.015,
  "avgFps": 41.274380238297326,
  "minFps": 41.125914193165954,
  "maxFps": 41.50832673365585,
  "avgSectionTimingsMs": {
    "hud": 0.030588235223994537,
    "camera": 0.004705882773679846,
    "autoEngage": 0.003550295999064248,
    "syncPlayers": 0.12976190589723133,
    "syncUnits": 0.026190476048560368,
    "syncResources": 0.03452380923997788,
    "sendClientPoses": 0.00119047611951828,
    "effectsAndFog": 0.06666666588612966,
    "syncStructures": 0.11333333055178324
  },
  "userAgent": "Mozilla/5.0 (Linux; Android 10; K) AppleWebKit/537.36 (KHTML, like Gecko) Chrome/145.0.0.0 Mobile Safari/537.36",
  "timestamp": "2026-04-13T20:20:20.987Z"
}