{
  "buildNumber": "277",
  "buildId": "CMEduUks",
  "sessionId": "q0WoIYLvG",
  "durationSec": 11.526,
  "avgFps": 38.320756401065616,
  "minFps": 37.45324088294771,
  "maxFps": 39.361938941941844,
  "avgSectionTimingsMs": {
    "hud": 0.020512820540608226,
    "camera": 0.008391608169306687,
    "autoEngage": 0.0037339558540175092,
    "syncPlayers": 0.0749999998468105,
    "syncUnits": 0.033177570344131685,
    "syncResources": 0.02850467217302768,
    "sendClientPoses": 0.004672897196261682,
    "effectsAndFog": 0.052570093109785956,
    "syncStructures": 0.20344827641015764
  },
  "userAgent": "Mozilla/5.0 (Linux; Android 10; K) AppleWebKit/537.36 (KHTML, like Gecko) Chrome/145.0.0.0 Mobile Safari/537.36",
  "timestamp": "2026-04-13T20:25:16.365Z"
}