{
  "buildNumber": "277",
  "buildId": "CMEduUks",
  "sessionId": "q0WoIYLvG",
  "durationSec": 26.363,
  "avgFps": 37.402014700485296,
  "minFps": 32.03092639555288,
  "maxFps": 39.361938941941844,
  "avgSectionTimingsMs": {
    "hud": 0.023109691021160575,
    "camera": 0.00798722025685417,
    "autoEngage": 0.0049547150723147915,
    "syncPlayers": 0.0786780383286954,
    "syncUnits": 0.2872068233200228,
    "syncResources": 0.025692963555677614,
    "sendClientPoses": 0.04051172707889126,
    "effectsAndFog": 0.049573560608729625,
    "syncStructures": 0.21262626259615927
  },
  "userAgent": "Mozilla/5.0 (Linux; Android 10; K) AppleWebKit/537.36 (KHTML, like Gecko) Chrome/145.0.0.0 Mobile Safari/537.36",
  "timestamp": "2026-04-13T20:25:31.202Z"
}