{
  "buildNumber": "277",
  "buildId": "CMEduUks",
  "sessionId": "q0WoIYLvG",
  "durationSec": 11.431,
  "avgFps": 38.32302647766747,
  "minFps": 38.014368527508694,
  "maxFps": 39.361938941941844,
  "avgSectionTimingsMs": {
    "hud": 0.020422535183284206,
    "camera": 0.008450704001484902,
    "autoEngage": 0.0035252645699313887,
    "syncPlayers": 0.07388235274483176,
    "syncUnits": 0.03270588257733514,
    "syncResources": 0.027999999312793507,
    "sendClientPoses": 0.00447058824931874,
    "effectsAndFog": 0.05270588201635024,
    "syncStructures": 0.2058139540428339
  },
  "userAgent": "Mozilla/5.0 (Linux; Android 10; K) AppleWebKit/537.36 (KHTML, like Gecko) Chrome/145.0.0.0 Mobile Safari/537.36",
  "timestamp": "2026-04-13T20:25:16.270Z"
}