{
  "buildNumber": "273",
  "buildId": "BF-xNiwv",
  "sessionId": "P_6xpY7hD",
  "durationSec": 27.613,
  "avgFps": 33.534453957444306,
  "minFps": 30.47935076193736,
  "maxFps": 40.321994488695054,
  "avgSectionTimingsMs": {
    "hud": 0.025456621018174575,
    "camera": 0.008219177966520667,
    "autoEngage": 0.004169046249068308,
    "syncPlayers": 0.07645714334079197,
    "syncUnits": 0.0675428570338658,
    "syncResources": 0.027314285755157472,
    "sendClientPoses": 0.010400000061307634,
    "effectsAndFog": 10.187999999557222,
    "syncStructures": 0.19950248738426474
  },
  "userAgent": "Mozilla/5.0 (Linux; Android 10; K) AppleWebKit/537.36 (KHTML, like Gecko) Chrome/145.0.0.0 Mobile Safari/537.36",
  "timestamp": "2026-04-13T20:02:24.502Z"
}