{
  "buildNumber": "274",
  "buildId": "CB7E_Olw",
  "sessionId": "PJns0EXEj",
  "durationSec": 9.354,
  "avgFps": 45.48803789745932,
  "minFps": 44.13353983316393,
  "maxFps": 47.48005890965272,
  "avgSectionTimingsMs": {
    "hud": 0.017804878295921697,
    "camera": 0.006829268612512728,
    "autoEngage": 0.0026862026716472174,
    "syncPlayers": 0.0814180935944788,
    "syncUnits": 0.01858190678442603,
    "syncResources": 0.02004889979922101,
    "sendClientPoses": 0.004889975477255936,
    "effectsAndFog": 0.051589241820617526,
    "syncStructures": 0.36901408475889286
  },
  "userAgent": "Mozilla/5.0 (Linux; Android 10; K) AppleWebKit/537.36 (KHTML, like Gecko) Chrome/145.0.0.0 Mobile Safari/537.36",
  "timestamp": "2026-04-13T20:10:37.839Z"
}