{
  "buildNumber": "273",
  "buildId": "BF-xNiwv",
  "sessionId": "P_6xpY7hD",
  "durationSec": 1.225,
  "avgFps": 39.16752862498066,
  "minFps": 38.68112189989097,
  "maxFps": 40.321994488695054,
  "avgSectionTimingsMs": {
    "hud": 0.02826086982436802,
    "camera": 0.01304347813129425,
    "autoEngage": 0.003296703427702516,
    "syncPlayers": 0.08222222129503885,
    "syncUnits": 0.028888889816072252,
    "syncResources": 0.031111110581292047,
    "sendClientPoses": 0,
    "effectsAndFog": 7.295555555820465,
    "syncStructures": 0.01111111044883728
  },
  "userAgent": "Mozilla/5.0 (Linux; Android 10; K) AppleWebKit/537.36 (KHTML, like Gecko) Chrome/145.0.0.0 Mobile Safari/537.36",
  "timestamp": "2026-04-13T20:01:58.114Z"
}