{
  "buildNumber": "276",
  "buildId": "BdYYCv-Z",
  "sessionId": "P2QeoMsYc",
  "durationSec": 47.586,
  "avgFps": 34.72168181788247,
  "minFps": 24.214324306218735,
  "maxFps": 42.24570034076106,
  "avgSectionTimingsMs": {
    "hud": 0.026089828466329738,
    "camera": 0.00970937913994808,
    "autoEngage": 0.006111661612810299,
    "syncPlayers": 0.14183740907761724,
    "syncUnits": 0.7440185066255921,
    "syncResources": 0.0290812952819441,
    "sendClientPoses": 0.114738929295335,
    "effectsAndFog": 0.06292134854309778,
    "syncStructures": 0.20228571380887714
  },
  "userAgent": "Mozilla/5.0 (Linux; Android 10; K) AppleWebKit/537.36 (KHTML, like Gecko) Chrome/145.0.0.0 Mobile Safari/537.36",
  "timestamp": "2026-04-13T20:21:06.559Z"
}