{
  "buildNumber": "276",
  "buildId": "BdYYCv-Z",
  "sessionId": "P2QeoMsYc",
  "durationSec": 4.017,
  "avgFps": 41.48823777714846,
  "minFps": 41.125914193165954,
  "maxFps": 41.88124505024189,
  "avgSectionTimingsMs": {
    "hud": 0.025595238698380336,
    "camera": 0.005952380952380952,
    "autoEngage": 0.002686567270933692,
    "syncPlayers": 0.11257485144152612,
    "syncUnits": 0.03173652630366251,
    "syncResources": 0.02814371250346749,
    "sendClientPoses": 0.0017964072570115506,
    "effectsAndFog": 0.06287425096163493,
    "syncStructures": 0.058620688216439606
  },
  "userAgent": "Mozilla/5.0 (Linux; Android 10; K) AppleWebKit/537.36 (KHTML, like Gecko) Chrome/145.0.0.0 Mobile Safari/537.36",
  "timestamp": "2026-04-13T20:20:22.989Z"
}