{
  "buildNumber": "277",
  "buildId": "CMEduUks",
  "sessionId": "q0WoIYLvG",
  "durationSec": 17.936,
  "avgFps": 37.97285555915832,
  "minFps": 36.94121099749357,
  "maxFps": 39.361938941941844,
  "avgSectionTimingsMs": {
    "hud": 0.02110778433298636,
    "camera": 0.008233532755674716,
    "autoEngage": 0.003745318508326784,
    "syncPlayers": 0.07391304340677105,
    "syncUnits": 0.03463268409604612,
    "syncResources": 0.025337330985819917,
    "sendClientPoses": 0.005097451238617904,
    "effectsAndFog": 0.04752623650623762,
    "syncStructures": 0.2552238805080528
  },
  "userAgent": "Mozilla/5.0 (Linux; Android 10; K) AppleWebKit/537.36 (KHTML, like Gecko) Chrome/145.0.0.0 Mobile Safari/537.36",
  "timestamp": "2026-04-13T20:25:22.775Z"
}