{
  "buildNumber": "277",
  "buildId": "CMEduUks",
  "sessionId": "q0WoIYLvG",
  "durationSec": 34.502,
  "avgFps": 35.86142474626285,
  "minFps": 26.803205994891698,
  "maxFps": 39.361938941941844,
  "avgSectionTimingsMs": {
    "hud": 0.02214532848254207,
    "camera": 0.00942906562019797,
    "autoEngage": 0.006057983621381052,
    "syncPlayers": 0.08484848453885033,
    "syncUnits": 0.6598268401313138,
    "syncResources": 0.02640692622630627,
    "sendClientPoses": 0.06606060589030707,
    "effectsAndFog": 0.04935064935064935,
    "syncStructures": 0.18039215721336066
  },
  "userAgent": "Mozilla/5.0 (Linux; Android 10; K) AppleWebKit/537.36 (KHTML, like Gecko) Chrome/145.0.0.0 Mobile Safari/537.36",
  "timestamp": "2026-04-13T20:25:39.341Z"
}