{
  "buildNumber": "276",
  "buildId": "BdYYCv-Z",
  "sessionId": "P2QeoMsYc",
  "durationSec": 14.27,
  "avgFps": 40.52644807607965,
  "minFps": 36.99495742724304,
  "maxFps": 42.24570034076106,
  "avgSectionTimingsMs": {
    "hud": 0.025812274712517805,
    "camera": 0.006317689692070338,
    "autoEngage": 0.004787714500737384,
    "syncPlayers": 0.10994575063531264,
    "syncUnits": 0.15443037948815344,
    "syncResources": 0.027486437160326387,
    "sendClientPoses": 0.02784810154606162,
    "effectsAndFog": 0.05895117588112195,
    "syncStructures": 0.2897196261682243
  },
  "userAgent": "Mozilla/5.0 (Linux; Android 10; K) AppleWebKit/537.36 (KHTML, like Gecko) Chrome/145.0.0.0 Mobile Safari/537.36",
  "timestamp": "2026-04-13T20:20:33.242Z"
}