{
  "buildNumber": "273",
  "buildId": "BF-xNiwv",
  "sessionId": "P_6xpY7hD",
  "durationSec": 19.138,
  "avgFps": 34.24530454041455,
  "minFps": 31.245944527628296,
  "maxFps": 40.321994488695054,
  "avgSectionTimingsMs": {
    "hud": 0.02331189724985043,
    "camera": 0.00900321537658716,
    "autoEngage": 0.0038616250861774793,
    "syncPlayers": 0.07487922743706696,
    "syncUnits": 0.03397745561100626,
    "syncResources": 0.02882447680413435,
    "sendClientPoses": 0.0043478260677601785,
    "effectsAndFog": 9.790821255597132,
    "syncStructures": 0.16500000017029898
  },
  "userAgent": "Mozilla/5.0 (Linux; Android 10; K) AppleWebKit/537.36 (KHTML, like Gecko) Chrome/145.0.0.0 Mobile Safari/537.36",
  "timestamp": "2026-04-13T20:02:16.027Z"
}