{
  "buildNumber": "274",
  "buildId": "CB7E_Olw",
  "sessionId": "PJns0EXEj",
  "durationSec": 3.063,
  "avgFps": 46.46525202735971,
  "minFps": 45.86004418223954,
  "maxFps": 47.48005890965272,
  "avgSectionTimingsMs": {
    "hud": 0.01897810236380918,
    "camera": 0.00583941636294344,
    "autoEngage": 0.0018315017223358154,
    "syncPlayers": 0.08382352967472638,
    "syncUnits": 0.022058823091142318,
    "syncResources": 0.0279411763391074,
    "sendClientPoses": 0.004411764662055408,
    "effectsAndFog": 0.05955882370471954,
    "syncStructures": 0.004166667660077413
  },
  "userAgent": "Mozilla/5.0 (Linux; Android 10; K) AppleWebKit/537.36 (KHTML, like Gecko) Chrome/145.0.0.0 Mobile Safari/537.36",
  "timestamp": "2026-04-13T20:10:31.548Z"
}