{
  "buildNumber": "273",
  "buildId": "BF-xNiwv",
  "sessionId": "P_6xpY7hD",
  "durationSec": 15.845,
  "avgFps": 34.74747660605472,
  "minFps": 32.098293815714115,
  "maxFps": 40.321994488695054,
  "avgSectionTimingsMs": {
    "hud": 0.02243713749215958,
    "camera": 0.008317214607961865,
    "autoEngage": 0.0037754114576600065,
    "syncPlayers": 0.07228682195955469,
    "syncUnits": 0.03372093018635299,
    "syncResources": 0.02655038757379665,
    "sendClientPoses": 0.0046511627444925235,
    "effectsAndFog": 9.822286821786285,
    "syncStructures": 0.17586206875998397
  },
  "userAgent": "Mozilla/5.0 (Linux; Android 10; K) AppleWebKit/537.36 (KHTML, like Gecko) Chrome/145.0.0.0 Mobile Safari/537.36",
  "timestamp": "2026-04-13T20:02:12.734Z"
}