{
  "buildNumber": "273",
  "buildId": "BF-xNiwv",
  "sessionId": "P_6xpY7hD",
  "durationSec": 20.488,
  "avgFps": 34.14086427139733,
  "minFps": 31.245944527628296,
  "maxFps": 40.321994488695054,
  "avgSectionTimingsMs": {
    "hud": 0.023520485719889177,
    "camera": 0.008801213888188594,
    "autoEngage": 0.0037965072133637054,
    "syncPlayers": 0.07492401258380217,
    "syncUnits": 0.033586625994882324,
    "syncResources": 0.030395136823407786,
    "sendClientPoses": 0.0042553191217608,
    "effectsAndFog": 10.024620060500403,
    "syncStructures": 0.1583892617049633
  },
  "userAgent": "Mozilla/5.0 (Linux; Android 10; K) AppleWebKit/537.36 (KHTML, like Gecko) Chrome/145.0.0.0 Mobile Safari/537.36",
  "timestamp": "2026-04-13T20:02:17.378Z"
}