{
  "buildNumber": "276",
  "buildId": "BdYYCv-Z",
  "sessionId": "P2QeoMsYc",
  "durationSec": 20.269,
  "avgFps": 39.42457251094515,
  "minFps": 35.407549796010784,
  "maxFps": 42.24570034076106,
  "avgSectionTimingsMs": {
    "hud": 0.02686762817565298,
    "camera": 0.006422018473613934,
    "autoEngage": 0.004786885175548616,
    "syncPlayers": 0.1101049869235732,
    "syncUnits": 0.20498687658566503,
    "syncResources": 0.027821522176735045,
    "sendClientPoses": 0.03661417331438991,
    "effectsAndFog": 0.05944881934349931,
    "syncStructures": 0.29199999988079073
  },
  "userAgent": "Mozilla/5.0 (Linux; Android 10; K) AppleWebKit/537.36 (KHTML, like Gecko) Chrome/145.0.0.0 Mobile Safari/537.36",
  "timestamp": "2026-04-13T20:20:39.241Z"
}