{
  "buildNumber": "274",
  "buildId": "CB7E_Olw",
  "sessionId": "PJns0EXEj",
  "durationSec": 32.216,
  "avgFps": 40.23153619822169,
  "minFps": 31.192882327528594,
  "maxFps": 47.48005890965272,
  "avgSectionTimingsMs": {
    "hud": 0.01929824553436305,
    "camera": 0.007769423643548786,
    "autoEngage": 0.004262432088624768,
    "syncPlayers": 0.10326086986423735,
    "syncUnits": 0.6438963212147605,
    "syncResources": 0.020819398048131363,
    "sendClientPoses": 0.09464882929687915,
    "effectsAndFog": 0.05685618711654159,
    "syncStructures": 0.21046025084651165
  },
  "userAgent": "Mozilla/5.0 (Linux; Android 10; K) AppleWebKit/537.36 (KHTML, like Gecko) Chrome/145.0.0.0 Mobile Safari/537.36",
  "timestamp": "2026-04-13T20:11:00.702Z"
}