{
  "buildNumber": "276",
  "buildId": "BdYYCv-Z",
  "sessionId": "P2QeoMsYc",
  "durationSec": 1.442,
  "avgFps": 41.222636802938574,
  "minFps": 41.125914193165954,
  "maxFps": 41.344435644874466,
  "avgSectionTimingsMs": {
    "hud": 0.03442622941048419,
    "camera": 0.004918033470872973,
    "autoEngage": 0.004132231651258863,
    "syncPlayers": 0.12833333462476731,
    "syncUnits": 0.029999999701976775,
    "syncResources": 0.029999999701976775,
    "sendClientPoses": 0.0016666665673255921,
    "effectsAndFog": 0.06666666666666667,
    "syncStructures": 0.07272727110169151
  },
  "userAgent": "Mozilla/5.0 (Linux; Android 10; K) AppleWebKit/537.36 (KHTML, like Gecko) Chrome/145.0.0.0 Mobile Safari/537.36",
  "timestamp": "2026-04-13T20:20:20.414Z"
}