{
  "buildNumber": "273",
  "buildId": "BF-xNiwv",
  "sessionId": "P_6xpY7hD",
  "durationSec": 27.773,
  "avgFps": 33.52056712473745,
  "minFps": 30.47935076193736,
  "maxFps": 40.321994488695054,
  "avgSectionTimingsMs": {
    "hud": 0.025340909104455602,
    "camera": 0.008181818066672845,
    "autoEngage": 0.0042069357453997395,
    "syncPlayers": 0.0763367467705029,
    "syncUnits": 0.06973833889955817,
    "syncResources": 0.027303754300116407,
    "sendClientPoses": 0.011035267403508209,
    "effectsAndFog": 10.211149032544492,
    "syncStructures": 0.198514851308105
  },
  "userAgent": "Mozilla/5.0 (Linux; Android 10; K) AppleWebKit/537.36 (KHTML, like Gecko) Chrome/145.0.0.0 Mobile Safari/537.36",
  "timestamp": "2026-04-13T20:02:24.662Z"
}