{
  "buildNumber": "274",
  "buildId": "CB7E_Olw",
  "sessionId": "PJns0EXEj",
  "durationSec": 28.306,
  "avgFps": 41.22137300918208,
  "minFps": 31.192882327528594,
  "maxFps": 47.48005890965272,
  "avgSectionTimingsMs": {
    "hud": 0.01856343270237766,
    "camera": 0.007929104561013962,
    "autoEngage": 0.004433037783573345,
    "syncPlayers": 0.10102707782045466,
    "syncUnits": 0.6263305324188022,
    "syncResources": 0.020821661981436607,
    "sendClientPoses": 0.08515406153003931,
    "effectsAndFog": 0.05648926217682889,
    "syncStructures": 0.23033175352625374
  },
  "userAgent": "Mozilla/5.0 (Linux; Android 10; K) AppleWebKit/537.36 (KHTML, like Gecko) Chrome/145.0.0.0 Mobile Safari/537.36",
  "timestamp": "2026-04-13T20:10:56.791Z"
}