{
  "buildNumber": "273",
  "buildId": "BF-xNiwv",
  "sessionId": "P_6xpY7hD",
  "durationSec": 7.794,
  "avgFps": 36.806306420511596,
  "minFps": 33.92933053345227,
  "maxFps": 40.321994488695054,
  "avgSectionTimingsMs": {
    "hud": 0.022605364235881643,
    "camera": 0.0072796932810567806,
    "autoEngage": 0.0030710173202338925,
    "syncPlayers": 0.06769230847175305,
    "syncUnits": 0.03384615366275494,
    "syncResources": 0.03076923076923077,
    "sendClientPoses": 0.003461538369839008,
    "effectsAndFog": 9.248846153341807,
    "syncStructures": 0.005263157581028186
  },
  "userAgent": "Mozilla/5.0 (Linux; Android 10; K) AppleWebKit/537.36 (KHTML, like Gecko) Chrome/145.0.0.0 Mobile Safari/537.36",
  "timestamp": "2026-04-13T20:02:04.684Z"
}