{
  "buildNumber": "273",
  "buildId": "BF-xNiwv",
  "sessionId": "P_6xpY7hD",
  "durationSec": 15.512,
  "avgFps": 34.80016695919099,
  "minFps": 32.098293815714115,
  "maxFps": 40.321994488695054,
  "avgSectionTimingsMs": {
    "hud": 0.02252964445724789,
    "camera": 0.008498023621178427,
    "autoEngage": 0.0038575668009523116,
    "syncPlayers": 0.07148514879812108,
    "syncUnits": 0.033663366277619164,
    "syncResources": 0.02574257425742574,
    "sendClientPoses": 0.004752475200313152,
    "effectsAndFog": 9.834059406035017,
    "syncStructures": 0.17876106157767035
  },
  "userAgent": "Mozilla/5.0 (Linux; Android 10; K) AppleWebKit/537.36 (KHTML, like Gecko) Chrome/145.0.0.0 Mobile Safari/537.36",
  "timestamp": "2026-04-13T20:02:12.401Z"
}