{
  "buildNumber": "276",
  "buildId": "BdYYCv-Z",
  "sessionId": "P2QeoMsYc",
  "durationSec": 47.019,
  "avgFps": 34.80971854352902,
  "minFps": 24.619099074958314,
  "maxFps": 42.24570034076106,
  "avgSectionTimingsMs": {
    "hud": 0.026115922908795667,
    "camera": 0.009726848783372323,
    "autoEngage": 0.005998000567136547,
    "syncPlayers": 0.14146666661898294,
    "syncUnits": 0.740333333671093,
    "syncResources": 0.029199999849001568,
    "sendClientPoses": 0.11413333336512248,
    "effectsAndFog": 0.06273333354791005,
    "syncStructures": 0.20346820750677516
  },
  "userAgent": "Mozilla/5.0 (Linux; Android 10; K) AppleWebKit/537.36 (KHTML, like Gecko) Chrome/145.0.0.0 Mobile Safari/537.36",
  "timestamp": "2026-04-13T20:21:05.992Z"
}