{
  "buildNumber": "277",
  "buildId": "CMEduUks",
  "sessionId": "q0WoIYLvG",
  "durationSec": 1.063,
  "avgFps": 38.76475241936007,
  "minFps": 38.52145420645638,
  "maxFps": 39.361938941941844,
  "avgSectionTimingsMs": {
    "hud": 0.023684209898898478,
    "camera": 0.005263157581028186,
    "autoEngage": 0.004000000556310018,
    "syncPlayers": 0.08648648455336287,
    "syncUnits": 0.024324325290886132,
    "syncResources": 0.021621621138340718,
    "sendClientPoses": 0.0027027025416090683,
    "effectsAndFog": 0.05945945913727219,
    "syncStructures": 0.012500002980232239
  },
  "userAgent": "Mozilla/5.0 (Linux; Android 10; K) AppleWebKit/537.36 (KHTML, like Gecko) Chrome/145.0.0.0 Mobile Safari/537.36",
  "timestamp": "2026-04-13T20:25:05.902Z"
}