{
  "buildNumber": "277",
  "buildId": "CMEduUks",
  "sessionId": "q0WoIYLvG",
  "durationSec": 28.383,
  "avgFps": 37.04449972371967,
  "minFps": 30.267396097498498,
  "maxFps": 39.361938941941844,
  "avgSectionTimingsMs": {
    "hud": 0.022937625616608972,
    "camera": 0.008450704051455262,
    "autoEngage": 0.00533467546202876,
    "syncPlayers": 0.07955689813795407,
    "syncUnits": 0.39466263880542396,
    "syncResources": 0.025981872973725395,
    "sendClientPoses": 0.048036253674392855,
    "effectsAndFog": 0.049546827632494926,
    "syncStructures": 0.20518867924528303
  },
  "userAgent": "Mozilla/5.0 (Linux; Android 10; K) AppleWebKit/537.36 (KHTML, like Gecko) Chrome/145.0.0.0 Mobile Safari/537.36",
  "timestamp": "2026-04-13T20:25:33.222Z"
}