{
  "buildNumber": "273",
  "buildId": "BF-xNiwv",
  "sessionId": "P_6xpY7hD",
  "durationSec": 11.478,
  "avgFps": 35.556037316202676,
  "minFps": 32.298311318800174,
  "maxFps": 40.321994488695054,
  "avgSectionTimingsMs": {
    "hud": 0.02175066325645548,
    "camera": 0.007692307550015437,
    "autoEngage": 0.00451527229184965,
    "syncPlayers": 0.06914893648725876,
    "syncUnits": 0.03404255298540947,
    "syncResources": 0.02739361713224269,
    "sendClientPoses": 0.0031914893299975293,
    "effectsAndFog": 9.795478723150618,
    "syncStructures": 0.1369047611951828
  },
  "userAgent": "Mozilla/5.0 (Linux; Android 10; K) AppleWebKit/537.36 (KHTML, like Gecko) Chrome/145.0.0.0 Mobile Safari/537.36",
  "timestamp": "2026-04-13T20:02:08.367Z"
}