{
  "buildNumber": "276",
  "buildId": "BdYYCv-Z",
  "sessionId": "P2QeoMsYc",
  "durationSec": 31.861,
  "avgFps": 37.34326093300878,
  "minFps": 30.10412674515579,
  "maxFps": 42.24570034076106,
  "avgSectionTimingsMs": {
    "hud": 0.02513416836534715,
    "camera": 0.00787119863284935,
    "autoEngage": 0.0050559283502949965,
    "syncPlayers": 0.1186213071792384,
    "syncUnits": 0.41826320516284066,
    "syncResources": 0.026947179727503094,
    "sendClientPoses": 0.07484333053057815,
    "effectsAndFog": 0.0599820951371718,
    "syncStructures": 0.22245762661351995
  },
  "userAgent": "Mozilla/5.0 (Linux; Android 10; K) AppleWebKit/537.36 (KHTML, like Gecko) Chrome/145.0.0.0 Mobile Safari/537.36",
  "timestamp": "2026-04-13T20:20:50.833Z"
}