{
  "buildNumber": "277",
  "buildId": "CMEduUks",
  "sessionId": "q0WoIYLvG",
  "durationSec": 39.065,
  "avgFps": 35.01575081703226,
  "minFps": 26.510727529094936,
  "maxFps": 39.361938941941844,
  "avgSectionTimingsMs": {
    "hud": 0.022474549553220684,
    "camera": 0.009710258306146321,
    "autoEngage": 0.006227967146560812,
    "syncPlayers": 0.08691222535965959,
    "syncUnits": 0.7579937305850295,
    "syncResources": 0.026253918331805442,
    "sendClientPoses": 0.0786833854444722,
    "effectsAndFog": 0.049764890328843764,
    "syncStructures": 0.1662020911738432
  },
  "userAgent": "Mozilla/5.0 (Linux; Android 10; K) AppleWebKit/537.36 (KHTML, like Gecko) Chrome/145.0.0.0 Mobile Safari/537.36",
  "timestamp": "2026-04-13T20:25:43.904Z"
}