{
  "buildNumber": "273",
  "buildId": "BF-xNiwv",
  "sessionId": "P_6xpY7hD",
  "durationSec": 57.412,
  "avgFps": 28.792227970226108,
  "minFps": 18.005645273948964,
  "maxFps": 40.321994488695054,
  "avgSectionTimingsMs": {
    "hud": 0.026319444531367885,
    "camera": 0.00784722218910853,
    "autoEngage": 0.0052101424209108444,
    "syncPlayers": 0.08617095254708529,
    "syncUnits": 0.5687282834515297,
    "syncResources": 0.0273106322883317,
    "sendClientPoses": 0.10257123014096836,
    "effectsAndFog": 17.205906879785907,
    "syncStructures": 0.1383631715689169
  },
  "userAgent": "Mozilla/5.0 (Linux; Android 10; K) AppleWebKit/537.36 (KHTML, like Gecko) Chrome/145.0.0.0 Mobile Safari/537.36",
  "timestamp": "2026-04-13T20:02:54.301Z"
}