{
  "buildNumber": "273",
  "buildId": "BF-xNiwv",
  "sessionId": "P_6xpY7hD",
  "durationSec": 31.492,
  "avgFps": 33.080270168629895,
  "minFps": 25.714169577019245,
  "maxFps": 40.321994488695054,
  "avgSectionTimingsMs": {
    "hud": 0.026577042325206232,
    "camera": 0.008169596542863342,
    "autoEngage": 0.004500775989694295,
    "syncPlayers": 0.07701863397846063,
    "syncUnits": 0.16480331283301794,
    "syncResources": 0.02763975157130579,
    "sendClientPoses": 0.021428571354528393,
    "effectsAndFog": 10.946790889954467,
    "syncStructures": 0.18782608664554098
  },
  "userAgent": "Mozilla/5.0 (Linux; Android 10; K) AppleWebKit/537.36 (KHTML, like Gecko) Chrome/145.0.0.0 Mobile Safari/537.36",
  "timestamp": "2026-04-13T20:02:28.382Z"
}