{
  "buildNumber": "276",
  "buildId": "BdYYCv-Z",
  "sessionId": "P2QeoMsYc",
  "durationSec": 46.272,
  "avgFps": 34.92576214135522,
  "minFps": 24.825465433277753,
  "maxFps": 42.24570034076106,
  "avgSectionTimingsMs": {
    "hud": 0.026078167288611842,
    "camera": 0.009501347704878394,
    "autoEngage": 0.005965621715689653,
    "syncPlayers": 0.14066082261256568,
    "syncUnits": 0.7297370198885492,
    "syncResources": 0.02919757231537426,
    "sendClientPoses": 0.11260957528591478,
    "effectsAndFog": 0.06291301432929164,
    "syncStructures": 0.19941176421502058
  },
  "userAgent": "Mozilla/5.0 (Linux; Android 10; K) AppleWebKit/537.36 (KHTML, like Gecko) Chrome/145.0.0.0 Mobile Safari/537.36",
  "timestamp": "2026-04-13T20:21:05.245Z"
}