{
  "buildNumber": "275",
  "buildId": "DlwQSAVw",
  "sessionId": "7MiGiHpAI",
  "durationSec": 18.149,
  "avgFps": 20.832981401858508,
  "minFps": 15.453768091335075,
  "maxFps": 23.047854017536704,
  "avgSectionTimingsMs": {
    "hud": 0.015461346975288486,
    "camera": 0.010972568296137594,
    "autoEngage": 0.006117353315805823,
    "syncPlayers": 0.12550000011920928,
    "syncUnits": 0.8744999998062849,
    "syncStructures": 0.07686567195315859,
    "syncResources": 0.029749999716877938,
    "sendClientPoses": 0.18850000001490116,
    "effectsAndFog": 16.424000000432134
  },
  "userAgent": "Mozilla/5.0 (Linux; Android 10; K) AppleWebKit/537.36 (KHTML, like Gecko) Chrome/145.0.0.0 Mobile Safari/537.36",
  "timestamp": "2026-04-13T20:14:39.378Z"
}