{
  "buildNumber": "276",
  "buildId": "BdYYCv-Z",
  "sessionId": "P2QeoMsYc",
  "durationSec": 3.113,
  "avgFps": 41.39068984582041,
  "minFps": 41.125914193165954,
  "maxFps": 41.88124505024189,
  "avgSectionTimingsMs": {
    "hud": 0.028244275173158136,
    "camera": 0.0061068703200070915,
    "autoEngage": 0.00268199251986098,
    "syncPlayers": 0.11615384771273686,
    "syncUnits": 0.0276923071879607,
    "syncResources": 0.02923076909322005,
    "sendClientPoses": 0.002307692399391761,
    "effectsAndFog": 0.06461538397348844,
    "syncStructures": 0.07391304166420647
  },
  "userAgent": "Mozilla/5.0 (Linux; Android 10; K) AppleWebKit/537.36 (KHTML, like Gecko) Chrome/145.0.0.0 Mobile Safari/537.36",
  "timestamp": "2026-04-13T20:20:22.085Z"
}