{
  "buildNumber": "277",
  "buildId": "CMEduUks",
  "sessionId": "q0WoIYLvG",
  "durationSec": 0.391,
  "avgFps": 39.232633598021,
  "minFps": 38.52145420645638,
  "maxFps": 39.361938941941844,
  "avgSectionTimingsMs": {
    "hud": 0.038461536169052124,
    "camera": 0.007692307233810425,
    "autoEngage": 0.004000000953674317,
    "syncPlayers": 0.10833332935969035,
    "syncUnits": 0.016666668156782787,
    "syncResources": 0.00833333283662796,
    "sendClientPoses": 0,
    "effectsAndFog": 0.11666666467984517,
    "syncStructures": 0.050000011920928955
  },
  "userAgent": "Mozilla/5.0 (Linux; Android 10; K) AppleWebKit/537.36 (KHTML, like Gecko) Chrome/145.0.0.0 Mobile Safari/537.36",
  "timestamp": "2026-04-13T20:25:05.230Z"
}