{
  "buildNumber": "273",
  "buildId": "BF-xNiwv",
  "sessionId": "P_6xpY7hD",
  "durationSec": 5.339,
  "avgFps": 37.36261592803911,
  "minFps": 35.9435983015165,
  "maxFps": 40.321994488695054,
  "avgSectionTimingsMs": {
    "hud": 0.024193548387096774,
    "camera": 0.007526881432020536,
    "autoEngage": 0.0029649594723375017,
    "syncPlayers": 0.06486486534814577,
    "syncUnits": 0.033513513610169694,
    "syncResources": 0.0362162163128724,
    "sendClientPoses": 0.0032432430499308817,
    "effectsAndFog": 8.69891891866117,
    "syncStructures": 0.004999999701976776
  },
  "userAgent": "Mozilla/5.0 (Linux; Android 10; K) AppleWebKit/537.36 (KHTML, like Gecko) Chrome/145.0.0.0 Mobile Safari/537.36",
  "timestamp": "2026-04-13T20:02:02.228Z"
}