{
  "buildNumber": "273",
  "buildId": "BF-xNiwv",
  "sessionId": "P_6xpY7hD",
  "durationSec": 16.407,
  "avgFps": 34.67037227108019,
  "minFps": 31.992790271339192,
  "maxFps": 40.321994488695054,
  "avgSectionTimingsMs": {
    "hud": 0.02232645415678257,
    "camera": 0.00900562848427506,
    "autoEngage": 0.00403755869663937,
    "syncPlayers": 0.0734962409264163,
    "syncUnits": 0.03402255626773476,
    "syncResources": 0.027067669240155613,
    "sendClientPoses": 0.004699248064281349,
    "effectsAndFog": 9.891917293065024,
    "syncStructures": 0.16999999980131786
  },
  "userAgent": "Mozilla/5.0 (Linux; Android 10; K) AppleWebKit/537.36 (KHTML, like Gecko) Chrome/145.0.0.0 Mobile Safari/537.36",
  "timestamp": "2026-04-13T20:02:13.296Z"
}