{
  "buildNumber": "273",
  "buildId": "BF-xNiwv",
  "sessionId": "P_6xpY7hD",
  "durationSec": 6.248,
  "avgFps": 37.18339196826113,
  "minFps": 35.905774044603035,
  "maxFps": 40.321994488695054,
  "avgSectionTimingsMs": {
    "hud": 0.02431192693360355,
    "camera": 0.007339449377234923,
    "autoEngage": 0.002528735549970605,
    "syncPlayers": 0.06451612958160963,
    "syncUnits": 0.032718894119086905,
    "syncResources": 0.032718893981749014,
    "sendClientPoses": 0.0032258063966777465,
    "effectsAndFog": 8.717972349735998,
    "syncStructures": 0.0065217387417088385
  },
  "userAgent": "Mozilla/5.0 (Linux; Android 10; K) AppleWebKit/537.36 (KHTML, like Gecko) Chrome/145.0.0.0 Mobile Safari/537.36",
  "timestamp": "2026-04-13T20:02:03.137Z"
}