{
  "buildNumber": "274",
  "buildId": "CB7E_Olw",
  "sessionId": "PJns0EXEj",
  "durationSec": 9.068,
  "avgFps": 45.5223459282911,
  "minFps": 44.13353983316393,
  "maxFps": 47.48005890965272,
  "avgSectionTimingsMs": {
    "hud": 0.017336683731582297,
    "camera": 0.007035176208869896,
    "autoEngage": 0.0026415094264648246,
    "syncPlayers": 0.08161209144580274,
    "syncUnits": 0.01914357651090742,
    "syncResources": 0.020403022730080246,
    "sendClientPoses": 0.0050377833002460395,
    "effectsAndFog": 0.05239294690809562,
    "syncStructures": 0.37536231849504553
  },
  "userAgent": "Mozilla/5.0 (Linux; Android 10; K) AppleWebKit/537.36 (KHTML, like Gecko) Chrome/145.0.0.0 Mobile Safari/537.36",
  "timestamp": "2026-04-13T20:10:37.554Z"
}