{
  "buildNumber": "276",
  "buildId": "BdYYCv-Z",
  "sessionId": "P2QeoMsYc",
  "durationSec": 7.73,
  "avgFps": 41.52515787764154,
  "minFps": 40.51320644167809,
  "maxFps": 42.24570034076106,
  "avgSectionTimingsMs": {
    "hud": 0.027707006616197575,
    "camera": 0.006687898260013313,
    "autoEngage": 0.003349282287144395,
    "syncPlayers": 0.10543131057065896,
    "syncUnits": 0.03610223579330566,
    "syncResources": 0.025239616346816287,
    "sendClientPoses": 0.0022364216871535816,
    "effectsAndFog": 0.05623003221548403,
    "syncStructures": 0.31228070091782956
  },
  "userAgent": "Mozilla/5.0 (Linux; Android 10; K) AppleWebKit/537.36 (KHTML, like Gecko) Chrome/145.0.0.0 Mobile Safari/537.36",
  "timestamp": "2026-04-13T20:20:26.702Z"
}