{
  "buildNumber": "276",
  "buildId": "BdYYCv-Z",
  "sessionId": "P2QeoMsYc",
  "durationSec": 5.762,
  "avgFps": 41.62776156327042,
  "minFps": 41.125914193165954,
  "maxFps": 42.24570034076106,
  "avgSectionTimingsMs": {
    "hud": 0.025833333656191827,
    "camera": 0.00791666681567828,
    "autoEngage": 0.0027139874987910833,
    "syncPlayers": 0.1058577416332197,
    "syncUnits": 0.03389121286539852,
    "syncResources": 0.02468619236886252,
    "sendClientPoses": 0.0025104602261068433,
    "effectsAndFog": 0.056066945881025565,
    "syncStructures": 0.10232558014780976
  },
  "userAgent": "Mozilla/5.0 (Linux; Android 10; K) AppleWebKit/537.36 (KHTML, like Gecko) Chrome/145.0.0.0 Mobile Safari/537.36",
  "timestamp": "2026-04-13T20:20:24.734Z"
}