{
  "buildNumber": "274",
  "buildId": "CB7E_Olw",
  "sessionId": "PJns0EXEj",
  "durationSec": 35.198,
  "avgFps": 39.64290661550209,
  "minFps": 31.192882327528594,
  "maxFps": 47.48005890965272,
  "avgSectionTimingsMs": {
    "hud": 0.01965811957475652,
    "camera": 0.008003108081839858,
    "autoEngage": 0.0044694908898580046,
    "syncPlayers": 0.10614307950110309,
    "syncUnits": 0.6453343703995226,
    "syncResources": 0.02068429242118521,
    "sendClientPoses": 0.1007776047866415,
    "effectsAndFog": 0.056298600153455836,
    "syncStructures": 0.21724137892211534
  },
  "userAgent": "Mozilla/5.0 (Linux; Android 10; K) AppleWebKit/537.36 (KHTML, like Gecko) Chrome/145.0.0.0 Mobile Safari/537.36",
  "timestamp": "2026-04-13T20:11:03.683Z"
}