{
  "buildNumber": "273",
  "buildId": "BF-xNiwv",
  "sessionId": "P_6xpY7hD",
  "durationSec": 35.808,
  "avgFps": 32.33786451883844,
  "minFps": 22.159561467728746,
  "maxFps": 40.321994488695054,
  "avgSectionTimingsMs": {
    "hud": 0.026445497579484188,
    "camera": 0.0077725117522958334,
    "autoEngage": 0.004694167840757772,
    "syncPlayers": 0.07865275179638583,
    "syncUnits": 0.25237191664991615,
    "syncResources": 0.02694497148610609,
    "sendClientPoses": 0.034629980939841584,
    "effectsAndFog": 12.096204933280964,
    "syncStructures": 0.17258687265591272
  },
  "userAgent": "Mozilla/5.0 (Linux; Android 10; K) AppleWebKit/537.36 (KHTML, like Gecko) Chrome/145.0.0.0 Mobile Safari/537.36",
  "timestamp": "2026-04-13T20:02:32.697Z"
}