{
  "buildNumber": "274",
  "buildId": "CB7E_Olw",
  "sessionId": "PJns0EXEj",
  "durationSec": 9.818,
  "avgFps": 45.43511310571106,
  "minFps": 44.13353983316393,
  "maxFps": 47.48005890965272,
  "avgSectionTimingsMs": {
    "hud": 0.018372093314348265,
    "camera": 0.006976744463277417,
    "autoEngage": 0.002561117564702062,
    "syncPlayers": 0.08275058344527558,
    "syncUnits": 0.018648018370141517,
    "syncResources": 0.01934731937510706,
    "sendClientPoses": 0.004895104811741755,
    "effectsAndFog": 0.05244755210020603,
    "syncStructures": 0.3906666668256124
  },
  "userAgent": "Mozilla/5.0 (Linux; Android 10; K) AppleWebKit/537.36 (KHTML, like Gecko) Chrome/145.0.0.0 Mobile Safari/537.36",
  "timestamp": "2026-04-13T20:10:38.303Z"
}