{
  "buildNumber": "273",
  "buildId": "BF-xNiwv",
  "sessionId": "P_6xpY7hD",
  "durationSec": 7.209,
  "avgFps": 37.01941574547895,
  "minFps": 33.92933053345227,
  "maxFps": 40.321994488695054,
  "avgSectionTimingsMs": {
    "hud": 0.024279835660761768,
    "camera": 0.007818929820394319,
    "autoEngage": 0.0026804123957132556,
    "syncPlayers": 0.06652892633410525,
    "syncUnits": 0.03347107435553527,
    "syncResources": 0.03140495865305593,
    "sendClientPoses": 0.003719008165942736,
    "effectsAndFog": 9.107438016282625,
    "syncStructures": 0.005660377021105784
  },
  "userAgent": "Mozilla/5.0 (Linux; Android 10; K) AppleWebKit/537.36 (KHTML, like Gecko) Chrome/145.0.0.0 Mobile Safari/537.36",
  "timestamp": "2026-04-13T20:02:04.098Z"
}