{
  "buildNumber": "274",
  "buildId": "CB7E_Olw",
  "sessionId": "PJns0EXEj",
  "durationSec": 2.102,
  "avgFps": 46.47967493613753,
  "minFps": 45.86004418223954,
  "maxFps": 47.48005890965272,
  "avgSectionTimingsMs": {
    "hud": 0.02340425487528456,
    "camera": 0.00425531952939135,
    "autoEngage": 0.001069518652829257,
    "syncPlayers": 0.09032258135016247,
    "syncUnits": 0.02258064477674423,
    "syncResources": 0.02795698982413097,
    "sendClientPoses": 0.005376344086021506,
    "effectsAndFog": 0.05698924744000999,
    "syncStructures": 0
  },
  "userAgent": "Mozilla/5.0 (Linux; Android 10; K) AppleWebKit/537.36 (KHTML, like Gecko) Chrome/145.0.0.0 Mobile Safari/537.36",
  "timestamp": "2026-04-13T20:10:30.587Z"
}