{
  "buildNumber": "277",
  "buildId": "CMEduUks",
  "sessionId": "q0WoIYLvG",
  "durationSec": 2.774,
  "avgFps": 38.527680785910775,
  "minFps": 38.293317991131715,
  "maxFps": 39.361938941941844,
  "avgSectionTimingsMs": {
    "hud": 0.02038834887800865,
    "camera": 0.005825242660578015,
    "autoEngage": 0.003902439518672664,
    "syncPlayers": 0.07549019537720025,
    "syncUnits": 0.025490196312175077,
    "syncResources": 0.025490195435636184,
    "sendClientPoses": 0.0029411762952804565,
    "effectsAndFog": 0.03921568569015054,
    "syncStructures": 0.00952381037530445
  },
  "userAgent": "Mozilla/5.0 (Linux; Android 10; K) AppleWebKit/537.36 (KHTML, like Gecko) Chrome/145.0.0.0 Mobile Safari/537.36",
  "timestamp": "2026-04-13T20:25:07.613Z"
}