{
  "buildNumber": "276",
  "buildId": "BdYYCv-Z",
  "sessionId": "P2QeoMsYc",
  "durationSec": 25.663,
  "avgFps": 38.45859924654091,
  "minFps": 32.74417441448303,
  "maxFps": 42.24570034076106,
  "avgSectionTimingsMs": {
    "hud": 0.026766595544345375,
    "camera": 0.007173447620434731,
    "autoEngage": 0.004981253274188172,
    "syncPlayers": 0.11436227222730876,
    "syncUnits": 0.29807073979899046,
    "syncResources": 0.026366559351372183,
    "sendClientPoses": 0.05755627017951344,
    "effectsAndFog": 0.0596998930935691,
    "syncStructures": 0.25421052606482253
  },
  "userAgent": "Mozilla/5.0 (Linux; Android 10; K) AppleWebKit/537.36 (KHTML, like Gecko) Chrome/145.0.0.0 Mobile Safari/537.36",
  "timestamp": "2026-04-13T20:20:44.636Z"
}