{
  "buildNumber": "275",
  "buildId": "DlwQSAVw",
  "sessionId": "7MiGiHpAI",
  "durationSec": 13.024,
  "avgFps": 20.056553498466904,
  "minFps": 15.453768091335075,
  "maxFps": 22.740751086245204,
  "avgSectionTimingsMs": {
    "hud": 0.017132867778931464,
    "camera": 0.01048951028110264,
    "autoEngage": 0.006654991212116649,
    "syncPlayers": 0.12701754402696042,
    "syncUnits": 0.9329824557429865,
    "syncStructures": 0.0833333336437742,
    "syncResources": 0.0315789470547124,
    "sendClientPoses": 0.18771929845475313,
    "effectsAndFog": 16.70456140375974
  },
  "userAgent": "Mozilla/5.0 (Linux; Android 10; K) AppleWebKit/537.36 (KHTML, like Gecko) Chrome/145.0.0.0 Mobile Safari/537.36",
  "timestamp": "2026-04-13T20:14:34.252Z"
}