{
  "buildNumber": "275",
  "buildId": "DlwQSAVw",
  "sessionId": "7MiGiHpAI",
  "durationSec": 9.282,
  "avgFps": 19.149802941190345,
  "minFps": 15.453768091335075,
  "maxFps": 21.58805281578731,
  "avgSectionTimingsMs": {
    "hud": 0.02238806073938436,
    "camera": 0.010447760867835278,
    "autoEngage": 0.007481296683784732,
    "syncPlayers": 0.13749999940395355,
    "syncUnits": 1.035,
    "syncStructures": 0.0823529402122778,
    "syncResources": 0.033499999791383746,
    "sendClientPoses": 0.20100000038743018,
    "effectsAndFog": 17.01449999988079
  },
  "userAgent": "Mozilla/5.0 (Linux; Android 10; K) AppleWebKit/537.36 (KHTML, like Gecko) Chrome/145.0.0.0 Mobile Safari/537.36",
  "timestamp": "2026-04-13T20:14:30.510Z"
}