{
  "buildNumber": "273",
  "buildId": "BF-xNiwv",
  "sessionId": "P_6xpY7hD",
  "durationSec": 57.924,
  "avgFps": 28.725861678174756,
  "minFps": 18.005645273948964,
  "maxFps": 40.321994488695054,
  "avgSectionTimingsMs": {
    "hud": 0.026155969720614045,
    "camera": 0.007798481678617173,
    "autoEngage": 0.005212288582617141,
    "syncPlayers": 0.08653314967346455,
    "syncUnits": 0.5699585634412357,
    "syncResources": 0.027209944652588986,
    "sendClientPoses": 0.10386740344252375,
    "effectsAndFog": 17.29889502761196,
    "syncStructures": 0.13807106623189702
  },
  "userAgent": "Mozilla/5.0 (Linux; Android 10; K) AppleWebKit/537.36 (KHTML, like Gecko) Chrome/145.0.0.0 Mobile Safari/537.36",
  "timestamp": "2026-04-13T20:02:54.814Z"
}