{
  "buildNumber": "277",
  "buildId": "CMEduUks",
  "sessionId": "q0WoIYLvG",
  "durationSec": 6.507,
  "avgFps": 28.777470251066077,
  "minFps": 28.48434442172548,
  "maxFps": 30.259186777423363,
  "avgSectionTimingsMs": {
    "hud": 0.027624309392265192,
    "camera": 0.00939226545681611,
    "autoEngage": 0.009418282564987437,
    "syncPlayers": 0.1088888888557752,
    "syncUnits": 1.394444444278876,
    "syncResources": 0.02388888978295856,
    "sendClientPoses": 0.18555555525753234,
    "effectsAndFog": 0.047222222056653766,
    "syncStructures": 0.06222222116258409
  },
  "userAgent": "Mozilla/5.0 (Linux; Android 10; K) AppleWebKit/537.36 (KHTML, like Gecko) Chrome/145.0.0.0 Mobile Safari/537.36",
  "timestamp": "2026-04-13T20:26:06.122Z"
}