{
  "buildNumber": "277",
  "buildId": "CMEduUks",
  "sessionId": "q0WoIYLvG",
  "durationSec": 18.755,
  "avgFps": 37.975818030772615,
  "minFps": 36.94121099749357,
  "maxFps": 39.361938941941844,
  "avgSectionTimingsMs": {
    "hud": 0.021173104281418654,
    "camera": 0.008011444742246418,
    "autoEngage": 0.0037938440878560226,
    "syncPlayers": 0.07435530082544146,
    "syncUnits": 0.034670487601299343,
    "syncResources": 0.024928366386446365,
    "sendClientPoses": 0.004871060137762381,
    "effectsAndFog": 0.04770773606518961,
    "syncStructures": 0.2560283687520534
  },
  "userAgent": "Mozilla/5.0 (Linux; Android 10; K) AppleWebKit/537.36 (KHTML, like Gecko) Chrome/145.0.0.0 Mobile Safari/537.36",
  "timestamp": "2026-04-13T20:25:23.594Z"
}