{
  "buildNumber": "276",
  "buildId": "BdYYCv-Z",
  "sessionId": "P2QeoMsYc",
  "durationSec": 1.634,
  "avgFps": 41.23675840780071,
  "minFps": 41.125914193165954,
  "maxFps": 41.344435644874466,
  "avgSectionTimingsMs": {
    "hud": 0.03478260878203572,
    "camera": 0.004347826691641324,
    "autoEngage": 0.004379562217823781,
    "syncPlayers": 0.13676470649593017,
    "syncUnits": 0.03235294100116281,
    "syncResources": 0.03235294100116281,
    "sendClientPoses": 0.0014705881476402283,
    "effectsAndFog": 0.06323529385468539,
    "syncStructures": 0.14166666318972906
  },
  "userAgent": "Mozilla/5.0 (Linux; Android 10; K) AppleWebKit/537.36 (KHTML, like Gecko) Chrome/145.0.0.0 Mobile Safari/537.36",
  "timestamp": "2026-04-13T20:20:20.606Z"
}