{
  "buildNumber": "277",
  "buildId": "CMEduUks",
  "sessionId": "q0WoIYLvG",
  "durationSec": 16.857,
  "avgFps": 37.98616641792565,
  "minFps": 36.94121099749357,
  "maxFps": 39.361938941941844,
  "avgSectionTimingsMs": {
    "hud": 0.021212121136070627,
    "camera": 0.008133971139764861,
    "autoEngage": 0.0038308062176654932,
    "syncPlayers": 0.0744408944639535,
    "syncUnits": 0.0348242816452782,
    "syncResources": 0.025399360698632918,
    "sendClientPoses": 0.005111821067218963,
    "effectsAndFog": 0.04728434470514901,
    "syncStructures": 0.2373015871123662
  },
  "userAgent": "Mozilla/5.0 (Linux; Android 10; K) AppleWebKit/537.36 (KHTML, like Gecko) Chrome/145.0.0.0 Mobile Safari/537.36",
  "timestamp": "2026-04-13T20:25:21.696Z"
}