{
  "buildNumber": "274",
  "buildId": "CB7E_Olw",
  "sessionId": "PJns0EXEj",
  "durationSec": 8.682,
  "avgFps": 45.57484526626218,
  "minFps": 44.13353983316393,
  "maxFps": 47.48005890965272,
  "avgSectionTimingsMs": {
    "hud": 0.018062827552800403,
    "camera": 0.006544502851850699,
    "autoEngage": 0.002621231979030144,
    "syncPlayers": 0.08031496131826886,
    "syncUnits": 0.019160104705279894,
    "syncResources": 0.020997375406305308,
    "sendClientPoses": 0.005249343753799679,
    "effectsAndFog": 0.0524934380073247,
    "syncStructures": 0.38181818118601135
  },
  "userAgent": "Mozilla/5.0 (Linux; Android 10; K) AppleWebKit/537.36 (KHTML, like Gecko) Chrome/145.0.0.0 Mobile Safari/537.36",
  "timestamp": "2026-04-13T20:10:37.168Z"
}