{
  "buildNumber": "274",
  "buildId": "CB7E_Olw",
  "sessionId": "PJns0EXEj",
  "durationSec": 6.193,
  "avgFps": 45.9689587429552,
  "minFps": 44.792959703402545,
  "maxFps": 47.48005890965272,
  "avgSectionTimingsMs": {
    "hud": 0.019343065954472896,
    "camera": 0.005474452772279726,
    "autoEngage": 0.0021937842560860532,
    "syncPlayers": 0.08241758340007656,
    "syncUnits": 0.0201465198190221,
    "syncResources": 0.024542124498458134,
    "sendClientPoses": 0.005860805838972658,
    "effectsAndFog": 0.05311355278605506,
    "syncStructures": 0.25833333283662796
  },
  "userAgent": "Mozilla/5.0 (Linux; Android 10; K) AppleWebKit/537.36 (KHTML, like Gecko) Chrome/145.0.0.0 Mobile Safari/537.36",
  "timestamp": "2026-04-13T20:10:34.678Z"
}