{
  "buildNumber": "273",
  "buildId": "BF-xNiwv",
  "sessionId": "P_6xpY7hD",
  "durationSec": 22.214,
  "avgFps": 33.925416136679395,
  "minFps": 31.135007847593187,
  "maxFps": 40.321994488695054,
  "avgSectionTimingsMs": {
    "hud": 0.02412342222676538,
    "camera": 0.008555399627538417,
    "autoEngage": 0.003859649101893107,
    "syncPlayers": 0.07528089916103342,
    "syncUnits": 0.03328651679533251,
    "syncResources": 0.028932584345005872,
    "sendClientPoses": 0.005337078668428271,
    "effectsAndFog": 10.033848314221656,
    "syncStructures": 0.16666666629873675
  },
  "userAgent": "Mozilla/5.0 (Linux; Android 10; K) AppleWebKit/537.36 (KHTML, like Gecko) Chrome/145.0.0.0 Mobile Safari/537.36",
  "timestamp": "2026-04-13T20:02:19.103Z"
}