{
  "buildNumber": "273",
  "buildId": "BF-xNiwv",
  "sessionId": "P_6xpY7hD",
  "durationSec": 43.523,
  "avgFps": 30.934405209538856,
  "minFps": 19.15374517394548,
  "maxFps": 40.321994488695054,
  "avgSectionTimingsMs": {
    "hud": 0.026232247364550904,
    "camera": 0.0079365078618154,
    "autoEngage": 0.004931048910038968,
    "syncPlayers": 0.08193979975471528,
    "syncUnits": 0.4159698996655518,
    "syncResources": 0.02683946480320449,
    "sendClientPoses": 0.06070234113214008,
    "effectsAndFog": 14.120234113647587,
    "syncStructures": 0.1557003260629573
  },
  "userAgent": "Mozilla/5.0 (Linux; Android 10; K) AppleWebKit/537.36 (KHTML, like Gecko) Chrome/145.0.0.0 Mobile Safari/537.36",
  "timestamp": "2026-04-13T20:02:40.412Z"
}