{
  "buildNumber": "276",
  "buildId": "BdYYCv-Z",
  "sessionId": "P2QeoMsYc",
  "durationSec": 19.955,
  "avgFps": 39.47605017011291,
  "minFps": 35.87673306134771,
  "maxFps": 42.24570034076106,
  "avgSectionTimingsMs": {
    "hud": 0.026958831713335765,
    "camera": 0.006507304243515846,
    "autoEngage": 0.004850498267582485,
    "syncPlayers": 0.10997340435835909,
    "syncUnits": 0.20026595735962086,
    "syncResources": 0.02779255304089252,
    "sendClientPoses": 0.03523936178138916,
    "effectsAndFog": 0.059308511105940695,
    "syncStructures": 0.2945945945543212
  },
  "userAgent": "Mozilla/5.0 (Linux; Android 10; K) AppleWebKit/537.36 (KHTML, like Gecko) Chrome/145.0.0.0 Mobile Safari/537.36",
  "timestamp": "2026-04-13T20:20:38.927Z"
}