{
  "buildNumber": "273",
  "buildId": "BF-xNiwv",
  "sessionId": "P_6xpY7hD",
  "durationSec": 52.281,
  "avgFps": 29.52030945653529,
  "minFps": 18.00752703193195,
  "maxFps": 40.321994488695054,
  "avgSectionTimingsMs": {
    "hud": 0.026186943695347104,
    "camera": 0.008086053372667523,
    "autoEngage": 0.005231910955043361,
    "syncPlayers": 0.08507795148455131,
    "syncUnits": 0.5409057163581551,
    "syncResources": 0.02761692640599093,
    "sendClientPoses": 0.08856718641523971,
    "effectsAndFog": 16.20111358568415,
    "syncStructures": 0.14432132978848802
  },
  "userAgent": "Mozilla/5.0 (Linux; Android 10; K) AppleWebKit/537.36 (KHTML, like Gecko) Chrome/145.0.0.0 Mobile Safari/537.36",
  "timestamp": "2026-04-13T20:02:49.170Z"
}