{
  "buildNumber": "273",
  "buildId": "BF-xNiwv",
  "sessionId": "P_6xpY7hD",
  "durationSec": 24.567,
  "avgFps": 33.72028959638467,
  "minFps": 31.135007847593187,
  "maxFps": 40.321994488695054,
  "avgSectionTimingsMs": {
    "hud": 0.025190839709823065,
    "camera": 0.008396946443552886,
    "autoEngage": 0.003564608506834636,
    "syncPlayers": 0.07528662446198191,
    "syncUnits": 0.03375796174547475,
    "syncResources": 0.027261146542372976,
    "sendClientPoses": 0.005605095624923706,
    "effectsAndFog": 10.094649681126237,
    "syncStructures": 0.20391061385916598
  },
  "userAgent": "Mozilla/5.0 (Linux; Android 10; K) AppleWebKit/537.36 (KHTML, like Gecko) Chrome/145.0.0.0 Mobile Safari/537.36",
  "timestamp": "2026-04-13T20:02:21.456Z"
}