{
  "buildNumber": "273",
  "buildId": "BF-xNiwv",
  "sessionId": "P_6xpY7hD",
  "durationSec": 0.934,
  "avgFps": 39.27236725572626,
  "minFps": 39.24149586652129,
  "maxFps": 40.321994488695054,
  "avgSectionTimingsMs": {
    "hud": 0.025714285033089774,
    "camera": 0.017142856972558157,
    "autoEngage": 0.004347826259723608,
    "syncPlayers": 0.09117646865984973,
    "syncUnits": 0.029411765582421246,
    "syncResources": 0.029411764705882353,
    "sendClientPoses": 0,
    "effectsAndFog": 7.402941176996512,
    "syncStructures": 0.01428571343421936
  },
  "userAgent": "Mozilla/5.0 (Linux; Android 10; K) AppleWebKit/537.36 (KHTML, like Gecko) Chrome/145.0.0.0 Mobile Safari/537.36",
  "timestamp": "2026-04-13T20:01:57.823Z"
}