{
  "buildNumber": "274",
  "buildId": "CB7E_Olw",
  "sessionId": "PJns0EXEj",
  "durationSec": 11.596,
  "avgFps": 45.2491380611975,
  "minFps": 44.012616156154714,
  "maxFps": 47.48005890965272,
  "avgSectionTimingsMs": {
    "hud": 0.018343195407348273,
    "camera": 0.0063116373512636745,
    "autoEngage": 0.002270483694095367,
    "syncPlayers": 0.08418972419184659,
    "syncUnits": 0.017391304194691624,
    "syncResources": 0.018972332121826443,
    "sendClientPoses": 0.005533596861503812,
    "effectsAndFog": 0.05197628413735642,
    "syncStructures": 0.39431818202137947
  },
  "userAgent": "Mozilla/5.0 (Linux; Android 10; K) AppleWebKit/537.36 (KHTML, like Gecko) Chrome/145.0.0.0 Mobile Safari/537.36",
  "timestamp": "2026-04-13T20:10:40.082Z"
}