{
  "buildNumber": "274",
  "buildId": "CB7E_Olw",
  "sessionId": "PJns0EXEj",
  "durationSec": 22.574,
  "avgFps": 42.687642699522954,
  "minFps": 36.37866394177931,
  "maxFps": 47.48005890965272,
  "avgSectionTimingsMs": {
    "hud": 0.017940199289343022,
    "camera": 0.007751938116510841,
    "autoEngage": 0.004155124637228631,
    "syncPlayers": 0.09368070979869023,
    "syncUnits": 0.4547671842535425,
    "syncResources": 0.020509977926171805,
    "sendClientPoses": 0.06529933475205744,
    "effectsAndFog": 0.054988913254568686,
    "syncStructures": 0.25917159735098394
  },
  "userAgent": "Mozilla/5.0 (Linux; Android 10; K) AppleWebKit/537.36 (KHTML, like Gecko) Chrome/145.0.0.0 Mobile Safari/537.36",
  "timestamp": "2026-04-13T20:10:51.060Z"
}