{
  "buildNumber": "276",
  "buildId": "BdYYCv-Z",
  "sessionId": "P2QeoMsYc",
  "durationSec": 34.902,
  "avgFps": 36.82103879689235,
  "minFps": 28.8095534706126,
  "maxFps": 42.24570034076106,
  "avgSectionTimingsMs": {
    "hud": 0.024895920270090795,
    "camera": 0.008159866787611098,
    "autoEngage": 0.0050395667701897545,
    "syncPlayers": 0.12216666668653488,
    "syncUnits": 0.48058333347241083,
    "syncResources": 0.027166666512688002,
    "sendClientPoses": 0.08466666678587596,
    "effectsAndFog": 0.06058333359658718,
    "syncStructures": 0.21011673105366035
  },
  "userAgent": "Mozilla/5.0 (Linux; Android 10; K) AppleWebKit/537.36 (KHTML, like Gecko) Chrome/145.0.0.0 Mobile Safari/537.36",
  "timestamp": "2026-04-13T20:20:53.875Z"
}