{
  "buildNumber": "277",
  "buildId": "CMEduUks",
  "sessionId": "q0WoIYLvG",
  "durationSec": 29.743,
  "avgFps": 36.7649135551293,
  "minFps": 29.45054707312387,
  "maxFps": 39.361938941941844,
  "avgSectionTimingsMs": {
    "hud": 0.02303969006109099,
    "camera": 0.00871248772622078,
    "autoEngage": 0.005569007336083105,
    "syncPlayers": 0.08178294556894043,
    "syncUnits": 0.4531007755923179,
    "syncResources": 0.02577519364828287,
    "sendClientPoses": 0.05290697659401931,
    "effectsAndFog": 0.04951550378355869,
    "syncStructures": 0.1977477479088414
  },
  "userAgent": "Mozilla/5.0 (Linux; Android 10; K) AppleWebKit/537.36 (KHTML, like Gecko) Chrome/145.0.0.0 Mobile Safari/537.36",
  "timestamp": "2026-04-13T20:25:34.582Z"
}