{
  "buildNumber": "277",
  "buildId": "CMEduUks",
  "sessionId": "q0WoIYLvG",
  "durationSec": 35.826,
  "avgFps": 35.60721946056607,
  "minFps": 26.803205994891698,
  "maxFps": 39.361938941941844,
  "avgSectionTimingsMs": {
    "hud": 0.022166246656206454,
    "camera": 0.00965575134423878,
    "autoEngage": 0.006173876592563211,
    "syncPlayers": 0.08512605002948216,
    "syncUnits": 0.6911764709638948,
    "syncResources": 0.02621848718458865,
    "sendClientPoses": 0.06999999983470981,
    "effectsAndFog": 0.04941176464076803,
    "syncStructures": 0.17547169845059232
  },
  "userAgent": "Mozilla/5.0 (Linux; Android 10; K) AppleWebKit/537.36 (KHTML, like Gecko) Chrome/145.0.0.0 Mobile Safari/537.36",
  "timestamp": "2026-04-13T20:25:40.665Z"
}