{
  "buildNumber": "277",
  "buildId": "CMEduUks",
  "sessionId": "q0WoIYLvG",
  "durationSec": 12.851,
  "avgFps": 38.22874532730546,
  "minFps": 37.33993066221078,
  "maxFps": 39.361938941941844,
  "avgSectionTimingsMs": {
    "hud": 0.021129707038153166,
    "camera": 0.008158995578977353,
    "autoEngage": 0.0034554975507147027,
    "syncPlayers": 0.07589098511252014,
    "syncUnits": 0.03522012624850563,
    "syncResources": 0.027672955387543333,
    "sendClientPoses": 0.004612159366627659,
    "effectsAndFog": 0.052201257561737636,
    "syncStructures": 0.2052083338300387
  },
  "userAgent": "Mozilla/5.0 (Linux; Android 10; K) AppleWebKit/537.36 (KHTML, like Gecko) Chrome/145.0.0.0 Mobile Safari/537.36",
  "timestamp": "2026-04-13T20:25:17.690Z"
}