{
  "buildNumber": "273",
  "buildId": "BF-xNiwv",
  "sessionId": "P_6xpY7hD",
  "durationSec": 4.128,
  "avgFps": 37.77084497485218,
  "minFps": 35.9435983015165,
  "maxFps": 40.321994488695054,
  "avgSectionTimingsMs": {
    "hud": 0.025874125582354884,
    "camera": 0.008391608099837404,
    "autoEngage": 0.002807017481117918,
    "syncPlayers": 0.06549295762055357,
    "syncUnits": 0.030281689805044254,
    "syncResources": 0.04014084540622335,
    "sendClientPoses": 0.0028169012405502964,
    "effectsAndFog": 8.905633802984802,
    "syncStructures": 0.0066666662693023685
  },
  "userAgent": "Mozilla/5.0 (Linux; Android 10; K) AppleWebKit/537.36 (KHTML, like Gecko) Chrome/145.0.0.0 Mobile Safari/537.36",
  "timestamp": "2026-04-13T20:02:01.017Z"
}