{
  "buildNumber": "276",
  "buildId": "BdYYCv-Z",
  "sessionId": "P2QeoMsYc",
  "durationSec": 27.075,
  "avgFps": 38.19599192842675,
  "minFps": 32.55813081086227,
  "maxFps": 42.24570034076106,
  "avgSectionTimingsMs": {
    "hud": 0.026482617806315667,
    "camera": 0.0074642127520711385,
    "autoEngage": 0.004961636746326066,
    "syncPlayers": 0.1154554759284735,
    "syncUnits": 0.31780962156419745,
    "syncResources": 0.026612077606126987,
    "sendClientPoses": 0.060696008261541014,
    "effectsAndFog": 0.0591606962644212,
    "syncStructures": 0.2447761188988662
  },
  "userAgent": "Mozilla/5.0 (Linux; Android 10; K) AppleWebKit/537.36 (KHTML, like Gecko) Chrome/145.0.0.0 Mobile Safari/537.36",
  "timestamp": "2026-04-13T20:20:46.047Z"
}