{
  "buildNumber": "273",
  "buildId": "BF-xNiwv",
  "sessionId": "P_6xpY7hD",
  "durationSec": 52.782,
  "avgFps": 29.443953493512844,
  "minFps": 18.00752703193195,
  "maxFps": 40.321994488695054,
  "avgSectionTimingsMs": {
    "hud": 0.026160648577162337,
    "camera": 0.008032424426201784,
    "autoEngage": 0.005270917807563925,
    "syncPlayers": 0.08525073796422784,
    "syncUnits": 0.546165191670083,
    "syncResources": 0.027507374530169115,
    "sendClientPoses": 0.0898230089242831,
    "effectsAndFog": 16.30516224185274,
    "syncStructures": 0.14340659361946714
  },
  "userAgent": "Mozilla/5.0 (Linux; Android 10; K) AppleWebKit/537.36 (KHTML, like Gecko) Chrome/145.0.0.0 Mobile Safari/537.36",
  "timestamp": "2026-04-13T20:02:49.672Z"
}