{
  "buildNumber": "274",
  "buildId": "CB7E_Olw",
  "sessionId": "PJns0EXEj",
  "durationSec": 14.948,
  "avgFps": 44.62890540228254,
  "minFps": 40.38775949799375,
  "maxFps": 47.48005890965272,
  "avgSectionTimingsMs": {
    "hud": 0.01800947863532092,
    "camera": 0.006319115653422206,
    "autoEngage": 0.003399209472030519,
    "syncPlayers": 0.09066455764106557,
    "syncUnits": 0.19129746845817264,
    "syncResources": 0.020727848327612576,
    "sendClientPoses": 0.03053797437231752,
    "effectsAndFog": 0.05363924018567121,
    "syncStructures": 0.35087719272103224
  },
  "userAgent": "Mozilla/5.0 (Linux; Android 10; K) AppleWebKit/537.36 (KHTML, like Gecko) Chrome/145.0.0.0 Mobile Safari/537.36",
  "timestamp": "2026-04-13T20:10:43.434Z"
}