{
  "buildNumber": "276",
  "buildId": "BdYYCv-Z",
  "sessionId": "P2QeoMsYc",
  "durationSec": 8.038,
  "avgFps": 41.480945525205705,
  "minFps": 40.13490483125857,
  "maxFps": 42.24570034076106,
  "avgSectionTimingsMs": {
    "hud": 0.02822085922481092,
    "camera": 0.006748466403937779,
    "autoEngage": 0.003225806442457044,
    "syncPlayers": 0.10553846212533805,
    "syncUnits": 0.035999999321424045,
    "syncResources": 0.024923076629638673,
    "sendClientPoses": 0.0021538461171663726,
    "effectsAndFog": 0.05630769261947045,
    "syncStructures": 0.34999999950329463
  },
  "userAgent": "Mozilla/5.0 (Linux; Android 10; K) AppleWebKit/537.36 (KHTML, like Gecko) Chrome/145.0.0.0 Mobile Safari/537.36",
  "timestamp": "2026-04-13T20:20:27.010Z"
}