{
  "buildNumber": "276",
  "buildId": "BdYYCv-Z",
  "sessionId": "P2QeoMsYc",
  "durationSec": 44.477,
  "avgFps": 35.21555679698457,
  "minFps": 25.10062057770367,
  "maxFps": 42.24570034076106,
  "avgSectionTimingsMs": {
    "hud": 0.02600554803621422,
    "camera": 0.009500693473009065,
    "autoEngage": 0.0058966353148004885,
    "syncPlayers": 0.13872310895625292,
    "syncUnits": 0.714018043298675,
    "syncResources": 0.0294240109214015,
    "sendClientPoses": 0.10929909799348804,
    "effectsAndFog": 0.06328938255121441,
    "syncStructures": 0.18435582774548442
  },
  "userAgent": "Mozilla/5.0 (Linux; Android 10; K) AppleWebKit/537.36 (KHTML, like Gecko) Chrome/145.0.0.0 Mobile Safari/537.36",
  "timestamp": "2026-04-13T20:21:03.450Z"
}