{
  "buildNumber": "276",
  "buildId": "BdYYCv-Z",
  "sessionId": "P2QeoMsYc",
  "durationSec": 31.54,
  "avgFps": 37.40859607910851,
  "minFps": 30.10412674515579,
  "maxFps": 42.24570034076106,
  "avgSectionTimingsMs": {
    "hud": 0.0252707583110255,
    "camera": 0.007761732927298288,
    "autoEngage": 0.005011286625205529,
    "syncPlayers": 0.11842818441106698,
    "syncUnits": 0.41002710038407386,
    "syncResources": 0.026648599630879625,
    "sendClientPoses": 0.07371273728351714,
    "effectsAndFog": 0.0599819333734228,
    "syncStructures": 0.22403433432906483
  },
  "userAgent": "Mozilla/5.0 (Linux; Android 10; K) AppleWebKit/537.36 (KHTML, like Gecko) Chrome/145.0.0.0 Mobile Safari/537.36",
  "timestamp": "2026-04-13T20:20:50.512Z"
}