{
  "buildNumber": "274",
  "buildId": "CB7E_Olw",
  "sessionId": "PJns0EXEj",
  "durationSec": 0.781,
  "avgFps": 47.480058909652755,
  "minFps": 47.48005890965272,
  "maxFps": 47.48005890965272,
  "avgSectionTimingsMs": {
    "hud": 0.025806450074718844,
    "camera": 0.0032258062593398555,
    "autoEngage": 0,
    "syncPlayers": 0.12333333392937978,
    "syncUnits": 0.013333333532015483,
    "syncResources": 0.04333333174387614,
    "sendClientPoses": 0,
    "effectsAndFog": 0.0799999992052714,
    "syncStructures": 0
  },
  "userAgent": "Mozilla/5.0 (Linux; Android 10; K) AppleWebKit/537.36 (KHTML, like Gecko) Chrome/145.0.0.0 Mobile Safari/537.36",
  "timestamp": "2026-04-13T20:10:29.266Z"
}