{
  "buildNumber": "274",
  "buildId": "CB7E_Olw",
  "sessionId": "PJns0EXEj",
  "durationSec": 18.868,
  "avgFps": 43.608718634095915,
  "minFps": 37.85108603821611,
  "maxFps": 47.48005890965272,
  "avgSectionTimingsMs": {
    "hud": 0.017723156594674924,
    "camera": 0.006597671672258464,
    "autoEngage": 0.004012944995392487,
    "syncPlayers": 0.0914507777734124,
    "syncUnits": 0.3540155440568924,
    "syncResources": 0.02072538879405649,
    "sendClientPoses": 0.05194300498060612,
    "effectsAndFog": 0.05518134691091399,
    "syncStructures": 0.29507042236731085
  },
  "userAgent": "Mozilla/5.0 (Linux; Android 10; K) AppleWebKit/537.36 (KHTML, like Gecko) Chrome/145.0.0.0 Mobile Safari/537.36",
  "timestamp": "2026-04-13T20:10:47.353Z"
}