{
  "buildNumber": "274",
  "buildId": "CB7E_Olw",
  "sessionId": "PJns0EXEj",
  "durationSec": 3.923,
  "avgFps": 46.443288994323986,
  "minFps": 45.40970613938231,
  "maxFps": 47.48005890965272,
  "avgSectionTimingsMs": {
    "hud": 0.018965517652445828,
    "camera": 0.005747126608059324,
    "autoEngage": 0.002017290946042503,
    "syncPlayers": 0.08150289100029565,
    "syncUnits": 0.0225433522910741,
    "syncResources": 0.027745664464255977,
    "sendClientPoses": 0.005202312173181876,
    "effectsAndFog": 0.05722543304366184,
    "syncStructures": 0.1516129038026256
  },
  "userAgent": "Mozilla/5.0 (Linux; Android 10; K) AppleWebKit/537.36 (KHTML, like Gecko) Chrome/145.0.0.0 Mobile Safari/537.36",
  "timestamp": "2026-04-13T20:10:32.408Z"
}