{
  "buildNumber": "273",
  "buildId": "BF-xNiwv",
  "sessionId": "P_6xpY7hD",
  "durationSec": 6.196,
  "avgFps": 37.19522176385055,
  "minFps": 35.905774044603035,
  "maxFps": 40.321994488695054,
  "avgSectionTimingsMs": {
    "hud": 0.02453703736817395,
    "camera": 0.0074074072418389494,
    "autoEngage": 0.002552204093357803,
    "syncPlayers": 0.06465116337288258,
    "syncUnits": 0.03255813967349917,
    "syncResources": 0.033023255786230395,
    "sendClientPoses": 0.0032558138980421907,
    "effectsAndFog": 8.73999999955643,
    "syncStructures": 0.0065217387417088385
  },
  "userAgent": "Mozilla/5.0 (Linux; Android 10; K) AppleWebKit/537.36 (KHTML, like Gecko) Chrome/145.0.0.0 Mobile Safari/537.36",
  "timestamp": "2026-04-13T20:02:03.085Z"
}