{
  "buildNumber": "275",
  "buildId": "DlwQSAVw",
  "sessionId": "7MiGiHpAI",
  "durationSec": 13.514,
  "avgFps": 20.155968223940164,
  "minFps": 15.453768091335075,
  "maxFps": 22.740751086245204,
  "avgSectionTimingsMs": {
    "hud": 0.017171717753715388,
    "camera": 0.010101009900321062,
    "autoEngage": 0.006408094404921765,
    "syncPlayers": 0.12905405411446416,
    "syncUnits": 0.921621621460528,
    "syncStructures": 0.08181818205900866,
    "syncResources": 0.030743242921055975,
    "sendClientPoses": 0.18716216218229886,
    "effectsAndFog": 16.696621621984082
  },
  "userAgent": "Mozilla/5.0 (Linux; Android 10; K) AppleWebKit/537.36 (KHTML, like Gecko) Chrome/145.0.0.0 Mobile Safari/537.36",
  "timestamp": "2026-04-13T20:14:34.742Z"
}