{
  "buildNumber": "273",
  "buildId": "BF-xNiwv",
  "sessionId": "P_6xpY7hD",
  "durationSec": 40.902,
  "avgFps": 31.38640687223009,
  "minFps": 19.82888030923641,
  "maxFps": 40.321994488695054,
  "avgSectionTimingsMs": {
    "hud": 0.02632493495319741,
    "camera": 0.008079930427900922,
    "autoEngage": 0.004737070854308034,
    "syncPlayers": 0.08008695698302726,
    "syncUnits": 0.3276521739752396,
    "syncResources": 0.027043478203856428,
    "sendClientPoses": 0.05078260854534481,
    "effectsAndFog": 13.505652173835298,
    "syncStructures": 0.15979381463781664
  },
  "userAgent": "Mozilla/5.0 (Linux; Android 10; K) AppleWebKit/537.36 (KHTML, like Gecko) Chrome/145.0.0.0 Mobile Safari/537.36",
  "timestamp": "2026-04-13T20:02:37.792Z"
}