{
  "buildNumber": "273",
  "buildId": "BF-xNiwv",
  "sessionId": "P_6xpY7hD",
  "durationSec": 56.206,
  "avgFps": 28.94997861058962,
  "minFps": 18.005645273948964,
  "maxFps": 40.321994488695054,
  "avgSectionTimingsMs": {
    "hud": 0.026215644895904413,
    "camera": 0.0077519379634937826,
    "autoEngage": 0.005181529791287062,
    "syncPlayers": 0.08596614997292776,
    "syncUnits": 0.5643864597268771,
    "syncResources": 0.02722143853669106,
    "sendClientPoses": 0.09943582523188571,
    "effectsAndFog": 16.973977433021044,
    "syncStructures": 0.13958333347303173
  },
  "userAgent": "Mozilla/5.0 (Linux; Android 10; K) AppleWebKit/537.36 (KHTML, like Gecko) Chrome/145.0.0.0 Mobile Safari/537.36",
  "timestamp": "2026-04-13T20:02:53.095Z"
}