{
  "buildNumber": "273",
  "buildId": "BF-xNiwv",
  "sessionId": "P_6xpY7hD",
  "durationSec": 53.921,
  "avgFps": 29.26964511500858,
  "minFps": 18.005645273948964,
  "maxFps": 40.321994488695054,
  "avgSectionTimingsMs": {
    "hud": 0.02619738760032571,
    "camera": 0.007910014474859086,
    "autoEngage": 0.005263157894736842,
    "syncPlayers": 0.08547567228259777,
    "syncUnits": 0.5537400143728277,
    "syncResources": 0.027160493723274403,
    "sendClientPoses": 0.0929557008854098,
    "effectsAndFog": 16.533478576611504,
    "syncStructures": 0.14231805949198267
  },
  "userAgent": "Mozilla/5.0 (Linux; Android 10; K) AppleWebKit/537.36 (KHTML, like Gecko) Chrome/145.0.0.0 Mobile Safari/537.36",
  "timestamp": "2026-04-13T20:02:50.811Z"
}