{
  "buildNumber": "273",
  "buildId": "BF-xNiwv",
  "sessionId": "P_6xpY7hD",
  "durationSec": 9.865,
  "avgFps": 36.065635338761965,
  "minFps": 32.3977484250669,
  "maxFps": 40.321994488695054,
  "avgSectionTimingsMs": {
    "hud": 0.022222222277411708,
    "camera": 0.0074074072418389494,
    "autoEngage": 0.004636785254412125,
    "syncPlayers": 0.06996904087509533,
    "syncUnits": 0.033746129864878696,
    "syncResources": 0.029721362302915968,
    "sendClientPoses": 0.0034055727369645063,
    "effectsAndFog": 9.714241485569868,
    "syncStructures": 0.07499999966886309
  },
  "userAgent": "Mozilla/5.0 (Linux; Android 10; K) AppleWebKit/537.36 (KHTML, like Gecko) Chrome/145.0.0.0 Mobile Safari/537.36",
  "timestamp": "2026-04-13T20:02:06.754Z"
}