{
  "buildNumber": "276",
  "buildId": "BdYYCv-Z",
  "sessionId": "P2QeoMsYc",
  "durationSec": 13.088,
  "avgFps": 40.76980390908126,
  "minFps": 37.659943236324054,
  "maxFps": 42.24570034076106,
  "avgSectionTimingsMs": {
    "hud": 0.026315789706060994,
    "camera": 0.006627680497792264,
    "autoEngage": 0.004585365783877489,
    "syncPlayers": 0.1103515627910383,
    "syncUnits": 0.11328124959254637,
    "syncResources": 0.02753906202269718,
    "sendClientPoses": 0.021679687779396772,
    "effectsAndFog": 0.05742187553551048,
    "syncStructures": 0.308163264880375
  },
  "userAgent": "Mozilla/5.0 (Linux; Android 10; K) AppleWebKit/537.36 (KHTML, like Gecko) Chrome/145.0.0.0 Mobile Safari/537.36",
  "timestamp": "2026-04-13T20:20:32.061Z"
}