{
  "buildNumber": "273",
  "buildId": "BF-xNiwv",
  "sessionId": "P_6xpY7hD",
  "durationSec": 52.05,
  "avgFps": 29.554573689941858,
  "minFps": 18.00752703193195,
  "maxFps": 40.321994488695054,
  "avgSectionTimingsMs": {
    "hud": 0.02626488102777373,
    "camera": 0.008110119007705223,
    "autoEngage": 0.0052474879135995,
    "syncPlayers": 0.08488458723428972,
    "syncUnits": 0.53931496643523,
    "syncResources": 0.02769918084055829,
    "sendClientPoses": 0.0877885332279745,
    "effectsAndFog": 16.15189873411064,
    "syncStructures": 0.14484679682341126
  },
  "userAgent": "Mozilla/5.0 (Linux; Android 10; K) AppleWebKit/537.36 (KHTML, like Gecko) Chrome/145.0.0.0 Mobile Safari/537.36",
  "timestamp": "2026-04-13T20:02:48.939Z"
}