{
  "buildNumber": "273",
  "buildId": "BF-xNiwv",
  "sessionId": "P_6xpY7hD",
  "durationSec": 64.881,
  "avgFps": 27.8983771718554,
  "minFps": 18.005645273948964,
  "maxFps": 40.321994488695054,
  "avgSectionTimingsMs": {
    "hud": 0.02589058527206343,
    "camera": 0.008015267095947994,
    "autoEngage": 0.005440661814650494,
    "syncPlayers": 0.08860598387876034,
    "syncUnits": 0.5891788668271313,
    "syncResources": 0.02711648619683361,
    "sendClientPoses": 0.11871419508391926,
    "effectsAndFog": 18.475429662449354,
    "syncStructures": 0.12889908267817365
  },
  "userAgent": "Mozilla/5.0 (Linux; Android 10; K) AppleWebKit/537.36 (KHTML, like Gecko) Chrome/145.0.0.0 Mobile Safari/537.36",
  "timestamp": "2026-04-13T20:03:01.770Z"
}