{
  "buildNumber": "277",
  "buildId": "CMEduUks",
  "sessionId": "q0WoIYLvG",
  "durationSec": 9.954,
  "avgFps": 38.34429844356601,
  "minFps": 38.014368527508694,
  "maxFps": 39.361938941941844,
  "avgSectionTimingsMs": {
    "hud": 0.020430107590972735,
    "camera": 0.008064515968804718,
    "autoEngage": 0.0034993272049109354,
    "syncPlayers": 0.07277628032345014,
    "syncUnits": 0.030997304823199373,
    "syncResources": 0.02911051143854455,
    "sendClientPoses": 0.004851751973365516,
    "effectsAndFog": 0.05309972994411088,
    "syncStructures": 0.21733333388964335
  },
  "userAgent": "Mozilla/5.0 (Linux; Android 10; K) AppleWebKit/537.36 (KHTML, like Gecko) Chrome/145.0.0.0 Mobile Safari/537.36",
  "timestamp": "2026-04-13T20:25:14.793Z"
}