{
  "buildNumber": "277",
  "buildId": "CMEduUks",
  "sessionId": "q0WoIYLvG",
  "durationSec": 42.118,
  "avgFps": 34.54763083454887,
  "minFps": 26.510727529094936,
  "maxFps": 39.361938941941844,
  "avgSectionTimingsMs": {
    "hud": 0.02279411751557799,
    "camera": 0.009632352827226414,
    "autoEngage": 0.006178742221893305,
    "syncPlayers": 0.08785871927838189,
    "syncUnits": 0.796026490184645,
    "syncResources": 0.026342898980057178,
    "sendClientPoses": 0.08535688005886681,
    "effectsAndFog": 0.04996320828959905,
    "syncStructures": 0.15954692589426503
  },
  "userAgent": "Mozilla/5.0 (Linux; Android 10; K) AppleWebKit/537.36 (KHTML, like Gecko) Chrome/145.0.0.0 Mobile Safari/537.36",
  "timestamp": "2026-04-13T20:25:46.959Z"
}