{
  "buildNumber": "276",
  "buildId": "BdYYCv-Z",
  "sessionId": "P2QeoMsYc",
  "durationSec": 5.124,
  "avgFps": 41.55590821705051,
  "minFps": 41.125914193165954,
  "maxFps": 42.24570034076106,
  "avgSectionTimingsMs": {
    "hud": 0.02558139576468357,
    "camera": 0.006976744324661965,
    "autoEngage": 0.0025641026196779903,
    "syncPlayers": 0.10514018789073017,
    "syncUnits": 0.03271027981677902,
    "syncResources": 0.025233644748402534,
    "sendClientPoses": 0.0028037382899043714,
    "effectsAndFog": 0.05934579447608128,
    "syncStructures": 0.04999999858831104
  },
  "userAgent": "Mozilla/5.0 (Linux; Android 10; K) AppleWebKit/537.36 (KHTML, like Gecko) Chrome/145.0.0.0 Mobile Safari/537.36",
  "timestamp": "2026-04-13T20:20:24.096Z"
}