{
  "buildNumber": "277",
  "buildId": "CMEduUks",
  "sessionId": "q0WoIYLvG",
  "durationSec": 4.096,
  "avgFps": 28.87274768142561,
  "minFps": 28.48434442172548,
  "maxFps": 30.259186777423363,
  "avgSectionTimingsMs": {
    "hud": 0.026548672302634316,
    "camera": 0.011504425147993375,
    "autoEngage": 0.011111110978656346,
    "syncPlayers": 0.11071428603359632,
    "syncUnits": 1.5973214288907391,
    "syncResources": 0.025000001436897686,
    "sendClientPoses": 0.1901785715350083,
    "effectsAndFog": 0.050892857036420276,
    "syncStructures": 0.07499999872275762
  },
  "userAgent": "Mozilla/5.0 (Linux; Android 10; K) AppleWebKit/537.36 (KHTML, like Gecko) Chrome/145.0.0.0 Mobile Safari/537.36",
  "timestamp": "2026-04-13T20:26:03.711Z"
}