{
  "buildNumber": "277",
  "buildId": "CMEduUks",
  "sessionId": "q0WoIYLvG",
  "durationSec": 2.148,
  "avgFps": 29.17934558319602,
  "minFps": 28.64579256230064,
  "maxFps": 30.259186777423363,
  "avgSectionTimingsMs": {
    "hud": 0.024137931137249387,
    "camera": 0.015517241482076973,
    "autoEngage": 0.012173912836157758,
    "syncPlayers": 0.11754386048567922,
    "syncUnits": 1.9210526331474906,
    "syncResources": 0.026315791042227494,
    "sendClientPoses": 0.20701754406878822,
    "effectsAndFog": 0.047368420320644714,
    "syncStructures": 0.10714285501411983
  },
  "userAgent": "Mozilla/5.0 (Linux; Android 10; K) AppleWebKit/537.36 (KHTML, like Gecko) Chrome/145.0.0.0 Mobile Safari/537.36",
  "timestamp": "2026-04-13T20:26:01.763Z"
}