{
  "buildNumber": "275",
  "buildId": "DlwQSAVw",
  "sessionId": "7MiGiHpAI",
  "durationSec": 7.184,
  "avgFps": 18.53555201927836,
  "minFps": 15.453768091335075,
  "maxFps": 20.823205005844105,
  "avgSectionTimingsMs": {
    "hud": 0.02402597510969484,
    "camera": 0.0103896101573845,
    "autoEngage": 0.007817589401810487,
    "syncPlayers": 0.14183006508677615,
    "syncUnits": 1.1143790853568931,
    "syncStructures": 0.08076922939373897,
    "syncResources": 0.03529411710165684,
    "sendClientPoses": 0.21241830143274046,
    "effectsAndFog": 17.32875817020734
  },
  "userAgent": "Mozilla/5.0 (Linux; Android 10; K) AppleWebKit/537.36 (KHTML, like Gecko) Chrome/145.0.0.0 Mobile Safari/537.36",
  "timestamp": "2026-04-13T20:14:28.412Z"
}