{
  "buildNumber": "277",
  "buildId": "CMEduUks",
  "sessionId": "q0WoIYLvG",
  "durationSec": 27.856,
  "avgFps": 37.141315489808505,
  "minFps": 30.267396097498498,
  "maxFps": 39.361938941941844,
  "avgSectionTimingsMs": {
    "hud": 0.023265305982560526,
    "camera": 0.008469387554392523,
    "autoEngage": 0.005308831115350728,
    "syncPlayers": 0.07926455548031215,
    "syncUnits": 0.369867211799456,
    "syncResources": 0.026149131608812996,
    "sendClientPoses": 0.044841675093517365,
    "effectsAndFog": 0.04933605709163599,
    "syncStructures": 0.20721153843288237
  },
  "userAgent": "Mozilla/5.0 (Linux; Android 10; K) AppleWebKit/537.36 (KHTML, like Gecko) Chrome/145.0.0.0 Mobile Safari/537.36",
  "timestamp": "2026-04-13T20:25:32.695Z"
}