{
  "buildNumber": "276",
  "buildId": "BdYYCv-Z",
  "sessionId": "P2QeoMsYc",
  "durationSec": 50.401,
  "avgFps": 34.28436966123693,
  "minFps": 23.683057422248037,
  "maxFps": 42.24570034076106,
  "avgSectionTimingsMs": {
    "hud": 0.026299113008761435,
    "camera": 0.010139416964637311,
    "autoEngage": 0.006307448401881851,
    "syncPlayers": 0.14451490171589124,
    "syncUnits": 0.7547875715912182,
    "syncResources": 0.029232720237936334,
    "sendClientPoses": 0.12079898539644748,
    "effectsAndFog": 0.06265060258728081,
    "syncStructures": 0.1967567563862414
  },
  "userAgent": "Mozilla/5.0 (Linux; Android 10; K) AppleWebKit/537.36 (KHTML, like Gecko) Chrome/145.0.0.0 Mobile Safari/537.36",
  "timestamp": "2026-04-13T20:21:09.376Z"
}