{
  "buildNumber": "277",
  "buildId": "CMEduUks",
  "sessionId": "q0WoIYLvG",
  "durationSec": 19.218,
  "avgFps": 37.98252847875766,
  "minFps": 36.94121099749357,
  "maxFps": 39.361938941941844,
  "avgSectionTimingsMs": {
    "hud": 0.02147838194832476,
    "camera": 0.007949790612091745,
    "autoEngage": 0.0037683183632775444,
    "syncPlayers": 0.07416201116485968,
    "syncUnits": 0.03407821275668437,
    "syncResources": 0.024720670083048624,
    "sendClientPoses": 0.005027932952569184,
    "effectsAndFog": 0.04804469245439135,
    "syncStructures": 0.2527777778191699
  },
  "userAgent": "Mozilla/5.0 (Linux; Android 10; K) AppleWebKit/537.36 (KHTML, like Gecko) Chrome/145.0.0.0 Mobile Safari/537.36",
  "timestamp": "2026-04-13T20:25:24.057Z"
}