{
  "buildNumber": "277",
  "buildId": "CMEduUks",
  "sessionId": "q0WoIYLvG",
  "durationSec": 6.473,
  "avgFps": 28.778182067170963,
  "minFps": 28.48434442172548,
  "maxFps": 30.259186777423363,
  "avgSectionTimingsMs": {
    "hud": 0.027777777777777776,
    "camera": 0.009444444709353976,
    "autoEngage": 0.009470752105739456,
    "syncPlayers": 0.10893854748603352,
    "syncUnits": 1.3983240222464726,
    "syncResources": 0.02402234726777956,
    "sendClientPoses": 0.18659217847126155,
    "effectsAndFog": 0.047486033353059655,
    "syncStructures": 0.06222222116258409
  },
  "userAgent": "Mozilla/5.0 (Linux; Android 10; K) AppleWebKit/537.36 (KHTML, like Gecko) Chrome/145.0.0.0 Mobile Safari/537.36",
  "timestamp": "2026-04-13T20:26:06.088Z"
}