{
  "buildNumber": "276",
  "buildId": "BdYYCv-Z",
  "sessionId": "P2QeoMsYc",
  "durationSec": 21.446,
  "avgFps": 39.22396585848821,
  "minFps": 35.05566234700809,
  "maxFps": 42.24570034076106,
  "avgSectionTimingsMs": {
    "hud": 0.026932668693345086,
    "camera": 0.006483790657466784,
    "autoEngage": 0.004928259442764301,
    "syncPlayers": 0.1118601749229074,
    "syncUnits": 0.22496878899885028,
    "syncResources": 0.027340823791446756,
    "sendClientPoses": 0.041448189896739526,
    "effectsAndFog": 0.05930087424247304,
    "syncStructures": 0.28930817591319297
  },
  "userAgent": "Mozilla/5.0 (Linux; Android 10; K) AppleWebKit/537.36 (KHTML, like Gecko) Chrome/145.0.0.0 Mobile Safari/537.36",
  "timestamp": "2026-04-13T20:20:40.418Z"
}