{
  "buildNumber": "273",
  "buildId": "BF-xNiwv",
  "sessionId": "P_6xpY7hD",
  "durationSec": 46.256,
  "avgFps": 30.47354934970762,
  "minFps": 18.48673624525825,
  "maxFps": 40.321994488695054,
  "avgSectionTimingsMs": {
    "hud": 0.025803858587979504,
    "camera": 0.008118970984431324,
    "autoEngage": 0.005106554088412301,
    "syncPlayers": 0.08262268758932621,
    "syncUnits": 0.46790024125086904,
    "syncResources": 0.0273531777237273,
    "sendClientPoses": 0.0689460981160714,
    "effectsAndFog": 14.819871279110567,
    "syncStructures": 0.15123456826916448
  },
  "userAgent": "Mozilla/5.0 (Linux; Android 10; K) AppleWebKit/537.36 (KHTML, like Gecko) Chrome/145.0.0.0 Mobile Safari/537.36",
  "timestamp": "2026-04-13T20:02:43.145Z"
}