{
  "buildNumber": "276",
  "buildId": "BdYYCv-Z",
  "sessionId": "P2QeoMsYc",
  "durationSec": 41.548,
  "avgFps": 35.722642680290654,
  "minFps": 25.682952480482772,
  "maxFps": 42.24570034076106,
  "avgSectionTimingsMs": {
    "hud": 0.025893508561939154,
    "camera": 0.009482129832239242,
    "autoEngage": 0.005727836442924425,
    "syncPlayers": 0.1359124087721762,
    "syncUnits": 0.6681021900507655,
    "syncResources": 0.029270072770814826,
    "sendClientPoses": 0.103941606104809,
    "effectsAndFog": 0.06350364983081817,
    "syncStructures": 0.19177631524048352
  },
  "userAgent": "Mozilla/5.0 (Linux; Android 10; K) AppleWebKit/537.36 (KHTML, like Gecko) Chrome/145.0.0.0 Mobile Safari/537.36",
  "timestamp": "2026-04-13T20:21:00.520Z"
}