{
  "buildNumber": "273",
  "buildId": "BF-xNiwv",
  "sessionId": "P_6xpY7hD",
  "durationSec": 13.846,
  "avgFps": 35.096910233253546,
  "minFps": 32.298311318800174,
  "maxFps": 40.321994488695054,
  "avgSectionTimingsMs": {
    "hud": 0.022075055319215553,
    "camera": 0.008830021943477605,
    "autoEngage": 0.004198895040796607,
    "syncPlayers": 0.0707964605725972,
    "syncUnits": 0.03495575223876312,
    "syncResources": 0.025884955857707337,
    "sendClientPoses": 0.004203539704327035,
    "effectsAndFog": 9.826106194571583,
    "syncStructures": 0.18217821729065167
  },
  "userAgent": "Mozilla/5.0 (Linux; Android 10; K) AppleWebKit/537.36 (KHTML, like Gecko) Chrome/145.0.0.0 Mobile Safari/537.36",
  "timestamp": "2026-04-13T20:02:10.736Z"
}