{
  "buildNumber": "277",
  "buildId": "CMEduUks",
  "sessionId": "q0WoIYLvG",
  "durationSec": 6.776,
  "avgFps": 38.39060634813411,
  "minFps": 38.014368527508694,
  "maxFps": 39.361938941941844,
  "avgSectionTimingsMs": {
    "hud": 0.020472440545953166,
    "camera": 0.005905511811023622,
    "autoEngage": 0.0029585801167836085,
    "syncPlayers": 0.06837944656963876,
    "syncUnits": 0.028853754987829758,
    "syncResources": 0.028063240258590035,
    "sendClientPoses": 0.003952569169960474,
    "effectsAndFog": 0.04584980175900365,
    "syncStructures": 0.1686274526165981
  },
  "userAgent": "Mozilla/5.0 (Linux; Android 10; K) AppleWebKit/537.36 (KHTML, like Gecko) Chrome/145.0.0.0 Mobile Safari/537.36",
  "timestamp": "2026-04-13T20:25:11.615Z"
}