{
  "buildNumber": "276",
  "buildId": "BdYYCv-Z",
  "sessionId": "P2QeoMsYc",
  "durationSec": 39.007,
  "avgFps": 36.0811198134494,
  "minFps": 27.76340537041469,
  "maxFps": 42.24570034076106,
  "avgSectionTimingsMs": {
    "hud": 0.02551409005210859,
    "camera": 0.009367859849290637,
    "autoEngage": 0.005561904668807983,
    "syncPlayers": 0.13094512196030558,
    "syncUnits": 0.5865853661444129,
    "syncResources": 0.0285060973383668,
    "sendClientPoses": 0.0951981709634022,
    "effectsAndFog": 0.06227134163605004,
    "syncStructures": 0.19615384561198573
  },
  "userAgent": "Mozilla/5.0 (Linux; Android 10; K) AppleWebKit/537.36 (KHTML, like Gecko) Chrome/145.0.0.0 Mobile Safari/537.36",
  "timestamp": "2026-04-13T20:20:57.979Z"
}