{
  "buildNumber": "277",
  "buildId": "CMEduUks",
  "sessionId": "q0WoIYLvG",
  "durationSec": 18.119,
  "avgFps": 37.97304189221443,
  "minFps": 36.94121099749357,
  "maxFps": 39.361938941941844,
  "avgSectionTimingsMs": {
    "hud": 0.021185185070391053,
    "camera": 0.008148147971541793,
    "autoEngage": 0.003706449376290776,
    "syncPlayers": 0.0741839762169105,
    "syncUnits": 0.034569733397543254,
    "syncResources": 0.02507418363136778,
    "sendClientPoses": 0.005044510350383,
    "effectsAndFog": 0.047477744453384894,
    "syncStructures": 0.25294117651441517
  },
  "userAgent": "Mozilla/5.0 (Linux; Android 10; K) AppleWebKit/537.36 (KHTML, like Gecko) Chrome/145.0.0.0 Mobile Safari/537.36",
  "timestamp": "2026-04-13T20:25:22.958Z"
}