{
  "buildNumber": "277",
  "buildId": "CMEduUks",
  "sessionId": "q0WoIYLvG",
  "durationSec": 38.444,
  "avgFps": 35.12379766904847,
  "minFps": 26.510727529094936,
  "maxFps": 39.361938941941844,
  "avgSectionTimingsMs": {
    "hud": 0.02253968235519197,
    "camera": 0.009761904653102633,
    "autoEngage": 0.006272330330022983,
    "syncPlayers": 0.08649721966554855,
    "syncUnits": 0.754408260746737,
    "syncResources": 0.026211278603321224,
    "sendClientPoses": 0.07728355822343501,
    "effectsAndFog": 0.049722001631170916,
    "syncStructures": 0.16749116652003446
  },
  "userAgent": "Mozilla/5.0 (Linux; Android 10; K) AppleWebKit/537.36 (KHTML, like Gecko) Chrome/145.0.0.0 Mobile Safari/537.36",
  "timestamp": "2026-04-13T20:25:43.283Z"
}