{
  "buildNumber": "275",
  "buildId": "DlwQSAVw",
  "sessionId": "7MiGiHpAI",
  "durationSec": 3.706,
  "avgFps": 17.11701675851089,
  "minFps": 15.453768091335075,
  "maxFps": 18.675808413531986,
  "avgSectionTimingsMs": {
    "hud": 0.022784811786458463,
    "camera": 0.01012658205213426,
    "autoEngage": 0.006369426561768647,
    "syncPlayers": 0.12179487103070968,
    "syncUnits": 1.312820512514848,
    "syncStructures": 0.08076923168622531,
    "syncResources": 0.0384615380794574,
    "sendClientPoses": 0.22051281997790703,
    "effectsAndFog": 17.71794871871288
  },
  "userAgent": "Mozilla/5.0 (Linux; Android 10; K) AppleWebKit/537.36 (KHTML, like Gecko) Chrome/145.0.0.0 Mobile Safari/537.36",
  "timestamp": "2026-04-13T20:14:24.934Z"
}