{
  "buildNumber": "273",
  "buildId": "BF-xNiwv",
  "sessionId": "P_6xpY7hD",
  "durationSec": 6.656,
  "avgFps": 37.11149139247081,
  "minFps": 35.905774044603035,
  "maxFps": 40.321994488695054,
  "avgSectionTimingsMs": {
    "hud": 0.023809524196566956,
    "camera": 0.007359307178687224,
    "autoEngage": 0.0026030368504969003,
    "syncPlayers": 0.06434782691623854,
    "syncUnits": 0.033478260947310406,
    "syncResources": 0.03173913035703742,
    "sendClientPoses": 0.0030434782090394395,
    "effectsAndFog": 8.864347825620486,
    "syncStructures": 0.00612244861466544
  },
  "userAgent": "Mozilla/5.0 (Linux; Android 10; K) AppleWebKit/537.36 (KHTML, like Gecko) Chrome/145.0.0.0 Mobile Safari/537.36",
  "timestamp": "2026-04-13T20:02:03.545Z"
}