{
  "buildNumber": "277",
  "buildId": "CMEduUks",
  "sessionId": "q0WoIYLvG",
  "durationSec": 3.56,
  "avgFps": 38.48422246746157,
  "minFps": 38.293317991131715,
  "maxFps": 39.361938941941844,
  "avgSectionTimingsMs": {
    "hud": 0.020454545138460217,
    "camera": 0.006818181863336852,
    "autoEngage": 0.003802281708771738,
    "syncPlayers": 0.07633587786259542,
    "syncUnits": 0.02595419851878217,
    "syncResources": 0.026717556569412465,
    "sendClientPoses": 0.002290076199378676,
    "effectsAndFog": 0.04122137318130668,
    "syncStructures": 0.007692308380053594
  },
  "userAgent": "Mozilla/5.0 (Linux; Android 10; K) AppleWebKit/537.36 (KHTML, like Gecko) Chrome/145.0.0.0 Mobile Safari/537.36",
  "timestamp": "2026-04-13T20:25:08.399Z"
}