{
  "buildNumber": "274",
  "buildId": "CB7E_Olw",
  "sessionId": "PJns0EXEj",
  "durationSec": 22.049,
  "avgFps": 42.81596091154481,
  "minFps": 36.37866394177931,
  "maxFps": 47.48005890965272,
  "avgSectionTimingsMs": {
    "hud": 0.018192090355070297,
    "camera": 0.007683615967378778,
    "autoEngage": 0.0040700960927524425,
    "syncPlayers": 0.09343891435753705,
    "syncUnits": 0.44196832598064817,
    "syncResources": 0.020475113250281476,
    "sendClientPoses": 0.06312217179062139,
    "effectsAndFog": 0.05497737532287701,
    "syncStructures": 0.2638554213994957
  },
  "userAgent": "Mozilla/5.0 (Linux; Android 10; K) AppleWebKit/537.36 (KHTML, like Gecko) Chrome/145.0.0.0 Mobile Safari/537.36",
  "timestamp": "2026-04-13T20:10:50.534Z"
}