{
  "buildNumber": "277",
  "buildId": "CMEduUks",
  "sessionId": "q0WoIYLvG",
  "durationSec": 20.501,
  "avgFps": 37.9850047263375,
  "minFps": 36.94121099749357,
  "maxFps": 39.361938941941844,
  "avgSectionTimingsMs": {
    "hud": 0.02197368399877297,
    "camera": 0.007763157706511648,
    "autoEngage": 0.004147465582973789,
    "syncPlayers": 0.07615283269027791,
    "syncUnits": 0.08168642982663844,
    "syncResources": 0.024242423936155316,
    "sendClientPoses": 0.013175230527269667,
    "effectsAndFog": 0.0492753620518369,
    "syncStructures": 0.24870129877870734
  },
  "userAgent": "Mozilla/5.0 (Linux; Android 10; K) AppleWebKit/537.36 (KHTML, like Gecko) Chrome/145.0.0.0 Mobile Safari/537.36",
  "timestamp": "2026-04-13T20:25:25.340Z"
}