{
  "buildNumber": "277",
  "buildId": "CMEduUks",
  "sessionId": "q0WoIYLvG",
  "durationSec": 1.261,
  "avgFps": 29.507565581407487,
  "minFps": 29.19439008306752,
  "maxFps": 30.259186777423363,
  "avgSectionTimingsMs": {
    "hud": 0.023529411238782546,
    "camera": 0.017647059524760526,
    "autoEngage": 0.013432835465046897,
    "syncPlayers": 0.12121212301832257,
    "syncUnits": 2.0515151529601128,
    "syncResources": 0.027272729259548767,
    "sendClientPoses": 0.2151515158739957,
    "effectsAndFog": 0.04848484740112767,
    "syncStructures": 0.14999999850988388
  },
  "userAgent": "Mozilla/5.0 (Linux; Android 10; K) AppleWebKit/537.36 (KHTML, like Gecko) Chrome/145.0.0.0 Mobile Safari/537.36",
  "timestamp": "2026-04-13T20:26:00.876Z"
}