{
  "buildNumber": "277",
  "buildId": "CMEduUks",
  "sessionId": "q0WoIYLvG",
  "durationSec": 2.009,
  "avgFps": 29.218868029188275,
  "minFps": 28.64579256230064,
  "maxFps": 30.259186777423363,
  "avgSectionTimingsMs": {
    "hud": 0.024074074294832017,
    "camera": 0.014814815035572759,
    "autoEngage": 0.013084111926711607,
    "syncPlayers": 0.11698113241285649,
    "syncUnits": 1.9849056629639752,
    "syncResources": 0.02452830267402361,
    "sendClientPoses": 0.20754717037362871,
    "effectsAndFog": 0.04716981019613878,
    "syncStructures": 0.11538461309212905
  },
  "userAgent": "Mozilla/5.0 (Linux; Android 10; K) AppleWebKit/537.36 (KHTML, like Gecko) Chrome/145.0.0.0 Mobile Safari/537.36",
  "timestamp": "2026-04-13T20:26:01.624Z"
}