{
  "buildNumber": "274",
  "buildId": "CB7E_Olw",
  "sessionId": "PJns0EXEj",
  "durationSec": 11.575,
  "avgFps": 45.25059987136367,
  "minFps": 44.012616156154714,
  "maxFps": 47.48005890965272,
  "avgSectionTimingsMs": {
    "hud": 0.018379446781671093,
    "camera": 0.006126482496148513,
    "autoEngage": 0.002274975254321075,
    "syncPlayers": 0.08435643651697895,
    "syncUnits": 0.017227722630642428,
    "syncResources": 0.01900990109632511,
    "sendClientPoses": 0.005544554479051345,
    "effectsAndFog": 0.05188118768210458,
    "syncStructures": 0.39431818202137947
  },
  "userAgent": "Mozilla/5.0 (Linux; Android 10; K) AppleWebKit/537.36 (KHTML, like Gecko) Chrome/145.0.0.0 Mobile Safari/537.36",
  "timestamp": "2026-04-13T20:10:40.060Z"
}