{
  "buildNumber": "273",
  "buildId": "BF-xNiwv",
  "sessionId": "P_6xpY7hD",
  "durationSec": 8.215,
  "avgFps": 36.65911657720786,
  "minFps": 33.1969979000892,
  "maxFps": 40.321994488695054,
  "avgSectionTimingsMs": {
    "hud": 0.022262773918409418,
    "camera": 0.006934306373561386,
    "autoEngage": 0.0032906764386123016,
    "syncPlayers": 0.06776556842056386,
    "syncUnits": 0.034065933782102424,
    "syncResources": 0.03040293044659681,
    "sendClientPoses": 0.003296703209370484,
    "effectsAndFog": 9.344688644230148,
    "syncStructures": 0.0066666662693023685
  },
  "userAgent": "Mozilla/5.0 (Linux; Android 10; K) AppleWebKit/537.36 (KHTML, like Gecko) Chrome/145.0.0.0 Mobile Safari/537.36",
  "timestamp": "2026-04-13T20:02:05.104Z"
}