{
  "buildNumber": "276",
  "buildId": "BdYYCv-Z",
  "sessionId": "P2QeoMsYc",
  "durationSec": 2.249,
  "avgFps": 41.29900618517717,
  "minFps": 41.125914193165954,
  "maxFps": 41.50832673365585,
  "avgSectionTimingsMs": {
    "hud": 0.0315789470547124,
    "camera": 0.004210526692239862,
    "autoEngage": 0.003174603300750571,
    "syncPlayers": 0.1244680865647945,
    "syncUnits": 0.02446808491615539,
    "syncResources": 0.031914893299975294,
    "sendClientPoses": 0.001063829723824846,
    "effectsAndFog": 0.06702127608847111,
    "syncStructures": 0.10624999739229679
  },
  "userAgent": "Mozilla/5.0 (Linux; Android 10; K) AppleWebKit/537.36 (KHTML, like Gecko) Chrome/145.0.0.0 Mobile Safari/537.36",
  "timestamp": "2026-04-13T20:20:21.221Z"
}