{
  "buildNumber": "274",
  "buildId": "CB7E_Olw",
  "sessionId": "PJns0EXEj",
  "durationSec": 1.808,
  "avgFps": 46.49448725104267,
  "minFps": 45.86004418223954,
  "maxFps": 47.48005890965272,
  "avgSectionTimingsMs": {
    "hud": 0.022499999776482583,
    "camera": 0.003750000149011612,
    "autoEngage": 0,
    "syncPlayers": 0.09240506381928167,
    "syncUnits": 0.020253164481513108,
    "syncResources": 0.03037974766538113,
    "sendClientPoses": 0.006329113924050633,
    "effectsAndFog": 0.06202531690838971,
    "syncStructures": 0
  },
  "userAgent": "Mozilla/5.0 (Linux; Android 10; K) AppleWebKit/537.36 (KHTML, like Gecko) Chrome/145.0.0.0 Mobile Safari/537.36",
  "timestamp": "2026-04-13T20:10:30.293Z"
}