{
  "buildNumber": "273",
  "buildId": "BF-xNiwv",
  "sessionId": "P_6xpY7hD",
  "durationSec": 34.226,
  "avgFps": 32.62373563557293,
  "minFps": 23.839220387073325,
  "maxFps": 40.321994488695054,
  "avgSectionTimingsMs": {
    "hud": 0.02666015620343387,
    "camera": 0.007910156156867743,
    "autoEngage": 0.004640937957987298,
    "syncPlayers": 0.07820136901919793,
    "syncUnits": 0.22150537645478868,
    "syncResources": 0.02756598236390689,
    "sendClientPoses": 0.029325513109084097,
    "effectsAndFog": 11.646138807137808,
    "syncStructures": 0.17751004011276736
  },
  "userAgent": "Mozilla/5.0 (Linux; Android 10; K) AppleWebKit/537.36 (KHTML, like Gecko) Chrome/145.0.0.0 Mobile Safari/537.36",
  "timestamp": "2026-04-13T20:02:31.115Z"
}