{
  "buildNumber": "277",
  "buildId": "CMEduUks",
  "sessionId": "q0WoIYLvG",
  "durationSec": 1.333,
  "avgFps": 29.49016694261082,
  "minFps": 29.19439008306752,
  "maxFps": 30.259186777423363,
  "avgSectionTimingsMs": {
    "hud": 0.025000000165568456,
    "camera": 0.016666667328940496,
    "autoEngage": 0.012676056002227354,
    "syncPlayers": 0.12000000136239188,
    "syncUnits": 2.017142859527043,
    "syncResources": 0.028571430274418424,
    "sendClientPoses": 0.21142857245036534,
    "effectsAndFog": 0.048571427379335674,
    "syncStructures": 0.14444444245762295
  },
  "userAgent": "Mozilla/5.0 (Linux; Android 10; K) AppleWebKit/537.36 (KHTML, like Gecko) Chrome/145.0.0.0 Mobile Safari/537.36",
  "timestamp": "2026-04-13T20:26:00.948Z"
}