{
  "buildNumber": "276",
  "buildId": "BdYYCv-Z",
  "sessionId": "P2QeoMsYc",
  "durationSec": 4.918,
  "avgFps": 41.529249584250074,
  "minFps": 41.125914193165954,
  "maxFps": 42.24570034076106,
  "avgSectionTimingsMs": {
    "hud": 0.02560386522380626,
    "camera": 0.006280193294304005,
    "autoEngage": 0.002421307578213856,
    "syncPlayers": 0.105825243644344,
    "syncUnits": 0.03349514508131638,
    "syncResources": 0.02572815510833148,
    "sendClientPoses": 0.0019417476017498277,
    "effectsAndFog": 0.060194174641544376,
    "syncStructures": 0.04999999867545234
  },
  "userAgent": "Mozilla/5.0 (Linux; Android 10; K) AppleWebKit/537.36 (KHTML, like Gecko) Chrome/145.0.0.0 Mobile Safari/537.36",
  "timestamp": "2026-04-13T20:20:23.890Z"
}