{
  "buildNumber": "273",
  "buildId": "BF-xNiwv",
  "sessionId": "P_6xpY7hD",
  "durationSec": 63.234,
  "avgFps": 28.08229375969125,
  "minFps": 18.005645273948964,
  "maxFps": 40.321994488695054,
  "avgSectionTimingsMs": {
    "hud": 0.02624756968878958,
    "camera": 0.007841866432036661,
    "autoEngage": 0.005380875229642302,
    "syncPlayers": 0.08813229614890503,
    "syncUnits": 0.5856679635830272,
    "syncResources": 0.02710765231057673,
    "sendClientPoses": 0.11582360589627935,
    "effectsAndFog": 18.204085602989146,
    "syncStructures": 0.13075117389081228
  },
  "userAgent": "Mozilla/5.0 (Linux; Android 10; K) AppleWebKit/537.36 (KHTML, like Gecko) Chrome/145.0.0.0 Mobile Safari/537.36",
  "timestamp": "2026-04-13T20:03:00.123Z"
}