{
  "buildNumber": "274",
  "buildId": "CB7E_Olw",
  "sessionId": "PJns0EXEj",
  "durationSec": 24.578,
  "avgFps": 42.24309643089807,
  "minFps": 33.33799846725086,
  "maxFps": 47.48005890965272,
  "avgSectionTimingsMs": {
    "hud": 0.018124999944120646,
    "camera": 0.007604166772216559,
    "autoEngage": 0.004377279805292246,
    "syncPlayers": 0.09916579797941652,
    "syncUnits": 0.5485922839022528,
    "syncResources": 0.02033368094869898,
    "sendClientPoses": 0.07445255475074083,
    "effectsAndFog": 0.056308654600189176,
    "syncStructures": 0.25489130389431247
  },
  "userAgent": "Mozilla/5.0 (Linux; Android 10; K) AppleWebKit/537.36 (KHTML, like Gecko) Chrome/145.0.0.0 Mobile Safari/537.36",
  "timestamp": "2026-04-13T20:10:53.063Z"
}