{
  "buildNumber": "277",
  "buildId": "CMEduUks",
  "sessionId": "q0WoIYLvG",
  "durationSec": 23.027,
  "avgFps": 37.82548670186474,
  "minFps": 35.221455159829034,
  "maxFps": 39.361938941941844,
  "avgSectionTimingsMs": {
    "hud": 0.023159144716138228,
    "camera": 0.007719714787397135,
    "autoEngage": 0.004693998939142437,
    "syncPlayers": 0.07717003571434339,
    "syncUnits": 0.1714625448590935,
    "syncResources": 0.02568370954318506,
    "sendClientPoses": 0.026516052155659116,
    "effectsAndFog": 0.048632579985186546,
    "syncStructures": 0.23410404641504232
  },
  "userAgent": "Mozilla/5.0 (Linux; Android 10; K) AppleWebKit/537.36 (KHTML, like Gecko) Chrome/145.0.0.0 Mobile Safari/537.36",
  "timestamp": "2026-04-13T20:25:27.866Z"
}