{
  "buildNumber": "277",
  "buildId": "CMEduUks",
  "sessionId": "q0WoIYLvG",
  "durationSec": 1.305,
  "avgFps": 38.718163399867876,
  "minFps": 38.52145420645638,
  "maxFps": 39.361938941941844,
  "avgSectionTimingsMs": {
    "hud": 0.02553191400588827,
    "camera": 0.004255318895299384,
    "autoEngage": 0.004301075973818379,
    "syncPlayers": 0.08043478105379187,
    "syncUnits": 0.026086957558341648,
    "syncResources": 0.021739129786906036,
    "sendClientPoses": 0.002173912913902946,
    "effectsAndFog": 0.05434782543907995,
    "syncStructures": 0.011111113760206435
  },
  "userAgent": "Mozilla/5.0 (Linux; Android 10; K) AppleWebKit/537.36 (KHTML, like Gecko) Chrome/145.0.0.0 Mobile Safari/537.36",
  "timestamp": "2026-04-13T20:25:06.144Z"
}