{
  "buildNumber": "276",
  "buildId": "BdYYCv-Z",
  "sessionId": "P2QeoMsYc",
  "durationSec": 17.923,
  "avgFps": 39.803405697495634,
  "minFps": 36.559663552824205,
  "maxFps": 42.24570034076106,
  "avgSectionTimingsMs": {
    "hud": 0.02704678397429617,
    "camera": 0.005994152168781437,
    "autoEngage": 0.004681784869461227,
    "syncPlayers": 0.11039531492733153,
    "syncUnits": 0.18989751083260922,
    "syncResources": 0.027525622010405554,
    "sendClientPoses": 0.034846266576172145,
    "effectsAndFog": 0.05827232837502464,
    "syncStructures": 0.29699248120300753
  },
  "userAgent": "Mozilla/5.0 (Linux; Android 10; K) AppleWebKit/537.36 (KHTML, like Gecko) Chrome/145.0.0.0 Mobile Safari/537.36",
  "timestamp": "2026-04-13T20:20:36.895Z"
}