{
  "buildNumber": "274",
  "buildId": "CB7E_Olw",
  "sessionId": "PJns0EXEj",
  "durationSec": 26.322,
  "avgFps": 41.73527352971254,
  "minFps": 32.56512413782861,
  "maxFps": 47.48005890965272,
  "avgSectionTimingsMs": {
    "hud": 0.01802955657390538,
    "camera": 0.008177340001308273,
    "autoEngage": 0.004337111868959392,
    "syncPlayers": 0.0998027615939842,
    "syncUnits": 0.5699211047481033,
    "syncResources": 0.020216962583436533,
    "sendClientPoses": 0.0800788954517545,
    "effectsAndFog": 0.05611439822223294,
    "syncStructures": 0.24365482203246372
  },
  "userAgent": "Mozilla/5.0 (Linux; Android 10; K) AppleWebKit/537.36 (KHTML, like Gecko) Chrome/145.0.0.0 Mobile Safari/537.36",
  "timestamp": "2026-04-13T20:10:54.808Z"
}