{
  "buildNumber": "277",
  "buildId": "CMEduUks",
  "sessionId": "q0WoIYLvG",
  "durationSec": 19.554,
  "avgFps": 37.986465950869764,
  "minFps": 36.94121099749357,
  "maxFps": 39.361938941941844,
  "avgSectionTimingsMs": {
    "hud": 0.021428571215697696,
    "camera": 0.00796703277872159,
    "autoEngage": 0.003780068871901207,
    "syncPlayers": 0.0749656121045392,
    "syncUnits": 0.048830811964268535,
    "syncResources": 0.024759284444819455,
    "sendClientPoses": 0.008115543336946994,
    "effectsAndFog": 0.04924346602930491,
    "syncStructures": 0.2489795917961873
  },
  "userAgent": "Mozilla/5.0 (Linux; Android 10; K) AppleWebKit/537.36 (KHTML, like Gecko) Chrome/145.0.0.0 Mobile Safari/537.36",
  "timestamp": "2026-04-13T20:25:24.393Z"
}