{
  "buildNumber": "273",
  "buildId": "BF-xNiwv",
  "sessionId": "P_6xpY7hD",
  "durationSec": 5.655,
  "avgFps": 37.29262094610566,
  "minFps": 35.9435983015165,
  "maxFps": 40.321994488695054,
  "avgSectionTimingsMs": {
    "hud": 0.024747474627061325,
    "camera": 0.007575757274724016,
    "autoEngage": 0.0027848100360435774,
    "syncPlayers": 0.06598984862342099,
    "syncUnits": 0.03248730967492622,
    "syncResources": 0.035025380740916066,
    "sendClientPoses": 0.003045685097650828,
    "effectsAndFog": 8.598984771271043,
    "syncStructures": 0.00714285671710968
  },
  "userAgent": "Mozilla/5.0 (Linux; Android 10; K) AppleWebKit/537.36 (KHTML, like Gecko) Chrome/145.0.0.0 Mobile Safari/537.36",
  "timestamp": "2026-04-13T20:02:02.544Z"
}