{
  "buildNumber": "276",
  "buildId": "BdYYCv-Z",
  "sessionId": "P2QeoMsYc",
  "durationSec": 1.339,
  "avgFps": 41.214089515785176,
  "minFps": 41.125914193165954,
  "maxFps": 41.344435644874466,
  "avgSectionTimingsMs": {
    "hud": 0.03333333291505512,
    "camera": 0.005263158626723708,
    "autoEngage": 0.004424779024799313,
    "syncPlayers": 0.1285714294229235,
    "syncUnits": 0.028571428464991704,
    "syncResources": 0.028571428464991704,
    "sendClientPoses": 0.00178571417927742,
    "effectsAndFog": 0.06428571471146174,
    "syncStructures": 0.07999999821186066
  },
  "userAgent": "Mozilla/5.0 (Linux; Android 10; K) AppleWebKit/537.36 (KHTML, like Gecko) Chrome/145.0.0.0 Mobile Safari/537.36",
  "timestamp": "2026-04-13T20:20:20.311Z"
}