{
  "buildNumber": "274",
  "buildId": "CB7E_Olw",
  "sessionId": "PJns0EXEj",
  "durationSec": 33.35,
  "avgFps": 39.99700338739201,
  "minFps": 31.192882327528594,
  "maxFps": 47.48005890965272,
  "avgSectionTimingsMs": {
    "hud": 0.0193993505816181,
    "camera": 0.007954545536792123,
    "autoEngage": 0.004303694678862986,
    "syncPlayers": 0.10422420826120943,
    "syncUnits": 0.6402112105868871,
    "syncResources": 0.020877335514119733,
    "sendClientPoses": 0.0967506091348724,
    "effectsAndFog": 0.05653939868840234,
    "syncStructures": 0.20485829945035308
  },
  "userAgent": "Mozilla/5.0 (Linux; Android 10; K) AppleWebKit/537.36 (KHTML, like Gecko) Chrome/145.0.0.0 Mobile Safari/537.36",
  "timestamp": "2026-04-13T20:11:01.835Z"
}