{
  "buildNumber": "273",
  "buildId": "BF-xNiwv",
  "sessionId": "P_6xpY7hD",
  "durationSec": 11.839,
  "avgFps": 35.47637755804012,
  "minFps": 32.298311318800174,
  "maxFps": 40.321994488695054,
  "avgSectionTimingsMs": {
    "hud": 0.021850899819543246,
    "camera": 0.007712082108985489,
    "autoEngage": 0.004375804421831129,
    "syncPlayers": 0.06984536111662068,
    "syncUnits": 0.034020618372356766,
    "syncResources": 0.026546391860111474,
    "sendClientPoses": 0.0030927834744305955,
    "effectsAndFog": 9.752835051300599,
    "syncStructures": 0.13218390736086616
  },
  "userAgent": "Mozilla/5.0 (Linux; Android 10; K) AppleWebKit/537.36 (KHTML, like Gecko) Chrome/145.0.0.0 Mobile Safari/537.36",
  "timestamp": "2026-04-13T20:02:08.728Z"
}