{
  "buildNumber": "275",
  "buildId": "DlwQSAVw",
  "sessionId": "7MiGiHpAI",
  "durationSec": 2.958,
  "avgFps": 16.721133163584902,
  "minFps": 15.453768091335075,
  "maxFps": 18.675808413531986,
  "avgSectionTimingsMs": {
    "hud": 0.02380952522868202,
    "camera": 0.011111110921890016,
    "autoEngage": 0.006399999618530274,
    "syncPlayers": 0.1274193549348462,
    "syncUnits": 1.369354837363766,
    "syncStructures": 0.08571428628194899,
    "syncResources": 0.038709677034808744,
    "sendClientPoses": 0.22903225739156047,
    "effectsAndFog": 17.574193549252325
  },
  "userAgent": "Mozilla/5.0 (Linux; Android 10; K) AppleWebKit/537.36 (KHTML, like Gecko) Chrome/145.0.0.0 Mobile Safari/537.36",
  "timestamp": "2026-04-13T20:14:24.186Z"
}