{
  "buildNumber": "276",
  "buildId": "BdYYCv-Z",
  "sessionId": "P2QeoMsYc",
  "durationSec": 40.461,
  "avgFps": 35.86554517807628,
  "minFps": 27.243936640643696,
  "maxFps": 42.24570034076106,
  "avgSectionTimingsMs": {
    "hud": 0.025574499828184508,
    "camera": 0.009414381014143122,
    "autoEngage": 0.005710048093413882,
    "syncPlayers": 0.1343471810265889,
    "syncUnits": 0.6267804157442084,
    "syncResources": 0.02930267042416847,
    "sendClientPoses": 0.09896142457995995,
    "effectsAndFog": 0.06305637999882684,
    "syncStructures": 0.19259259185004315
  },
  "userAgent": "Mozilla/5.0 (Linux; Android 10; K) AppleWebKit/537.36 (KHTML, like Gecko) Chrome/145.0.0.0 Mobile Safari/537.36",
  "timestamp": "2026-04-13T20:20:59.434Z"
}