{
  "buildNumber": "273",
  "buildId": "BF-xNiwv",
  "sessionId": "P_6xpY7hD",
  "durationSec": 6.058,
  "avgFps": 37.225777397008066,
  "minFps": 35.9435983015165,
  "maxFps": 40.321994488695054,
  "avgSectionTimingsMs": {
    "hud": 0.02417061622673866,
    "camera": 0.007582938219133711,
    "autoEngage": 0.0026128265183781784,
    "syncPlayers": 0.0647619054431007,
    "syncUnits": 0.03285714302744184,
    "syncResources": 0.033809523781140646,
    "sendClientPoses": 0.002857142686843872,
    "effectsAndFog": 8.761428570889292,
    "syncStructures": 0.0066666662693023685
  },
  "userAgent": "Mozilla/5.0 (Linux; Android 10; K) AppleWebKit/537.36 (KHTML, like Gecko) Chrome/145.0.0.0 Mobile Safari/537.36",
  "timestamp": "2026-04-13T20:02:02.947Z"
}