{
  "buildNumber": "274",
  "buildId": "CB7E_Olw",
  "sessionId": "PJns0EXEj",
  "durationSec": 3.81,
  "avgFps": 46.47386836873054,
  "minFps": 45.40970613938231,
  "maxFps": 47.48005890965272,
  "avgSectionTimingsMs": {
    "hud": 0.018343195407348273,
    "camera": 0.004733728057534032,
    "autoEngage": 0.001780415324146033,
    "syncPlayers": 0.08273809598315329,
    "syncUnits": 0.023214285394975116,
    "syncResources": 0.02678571410831951,
    "sendClientPoses": 0.004761904832862672,
    "effectsAndFog": 0.058333332872106916,
    "syncStructures": 0.15000000099341074
  },
  "userAgent": "Mozilla/5.0 (Linux; Android 10; K) AppleWebKit/537.36 (KHTML, like Gecko) Chrome/145.0.0.0 Mobile Safari/537.36",
  "timestamp": "2026-04-13T20:10:32.295Z"
}