{
  "buildNumber": "275",
  "buildId": "DlwQSAVw",
  "sessionId": "7MiGiHpAI",
  "durationSec": 13.236,
  "avgFps": 20.10267373193388,
  "minFps": 15.453768091335075,
  "maxFps": 22.740751086245204,
  "avgSectionTimingsMs": {
    "hud": 0.017182131198673314,
    "camera": 0.010309278145688506,
    "autoEngage": 0.006540447473526001,
    "syncPlayers": 0.12793103466773856,
    "syncUnits": 0.9275862065882519,
    "syncStructures": 0.08350515488496761,
    "syncResources": 0.031379310015974375,
    "sendClientPoses": 0.18689655178579792,
    "effectsAndFog": 16.67793103487327
  },
  "userAgent": "Mozilla/5.0 (Linux; Android 10; K) AppleWebKit/537.36 (KHTML, like Gecko) Chrome/145.0.0.0 Mobile Safari/537.36",
  "timestamp": "2026-04-13T20:14:34.465Z"
}