{
  "buildNumber": "273",
  "buildId": "BF-xNiwv",
  "sessionId": "P_6xpY7hD",
  "durationSec": 10.496,
  "avgFps": 35.84891736332852,
  "minFps": 32.298311318800174,
  "maxFps": 40.321994488695054,
  "avgSectionTimingsMs": {
    "hud": 0.02209302332512168,
    "camera": 0.0072674416871958,
    "autoEngage": 0.004366812313835,
    "syncPlayers": 0.06909621057287944,
    "syncUnits": 0.03381924179135537,
    "syncResources": 0.02944606420945148,
    "sendClientPoses": 0.0032069970671706576,
    "effectsAndFog": 9.777551020112746,
    "syncStructures": 0.13636363558955006
  },
  "userAgent": "Mozilla/5.0 (Linux; Android 10; K) AppleWebKit/537.36 (KHTML, like Gecko) Chrome/145.0.0.0 Mobile Safari/537.36",
  "timestamp": "2026-04-13T20:02:07.385Z"
}