{
  "buildNumber": "273",
  "buildId": "BF-xNiwv",
  "sessionId": "P_6xpY7hD",
  "durationSec": 29.312,
  "avgFps": 33.36784092541601,
  "minFps": 29.359513071453023,
  "maxFps": 40.321994488695054,
  "avgSectionTimingsMs": {
    "hud": 0.026470588215815476,
    "camera": 0.008061002055284504,
    "autoEngage": 0.0044141689340814905,
    "syncPlayers": 0.07622682700500363,
    "syncUnits": 0.10577971653173898,
    "syncResources": 0.027480916050034235,
    "sendClientPoses": 0.015485278100197812,
    "effectsAndFog": 10.458233369280753,
    "syncStructures": 0.19906542025436866
  },
  "userAgent": "Mozilla/5.0 (Linux; Android 10; K) AppleWebKit/537.36 (KHTML, like Gecko) Chrome/145.0.0.0 Mobile Safari/537.36",
  "timestamp": "2026-04-13T20:02:26.201Z"
}