{
  "buildNumber": "275",
  "buildId": "DlwQSAVw",
  "sessionId": "7MiGiHpAI",
  "durationSec": 4.129,
  "avgFps": 17.361432167201155,
  "minFps": 15.453768091335075,
  "maxFps": 19.50685631014899,
  "avgSectionTimingsMs": {
    "hud": 0.022727274759249252,
    "camera": 0.010227272456342524,
    "autoEngage": 0.006857142618724278,
    "syncPlayers": 0.12183907970614817,
    "syncUnits": 1.2804597701834537,
    "syncStructures": 0.07586206958211701,
    "syncResources": 0.04022988437236041,
    "sendClientPoses": 0.21494252859861002,
    "effectsAndFog": 17.68505747153841
  },
  "userAgent": "Mozilla/5.0 (Linux; Android 10; K) AppleWebKit/537.36 (KHTML, like Gecko) Chrome/145.0.0.0 Mobile Safari/537.36",
  "timestamp": "2026-04-13T20:14:25.357Z"
}