{
  "buildNumber": "273",
  "buildId": "BF-xNiwv",
  "sessionId": "P_6xpY7hD",
  "durationSec": 58.924,
  "avgFps": 28.59529785597284,
  "minFps": 18.005645273948964,
  "maxFps": 40.321994488695054,
  "avgSectionTimingsMs": {
    "hud": 0.026039536542118855,
    "camera": 0.007907293752171023,
    "autoEngage": 0.00518240709781159,
    "syncPlayers": 0.08683492544159233,
    "syncUnits": 0.5713506138503632,
    "syncResources": 0.02735334234299471,
    "sendClientPoses": 0.10641200557899995,
    "effectsAndFog": 17.480491132275958,
    "syncStructures": 0.1367500002682209
  },
  "userAgent": "Mozilla/5.0 (Linux; Android 10; K) AppleWebKit/537.36 (KHTML, like Gecko) Chrome/145.0.0.0 Mobile Safari/537.36",
  "timestamp": "2026-04-13T20:02:55.813Z"
}