{
  "buildNumber": "273",
  "buildId": "BF-xNiwv",
  "sessionId": "P_6xpY7hD",
  "durationSec": 21.34,
  "avgFps": 34.04372292086586,
  "minFps": 31.135007847593187,
  "maxFps": 40.321994488695054,
  "avgSectionTimingsMs": {
    "hud": 0.023245614130943143,
    "camera": 0.00877192973742011,
    "autoEngage": 0.0038771031324934943,
    "syncPlayers": 0.07540263578099353,
    "syncUnits": 0.03352855039026866,
    "syncResources": 0.02942898978600565,
    "sendClientPoses": 0.005270863870925122,
    "effectsAndFog": 10.09297218129017,
    "syncStructures": 0.1548387094851463
  },
  "userAgent": "Mozilla/5.0 (Linux; Android 10; K) AppleWebKit/537.36 (KHTML, like Gecko) Chrome/145.0.0.0 Mobile Safari/537.36",
  "timestamp": "2026-04-13T20:02:18.230Z"
}