{
  "buildNumber": "273",
  "buildId": "BF-xNiwv",
  "sessionId": "P_6xpY7hD",
  "durationSec": 0.914,
  "avgFps": 39.273275237761695,
  "minFps": 39.24149586652129,
  "maxFps": 40.321994488695054,
  "avgSectionTimingsMs": {
    "hud": 0.023529411238782546,
    "camera": 0.017647058648221633,
    "autoEngage": 0.00447761211822282,
    "syncPlayers": 0.09393939195257245,
    "syncUnits": 0.02727272745334741,
    "syncResources": 0.030303030303030304,
    "sendClientPoses": 0,
    "effectsAndFog": 7.627272727814588,
    "syncStructures": 0.01666666567325592
  },
  "userAgent": "Mozilla/5.0 (Linux; Android 10; K) AppleWebKit/537.36 (KHTML, like Gecko) Chrome/145.0.0.0 Mobile Safari/537.36",
  "timestamp": "2026-04-13T20:01:57.803Z"
}