{
  "buildNumber": "274",
  "buildId": "CB7E_Olw",
  "sessionId": "PJns0EXEj",
  "durationSec": 0.349,
  "avgFps": 47.48005890965272,
  "minFps": 47.48005890965272,
  "maxFps": 47.48005890965272,
  "avgSectionTimingsMs": {
    "hud": 0.02499999850988388,
    "camera": 0.00833333283662796,
    "autoEngage": 0,
    "syncPlayers": 0.17272727597843518,
    "syncUnits": 0.018181819807399403,
    "syncResources": 0.07272726839238947,
    "sendClientPoses": 0,
    "effectsAndFog": 0.15454545346173373,
    "syncStructures": 0
  },
  "userAgent": "Mozilla/5.0 (Linux; Android 10; K) AppleWebKit/537.36 (KHTML, like Gecko) Chrome/145.0.0.0 Mobile Safari/537.36",
  "timestamp": "2026-04-13T20:10:28.834Z"
}