{
  "buildNumber": "277",
  "buildId": "CMEduUks",
  "sessionId": "q0WoIYLvG",
  "durationSec": 25.508,
  "avgFps": 37.52647818610473,
  "minFps": 33.37456852740384,
  "maxFps": 39.361938941941844,
  "avgSectionTimingsMs": {
    "hud": 0.02300981450886867,
    "camera": 0.008069792614118353,
    "autoEngage": 0.00474631761958283,
    "syncPlayers": 0.07783842792807708,
    "syncUnits": 0.25567685617499997,
    "syncResources": 0.02576419190548393,
    "sendClientPoses": 0.0373362445284706,
    "effectsAndFog": 0.0497816592194628,
    "syncStructures": 0.2166666666356226
  },
  "userAgent": "Mozilla/5.0 (Linux; Android 10; K) AppleWebKit/537.36 (KHTML, like Gecko) Chrome/145.0.0.0 Mobile Safari/537.36",
  "timestamp": "2026-04-13T20:25:30.347Z"
}