{
  "buildNumber": "276",
  "buildId": "BdYYCv-Z",
  "sessionId": "P2QeoMsYc",
  "durationSec": 28.906,
  "avgFps": 37.869607722904234,
  "minFps": 31.876448581110022,
  "maxFps": 42.24570034076106,
  "avgSectionTimingsMs": {
    "hud": 0.025556631379067492,
    "camera": 0.007357212084652955,
    "autoEngage": 0.004891041087180592,
    "syncPlayers": 0.1169573643584122,
    "syncUnits": 0.34670542651253156,
    "syncResources": 0.026453488181496777,
    "sendClientPoses": 0.06744186060373174,
    "effectsAndFog": 0.059011628143778146,
    "syncStructures": 0.2348837205143862
  },
  "userAgent": "Mozilla/5.0 (Linux; Android 10; K) AppleWebKit/537.36 (KHTML, like Gecko) Chrome/145.0.0.0 Mobile Safari/537.36",
  "timestamp": "2026-04-13T20:20:47.878Z"
}