{
  "buildNumber": "275",
  "buildId": "DlwQSAVw",
  "sessionId": "7MiGiHpAI",
  "durationSec": 2.734,
  "avgFps": 16.552626676520497,
  "minFps": 15.453768091335075,
  "maxFps": 18.675808413531986,
  "avgSectionTimingsMs": {
    "hud": 0.024137932164915676,
    "camera": 0.012068965311708122,
    "autoEngage": 0.006086956158928249,
    "syncPlayers": 0.12807017512488783,
    "syncUnits": 1.3964912269199103,
    "syncStructures": 0.08947368515165229,
    "syncResources": 0.0403508768792738,
    "sendClientPoses": 0.23157894715928196,
    "effectsAndFog": 17.738596491646348
  },
  "userAgent": "Mozilla/5.0 (Linux; Android 10; K) AppleWebKit/537.36 (KHTML, like Gecko) Chrome/145.0.0.0 Mobile Safari/537.36",
  "timestamp": "2026-04-13T20:14:23.962Z"
}