{
  "buildNumber": "277",
  "buildId": "CMEduUks",
  "sessionId": "q0WoIYLvG",
  "durationSec": 2.326,
  "avgFps": 29.137000105347177,
  "minFps": 28.64579256230064,
  "maxFps": 30.259186777423363,
  "avgSectionTimingsMs": {
    "hud": 0.026984127267958628,
    "camera": 0.014285714380324834,
    "autoEngage": 0.01199999976158142,
    "syncPlayers": 0.11451612941680415,
    "syncUnits": 1.9209677432813952,
    "syncResources": 0.025806453439497178,
    "sendClientPoses": 0.203225806836159,
    "effectsAndFog": 0.04838709629351093,
    "syncStructures": 0.09999999776482582
  },
  "userAgent": "Mozilla/5.0 (Linux; Android 10; K) AppleWebKit/537.36 (KHTML, like Gecko) Chrome/145.0.0.0 Mobile Safari/537.36",
  "timestamp": "2026-04-13T20:26:01.941Z"
}