{
  "buildNumber": "274",
  "buildId": "CB7E_Olw",
  "sessionId": "PJns0EXEj",
  "durationSec": 21.437,
  "avgFps": 42.95498679665338,
  "minFps": 37.171551922372416,
  "maxFps": 47.48005890965272,
  "avgSectionTimingsMs": {
    "hud": 0.01851851848402509,
    "camera": 0.007291666818437753,
    "autoEngage": 0.004053271569195136,
    "syncPlayers": 0.09362688332554363,
    "syncUnits": 0.4273464660033981,
    "syncResources": 0.020509849487008527,
    "sendClientPoses": 0.06141367309477487,
    "effectsAndFog": 0.05492468114385461,
    "syncStructures": 0.2701863352186191
  },
  "userAgent": "Mozilla/5.0 (Linux; Android 10; K) AppleWebKit/537.36 (KHTML, like Gecko) Chrome/145.0.0.0 Mobile Safari/537.36",
  "timestamp": "2026-04-13T20:10:49.922Z"
}