{
  "buildNumber": "273",
  "buildId": "BF-xNiwv",
  "sessionId": "P_6xpY7hD",
  "durationSec": 15.217,
  "avgFps": 34.84501206860073,
  "minFps": 32.098293815714115,
  "maxFps": 40.321994488695054,
  "avgSectionTimingsMs": {
    "hud": 0.022334004132080847,
    "camera": 0.00845070414140191,
    "autoEngage": 0.0039274924831448005,
    "syncPlayers": 0.07137096805437919,
    "syncUnits": 0.03387096770588429,
    "syncResources": 0.025604838745728616,
    "sendClientPoses": 0.004233870895639542,
    "effectsAndFog": 9.806854838745728,
    "syncStructures": 0.18198198160609683
  },
  "userAgent": "Mozilla/5.0 (Linux; Android 10; K) AppleWebKit/537.36 (KHTML, like Gecko) Chrome/145.0.0.0 Mobile Safari/537.36",
  "timestamp": "2026-04-13T20:02:12.106Z"
}