{
  "buildNumber": "276",
  "buildId": "BdYYCv-Z",
  "sessionId": "P2QeoMsYc",
  "durationSec": 14.46,
  "avgFps": 40.48238313037225,
  "minFps": 36.99495742724304,
  "maxFps": 42.24570034076106,
  "avgSectionTimingsMs": {
    "hud": 0.025846702742279105,
    "camera": 0.006417112448211235,
    "autoEngage": 0.004817127516820535,
    "syncPlayers": 0.11000000014901161,
    "syncUnits": 0.15785714260169437,
    "syncResources": 0.027678571002823966,
    "sendClientPoses": 0.028928571779813086,
    "effectsAndFog": 0.05892857185431889,
    "syncStructures": 0.28703703703703703
  },
  "userAgent": "Mozilla/5.0 (Linux; Android 10; K) AppleWebKit/537.36 (KHTML, like Gecko) Chrome/145.0.0.0 Mobile Safari/537.36",
  "timestamp": "2026-04-13T20:20:33.432Z"
}