{
  "buildNumber": "274",
  "buildId": "CB7E_Olw",
  "sessionId": "PJns0EXEj",
  "durationSec": 6.217,
  "avgFps": 45.96468238281137,
  "minFps": 44.792959703402545,
  "maxFps": 47.48005890965272,
  "avgSectionTimingsMs": {
    "hud": 0.019272727532820267,
    "camera": 0.0054545456712896175,
    "autoEngage": 0.0021857923280128796,
    "syncPlayers": 0.0824817527819724,
    "syncUnits": 0.020437955856323242,
    "syncResources": 0.02445255470101851,
    "sendClientPoses": 0.00583941603664064,
    "effectsAndFog": 0.05291970770289428,
    "syncStructures": 0.25833333283662796
  },
  "userAgent": "Mozilla/5.0 (Linux; Android 10; K) AppleWebKit/537.36 (KHTML, like Gecko) Chrome/145.0.0.0 Mobile Safari/537.36",
  "timestamp": "2026-04-13T20:10:34.702Z"
}