{
  "buildNumber": "273",
  "buildId": "BF-xNiwv",
  "sessionId": "P_6xpY7hD",
  "durationSec": 10.765,
  "avgFps": 35.758391996754135,
  "minFps": 32.298311318800174,
  "maxFps": 40.321994488695054,
  "avgSectionTimingsMs": {
    "hud": 0.021813031212128593,
    "camera": 0.007365438907747566,
    "autoEngage": 0.004397163196658412,
    "syncPlayers": 0.069034091535617,
    "syncUnits": 0.033522727052596485,
    "syncResources": 0.028977272862737827,
    "sendClientPoses": 0.0034090908752246337,
    "effectsAndFog": 9.792897726917131,
    "syncStructures": 0.1329113916505741
  },
  "userAgent": "Mozilla/5.0 (Linux; Android 10; K) AppleWebKit/537.36 (KHTML, like Gecko) Chrome/145.0.0.0 Mobile Safari/537.36",
  "timestamp": "2026-04-13T20:02:07.654Z"
}