{
  "buildNumber": "277",
  "buildId": "CMEduUks",
  "sessionId": "q0WoIYLvG",
  "durationSec": 23.353,
  "avgFps": 37.794922951371376,
  "minFps": 35.221455159829034,
  "maxFps": 39.361938941941844,
  "avgSectionTimingsMs": {
    "hud": 0.023122065573790825,
    "camera": 0.007863849611349508,
    "autoEngage": 0.004638872703803125,
    "syncPlayers": 0.07755581675629218,
    "syncUnits": 0.18378378400091,
    "syncResources": 0.02596944742141123,
    "sendClientPoses": 0.02761457095275054,
    "effectsAndFog": 0.04900117482898098,
    "syncStructures": 0.23314285721097674
  },
  "userAgent": "Mozilla/5.0 (Linux; Android 10; K) AppleWebKit/537.36 (KHTML, like Gecko) Chrome/145.0.0.0 Mobile Safari/537.36",
  "timestamp": "2026-04-13T20:25:28.193Z"
}