{
  "buildNumber": "277",
  "buildId": "CMEduUks",
  "sessionId": "q0WoIYLvG",
  "durationSec": 6.008,
  "avgFps": 28.797310303310585,
  "minFps": 28.48434442172548,
  "maxFps": 30.259186777423363,
  "avgSectionTimingsMs": {
    "hud": 0.02814371268192451,
    "camera": 0.00958083864457593,
    "autoEngage": 0.009609609573811025,
    "syncPlayers": 0.11024096392723451,
    "syncUnits": 1.4138554216149342,
    "syncResources": 0.024096386439828987,
    "sendClientPoses": 0.1873493971953909,
    "effectsAndFog": 0.04759036148168955,
    "syncStructures": 0.06428571329230354
  },
  "userAgent": "Mozilla/5.0 (Linux; Android 10; K) AppleWebKit/537.36 (KHTML, like Gecko) Chrome/145.0.0.0 Mobile Safari/537.36",
  "timestamp": "2026-04-13T20:26:05.623Z"
}