{
  "buildNumber": "273",
  "buildId": "BF-xNiwv",
  "sessionId": "P_6xpY7hD",
  "durationSec": 27.648,
  "avgFps": 33.53097037341294,
  "minFps": 30.47935076193736,
  "maxFps": 40.321994488695054,
  "avgSectionTimingsMs": {
    "hud": 0.025427594084288404,
    "camera": 0.008209806041815398,
    "autoEngage": 0.004164289778732805,
    "syncPlayers": 0.07636986349679564,
    "syncUnits": 0.06815068481583574,
    "syncResources": 0.02739726030799352,
    "sendClientPoses": 0.010388127915118927,
    "effectsAndFog": 10.192237442486906,
    "syncStructures": 0.198514851308105
  },
  "userAgent": "Mozilla/5.0 (Linux; Android 10; K) AppleWebKit/537.36 (KHTML, like Gecko) Chrome/145.0.0.0 Mobile Safari/537.36",
  "timestamp": "2026-04-13T20:02:24.537Z"
}