{
  "buildNumber": "274",
  "buildId": "CB7E_Olw",
  "sessionId": "PJns0EXEj",
  "durationSec": 10.553,
  "avgFps": 45.33445465945469,
  "minFps": 44.012616156154714,
  "maxFps": 47.48005890965272,
  "avgSectionTimingsMs": {
    "hud": 0.0187904969919835,
    "camera": 0.00647948189894015,
    "autoEngage": 0.0023783783654908876,
    "syncPlayers": 0.0835497843754756,
    "syncUnits": 0.01796536786215646,
    "syncResources": 0.019047619073421923,
    "sendClientPoses": 0.005411255411255411,
    "effectsAndFog": 0.05216450170005039,
    "syncStructures": 0.3700000002980232
  },
  "userAgent": "Mozilla/5.0 (Linux; Android 10; K) AppleWebKit/537.36 (KHTML, like Gecko) Chrome/145.0.0.0 Mobile Safari/537.36",
  "timestamp": "2026-04-13T20:10:39.038Z"
}