{
  "buildNumber": "277",
  "buildId": "CMEduUks",
  "sessionId": "q0WoIYLvG",
  "durationSec": 5.482,
  "avgFps": 28.823447063217966,
  "minFps": 28.48434442172548,
  "maxFps": 30.259186777423363,
  "avgSectionTimingsMs": {
    "hud": 0.027631578868941256,
    "camera": 0.009868421248699489,
    "autoEngage": 0.009240924033394741,
    "syncPlayers": 0.10993377479496381,
    "syncUnits": 1.457615893605529,
    "syncResources": 0.023178808933851734,
    "sendClientPoses": 0.1880794700407824,
    "effectsAndFog": 0.047019867707561974,
    "syncStructures": 0.06578947289993889
  },
  "userAgent": "Mozilla/5.0 (Linux; Android 10; K) AppleWebKit/537.36 (KHTML, like Gecko) Chrome/145.0.0.0 Mobile Safari/537.36",
  "timestamp": "2026-04-13T20:26:05.097Z"
}