{
  "buildNumber": "276",
  "buildId": "BdYYCv-Z",
  "sessionId": "P2QeoMsYc",
  "durationSec": 25.601,
  "avgFps": 38.4708619607728,
  "minFps": 32.74417441448303,
  "maxFps": 42.24570034076106,
  "avgSectionTimingsMs": {
    "hud": 0.026824034590577875,
    "camera": 0.007188841284856264,
    "autoEngage": 0.004991948396623359,
    "syncPlayers": 0.11417830288090076,
    "syncUnits": 0.2977443611455399,
    "syncResources": 0.026315789313628775,
    "sendClientPoses": 0.057357680016506374,
    "effectsAndFog": 0.05961331929991504,
    "syncStructures": 0.25421052606482253
  },
  "userAgent": "Mozilla/5.0 (Linux; Android 10; K) AppleWebKit/537.36 (KHTML, like Gecko) Chrome/145.0.0.0 Mobile Safari/537.36",
  "timestamp": "2026-04-13T20:20:44.573Z"
}