{
  "buildNumber": "277",
  "buildId": "CMEduUks",
  "sessionId": "q0WoIYLvG",
  "durationSec": 34.161,
  "avgFps": 35.94046679470416,
  "minFps": 26.803205994891698,
  "maxFps": 39.361938941941844,
  "avgSectionTimingsMs": {
    "hud": 0.022251308666473908,
    "camera": 0.00942408365000813,
    "autoEngage": 0.006067219622423429,
    "syncPlayers": 0.08471615694495788,
    "syncUnits": 0.6548471618687742,
    "syncResources": 0.02620087318024781,
    "sendClientPoses": 0.06524017450590841,
    "effectsAndFog": 0.04960698688394638,
    "syncStructures": 0.18102766838469525
  },
  "userAgent": "Mozilla/5.0 (Linux; Android 10; K) AppleWebKit/537.36 (KHTML, like Gecko) Chrome/145.0.0.0 Mobile Safari/537.36",
  "timestamp": "2026-04-13T20:25:39.000Z"
}