{
  "buildNumber": "273",
  "buildId": "BF-xNiwv",
  "sessionId": "P_6xpY7hD",
  "durationSec": 9.274,
  "avgFps": 36.2941266546971,
  "minFps": 32.3977484250669,
  "maxFps": 40.321994488695054,
  "avgSectionTimingsMs": {
    "hud": 0.021967213173381617,
    "camera": 0.007213114519588283,
    "autoEngage": 0.00426929401255202,
    "syncPlayers": 0.06940789530543905,
    "syncUnits": 0.03355263144169983,
    "syncResources": 0.02894736836223226,
    "sendClientPoses": 0.003618421033024788,
    "effectsAndFog": 9.651973683779177,
    "syncStructures": 0.07499999991234611
  },
  "userAgent": "Mozilla/5.0 (Linux; Android 10; K) AppleWebKit/537.36 (KHTML, like Gecko) Chrome/145.0.0.0 Mobile Safari/537.36",
  "timestamp": "2026-04-13T20:02:06.163Z"
}