{
  "buildNumber": "273",
  "buildId": "BF-xNiwv",
  "sessionId": "P_6xpY7hD",
  "durationSec": 36.333,
  "avgFps": 32.24229359817073,
  "minFps": 22.159561467728746,
  "maxFps": 40.321994488695054,
  "avgSectionTimingsMs": {
    "hud": 0.026572769936261603,
    "camera": 0.0076995304212883605,
    "autoEngage": 0.004697040850257246,
    "syncPlayers": 0.07857142898597215,
    "syncUnits": 0.2632518797776753,
    "syncResources": 0.02687969924251836,
    "sendClientPoses": 0.03646616531269891,
    "effectsAndFog": 12.249999999691893,
    "syncStructures": 0.17034220536852065
  },
  "userAgent": "Mozilla/5.0 (Linux; Android 10; K) AppleWebKit/537.36 (KHTML, like Gecko) Chrome/145.0.0.0 Mobile Safari/537.36",
  "timestamp": "2026-04-13T20:02:33.222Z"
}