{
  "buildNumber": "276",
  "buildId": "BdYYCv-Z",
  "sessionId": "P2QeoMsYc",
  "durationSec": 42.356,
  "avgFps": 35.578290556641406,
  "minFps": 25.682952480482772,
  "maxFps": 42.24570034076106,
  "avgSectionTimingsMs": {
    "hud": 0.025880661544655827,
    "camera": 0.009561466579382408,
    "autoEngage": 0.005717367737553009,
    "syncPlayers": 0.13712230215398527,
    "syncUnits": 0.6853237412816329,
    "syncResources": 0.029136690411636298,
    "sendClientPoses": 0.1056115110143483,
    "effectsAndFog": 0.06366906496260663,
    "syncStructures": 0.18999999944240817
  },
  "userAgent": "Mozilla/5.0 (Linux; Android 10; K) AppleWebKit/537.36 (KHTML, like Gecko) Chrome/145.0.0.0 Mobile Safari/537.36",
  "timestamp": "2026-04-13T20:21:01.329Z"
}