{
  "buildNumber": "277",
  "buildId": "CMEduUks",
  "sessionId": "q0WoIYLvG",
  "durationSec": 18.48,
  "avgFps": 37.973403199852996,
  "minFps": 36.94121099749357,
  "maxFps": 39.361938941941844,
  "avgSectionTimingsMs": {
    "hud": 0.021044992613342573,
    "camera": 0.00798258328126373,
    "autoEngage": 0.003631082213955161,
    "syncPlayers": 0.07412790693342686,
    "syncUnits": 0.0343023260492225,
    "syncResources": 0.02514534846468027,
    "sendClientPoses": 0.004941860430462416,
    "effectsAndFog": 0.04738372057503046,
    "syncStructures": 0.24892086326647148
  },
  "userAgent": "Mozilla/5.0 (Linux; Android 10; K) AppleWebKit/537.36 (KHTML, like Gecko) Chrome/145.0.0.0 Mobile Safari/537.36",
  "timestamp": "2026-04-13T20:25:23.319Z"
}