{
  "buildNumber": "273",
  "buildId": "BF-xNiwv",
  "sessionId": "P_6xpY7hD",
  "durationSec": 12.709,
  "avgFps": 35.291683988488735,
  "minFps": 32.298311318800174,
  "maxFps": 40.321994488695054,
  "avgSectionTimingsMs": {
    "hud": 0.021770334985267602,
    "camera": 0.008133971092233247,
    "autoEngage": 0.00419161680215847,
    "syncPlayers": 0.06978417300491882,
    "syncUnits": 0.034292565904361166,
    "syncResources": 0.025899280747063727,
    "sendClientPoses": 0.003357314091506336,
    "effectsAndFog": 9.70767386075404,
    "syncStructures": 0.15913978443350843
  },
  "userAgent": "Mozilla/5.0 (Linux; Android 10; K) AppleWebKit/537.36 (KHTML, like Gecko) Chrome/145.0.0.0 Mobile Safari/537.36",
  "timestamp": "2026-04-13T20:02:09.598Z"
}