{
  "buildNumber": "273",
  "buildId": "BF-xNiwv",
  "sessionId": "P_6xpY7hD",
  "durationSec": 9.362,
  "avgFps": 36.25617491869421,
  "minFps": 32.3977484250669,
  "maxFps": 40.321994488695054,
  "avgSectionTimingsMs": {
    "hud": 0.021753246811303226,
    "camera": 0.0077922076180383755,
    "autoEngage": 0.004390243979973522,
    "syncPlayers": 0.07003257387235809,
    "syncUnits": 0.033550488444026985,
    "syncResources": 0.02899022793536854,
    "sendClientPoses": 0.0035830618698356204,
    "effectsAndFog": 9.644299673820552,
    "syncStructures": 0.07536231866781262
  },
  "userAgent": "Mozilla/5.0 (Linux; Android 10; K) AppleWebKit/537.36 (KHTML, like Gecko) Chrome/145.0.0.0 Mobile Safari/537.36",
  "timestamp": "2026-04-13T20:02:06.251Z"
}