{
  "buildNumber": "275",
  "buildId": "DlwQSAVw",
  "sessionId": "7MiGiHpAI",
  "durationSec": 2.352,
  "avgFps": 16.368046539300497,
  "minFps": 15.453768091335075,
  "maxFps": 17.56774455137598,
  "avgSectionTimingsMs": {
    "hud": 0.024000001549720765,
    "camera": 0.01399999976158142,
    "autoEngage": 0.007070706649260087,
    "syncPlayers": 0.13061224441139066,
    "syncUnits": 1.4591836722529665,
    "syncStructures": 0.09411764846128576,
    "syncResources": 0.036734694120835285,
    "sendClientPoses": 0.24489795857546282,
    "effectsAndFog": 17.68775510118932
  },
  "userAgent": "Mozilla/5.0 (Linux; Android 10; K) AppleWebKit/537.36 (KHTML, like Gecko) Chrome/145.0.0.0 Mobile Safari/537.36",
  "timestamp": "2026-04-13T20:14:23.580Z"
}