{
  "buildNumber": "276",
  "buildId": "BdYYCv-Z",
  "sessionId": "P2QeoMsYc",
  "durationSec": 23.175,
  "avgFps": 38.939131188671695,
  "minFps": 33.65631007019205,
  "maxFps": 42.24570034076106,
  "avgSectionTimingsMs": {
    "hud": 0.027219626495492793,
    "camera": 0.00677570105295315,
    "autoEngage": 0.004967854968432723,
    "syncPlayers": 0.1130994152953053,
    "syncUnits": 0.25777777788931866,
    "syncResources": 0.026432748356757806,
    "sendClientPoses": 0.04877192995004487,
    "effectsAndFog": 0.0596491231207262,
    "syncStructures": 0.2709302325234857
  },
  "userAgent": "Mozilla/5.0 (Linux; Android 10; K) AppleWebKit/537.36 (KHTML, like Gecko) Chrome/145.0.0.0 Mobile Safari/537.36",
  "timestamp": "2026-04-13T20:20:42.147Z"
}