{
  "buildNumber": "276",
  "buildId": "BdYYCv-Z",
  "sessionId": "P2QeoMsYc",
  "durationSec": 36.996,
  "avgFps": 36.448516430573484,
  "minFps": 28.01787382721959,
  "maxFps": 42.24570034076106,
  "avgSectionTimingsMs": {
    "hud": 0.02492038241237592,
    "camera": 0.00899681529611539,
    "autoEngage": 0.00545599354020821,
    "syncPlayers": 0.12884462150444548,
    "syncUnits": 0.5494023906519688,
    "syncResources": 0.0282868523759196,
    "sendClientPoses": 0.09051792847207818,
    "effectsAndFog": 0.06199203207198367,
    "syncStructures": 0.2025735289515818
  },
  "userAgent": "Mozilla/5.0 (Linux; Android 10; K) AppleWebKit/537.36 (KHTML, like Gecko) Chrome/145.0.0.0 Mobile Safari/537.36",
  "timestamp": "2026-04-13T20:20:55.969Z"
}