{
  "buildNumber": "276",
  "buildId": "BdYYCv-Z",
  "sessionId": "P2QeoMsYc",
  "durationSec": 33.576,
  "avgFps": 37.04786656997955,
  "minFps": 29.746071294150134,
  "maxFps": 42.24570034076106,
  "avgSectionTimingsMs": {
    "hud": 0.025214408442863673,
    "camera": 0.00814751289005345,
    "autoEngage": 0.0050622049906078916,
    "syncPlayers": 0.12060085849700568,
    "syncUnits": 0.4515021460250723,
    "syncResources": 0.027038626481535096,
    "sendClientPoses": 0.08077253233721328,
    "effectsAndFog": 0.06051502166387861,
    "syncStructures": 0.2153225801885128
  },
  "userAgent": "Mozilla/5.0 (Linux; Android 10; K) AppleWebKit/537.36 (KHTML, like Gecko) Chrome/145.0.0.0 Mobile Safari/537.36",
  "timestamp": "2026-04-13T20:20:52.548Z"
}