{
  "buildNumber": "277",
  "buildId": "CMEduUks",
  "sessionId": "q0WoIYLvG",
  "durationSec": 20.252,
  "avgFps": 37.985565008993945,
  "minFps": 36.94121099749357,
  "maxFps": 39.361938941941844,
  "avgSectionTimingsMs": {
    "hud": 0.021542552977483323,
    "camera": 0.007845744490623474,
    "autoEngage": 0.004191616913198394,
    "syncPlayers": 0.07563249002918898,
    "syncUnits": 0.0711051934806707,
    "syncResources": 0.02410119811640916,
    "sendClientPoses": 0.011717709696562726,
    "effectsAndFog": 0.04926764290437559,
    "syncStructures": 0.25131578939525706
  },
  "userAgent": "Mozilla/5.0 (Linux; Android 10; K) AppleWebKit/537.36 (KHTML, like Gecko) Chrome/145.0.0.0 Mobile Safari/537.36",
  "timestamp": "2026-04-13T20:25:25.091Z"
}