{
  "buildNumber": "273",
  "buildId": "BF-xNiwv",
  "sessionId": "P_6xpY7hD",
  "durationSec": 62.32,
  "avgFps": 28.18619648825507,
  "minFps": 18.005645273948964,
  "maxFps": 40.321994488695054,
  "avgSectionTimingsMs": {
    "hud": 0.026391617578076787,
    "camera": 0.007924033991245952,
    "autoEngage": 0.005339010832468252,
    "syncPlayers": 0.08826998729615193,
    "syncUnits": 0.5823722148550916,
    "syncResources": 0.027129750908749133,
    "sendClientPoses": 0.11363040645110029,
    "effectsAndFog": 18.049737876688823,
    "syncStructures": 0.131591449086853
  },
  "userAgent": "Mozilla/5.0 (Linux; Android 10; K) AppleWebKit/537.36 (KHTML, like Gecko) Chrome/145.0.0.0 Mobile Safari/537.36",
  "timestamp": "2026-04-13T20:02:59.209Z"
}