{
  "buildNumber": "276",
  "buildId": "BdYYCv-Z",
  "sessionId": "P2QeoMsYc",
  "durationSec": 0.236,
  "avgFps": 41.125914193165954,
  "minFps": 41.125914193165954,
  "maxFps": 41.125914193165954,
  "avgSectionTimingsMs": {
    "hud": 0.03999999761581421,
    "camera": 0.009999999403953552,
    "autoEngage": 0.005263157581028186,
    "syncPlayers": 0.20000000132454765,
    "syncUnits": 0.03333333465788099,
    "syncResources": 0.05555555555555555,
    "sendClientPoses": 0,
    "effectsAndFog": 0.16666666666666666,
    "syncStructures": 0.09999999403953552
  },
  "userAgent": "Mozilla/5.0 (Linux; Android 10; K) AppleWebKit/537.36 (KHTML, like Gecko) Chrome/145.0.0.0 Mobile Safari/537.36",
  "timestamp": "2026-04-13T20:20:19.208Z"
}