{
  "buildNumber": "273",
  "buildId": "BF-xNiwv",
  "sessionId": "P_6xpY7hD",
  "durationSec": 32.579,
  "avgFps": 32.907262695503064,
  "minFps": 24.785627182764433,
  "maxFps": 40.321994488695054,
  "avgSectionTimingsMs": {
    "hud": 0.0270707070225417,
    "camera": 0.008080807960394657,
    "autoEngage": 0.004547751374531419,
    "syncPlayers": 0.0771486354488936,
    "syncUnits": 0.19029322558876477,
    "syncResources": 0.02760364005249841,
    "sendClientPoses": 0.025075834097587422,
    "effectsAndFog": 11.205358948125395,
    "syncStructures": 0.18361344520284348
  },
  "userAgent": "Mozilla/5.0 (Linux; Android 10; K) AppleWebKit/537.36 (KHTML, like Gecko) Chrome/145.0.0.0 Mobile Safari/537.36",
  "timestamp": "2026-04-13T20:02:29.469Z"
}