{
  "buildNumber": "273",
  "buildId": "BF-xNiwv",
  "sessionId": "P_6xpY7hD",
  "durationSec": 33.159,
  "avgFps": 32.80999759954213,
  "minFps": 24.785627182764433,
  "maxFps": 40.321994488695054,
  "avgSectionTimingsMs": {
    "hud": 0.026846307331692434,
    "camera": 0.007984031817156397,
    "autoEngage": 0.004543185204312138,
    "syncPlayers": 0.07732267780499263,
    "syncUnits": 0.20000000007740862,
    "syncResources": 0.027672327660418654,
    "sendClientPoses": 0.026173826132144605,
    "effectsAndFog": 11.372927072611484,
    "syncStructures": 0.18181818157188162
  },
  "userAgent": "Mozilla/5.0 (Linux; Android 10; K) AppleWebKit/537.36 (KHTML, like Gecko) Chrome/145.0.0.0 Mobile Safari/537.36",
  "timestamp": "2026-04-13T20:02:30.049Z"
}