{
  "buildNumber": "277",
  "buildId": "CMEduUks",
  "sessionId": "q0WoIYLvG",
  "durationSec": 3.742,
  "avgFps": 28.89794082367141,
  "minFps": 28.48434442172548,
  "maxFps": 30.259186777423363,
  "avgSectionTimingsMs": {
    "hud": 0.027184465845811714,
    "camera": 0.011650485610498966,
    "autoEngage": 0.011219511962518459,
    "syncPlayers": 0.11274509862357494,
    "syncUnits": 1.6441176472341312,
    "syncResources": 0.024509805382466783,
    "sendClientPoses": 0.19313725478508892,
    "effectsAndFog": 0.05098039233217053,
    "syncStructures": 0.07307692215992855
  },
  "userAgent": "Mozilla/5.0 (Linux; Android 10; K) AppleWebKit/537.36 (KHTML, like Gecko) Chrome/145.0.0.0 Mobile Safari/537.36",
  "timestamp": "2026-04-13T20:26:03.357Z"
}