{
  "buildNumber": "277",
  "buildId": "CMEduUks",
  "sessionId": "q0WoIYLvG",
  "durationSec": 2.671,
  "avgFps": 38.537149989740236,
  "minFps": 38.293317991131715,
  "maxFps": 39.361938941941844,
  "avgSectionTimingsMs": {
    "hud": 0.020202019599953082,
    "camera": 0.006060606000399349,
    "autoEngage": 0.004060914219938559,
    "syncPlayers": 0.07653061133258197,
    "syncUnits": 0.025510204385737985,
    "syncResources": 0.02551020347342199,
    "sendClientPoses": 0.00306122430733272,
    "effectsAndFog": 0.038775509717513104,
    "syncStructures": 0.005000001192092896
  },
  "userAgent": "Mozilla/5.0 (Linux; Android 10; K) AppleWebKit/537.36 (KHTML, like Gecko) Chrome/145.0.0.0 Mobile Safari/537.36",
  "timestamp": "2026-04-13T20:25:07.510Z"
}