{
  "buildNumber": "276",
  "buildId": "BdYYCv-Z",
  "sessionId": "P2QeoMsYc",
  "durationSec": 31.196,
  "avgFps": 37.47512130072919,
  "minFps": 30.805502326874386,
  "maxFps": 42.24570034076106,
  "avgSectionTimingsMs": {
    "hud": 0.025227686882236183,
    "camera": 0.007832422662519583,
    "autoEngage": 0.00501138946733062,
    "syncPlayers": 0.11814038301992112,
    "syncUnits": 0.3996353692756312,
    "syncResources": 0.026709206748682473,
    "sendClientPoses": 0.0730173201754404,
    "effectsAndFog": 0.05989061096307899,
    "syncStructures": 0.22467532418507002
  },
  "userAgent": "Mozilla/5.0 (Linux; Android 10; K) AppleWebKit/537.36 (KHTML, like Gecko) Chrome/145.0.0.0 Mobile Safari/537.36",
  "timestamp": "2026-04-13T20:20:50.169Z"
}