{
  "buildNumber": "277",
  "buildId": "CMEduUks",
  "sessionId": "q0WoIYLvG",
  "durationSec": 0.643,
  "avgFps": 38.94169657419911,
  "minFps": 38.52145420645638,
  "maxFps": 39.361938941941844,
  "avgSectionTimingsMs": {
    "hud": 0.027272725647146053,
    "camera": 0.004545454274524342,
    "autoEngage": 0.002325581949810649,
    "syncPlayers": 0.08571428344363258,
    "syncUnits": 0.02380952522868202,
    "syncResources": 0.01428571485337757,
    "sendClientPoses": 0,
    "effectsAndFog": 0.07619047448748634,
    "syncStructures": 0.025000005960464478
  },
  "userAgent": "Mozilla/5.0 (Linux; Android 10; K) AppleWebKit/537.36 (KHTML, like Gecko) Chrome/145.0.0.0 Mobile Safari/537.36",
  "timestamp": "2026-04-13T20:25:05.482Z"
}