{
  "buildNumber": "276",
  "buildId": "BdYYCv-Z",
  "sessionId": "P2QeoMsYc",
  "durationSec": 11.466,
  "avgFps": 41.01054353874023,
  "minFps": 39.638383967582946,
  "maxFps": 42.24570034076106,
  "avgSectionTimingsMs": {
    "hud": 0.02691466098802095,
    "camera": 0.0059080963844282625,
    "autoEngage": 0.004052573886392934,
    "syncPlayers": 0.1072368426411821,
    "syncUnits": 0.07543859617751941,
    "syncResources": 0.02653508731409123,
    "sendClientPoses": 0.010307017713785172,
    "effectsAndFog": 0.05833333377775393,
    "syncStructures": 0.33023255751576536
  },
  "userAgent": "Mozilla/5.0 (Linux; Android 10; K) AppleWebKit/537.36 (KHTML, like Gecko) Chrome/145.0.0.0 Mobile Safari/537.36",
  "timestamp": "2026-04-13T20:20:30.438Z"
}