{
  "buildNumber": "276",
  "buildId": "BdYYCv-Z",
  "sessionId": "P2QeoMsYc",
  "durationSec": 9.137,
  "avgFps": 41.31640077746077,
  "minFps": 39.85117862344393,
  "maxFps": 42.24570034076106,
  "avgSectionTimingsMs": {
    "hud": 0.02791327940739267,
    "camera": 0.006233062443694448,
    "autoEngage": 0.0032564450555772925,
    "syncPlayers": 0.10543478336995063,
    "syncUnits": 0.03505434735637644,
    "syncResources": 0.0260869562625885,
    "sendClientPoses": 0.0019021738806496496,
    "effectsAndFog": 0.05489130472035512,
    "syncStructures": 0.35147058788467855
  },
  "userAgent": "Mozilla/5.0 (Linux; Android 10; K) AppleWebKit/537.36 (KHTML, like Gecko) Chrome/145.0.0.0 Mobile Safari/537.36",
  "timestamp": "2026-04-13T20:20:28.109Z"
}