{
  "buildNumber": "277",
  "buildId": "CMEduUks",
  "sessionId": "q0WoIYLvG",
  "durationSec": 4.582,
  "avgFps": 38.47616629872614,
  "minFps": 38.293317991131715,
  "maxFps": 39.361938941941844,
  "avgSectionTimingsMs": {
    "hud": 0.019883040796246445,
    "camera": 0.0076023392509995845,
    "autoEngage": 0.0032258067837208945,
    "syncPlayers": 0.07000000003506156,
    "syncUnits": 0.02705882349435021,
    "syncResources": 0.02588235209969913,
    "sendClientPoses": 0.0017647057771682738,
    "effectsAndFog": 0.04411764583166908,
    "syncStructures": 0.16764706022599163
  },
  "userAgent": "Mozilla/5.0 (Linux; Android 10; K) AppleWebKit/537.36 (KHTML, like Gecko) Chrome/145.0.0.0 Mobile Safari/537.36",
  "timestamp": "2026-04-13T20:25:09.421Z"
}