{
  "buildNumber": "276",
  "buildId": "BdYYCv-Z",
  "sessionId": "P2QeoMsYc",
  "durationSec": 32.649,
  "avgFps": 37.19969172480891,
  "minFps": 30.10412674515579,
  "maxFps": 42.24570034076106,
  "avgSectionTimingsMs": {
    "hud": 0.02489044719051625,
    "camera": 0.007975460169714444,
    "autoEngage": 0.005041648334497321,
    "syncPlayers": 0.11903508786569562,
    "syncUnits": 0.43298245618740716,
    "syncResources": 0.0268421050749327,
    "sendClientPoses": 0.07710526334611993,
    "effectsAndFog": 0.06000000024050997,
    "syncStructures": 0.21900826397020956
  },
  "userAgent": "Mozilla/5.0 (Linux; Android 10; K) AppleWebKit/537.36 (KHTML, like Gecko) Chrome/145.0.0.0 Mobile Safari/537.36",
  "timestamp": "2026-04-13T20:20:51.621Z"
}