{
  "buildNumber": "277",
  "buildId": "CMEduUks",
  "sessionId": "q0WoIYLvG",
  "durationSec": 14.48,
  "avgFps": 38.12555266709152,
  "minFps": 37.25494799665809,
  "maxFps": 39.361938941941844,
  "avgSectionTimingsMs": {
    "hud": 0.021042830395742947,
    "camera": 0.008193668317972393,
    "autoEngage": 0.0033550793504670525,
    "syncPlayers": 0.07537313417267444,
    "syncUnits": 0.034328358664886274,
    "syncResources": 0.025932835331603662,
    "sendClientPoses": 0.00503731346619663,
    "effectsAndFog": 0.05037313399475012,
    "syncStructures": 0.23981481459405687
  },
  "userAgent": "Mozilla/5.0 (Linux; Android 10; K) AppleWebKit/537.36 (KHTML, like Gecko) Chrome/145.0.0.0 Mobile Safari/537.36",
  "timestamp": "2026-04-13T20:25:19.319Z"
}