{
  "buildNumber": "274",
  "buildId": "CB7E_Olw",
  "sessionId": "PJns0EXEj",
  "durationSec": 12.286,
  "avgFps": 45.16667088393493,
  "minFps": 42.882096587837026,
  "maxFps": 47.48005890965272,
  "avgSectionTimingsMs": {
    "hud": 0.01807909620234746,
    "camera": 0.006214689512486288,
    "autoEngage": 0.002827521206409048,
    "syncPlayers": 0.08773584978760414,
    "syncUnits": 0.06207547165312857,
    "syncResources": 0.02018867939148309,
    "sendClientPoses": 0.015283018800447572,
    "effectsAndFog": 0.05358490522177714,
    "syncStructures": 0.38510638348599696
  },
  "userAgent": "Mozilla/5.0 (Linux; Android 10; K) AppleWebKit/537.36 (KHTML, like Gecko) Chrome/145.0.0.0 Mobile Safari/537.36",
  "timestamp": "2026-04-13T20:10:40.772Z"
}