{
  "buildNumber": "277",
  "buildId": "CMEduUks",
  "sessionId": "q0WoIYLvG",
  "durationSec": 6.283,
  "avgFps": 38.393564715394916,
  "minFps": 38.014368527508694,
  "maxFps": 39.361938941941844,
  "avgSectionTimingsMs": {
    "hud": 0.02170212725375561,
    "camera": 0.006382978723404255,
    "autoEngage": 0.0027718552902563295,
    "syncPlayers": 0.06880341865058638,
    "syncUnits": 0.02777777790513813,
    "syncResources": 0.02564102500422388,
    "sendClientPoses": 0.0025641024112701416,
    "effectsAndFog": 0.0414529908926059,
    "syncStructures": 0.16595744833033135
  },
  "userAgent": "Mozilla/5.0 (Linux; Android 10; K) AppleWebKit/537.36 (KHTML, like Gecko) Chrome/145.0.0.0 Mobile Safari/537.36",
  "timestamp": "2026-04-13T20:25:11.122Z"
}