{
  "buildNumber": "274",
  "buildId": "CB7E_Olw",
  "sessionId": "PJns0EXEj",
  "durationSec": 29.78,
  "avgFps": 40.81683366840062,
  "minFps": 31.192882327528594,
  "maxFps": 47.48005890965272,
  "avgSectionTimingsMs": {
    "hud": 0.018604651040169336,
    "camera": 0.008050089525408735,
    "autoEngage": 0.004384787464035171,
    "syncPlayers": 0.10134288308443293,
    "syncUnits": 0.649955237509421,
    "syncResources": 0.020680393880248178,
    "sendClientPoses": 0.08880931053614126,
    "effectsAndFog": 0.05658012521832568,
    "syncStructures": 0.2226244343351994
  },
  "userAgent": "Mozilla/5.0 (Linux; Android 10; K) AppleWebKit/537.36 (KHTML, like Gecko) Chrome/145.0.0.0 Mobile Safari/537.36",
  "timestamp": "2026-04-13T20:10:58.265Z"
}