{
  "buildNumber": "275",
  "buildId": "DlwQSAVw",
  "sessionId": "7MiGiHpAI",
  "durationSec": 11.606,
  "avgFps": 19.73674290430694,
  "minFps": 15.453768091335075,
  "maxFps": 22.205779708880364,
  "avgSectionTimingsMs": {
    "hud": 0.01889763854620025,
    "camera": 0.010236220214310594,
    "autoEngage": 0.007100591704219991,
    "syncPlayers": 0.1312252962777737,
    "syncUnits": 0.9675889329712382,
    "syncStructures": 0.08352941134396721,
    "syncResources": 0.03201581013532495,
    "sendClientPoses": 0.1893280633824616,
    "effectsAndFog": 16.76758893264141
  },
  "userAgent": "Mozilla/5.0 (Linux; Android 10; K) AppleWebKit/537.36 (KHTML, like Gecko) Chrome/145.0.0.0 Mobile Safari/537.36",
  "timestamp": "2026-04-13T20:14:32.835Z"
}