{
  "buildNumber": "274",
  "buildId": "CB7E_Olw",
  "sessionId": "PJns0EXEj",
  "durationSec": 32.568,
  "avgFps": 40.15635334245425,
  "minFps": 31.192882327528594,
  "maxFps": 47.48005890965272,
  "avgSectionTimingsMs": {
    "hud": 0.019370860858074088,
    "camera": 0.007781457032588934,
    "autoEngage": 0.0043064182219297985,
    "syncPlayers": 0.1032311519069324,
    "syncUnits": 0.6427506215333346,
    "syncResources": 0.020795360442124423,
    "sendClientPoses": 0.09494614734467931,
    "effectsAndFog": 0.0567522781786093,
    "syncStructures": 0.20954356834106921
  },
  "userAgent": "Mozilla/5.0 (Linux; Android 10; K) AppleWebKit/537.36 (KHTML, like Gecko) Chrome/145.0.0.0 Mobile Safari/537.36",
  "timestamp": "2026-04-13T20:11:01.054Z"
}