{
  "buildNumber": "276",
  "buildId": "BdYYCv-Z",
  "sessionId": "P2QeoMsYc",
  "durationSec": 49.483,
  "avgFps": 34.42720837107081,
  "minFps": 23.91074322966405,
  "maxFps": 42.24570034076106,
  "avgSectionTimingsMs": {
    "hud": 0.02614001300982657,
    "camera": 0.010147719962825052,
    "autoEngage": 0.0061676837970618455,
    "syncPlayers": 0.14338046270195193,
    "syncUnits": 0.7496143961588644,
    "syncResources": 0.029177377761789337,
    "sendClientPoses": 0.11812339332385664,
    "effectsAndFog": 0.06278920328785643,
    "syncStructures": 0.19835164790952597
  },
  "userAgent": "Mozilla/5.0 (Linux; Android 10; K) AppleWebKit/537.36 (KHTML, like Gecko) Chrome/145.0.0.0 Mobile Safari/537.36",
  "timestamp": "2026-04-13T20:21:08.455Z"
}