{
  "buildNumber": "274",
  "buildId": "CB7E_Olw",
  "sessionId": "PJns0EXEj",
  "durationSec": 6.862,
  "avgFps": 45.85341699636258,
  "minFps": 44.792959703402545,
  "maxFps": 47.48005890965272,
  "avgSectionTimingsMs": {
    "hud": 0.018750000156854327,
    "camera": 0.005263158169231917,
    "autoEngage": 0.002306425001907977,
    "syncPlayers": 0.08085808679215585,
    "syncUnits": 0.019801979804589802,
    "syncResources": 0.023432343214651933,
    "sendClientPoses": 0.005280528033133781,
    "effectsAndFog": 0.05247524724935148,
    "syncStructures": 0.2377358483818342
  },
  "userAgent": "Mozilla/5.0 (Linux; Android 10; K) AppleWebKit/537.36 (KHTML, like Gecko) Chrome/145.0.0.0 Mobile Safari/537.36",
  "timestamp": "2026-04-13T20:10:35.347Z"
}