{
  "buildNumber": "276",
  "buildId": "BdYYCv-Z",
  "sessionId": "P2QeoMsYc",
  "durationSec": 26.615,
  "avgFps": 38.27786957951175,
  "minFps": 32.55813081086227,
  "maxFps": 42.24570034076106,
  "avgSectionTimingsMs": {
    "hud": 0.026348547971347554,
    "camera": 0.0074688797484295,
    "autoEngage": 0.0049299428391221525,
    "syncPlayers": 0.1151609553540607,
    "syncUnits": 0.31100726913687843,
    "syncResources": 0.026687434931534224,
    "sendClientPoses": 0.05970924204507473,
    "effectsAndFog": 0.05950155792330408,
    "syncStructures": 0.2482233498302208
  },
  "userAgent": "Mozilla/5.0 (Linux; Android 10; K) AppleWebKit/537.36 (KHTML, like Gecko) Chrome/145.0.0.0 Mobile Safari/537.36",
  "timestamp": "2026-04-13T20:20:45.587Z"
}