{
  "buildNumber": "273",
  "buildId": "BF-xNiwv",
  "sessionId": "P_6xpY7hD",
  "durationSec": 59.094,
  "avgFps": 28.573838964863654,
  "minFps": 18.005645273948964,
  "maxFps": 40.321994488695054,
  "avgSectionTimingsMs": {
    "hud": 0.02612244904446764,
    "camera": 0.007891156417982919,
    "autoEngage": 0.005205852334780854,
    "syncPlayers": 0.08686181121817083,
    "syncUnits": 0.5716133423611126,
    "syncResources": 0.02729748119457471,
    "sendClientPoses": 0.10673927855053428,
    "effectsAndFog": 17.51014295431365,
    "syncStructures": 0.13640897782366174
  },
  "userAgent": "Mozilla/5.0 (Linux; Android 10; K) AppleWebKit/537.36 (KHTML, like Gecko) Chrome/145.0.0.0 Mobile Safari/537.36",
  "timestamp": "2026-04-13T20:02:55.983Z"
}