{
  "buildNumber": "273",
  "buildId": "BF-xNiwv",
  "sessionId": "P_6xpY7hD",
  "durationSec": 47.339,
  "avgFps": 30.301809168748342,
  "minFps": 18.36505218394369,
  "maxFps": 40.321994488695054,
  "avgSectionTimingsMs": {
    "hud": 0.025911252042381965,
    "camera": 0.008082408818125535,
    "autoEngage": 0.005152596115735236,
    "syncPlayers": 0.08287073800622424,
    "syncUnits": 0.4820777160085259,
    "syncResources": 0.02759714506147023,
    "sendClientPoses": 0.07168913554048652,
    "effectsAndFog": 15.081046788230196,
    "syncStructures": 0.15287009097658255
  },
  "userAgent": "Mozilla/5.0 (Linux; Android 10; K) AppleWebKit/537.36 (KHTML, like Gecko) Chrome/145.0.0.0 Mobile Safari/537.36",
  "timestamp": "2026-04-13T20:02:44.228Z"
}