{
  "buildNumber": "277",
  "buildId": "CMEduUks",
  "sessionId": "q0WoIYLvG",
  "durationSec": 29.179,
  "avgFps": 36.887299608469945,
  "minFps": 29.45054707312387,
  "maxFps": 39.361938941941844,
  "avgSectionTimingsMs": {
    "hud": 0.022933070701876963,
    "camera": 0.008562991938253087,
    "autoEngage": 0.005514524917424107,
    "syncPlayers": 0.08128078797180664,
    "syncUnits": 0.4348768477075793,
    "syncResources": 0.02591132991419637,
    "sendClientPoses": 0.05152709343163251,
    "effectsAndFog": 0.049458127949625404,
    "syncStructures": 0.20230414763024326
  },
  "userAgent": "Mozilla/5.0 (Linux; Android 10; K) AppleWebKit/537.36 (KHTML, like Gecko) Chrome/145.0.0.0 Mobile Safari/537.36",
  "timestamp": "2026-04-13T20:25:34.019Z"
}