{
  "buildNumber": "274",
  "buildId": "CB7E_Olw",
  "sessionId": "PJns0EXEj",
  "durationSec": 5.366,
  "avgFps": 46.13136332667639,
  "minFps": 45.05727960453673,
  "maxFps": 47.48005890965272,
  "avgSectionTimingsMs": {
    "hud": 0.01940928305251689,
    "camera": 0.005907173272426621,
    "autoEngage": 0.0023255813827474324,
    "syncPlayers": 0.08220339073973187,
    "syncUnits": 0.020338982722516788,
    "syncResources": 0.025423728813559324,
    "sendClientPoses": 0.005932203415086714,
    "effectsAndFog": 0.05423728742841947,
    "syncStructures": 0.24634146326925696
  },
  "userAgent": "Mozilla/5.0 (Linux; Android 10; K) AppleWebKit/537.36 (KHTML, like Gecko) Chrome/145.0.0.0 Mobile Safari/537.36",
  "timestamp": "2026-04-13T20:10:33.852Z"
}