{
  "buildNumber": "276",
  "buildId": "BdYYCv-Z",
  "sessionId": "P2QeoMsYc",
  "durationSec": 35.735,
  "avgFps": 36.67211506348462,
  "minFps": 28.35716510295945,
  "maxFps": 42.24570034076106,
  "avgSectionTimingsMs": {
    "hud": 0.02485690948813057,
    "camera": 0.008340147169320581,
    "autoEngage": 0.005276073536746097,
    "syncPlayers": 0.12389525368736536,
    "syncUnits": 0.5030278234503273,
    "syncResources": 0.027659574258346996,
    "sendClientPoses": 0.08723404271903093,
    "effectsAndFog": 0.06022913278417384,
    "syncStructures": 0.20646387791905566
  },
  "userAgent": "Mozilla/5.0 (Linux; Android 10; K) AppleWebKit/537.36 (KHTML, like Gecko) Chrome/145.0.0.0 Mobile Safari/537.36",
  "timestamp": "2026-04-13T20:20:54.707Z"
}