{
  "buildNumber": "273",
  "buildId": "BF-xNiwv",
  "sessionId": "P_6xpY7hD",
  "durationSec": 65.107,
  "avgFps": 27.873491489617415,
  "minFps": 18.005645273948964,
  "maxFps": 40.321994488695054,
  "avgSectionTimingsMs": {
    "hud": 0.025824873126702865,
    "camera": 0.007994923778445587,
    "autoEngage": 0.0054268486459684235,
    "syncPlayers": 0.08869841310713027,
    "syncUnits": 0.5895238093913547,
    "syncResources": 0.02711111099000961,
    "sendClientPoses": 0.11917460346978809,
    "effectsAndFog": 18.512253968072315,
    "syncStructures": 0.12831050239197195
  },
  "userAgent": "Mozilla/5.0 (Linux; Android 10; K) AppleWebKit/537.36 (KHTML, like Gecko) Chrome/145.0.0.0 Mobile Safari/537.36",
  "timestamp": "2026-04-13T20:03:01.997Z"
}