{
  "buildNumber": "273",
  "buildId": "BF-xNiwv",
  "sessionId": "P_6xpY7hD",
  "durationSec": 2.072,
  "avgFps": 38.945485072171245,
  "minFps": 37.010841424918226,
  "maxFps": 40.321994488695054,
  "avgSectionTimingsMs": {
    "hud": 0.026388888557751972,
    "camera": 0.009722222056653764,
    "autoEngage": 0.0034965034965034965,
    "syncPlayers": 0.07042253479151658,
    "syncUnits": 0.030985915325057338,
    "syncResources": 0.03098591490530632,
    "sendClientPoses": 0.0014084506202751482,
    "effectsAndFog": 8.983098592136948,
    "syncStructures": 0.0066666662693023685
  },
  "userAgent": "Mozilla/5.0 (Linux; Android 10; K) AppleWebKit/537.36 (KHTML, like Gecko) Chrome/145.0.0.0 Mobile Safari/537.36",
  "timestamp": "2026-04-13T20:01:58.961Z"
}