{
  "buildNumber": "277",
  "buildId": "CMEduUks",
  "sessionId": "q0WoIYLvG",
  "durationSec": 34.093,
  "avgFps": 35.956441026871666,
  "minFps": 26.803205994891698,
  "maxFps": 39.361938941941844,
  "avgSectionTimingsMs": {
    "hud": 0.02229020955575096,
    "camera": 0.009440559320724927,
    "autoEngage": 0.006077831287700951,
    "syncPlayers": 0.08468941357296388,
    "syncUnits": 0.6538932636341085,
    "syncResources": 0.026071740860284052,
    "sendClientPoses": 0.06517935242448475,
    "effectsAndFog": 0.04969378826082118,
    "syncStructures": 0.18174603214812657
  },
  "userAgent": "Mozilla/5.0 (Linux; Android 10; K) AppleWebKit/537.36 (KHTML, like Gecko) Chrome/145.0.0.0 Mobile Safari/537.36",
  "timestamp": "2026-04-13T20:25:38.932Z"
}