{
  "buildNumber": "275",
  "buildId": "DlwQSAVw",
  "sessionId": "7MiGiHpAI",
  "durationSec": 8.879,
  "avgFps": 19.035509978318615,
  "minFps": 15.453768091335075,
  "maxFps": 21.58805281578731,
  "avgSectionTimingsMs": {
    "hud": 0.022916667629033327,
    "camera": 0.009374999751647314,
    "autoEngage": 0.007049608246153391,
    "syncPlayers": 0.1371727744946305,
    "syncUnits": 1.0465968586699501,
    "syncStructures": 0.07999999844110929,
    "syncResources": 0.03403141345653234,
    "sendClientPoses": 0.20314136163102395,
    "effectsAndFog": 17.048167539360637
  },
  "userAgent": "Mozilla/5.0 (Linux; Android 10; K) AppleWebKit/537.36 (KHTML, like Gecko) Chrome/145.0.0.0 Mobile Safari/537.36",
  "timestamp": "2026-04-13T20:14:30.107Z"
}