{
  "buildNumber": "276",
  "buildId": "BdYYCv-Z",
  "sessionId": "P2QeoMsYc",
  "durationSec": 25.856,
  "avgFps": 38.422124194421386,
  "minFps": 32.74417441448303,
  "maxFps": 42.24570034076106,
  "avgSectionTimingsMs": {
    "hud": 0.026808510910957418,
    "camera": 0.00734042560166501,
    "autoEngage": 0.005055880708349328,
    "syncPlayers": 0.11416400424715556,
    "syncUnits": 0.29989350397492875,
    "syncResources": 0.02651757176437825,
    "sendClientPoses": 0.05825346121138023,
    "effectsAndFog": 0.059531416660680556,
    "syncStructures": 0.25208333305393654
  },
  "userAgent": "Mozilla/5.0 (Linux; Android 10; K) AppleWebKit/537.36 (KHTML, like Gecko) Chrome/145.0.0.0 Mobile Safari/537.36",
  "timestamp": "2026-04-13T20:20:44.828Z"
}