{
  "buildNumber": "276",
  "buildId": "BdYYCv-Z",
  "sessionId": "P2QeoMsYc",
  "durationSec": 17.404,
  "avgFps": 39.88809915784366,
  "minFps": 36.559663552824205,
  "maxFps": 42.24570034076106,
  "avgSectionTimingsMs": {
    "hud": 0.02672672701311541,
    "camera": 0.0061561562814512055,
    "autoEngage": 0.0048084146630755055,
    "syncPlayers": 0.10947368431808358,
    "syncUnits": 0.18872180442164715,
    "syncResources": 0.027368420765812234,
    "sendClientPoses": 0.035639097860881264,
    "effectsAndFog": 0.05819548915203353,
    "syncStructures": 0.29922480615534525
  },
  "userAgent": "Mozilla/5.0 (Linux; Android 10; K) AppleWebKit/537.36 (KHTML, like Gecko) Chrome/145.0.0.0 Mobile Safari/537.36",
  "timestamp": "2026-04-13T20:20:36.376Z"
}