{
  "buildNumber": "273",
  "buildId": "BF-xNiwv",
  "sessionId": "P_6xpY7hD",
  "durationSec": 12.199,
  "avgFps": 35.400271334668965,
  "minFps": 32.298311318800174,
  "maxFps": 40.321994488695054,
  "avgSectionTimingsMs": {
    "hud": 0.021945137186835235,
    "camera": 0.008229426240683197,
    "autoEngage": 0.0042446941769822555,
    "syncPlayers": 0.07075000032782555,
    "syncUnits": 0.0344999998062849,
    "syncResources": 0.02675000011920929,
    "sendClientPoses": 0.003499999940395355,
    "effectsAndFog": 9.708749999776483,
    "syncStructures": 0.13033707791499877
  },
  "userAgent": "Mozilla/5.0 (Linux; Android 10; K) AppleWebKit/537.36 (KHTML, like Gecko) Chrome/145.0.0.0 Mobile Safari/537.36",
  "timestamp": "2026-04-13T20:02:09.088Z"
}