{
  "buildNumber": "273",
  "buildId": "BF-xNiwv",
  "sessionId": "P_6xpY7hD",
  "durationSec": 7.174,
  "avgFps": 37.032184692636086,
  "minFps": 33.92933053345227,
  "maxFps": 40.321994488695054,
  "avgSectionTimingsMs": {
    "hud": 0.024380165560186403,
    "camera": 0.007851239447751322,
    "autoEngage": 0.0026915114118445734,
    "syncPlayers": 0.06639004223574246,
    "syncUnits": 0.03360995848149185,
    "syncResources": 0.03153526968481135,
    "sendClientPoses": 0.0033195020004921434,
    "effectsAndFog": 9.101659750790022,
    "syncStructures": 0.005660377021105784
  },
  "userAgent": "Mozilla/5.0 (Linux; Android 10; K) AppleWebKit/537.36 (KHTML, like Gecko) Chrome/145.0.0.0 Mobile Safari/537.36",
  "timestamp": "2026-04-13T20:02:04.063Z"
}