{
  "buildNumber": "273",
  "buildId": "BF-xNiwv",
  "sessionId": "P_6xpY7hD",
  "durationSec": 5.255,
  "avgFps": 37.38154899692275,
  "minFps": 35.9435983015165,
  "maxFps": 40.321994488695054,
  "avgSectionTimingsMs": {
    "hud": 0.02404371587956538,
    "camera": 0.007103824876045268,
    "autoEngage": 0.0030136985321567483,
    "syncPlayers": 0.06483516539191152,
    "syncUnits": 0.03351648348373371,
    "syncResources": 0.036263736394735485,
    "sendClientPoses": 0.0032967031002044678,
    "effectsAndFog": 8.693406593177345,
    "syncStructures": 0.005128204822540283
  },
  "userAgent": "Mozilla/5.0 (Linux; Android 10; K) AppleWebKit/537.36 (KHTML, like Gecko) Chrome/145.0.0.0 Mobile Safari/537.36",
  "timestamp": "2026-04-13T20:02:02.144Z"
}