{
  "buildNumber": "274",
  "buildId": "CB7E_Olw",
  "sessionId": "PJns0EXEj",
  "durationSec": 18.842,
  "avgFps": 43.61617670740664,
  "minFps": 37.85108603821611,
  "maxFps": 47.48005890965272,
  "avgSectionTimingsMs": {
    "hud": 0.017746114051403777,
    "camera": 0.006606217879087814,
    "autoEngage": 0.004018146479508356,
    "syncPlayers": 0.09143968929576503,
    "syncUnits": 0.3533073930038398,
    "syncResources": 0.020752269972777706,
    "sendClientPoses": 0.05201037593388836,
    "effectsAndFog": 0.055123216369891134,
    "syncStructures": 0.29507042236731085
  },
  "userAgent": "Mozilla/5.0 (Linux; Android 10; K) AppleWebKit/537.36 (KHTML, like Gecko) Chrome/145.0.0.0 Mobile Safari/537.36",
  "timestamp": "2026-04-13T20:10:47.327Z"
}