{
  "buildNumber": "277",
  "buildId": "CMEduUks",
  "sessionId": "q0WoIYLvG",
  "durationSec": 12.219,
  "avgFps": 38.27298572275514,
  "minFps": 37.45324088294771,
  "maxFps": 39.361938941941844,
  "avgSectionTimingsMs": {
    "hud": 0.020484581458411026,
    "camera": 0.008370043816545462,
    "autoEngage": 0.0035281148477320896,
    "syncPlayers": 0.07549668864961755,
    "syncUnits": 0.03333333364911953,
    "syncResources": 0.028035319404096794,
    "sendClientPoses": 0.004415011037527594,
    "effectsAndFog": 0.05187637936200527,
    "syncStructures": 0.2054347829974216
  },
  "userAgent": "Mozilla/5.0 (Linux; Android 10; K) AppleWebKit/537.36 (KHTML, like Gecko) Chrome/145.0.0.0 Mobile Safari/537.36",
  "timestamp": "2026-04-13T20:25:17.058Z"
}