{
  "buildNumber": "274",
  "buildId": "CB7E_Olw",
  "sessionId": "PJns0EXEj",
  "durationSec": 13.227,
  "avgFps": 44.999366671289394,
  "minFps": 41.91157244087777,
  "maxFps": 47.48005890965272,
  "avgSectionTimingsMs": {
    "hud": 0.018871252236122387,
    "camera": 0.0061728397164185,
    "autoEngage": 0.0031774051138919114,
    "syncPlayers": 0.08904593735406761,
    "syncUnits": 0.10070671346499305,
    "syncResources": 0.019964664437324336,
    "sendClientPoses": 0.02120141342756184,
    "effectsAndFog": 0.05318021163502346,
    "syncStructures": 0.37326732690971676
  },
  "userAgent": "Mozilla/5.0 (Linux; Android 10; K) AppleWebKit/537.36 (KHTML, like Gecko) Chrome/145.0.0.0 Mobile Safari/537.36",
  "timestamp": "2026-04-13T20:10:41.713Z"
}