{
  "buildNumber": "277",
  "buildId": "CMEduUks",
  "sessionId": "q0WoIYLvG",
  "durationSec": 14.421,
  "avgFps": 38.12880726399034,
  "minFps": 37.25494799665809,
  "maxFps": 39.361938941941844,
  "avgSectionTimingsMs": {
    "hud": 0.021121495182269086,
    "camera": 0.008224298853740514,
    "autoEngage": 0.003367633435969268,
    "syncPlayers": 0.07546816464890255,
    "syncUnits": 0.03426966339014889,
    "syncResources": 0.026029962055692066,
    "sendClientPoses": 0.004868913902325577,
    "effectsAndFog": 0.050374531511510355,
    "syncStructures": 0.23981481459405687
  },
  "userAgent": "Mozilla/5.0 (Linux; Android 10; K) AppleWebKit/537.36 (KHTML, like Gecko) Chrome/145.0.0.0 Mobile Safari/537.36",
  "timestamp": "2026-04-13T20:25:19.261Z"
}