{
  "buildNumber": "274",
  "buildId": "CB7E_Olw",
  "sessionId": "PJns0EXEj",
  "durationSec": 26.28,
  "avgFps": 41.74431706954675,
  "minFps": 32.56512413782861,
  "maxFps": 47.48005890965272,
  "avgSectionTimingsMs": {
    "hud": 0.018047337201690297,
    "camera": 0.008185404439179384,
    "autoEngage": 0.0043413912097279754,
    "syncPlayers": 0.09990128356989139,
    "syncUnits": 0.5698914118662756,
    "syncResources": 0.0202369200983264,
    "sendClientPoses": 0.08015794668122317,
    "effectsAndFog": 0.05616979249491037,
    "syncStructures": 0.24365482203246372
  },
  "userAgent": "Mozilla/5.0 (Linux; Android 10; K) AppleWebKit/537.36 (KHTML, like Gecko) Chrome/145.0.0.0 Mobile Safari/537.36",
  "timestamp": "2026-04-13T20:10:54.765Z"
}