{
  "buildNumber": "273",
  "buildId": "BF-xNiwv",
  "sessionId": "P_6xpY7hD",
  "durationSec": 10.425,
  "avgFps": 35.86968114136669,
  "minFps": 32.298311318800174,
  "maxFps": 40.321994488695054,
  "avgSectionTimingsMs": {
    "hud": 0.022222222291935257,
    "camera": 0.007309941346185249,
    "autoEngage": 0.004392386617283521,
    "syncPlayers": 0.06891495671090492,
    "syncUnits": 0.0337243400011594,
    "syncResources": 0.02932551328387778,
    "sendClientPoses": 0.0032258064341335354,
    "effectsAndFog": 9.75601172989065,
    "syncStructures": 0.13815789395257047
  },
  "userAgent": "Mozilla/5.0 (Linux; Android 10; K) AppleWebKit/537.36 (KHTML, like Gecko) Chrome/145.0.0.0 Mobile Safari/537.36",
  "timestamp": "2026-04-13T20:02:07.315Z"
}