{
  "buildNumber": "274",
  "buildId": "CB7E_Olw",
  "sessionId": "PJns0EXEj",
  "durationSec": 22.373,
  "avgFps": 42.72984322633059,
  "minFps": 36.37866394177931,
  "maxFps": 47.48005890965272,
  "avgSectionTimingsMs": {
    "hud": 0.018060200622382106,
    "camera": 0.007803790545383824,
    "autoEngage": 0.004182933614164906,
    "syncPlayers": 0.09363839312988732,
    "syncUnits": 0.451116071681359,
    "syncResources": 0.020424107255946313,
    "sendClientPoses": 0.06495535702976797,
    "effectsAndFog": 0.054910714006317515,
    "syncStructures": 0.26071428543045405
  },
  "userAgent": "Mozilla/5.0 (Linux; Android 10; K) AppleWebKit/537.36 (KHTML, like Gecko) Chrome/145.0.0.0 Mobile Safari/537.36",
  "timestamp": "2026-04-13T20:10:50.858Z"
}