{
  "buildNumber": "274",
  "buildId": "CB7E_Olw",
  "sessionId": "PJns0EXEj",
  "durationSec": 32.599,
  "avgFps": 40.14958637664076,
  "minFps": 31.192882327528594,
  "maxFps": 47.48005890965272,
  "avgSectionTimingsMs": {
    "hud": 0.019354838640656326,
    "camera": 0.007775020757127735,
    "autoEngage": 0.004302854781117279,
    "syncPlayers": 0.1032284771320441,
    "syncUnits": 0.642632450489019,
    "syncResources": 0.020778145739771672,
    "sendClientPoses": 0.09503311244462499,
    "effectsAndFog": 0.05678807926789814,
    "syncStructures": 0.20954356834106921
  },
  "userAgent": "Mozilla/5.0 (Linux; Android 10; K) AppleWebKit/537.36 (KHTML, like Gecko) Chrome/145.0.0.0 Mobile Safari/537.36",
  "timestamp": "2026-04-13T20:11:01.085Z"
}