{
  "buildNumber": "277",
  "buildId": "CMEduUks",
  "sessionId": "q0WoIYLvG",
  "durationSec": 5.904,
  "avgFps": 28.802155166122684,
  "minFps": 28.48434442172548,
  "maxFps": 30.259186777423363,
  "avgSectionTimingsMs": {
    "hud": 0.027439024390243903,
    "camera": 0.00975609788807427,
    "autoEngage": 0.009785932685257098,
    "syncPlayers": 0.11104294474870881,
    "syncUnits": 1.4208588956689543,
    "syncResources": 0.02331288424006269,
    "sendClientPoses": 0.18895705492218579,
    "effectsAndFog": 0.04785276080933085,
    "syncStructures": 0.06585365751894509
  },
  "userAgent": "Mozilla/5.0 (Linux; Android 10; K) AppleWebKit/537.36 (KHTML, like Gecko) Chrome/145.0.0.0 Mobile Safari/537.36",
  "timestamp": "2026-04-13T20:26:05.519Z"
}