{
  "buildNumber": "277",
  "buildId": "CMEduUks",
  "sessionId": "q0WoIYLvG",
  "durationSec": 27.257,
  "avgFps": 37.24599715566631,
  "minFps": 31.02319479666466,
  "maxFps": 39.361938941941844,
  "avgSectionTimingsMs": {
    "hud": 0.02344398324173021,
    "camera": 0.007987551669362176,
    "autoEngage": 0.005033731274983397,
    "syncPlayers": 0.07892004141307446,
    "syncUnits": 0.33489096607250834,
    "syncResources": 0.026064381947274767,
    "sendClientPoses": 0.042886812058069504,
    "effectsAndFog": 0.04953271020610013,
    "syncStructures": 0.20931372528567033
  },
  "userAgent": "Mozilla/5.0 (Linux; Android 10; K) AppleWebKit/537.36 (KHTML, like Gecko) Chrome/145.0.0.0 Mobile Safari/537.36",
  "timestamp": "2026-04-13T20:25:32.096Z"
}