{
  "buildNumber": "276",
  "buildId": "BdYYCv-Z",
  "sessionId": "P2QeoMsYc",
  "durationSec": 22.635,
  "avgFps": 39.030342641190465,
  "minFps": 34.54174676025607,
  "maxFps": 42.24570034076106,
  "avgSectionTimingsMs": {
    "hud": 0.02681764040288823,
    "camera": 0.006674612769068921,
    "autoEngage": 0.004889683881258069,
    "syncPlayers": 0.11217183781552144,
    "syncUnits": 0.24677804308034354,
    "syncResources": 0.026968973562085826,
    "sendClientPoses": 0.0470167065577177,
    "effectsAndFog": 0.059546539706660344,
    "syncStructures": 0.27559523798880126
  },
  "userAgent": "Mozilla/5.0 (Linux; Android 10; K) AppleWebKit/537.36 (KHTML, like Gecko) Chrome/145.0.0.0 Mobile Safari/537.36",
  "timestamp": "2026-04-13T20:20:41.607Z"
}