{
  "buildNumber": "273",
  "buildId": "BF-xNiwv",
  "sessionId": "P_6xpY7hD",
  "durationSec": 43.583,
  "avgFps": 30.92457160349913,
  "minFps": 19.15374517394548,
  "maxFps": 40.321994488695054,
  "avgSectionTimingsMs": {
    "hud": 0.026210350663912713,
    "camera": 0.007929883063934084,
    "autoEngage": 0.004926931123892798,
    "syncPlayers": 0.08195488766122083,
    "syncUnits": 0.41687552213868,
    "syncResources": 0.02681704252684425,
    "sendClientPoses": 0.06081871343535389,
    "effectsAndFog": 14.137009189566076,
    "syncStructures": 0.1557003260629573
  },
  "userAgent": "Mozilla/5.0 (Linux; Android 10; K) AppleWebKit/537.36 (KHTML, like Gecko) Chrome/145.0.0.0 Mobile Safari/537.36",
  "timestamp": "2026-04-13T20:02:40.472Z"
}