{
  "buildNumber": "274",
  "buildId": "CB7E_Olw",
  "sessionId": "PJns0EXEj",
  "durationSec": 26.93,
  "avgFps": 41.57548389848902,
  "minFps": 32.56512413782861,
  "maxFps": 47.48005890965272,
  "avgSectionTimingsMs": {
    "hud": 0.01839302989427949,
    "camera": 0.008131655465021715,
    "autoEngage": 0.004406779658130525,
    "syncPlayers": 0.10019379880192668,
    "syncUnits": 0.5809108528864476,
    "syncResources": 0.02015503880011943,
    "sendClientPoses": 0.08197674412251443,
    "effectsAndFog": 0.05629844940447992,
    "syncStructures": 0.23980099481729725
  },
  "userAgent": "Mozilla/5.0 (Linux; Android 10; K) AppleWebKit/537.36 (KHTML, like Gecko) Chrome/145.0.0.0 Mobile Safari/537.36",
  "timestamp": "2026-04-13T20:10:55.415Z"
}