{
  "buildNumber": "274",
  "buildId": "CB7E_Olw",
  "sessionId": "PJns0EXEj",
  "durationSec": 7.437,
  "avgFps": 45.77960988279103,
  "minFps": 44.792959703402545,
  "maxFps": 47.48005890965272,
  "avgSectionTimingsMs": {
    "hud": 0.019817073443313925,
    "camera": 0.005792683217583633,
    "autoEngage": 0.0022900762903781337,
    "syncPlayers": 0.08103975653648376,
    "syncUnits": 0.019571865005959792,
    "syncResources": 0.022018348678536373,
    "sendClientPoses": 0.005198776721954346,
    "effectsAndFog": 0.053516819207311044,
    "syncStructures": 0.22105263095153005
  },
  "userAgent": "Mozilla/5.0 (Linux; Android 10; K) AppleWebKit/537.36 (KHTML, like Gecko) Chrome/145.0.0.0 Mobile Safari/537.36",
  "timestamp": "2026-04-13T20:10:35.922Z"
}