{
  "buildNumber": "273",
  "buildId": "BF-xNiwv",
  "sessionId": "P_6xpY7hD",
  "durationSec": 7.83,
  "avgFps": 36.795325596515184,
  "minFps": 33.92933053345227,
  "maxFps": 40.321994488695054,
  "avgSectionTimingsMs": {
    "hud": 0.02251908421971416,
    "camera": 0.007251908192197785,
    "autoEngage": 0.0030592734681488677,
    "syncPlayers": 0.06781609270764494,
    "syncUnits": 0.03371647491308921,
    "syncResources": 0.031034482735783662,
    "sendClientPoses": 0.003448275770720851,
    "effectsAndFog": 9.264367815635213,
    "syncStructures": 0.005263157581028186
  },
  "userAgent": "Mozilla/5.0 (Linux; Android 10; K) AppleWebKit/537.36 (KHTML, like Gecko) Chrome/145.0.0.0 Mobile Safari/537.36",
  "timestamp": "2026-04-13T20:02:04.719Z"
}