{
  "buildNumber": "273",
  "buildId": "BF-xNiwv",
  "sessionId": "P_6xpY7hD",
  "durationSec": 51.31,
  "avgFps": 29.667332141051077,
  "minFps": 18.010036042575933,
  "maxFps": 40.321994488695054,
  "avgSectionTimingsMs": {
    "hud": 0.026220886623116026,
    "camera": 0.008114199791520633,
    "autoEngage": 0.005186020308802424,
    "syncPlayers": 0.0846616546462353,
    "syncUnits": 0.5316541352890488,
    "syncResources": 0.027894736725584904,
    "sendClientPoses": 0.08526315796644168,
    "effectsAndFog": 15.996240601436536,
    "syncStructures": 0.14563380303517193
  },
  "userAgent": "Mozilla/5.0 (Linux; Android 10; K) AppleWebKit/537.36 (KHTML, like Gecko) Chrome/145.0.0.0 Mobile Safari/537.36",
  "timestamp": "2026-04-13T20:02:48.201Z"
}