{
  "buildNumber": "274",
  "buildId": "CB7E_Olw",
  "sessionId": "PJns0EXEj",
  "durationSec": 8.323,
  "avgFps": 45.63785315404785,
  "minFps": 44.13353983316393,
  "maxFps": 47.48005890965272,
  "avgSectionTimingsMs": {
    "hud": 0.018306011222099346,
    "camera": 0.005737705227455806,
    "autoEngage": 0.0023255813790411368,
    "syncPlayers": 0.08136986387919073,
    "syncUnits": 0.018630136692360657,
    "syncResources": 0.021643835632768397,
    "sendClientPoses": 0.0052054793867346355,
    "effectsAndFog": 0.05205479419394715,
    "syncStructures": 0.37656249897554517
  },
  "userAgent": "Mozilla/5.0 (Linux; Android 10; K) AppleWebKit/537.36 (KHTML, like Gecko) Chrome/145.0.0.0 Mobile Safari/537.36",
  "timestamp": "2026-04-13T20:10:36.808Z"
}