{
  "buildNumber": "274",
  "buildId": "CB7E_Olw",
  "sessionId": "PJns0EXEj",
  "durationSec": 5.548,
  "avgFps": 46.09629120513713,
  "minFps": 45.05727960453673,
  "maxFps": 47.48005890965272,
  "avgSectionTimingsMs": {
    "hud": 0.019183673785657298,
    "camera": 0.005714285981898405,
    "autoEngage": 0.0022494887403671482,
    "syncPlayers": 0.08196721421402009,
    "syncUnits": 0.019672130829975255,
    "syncResources": 0.025409836016717504,
    "sendClientPoses": 0.006147540983606557,
    "effectsAndFog": 0.05450819603732375,
    "syncStructures": 0.2860465112120606
  },
  "userAgent": "Mozilla/5.0 (Linux; Android 10; K) AppleWebKit/537.36 (KHTML, like Gecko) Chrome/145.0.0.0 Mobile Safari/537.36",
  "timestamp": "2026-04-13T20:10:34.033Z"
}