{
  "buildNumber": "273",
  "buildId": "BF-xNiwv",
  "sessionId": "P_6xpY7hD",
  "durationSec": 64.141,
  "avgFps": 27.98009762439522,
  "minFps": 18.005645273948964,
  "maxFps": 40.321994488695054,
  "avgSectionTimingsMs": {
    "hud": 0.025978191167288212,
    "camera": 0.008082103832476104,
    "autoEngage": 0.005486044300111166,
    "syncPlayers": 0.08831835732303933,
    "syncUnits": 0.5878048779225319,
    "syncResources": 0.027150192447437094,
    "sendClientPoses": 0.11745828009462785,
    "effectsAndFog": 18.35173299088022,
    "syncStructures": 0.12939814829991925
  },
  "userAgent": "Mozilla/5.0 (Linux; Android 10; K) AppleWebKit/537.36 (KHTML, like Gecko) Chrome/145.0.0.0 Mobile Safari/537.36",
  "timestamp": "2026-04-13T20:03:01.030Z"
}