{
  "buildNumber": "276",
  "buildId": "BdYYCv-Z",
  "sessionId": "P2QeoMsYc",
  "durationSec": 34.025,
  "avgFps": 36.979625492635314,
  "minFps": 29.746071294150134,
  "maxFps": 42.24570034076106,
  "avgSectionTimingsMs": {
    "hud": 0.025063721527968208,
    "camera": 0.00824129143405386,
    "autoEngage": 0.005142371362186825,
    "syncPlayers": 0.1214285715147346,
    "syncUnits": 0.4627551021320479,
    "syncResources": 0.02695578217607777,
    "sendClientPoses": 0.08231292530691543,
    "effectsAndFog": 0.06071428594743313,
    "syncStructures": 0.21354581623438346
  },
  "userAgent": "Mozilla/5.0 (Linux; Android 10; K) AppleWebKit/537.36 (KHTML, like Gecko) Chrome/145.0.0.0 Mobile Safari/537.36",
  "timestamp": "2026-04-13T20:20:52.997Z"
}