{
  "buildNumber": "273",
  "buildId": "BF-xNiwv",
  "sessionId": "P_6xpY7hD",
  "durationSec": 54.308,
  "avgFps": 29.213612583976204,
  "minFps": 18.005645273948964,
  "maxFps": 40.321994488695054,
  "avgSectionTimingsMs": {
    "hud": 0.026209386376267307,
    "camera": 0.007870036062350773,
    "autoEngage": 0.005236547490068617,
    "syncPlayers": 0.08562138782157375,
    "syncUnits": 0.5554913293376479,
    "syncResources": 0.027167629945829424,
    "sendClientPoses": 0.09400289025523759,
    "effectsAndFog": 16.60780346822101,
    "syncStructures": 0.14182305647604587
  },
  "userAgent": "Mozilla/5.0 (Linux; Android 10; K) AppleWebKit/537.36 (KHTML, like Gecko) Chrome/145.0.0.0 Mobile Safari/537.36",
  "timestamp": "2026-04-13T20:02:51.198Z"
}