{
  "buildNumber": "277",
  "buildId": "CMEduUks",
  "sessionId": "q0WoIYLvG",
  "durationSec": 36.696,
  "avgFps": 35.451371023677616,
  "minFps": 26.803205994891698,
  "maxFps": 39.361938941941844,
  "avgSectionTimingsMs": {
    "hud": 0.022341302329611405,
    "camera": 0.009727947100665288,
    "autoEngage": 0.006185567071757366,
    "syncPlayers": 0.08531353098921257,
    "syncUnits": 0.7156765679321667,
    "syncResources": 0.02632013184599357,
    "sendClientPoses": 0.07211221107850374,
    "effectsAndFog": 0.04933993395405634,
    "syncStructures": 0.17269372731117305
  },
  "userAgent": "Mozilla/5.0 (Linux; Android 10; K) AppleWebKit/537.36 (KHTML, like Gecko) Chrome/145.0.0.0 Mobile Safari/537.36",
  "timestamp": "2026-04-13T20:25:41.535Z"
}