{
  "buildNumber": "277",
  "buildId": "CMEduUks",
  "sessionId": "q0WoIYLvG",
  "durationSec": 9.742,
  "avgFps": 38.35125041393212,
  "minFps": 38.014368527508694,
  "maxFps": 39.361938941941844,
  "avgSectionTimingsMs": {
    "hud": 0.020329670346045232,
    "camera": 0.007967032819658845,
    "autoEngage": 0.0035763412836985215,
    "syncPlayers": 0.07245179058434878,
    "syncUnits": 0.031404958940406145,
    "syncResources": 0.02920110117305409,
    "sendClientPoses": 0.004407713482202577,
    "effectsAndFog": 0.05371900777186244,
    "syncStructures": 0.21232876793978966
  },
  "userAgent": "Mozilla/5.0 (Linux; Android 10; K) AppleWebKit/537.36 (KHTML, like Gecko) Chrome/145.0.0.0 Mobile Safari/537.36",
  "timestamp": "2026-04-13T20:25:14.581Z"
}