{
  "buildNumber": "273",
  "buildId": "BF-xNiwv",
  "sessionId": "P_6xpY7hD",
  "durationSec": 22.09,
  "avgFps": 33.94115891969258,
  "minFps": 31.135007847593187,
  "maxFps": 40.321994488695054,
  "avgSectionTimingsMs": {
    "hud": 0.023977433046265616,
    "camera": 0.008603667044336941,
    "autoEngage": 0.0038814396402241905,
    "syncPlayers": 0.07528248614510574,
    "syncUnits": 0.033192090311292874,
    "syncResources": 0.02909604527350873,
    "sendClientPoses": 0.0053672316552555496,
    "effectsAndFog": 10.036299434632568,
    "syncStructures": 0.16708074500842124
  },
  "userAgent": "Mozilla/5.0 (Linux; Android 10; K) AppleWebKit/537.36 (KHTML, like Gecko) Chrome/145.0.0.0 Mobile Safari/537.36",
  "timestamp": "2026-04-13T20:02:18.980Z"
}