{
  "buildNumber": "277",
  "buildId": "CMEduUks",
  "sessionId": "q0WoIYLvG",
  "durationSec": 2.29,
  "avgFps": 29.14492280765438,
  "minFps": 28.64579256230064,
  "maxFps": 30.259186777423363,
  "avgSectionTimingsMs": {
    "hud": 0.025806451516766703,
    "camera": 0.014516129128394588,
    "autoEngage": 0.012195121708924209,
    "syncPlayers": 0.1147540988492184,
    "syncUnits": 1.9344262309738847,
    "syncResources": 0.02622951005325943,
    "sendClientPoses": 0.20655737744003047,
    "effectsAndFog": 0.04754098272714458,
    "syncStructures": 0.0999999980131785
  },
  "userAgent": "Mozilla/5.0 (Linux; Android 10; K) AppleWebKit/537.36 (KHTML, like Gecko) Chrome/145.0.0.0 Mobile Safari/537.36",
  "timestamp": "2026-04-13T20:26:01.906Z"
}