{
  "buildNumber": "276",
  "buildId": "BdYYCv-Z",
  "sessionId": "P2QeoMsYc",
  "durationSec": 23.561,
  "avgFps": 38.86609679532862,
  "minFps": 33.65631007019205,
  "maxFps": 42.24570034076106,
  "avgSectionTimingsMs": {
    "hud": 0.027073733027904265,
    "camera": 0.006682027766506793,
    "autoEngage": 0.0049567722449728666,
    "syncPlayers": 0.1131487889548349,
    "syncUnits": 0.2673587083404039,
    "syncResources": 0.02641291794342428,
    "sendClientPoses": 0.05028835076499288,
    "effectsAndFog": 0.05986159204611729,
    "syncStructures": 0.26800000003405977
  },
  "userAgent": "Mozilla/5.0 (Linux; Android 10; K) AppleWebKit/537.36 (KHTML, like Gecko) Chrome/145.0.0.0 Mobile Safari/537.36",
  "timestamp": "2026-04-13T20:20:42.534Z"
}