{
  "buildNumber": "277",
  "buildId": "CMEduUks",
  "sessionId": "q0WoIYLvG",
  "durationSec": 13.487,
  "avgFps": 38.1879414604449,
  "minFps": 37.33993066221078,
  "maxFps": 39.361938941941844,
  "avgSectionTimingsMs": {
    "hud": 0.020758482986343595,
    "camera": 0.00798403169818505,
    "autoEngage": 0.003296703457475066,
    "syncPlayers": 0.07599999982118606,
    "syncUnits": 0.03460000038146973,
    "syncResources": 0.027199999451637268,
    "sendClientPoses": 0.004600000023841858,
    "effectsAndFog": 0.05139999967813492,
    "syncStructures": 0.19801980227527052
  },
  "userAgent": "Mozilla/5.0 (Linux; Android 10; K) AppleWebKit/537.36 (KHTML, like Gecko) Chrome/145.0.0.0 Mobile Safari/537.36",
  "timestamp": "2026-04-13T20:25:18.326Z"
}