{
  "buildNumber": "275",
  "buildId": "DlwQSAVw",
  "sessionId": "7MiGiHpAI",
  "durationSec": 16.253,
  "avgFps": 20.599587472497994,
  "minFps": 15.453768091335075,
  "maxFps": 22.854172486012928,
  "avgSectionTimingsMs": {
    "hud": 0.01652661099487326,
    "camera": 0.010084033346309714,
    "autoEngage": 0.0061711080027496,
    "syncPlayers": 0.12471910114033838,
    "syncUnits": 0.8949438202916906,
    "syncStructures": 0.07815126060437755,
    "syncResources": 0.029494381771328744,
    "sendClientPoses": 0.18567415728662792,
    "effectsAndFog": 16.545505618613756
  },
  "userAgent": "Mozilla/5.0 (Linux; Android 10; K) AppleWebKit/537.36 (KHTML, like Gecko) Chrome/145.0.0.0 Mobile Safari/537.36",
  "timestamp": "2026-04-13T20:14:37.482Z"
}