{
  "buildNumber": "275",
  "buildId": "DlwQSAVw",
  "sessionId": "7MiGiHpAI",
  "durationSec": 20.959,
  "avgFps": 21.141217649498973,
  "minFps": 15.453768091335075,
  "maxFps": 23.285890513152527,
  "avgSectionTimingsMs": {
    "hud": 0.017241379438803113,
    "camera": 0.010560344583515463,
    "autoEngage": 0.006472491877235898,
    "syncPlayers": 0.1226781858352554,
    "syncUnits": 0.854427645453624,
    "syncStructures": 0.07354838713522881,
    "syncResources": 0.028941684484996753,
    "sendClientPoses": 0.19200863938609672,
    "effectsAndFog": 16.472786177633647
  },
  "userAgent": "Mozilla/5.0 (Linux; Android 10; K) AppleWebKit/537.36 (KHTML, like Gecko) Chrome/145.0.0.0 Mobile Safari/537.36",
  "timestamp": "2026-04-13T20:14:42.187Z"
}