{
  "buildNumber": "277",
  "buildId": "CMEduUks",
  "sessionId": "q0WoIYLvG",
  "durationSec": 26.856,
  "avgFps": 37.317823835570806,
  "minFps": 31.02319479666466,
  "maxFps": 39.361938941941844,
  "avgSectionTimingsMs": {
    "hud": 0.02339978999255962,
    "camera": 0.007974816175472825,
    "autoEngage": 0.004986876734285529,
    "syncPlayers": 0.07899159656352356,
    "syncUnits": 0.31071428600855233,
    "syncResources": 0.02615546200330518,
    "sendClientPoses": 0.04170168065974692,
    "effectsAndFog": 0.04936974777393982,
    "syncStructures": 0.2109452735132246
  },
  "userAgent": "Mozilla/5.0 (Linux; Android 10; K) AppleWebKit/537.36 (KHTML, like Gecko) Chrome/145.0.0.0 Mobile Safari/537.36",
  "timestamp": "2026-04-13T20:25:31.696Z"
}