{
  "buildNumber": "277",
  "buildId": "CMEduUks",
  "sessionId": "q0WoIYLvG",
  "durationSec": 8.614,
  "avgFps": 38.393595096287555,
  "minFps": 38.014368527508694,
  "maxFps": 39.361938941941844,
  "avgSectionTimingsMs": {
    "hud": 0.02056074755214085,
    "camera": 0.0074766353469028655,
    "autoEngage": 0.003432137452867957,
    "syncPlayers": 0.0737500000745058,
    "syncUnits": 0.03062500022351742,
    "syncResources": 0.02812499925494194,
    "sendClientPoses": 0.0046875,
    "effectsAndFog": 0.05374999968335033,
    "syncStructures": 0.15538461620991045
  },
  "userAgent": "Mozilla/5.0 (Linux; Android 10; K) AppleWebKit/537.36 (KHTML, like Gecko) Chrome/145.0.0.0 Mobile Safari/537.36",
  "timestamp": "2026-04-13T20:25:13.453Z"
}