{
  "buildNumber": "277",
  "buildId": "CMEduUks",
  "sessionId": "q0WoIYLvG",
  "durationSec": 26.148,
  "avgFps": 37.43655546128874,
  "minFps": 32.03092639555288,
  "maxFps": 39.361938941941844,
  "avgSectionTimingsMs": {
    "hud": 0.022936763008307798,
    "camera": 0.008038585017348408,
    "autoEngage": 0.004825737361294335,
    "syncPlayers": 0.07832618022553399,
    "syncUnits": 0.28015021487367,
    "syncResources": 0.025858368900456653,
    "sendClientPoses": 0.03980686697837109,
    "effectsAndFog": 0.04967811140891308,
    "syncStructures": 0.2137755100824395
  },
  "userAgent": "Mozilla/5.0 (Linux; Android 10; K) AppleWebKit/537.36 (KHTML, like Gecko) Chrome/145.0.0.0 Mobile Safari/537.36",
  "timestamp": "2026-04-13T20:25:30.987Z"
}