{
  "buildNumber": "276",
  "buildId": "BdYYCv-Z",
  "sessionId": "P2QeoMsYc",
  "durationSec": 32.501,
  "avgFps": 37.22386620736279,
  "minFps": 30.10412674515579,
  "maxFps": 42.24570034076106,
  "avgSectionTimingsMs": {
    "hud": 0.024978012528037857,
    "camera": 0.008003518077083712,
    "autoEngage": 0.005015398089286781,
    "syncPlayers": 0.11892605649018792,
    "syncUnits": 0.4307218310488781,
    "syncResources": 0.026848591339420264,
    "sendClientPoses": 0.07667253538966179,
    "effectsAndFog": 0.06003521151945625,
    "syncStructures": 0.21991701195348842
  },
  "userAgent": "Mozilla/5.0 (Linux; Android 10; K) AppleWebKit/537.36 (KHTML, like Gecko) Chrome/145.0.0.0 Mobile Safari/537.36",
  "timestamp": "2026-04-13T20:20:51.474Z"
}