{
  "buildNumber": "277",
  "buildId": "CMEduUks",
  "sessionId": "q0WoIYLvG",
  "durationSec": 8.583,
  "avgFps": 38.394708481830506,
  "minFps": 38.014368527508694,
  "maxFps": 39.361938941941844,
  "avgSectionTimingsMs": {
    "hud": 0.02062499988824129,
    "camera": 0.007499999832361937,
    "autoEngage": 0.0034428796671179354,
    "syncPlayers": 0.0739811912973099,
    "syncUnits": 0.03072100335901434,
    "syncResources": 0.027899685791667354,
    "sendClientPoses": 0.004702194357366771,
    "effectsAndFog": 0.053605015375023726,
    "syncStructures": 0.15781250083819032
  },
  "userAgent": "Mozilla/5.0 (Linux; Android 10; K) AppleWebKit/537.36 (KHTML, like Gecko) Chrome/145.0.0.0 Mobile Safari/537.36",
  "timestamp": "2026-04-13T20:25:13.422Z"
}