{
  "buildNumber": "274",
  "buildId": "CB7E_Olw",
  "sessionId": "PJns0EXEj",
  "durationSec": 8.546,
  "avgFps": 45.59784482104565,
  "minFps": 44.13353983316393,
  "maxFps": 47.48005890965272,
  "avgSectionTimingsMs": {
    "hud": 0.018085106731729306,
    "camera": 0.00611702154608483,
    "autoEngage": 0.002396804237175242,
    "syncPlayers": 0.08106666739781698,
    "syncUnits": 0.018933333079020183,
    "syncResources": 0.02133333341280619,
    "sendClientPoses": 0.0053333332538604734,
    "effectsAndFog": 0.05199999976158142,
    "syncStructures": 0.38615384514515216
  },
  "userAgent": "Mozilla/5.0 (Linux; Android 10; K) AppleWebKit/537.36 (KHTML, like Gecko) Chrome/145.0.0.0 Mobile Safari/537.36",
  "timestamp": "2026-04-13T20:10:37.031Z"
}