{
  "buildNumber": "277",
  "buildId": "CMEduUks",
  "sessionId": "q0WoIYLvG",
  "durationSec": 26.601,
  "avgFps": 37.36227091810205,
  "minFps": 32.03092639555288,
  "maxFps": 39.361938941941844,
  "avgSectionTimingsMs": {
    "hud": 0.023044397318085958,
    "camera": 0.008033826443156027,
    "autoEngage": 0.004918032887749796,
    "syncPlayers": 0.07915343907144334,
    "syncUnits": 0.3002116405459308,
    "syncResources": 0.026137565935730304,
    "sendClientPoses": 0.04105820103927895,
    "effectsAndFog": 0.04973544960930234,
    "syncStructures": 0.2119999998807907
  },
  "userAgent": "Mozilla/5.0 (Linux; Android 10; K) AppleWebKit/537.36 (KHTML, like Gecko) Chrome/145.0.0.0 Mobile Safari/537.36",
  "timestamp": "2026-04-13T20:25:31.440Z"
}