{
  "buildNumber": "276",
  "buildId": "BdYYCv-Z",
  "sessionId": "P2QeoMsYc",
  "durationSec": 24.369,
  "avgFps": 38.71429692044749,
  "minFps": 32.99223255264404,
  "maxFps": 42.24570034076106,
  "avgSectionTimingsMs": {
    "hud": 0.02698768226456936,
    "camera": 0.006718925072124264,
    "autoEngage": 0.005098039128867184,
    "syncPlayers": 0.11322869951815884,
    "syncUnits": 0.27993273564651944,
    "syncResources": 0.026233183662720327,
    "sendClientPoses": 0.053251121209875886,
    "effectsAndFog": 0.06008968639266865,
    "syncStructures": 0.2618784530716048
  },
  "userAgent": "Mozilla/5.0 (Linux; Android 10; K) AppleWebKit/537.36 (KHTML, like Gecko) Chrome/145.0.0.0 Mobile Safari/537.36",
  "timestamp": "2026-04-13T20:20:43.342Z"
}