{
  "buildNumber": "274",
  "buildId": "CB7E_Olw",
  "sessionId": "PJns0EXEj",
  "durationSec": 18.975,
  "avgFps": 43.578804474645366,
  "minFps": 37.63831452866208,
  "maxFps": 47.48005890965272,
  "avgSectionTimingsMs": {
    "hud": 0.01776061781431564,
    "camera": 0.006563706824524829,
    "autoEngage": 0.003992273031475463,
    "syncPlayers": 0.09149484593690056,
    "syncUnits": 0.35734536084010426,
    "syncResources": 0.020747422864756632,
    "sendClientPoses": 0.05219072145745926,
    "effectsAndFog": 0.055025772950083936,
    "syncStructures": 0.2958041956791511
  },
  "userAgent": "Mozilla/5.0 (Linux; Android 10; K) AppleWebKit/537.36 (KHTML, like Gecko) Chrome/145.0.0.0 Mobile Safari/537.36",
  "timestamp": "2026-04-13T20:10:47.460Z"
}