{
  "buildNumber": "274",
  "buildId": "CB7E_Olw",
  "sessionId": "PJns0EXEj",
  "durationSec": 22.633,
  "avgFps": 42.673700205030705,
  "minFps": 36.37866394177931,
  "maxFps": 47.48005890965272,
  "avgSectionTimingsMs": {
    "hud": 0.017900552440084806,
    "camera": 0.0077348067615572265,
    "autoEngage": 0.004145936965283404,
    "syncPlayers": 0.09369469051603722,
    "syncUnits": 0.45564159315771763,
    "syncResources": 0.020464601868813017,
    "sendClientPoses": 0.06548672561756277,
    "effectsAndFog": 0.05497787582927045,
    "syncStructures": 0.25823529380209304
  },
  "userAgent": "Mozilla/5.0 (Linux; Android 10; K) AppleWebKit/537.36 (KHTML, like Gecko) Chrome/145.0.0.0 Mobile Safari/537.36",
  "timestamp": "2026-04-13T20:10:51.119Z"
}