{
  "buildNumber": "277",
  "buildId": "CMEduUks",
  "sessionId": "q0WoIYLvG",
  "durationSec": 6.156,
  "avgFps": 28.79111492318439,
  "minFps": 28.48434442172548,
  "maxFps": 30.259186777423363,
  "avgSectionTimingsMs": {
    "hud": 0.028070175508309526,
    "camera": 0.009941520746688397,
    "autoEngage": 0.009384164187915165,
    "syncPlayers": 0.11000000010518467,
    "syncUnits": 1.4176470588235295,
    "syncResources": 0.024117647900300868,
    "sendClientPoses": 0.1882352937670315,
    "effectsAndFog": 0.047058823529411764,
    "syncStructures": 0.06279069670411043
  },
  "userAgent": "Mozilla/5.0 (Linux; Android 10; K) AppleWebKit/537.36 (KHTML, like Gecko) Chrome/145.0.0.0 Mobile Safari/537.36",
  "timestamp": "2026-04-13T20:26:05.772Z"
}