{
  "buildNumber": "273",
  "buildId": "BF-xNiwv",
  "sessionId": "P_6xpY7hD",
  "durationSec": 34.427,
  "avgFps": 32.58955464238811,
  "minFps": 23.839220387073325,
  "maxFps": 40.321994488695054,
  "avgSectionTimingsMs": {
    "hud": 0.026556420187078097,
    "camera": 0.00787937733913674,
    "autoEngage": 0.004622871046228711,
    "syncPlayers": 0.07818890018379561,
    "syncUnits": 0.22414800399930707,
    "syncResources": 0.027555988269051885,
    "sendClientPoses": 0.02969814983523925,
    "effectsAndFog": 11.709834469066971,
    "syncStructures": 0.17720000004768371
  },
  "userAgent": "Mozilla/5.0 (Linux; Android 10; K) AppleWebKit/537.36 (KHTML, like Gecko) Chrome/145.0.0.0 Mobile Safari/537.36",
  "timestamp": "2026-04-13T20:02:31.316Z"
}