{
  "buildNumber": "273",
  "buildId": "BF-xNiwv",
  "sessionId": "P_6xpY7hD",
  "durationSec": 10.971,
  "avgFps": 35.681714308600036,
  "minFps": 32.298311318800174,
  "maxFps": 40.321994488695054,
  "avgSectionTimingsMs": {
    "hud": 0.021883656526206274,
    "camera": 0.0072022158848611935,
    "autoEngage": 0.004438280232571035,
    "syncPlayers": 0.06888888941870795,
    "syncUnits": 0.033611110928985805,
    "syncResources": 0.028333333465788098,
    "sendClientPoses": 0.0033333333002196416,
    "effectsAndFog": 9.72749999968542,
    "syncStructures": 0.13124999925494193
  },
  "userAgent": "Mozilla/5.0 (Linux; Android 10; K) AppleWebKit/537.36 (KHTML, like Gecko) Chrome/145.0.0.0 Mobile Safari/537.36",
  "timestamp": "2026-04-13T20:02:07.860Z"
}