{
  "buildNumber": "273",
  "buildId": "BF-xNiwv",
  "sessionId": "P_6xpY7hD",
  "durationSec": 63.804,
  "avgFps": 28.018174404038277,
  "minFps": 18.005645273948964,
  "maxFps": 40.321994488695054,
  "avgSectionTimingsMs": {
    "hud": 0.026078557649582952,
    "camera": 0.007984545967000113,
    "autoEngage": 0.0054750402864434675,
    "syncPlayers": 0.08814433034624636,
    "syncUnits": 0.5872422679298624,
    "syncResources": 0.027061855574090455,
    "sendClientPoses": 0.11688144353323991,
    "effectsAndFog": 18.29806701015182,
    "syncStructures": 0.12976744202680365
  },
  "userAgent": "Mozilla/5.0 (Linux; Android 10; K) AppleWebKit/537.36 (KHTML, like Gecko) Chrome/145.0.0.0 Mobile Safari/537.36",
  "timestamp": "2026-04-13T20:03:00.694Z"
}