{
  "buildNumber": "274",
  "buildId": "CB7E_Olw",
  "sessionId": "PJns0EXEj",
  "durationSec": 15.701,
  "avgFps": 44.45540397892525,
  "minFps": 40.38775949799375,
  "maxFps": 47.48005890965272,
  "avgSectionTimingsMs": {
    "hud": 0.01742424237908739,
    "camera": 0.006515151804143732,
    "autoEngage": 0.0035633055254579767,
    "syncPlayers": 0.09074355139536995,
    "syncUnits": 0.2270106221909588,
    "syncResources": 0.02154779994976177,
    "sendClientPoses": 0.03626707114833259,
    "effectsAndFog": 0.05341426370176451,
    "syncStructures": 0.3369747898658785
  },
  "userAgent": "Mozilla/5.0 (Linux; Android 10; K) AppleWebKit/537.36 (KHTML, like Gecko) Chrome/145.0.0.0 Mobile Safari/537.36",
  "timestamp": "2026-04-13T20:10:44.186Z"
}