{
  "buildNumber": "274",
  "buildId": "CB7E_Olw",
  "sessionId": "PJns0EXEj",
  "durationSec": 3.543,
  "avgFps": 46.4755734063597,
  "minFps": 45.86004418223954,
  "maxFps": 47.48005890965272,
  "avgSectionTimingsMs": {
    "hud": 0.019745223081795275,
    "camera": 0.005095541667027079,
    "autoEngage": 0.0015974439942417816,
    "syncPlayers": 0.08076923111310372,
    "syncUnits": 0.02371794845049198,
    "syncResources": 0.026923076655620184,
    "sendClientPoses": 0.004487179601803804,
    "effectsAndFog": 0.0583333331040847,
    "syncStructures": 0.0035714294229234967
  },
  "userAgent": "Mozilla/5.0 (Linux; Android 10; K) AppleWebKit/537.36 (KHTML, like Gecko) Chrome/145.0.0.0 Mobile Safari/537.36",
  "timestamp": "2026-04-13T20:10:32.028Z"
}