{
  "buildNumber": "274",
  "buildId": "CB7E_Olw",
  "sessionId": "PJns0EXEj",
  "durationSec": 2.143,
  "avgFps": 46.47791156531549,
  "minFps": 45.86004418223954,
  "maxFps": 47.48005890965272,
  "avgSectionTimingsMs": {
    "hud": 0.022916666232049465,
    "camera": 0.004166667039195697,
    "autoEngage": 0.0010471203564349268,
    "syncPlayers": 0.088421053321738,
    "syncUnits": 0.023157894297649986,
    "syncResources": 0.02736842161730716,
    "sendClientPoses": 0.005263157894736842,
    "effectsAndFog": 0.05789473684210526,
    "syncStructures": 0
  },
  "userAgent": "Mozilla/5.0 (Linux; Android 10; K) AppleWebKit/537.36 (KHTML, like Gecko) Chrome/145.0.0.0 Mobile Safari/537.36",
  "timestamp": "2026-04-13T20:10:30.628Z"
}