{
  "buildNumber": "276",
  "buildId": "BdYYCv-Z",
  "sessionId": "P2QeoMsYc",
  "durationSec": 3.785,
  "avgFps": 41.47451889974054,
  "minFps": 41.125914193165954,
  "maxFps": 41.88124505024189,
  "avgSectionTimingsMs": {
    "hud": 0.025949367616750017,
    "camera": 0.005696202569370029,
    "autoEngage": 0.002857142970675514,
    "syncPlayers": 0.11337579701356827,
    "syncUnits": 0.03184713318849065,
    "syncResources": 0.0280254775551474,
    "sendClientPoses": 0.0019108281014071909,
    "effectsAndFog": 0.06305732430925795,
    "syncStructures": 0.06071428422416959
  },
  "userAgent": "Mozilla/5.0 (Linux; Android 10; K) AppleWebKit/537.36 (KHTML, like Gecko) Chrome/145.0.0.0 Mobile Safari/537.36",
  "timestamp": "2026-04-13T20:20:22.757Z"
}