{
  "buildNumber": "276",
  "buildId": "BdYYCv-Z",
  "sessionId": "P2QeoMsYc",
  "durationSec": 33.691,
  "avgFps": 37.02912800212027,
  "minFps": 29.746071294150134,
  "maxFps": 42.24570034076106,
  "avgSectionTimingsMs": {
    "hud": 0.025149700807852046,
    "camera": 0.00812660396048103,
    "autoEngage": 0.005049208315407358,
    "syncPlayers": 0.12054794531774847,
    "syncUnits": 0.45402397268949307,
    "syncResources": 0.027054794387866374,
    "sendClientPoses": 0.08116438372494424,
    "effectsAndFog": 0.060787671462517893,
    "syncStructures": 0.21445783087048664
  },
  "userAgent": "Mozilla/5.0 (Linux; Android 10; K) AppleWebKit/537.36 (KHTML, like Gecko) Chrome/145.0.0.0 Mobile Safari/537.36",
  "timestamp": "2026-04-13T20:20:52.664Z"
}