{
  "buildNumber": "277",
  "buildId": "CMEduUks",
  "sessionId": "q0WoIYLvG",
  "durationSec": 17.117,
  "avgFps": 37.980958643485515,
  "minFps": 36.94121099749357,
  "maxFps": 39.361938941941844,
  "avgSectionTimingsMs": {
    "hud": 0.020879120804264184,
    "camera": 0.008163265147051969,
    "autoEngage": 0.0037706207311350064,
    "syncPlayers": 0.07405660376421311,
    "syncUnits": 0.03443396274211272,
    "syncResources": 0.025157232376389532,
    "sendClientPoses": 0.005031446522136904,
    "effectsAndFog": 0.047169810992741736,
    "syncStructures": 0.2531249998137355
  },
  "userAgent": "Mozilla/5.0 (Linux; Android 10; K) AppleWebKit/537.36 (KHTML, like Gecko) Chrome/145.0.0.0 Mobile Safari/537.36",
  "timestamp": "2026-04-13T20:25:21.956Z"
}