{
  "buildNumber": "275",
  "buildId": "DlwQSAVw",
  "sessionId": "7MiGiHpAI",
  "durationSec": 11.069,
  "avgFps": 19.61431132722067,
  "minFps": 15.453768091335075,
  "maxFps": 22.205779708880364,
  "avgSectionTimingsMs": {
    "hud": 0.019008265300230545,
    "camera": 0.01033057826609651,
    "autoEngage": 0.007039337363055527,
    "syncPlayers": 0.13278008286389079,
    "syncUnits": 0.9821576766700666,
    "syncStructures": 0.08518518452291135,
    "syncResources": 0.03236514503035803,
    "sendClientPoses": 0.19170124513479683,
    "effectsAndFog": 16.78257261383583
  },
  "userAgent": "Mozilla/5.0 (Linux; Android 10; K) AppleWebKit/537.36 (KHTML, like Gecko) Chrome/145.0.0.0 Mobile Safari/537.36",
  "timestamp": "2026-04-13T20:14:32.297Z"
}