{
  "buildNumber": "276",
  "buildId": "BdYYCv-Z",
  "sessionId": "P2QeoMsYc",
  "durationSec": 23.206,
  "avgFps": 38.932966869980355,
  "minFps": 33.65631007019205,
  "maxFps": 42.24570034076106,
  "avgSectionTimingsMs": {
    "hud": 0.02718786497099397,
    "camera": 0.0067677947506743245,
    "autoEngage": 0.004962054787500518,
    "syncPlayers": 0.11308411223309062,
    "syncUnits": 0.2581775701979053,
    "syncResources": 0.02640186897783636,
    "sendClientPoses": 0.04894859827706747,
    "effectsAndFog": 0.05981308441156539,
    "syncStructures": 0.2709302325234857
  },
  "userAgent": "Mozilla/5.0 (Linux; Android 10; K) AppleWebKit/537.36 (KHTML, like Gecko) Chrome/145.0.0.0 Mobile Safari/537.36",
  "timestamp": "2026-04-13T20:20:42.178Z"
}