{
  "buildNumber": "273",
  "buildId": "BF-xNiwv",
  "sessionId": "P_6xpY7hD",
  "durationSec": 24.67,
  "avgFps": 33.71020626392552,
  "minFps": 31.135007847593187,
  "maxFps": 40.321994488695054,
  "avgSectionTimingsMs": {
    "hud": 0.02506329115433029,
    "camera": 0.008481012567689147,
    "autoEngage": 0.003609879644253799,
    "syncPlayers": 0.075665399526613,
    "syncUnits": 0.033586818720149146,
    "syncResources": 0.027249683180991538,
    "sendClientPoses": 0.0055766794240368935,
    "effectsAndFog": 10.07097591846917,
    "syncStructures": 0.20277777711550396
  },
  "userAgent": "Mozilla/5.0 (Linux; Android 10; K) AppleWebKit/537.36 (KHTML, like Gecko) Chrome/145.0.0.0 Mobile Safari/537.36",
  "timestamp": "2026-04-13T20:02:21.559Z"
}