{
  "buildNumber": "274",
  "buildId": "CB7E_Olw",
  "sessionId": "PJns0EXEj",
  "durationSec": 15.895,
  "avgFps": 44.41271505633675,
  "minFps": 40.38775949799375,
  "maxFps": 47.48005890965272,
  "avgSectionTimingsMs": {
    "hud": 0.017241379265663683,
    "camera": 0.006596701926198499,
    "autoEngage": 0.0035258814614246596,
    "syncPlayers": 0.09069069119187088,
    "syncUnits": 0.23648648657598295,
    "syncResources": 0.021471471713111923,
    "sendClientPoses": 0.0370870869349431,
    "effectsAndFog": 0.05345345308651795,
    "syncStructures": 0.3330578510918893
  },
  "userAgent": "Mozilla/5.0 (Linux; Android 10; K) AppleWebKit/537.36 (KHTML, like Gecko) Chrome/145.0.0.0 Mobile Safari/537.36",
  "timestamp": "2026-04-13T20:10:44.380Z"
}