{
  "buildNumber": "273",
  "buildId": "BF-xNiwv",
  "sessionId": "P_6xpY7hD",
  "durationSec": 5.978,
  "avgFps": 37.24046122399179,
  "minFps": 35.9435983015165,
  "maxFps": 40.321994488695054,
  "avgSectionTimingsMs": {
    "hud": 0.024519230883855086,
    "camera": 0.007692307520371217,
    "autoEngage": 0.002650602323463164,
    "syncPlayers": 0.06521739202421069,
    "syncUnits": 0.03285024174745532,
    "syncResources": 0.03429951687941805,
    "sendClientPoses": 0.002898550551870595,
    "effectsAndFog": 8.775362318408662,
    "syncStructures": 0.006818181411786513
  },
  "userAgent": "Mozilla/5.0 (Linux; Android 10; K) AppleWebKit/537.36 (KHTML, like Gecko) Chrome/145.0.0.0 Mobile Safari/537.36",
  "timestamp": "2026-04-13T20:02:02.867Z"
}