{
  "buildNumber": "273",
  "buildId": "BF-xNiwv",
  "sessionId": "P_6xpY7hD",
  "durationSec": 25.92,
  "avgFps": 33.626347797985005,
  "minFps": 31.135007847593187,
  "maxFps": 40.321994488695054,
  "avgSectionTimingsMs": {
    "hud": 0.024819277137158865,
    "camera": 0.008192770990980676,
    "autoEngage": 0.003797468343651963,
    "syncPlayers": 0.07575392079583411,
    "syncUnits": 0.033775633293124246,
    "syncResources": 0.027261761222731218,
    "sendClientPoses": 0.005669481360293988,
    "effectsAndFog": 10.08287092838414,
    "syncStructures": 0.201587301082712
  },
  "userAgent": "Mozilla/5.0 (Linux; Android 10; K) AppleWebKit/537.36 (KHTML, like Gecko) Chrome/145.0.0.0 Mobile Safari/537.36",
  "timestamp": "2026-04-13T20:02:22.809Z"
}