{
  "buildNumber": "274",
  "buildId": "CB7E_Olw",
  "sessionId": "PJns0EXEj",
  "durationSec": 32.356,
  "avgFps": 40.204037631945994,
  "minFps": 31.192882327528594,
  "maxFps": 47.48005890965272,
  "avgSectionTimingsMs": {
    "hud": 0.019400499519162333,
    "camera": 0.007826811070247653,
    "autoEngage": 0.0042898792095454425,
    "syncPlayers": 0.10308333362142245,
    "syncUnits": 0.6434166668355465,
    "syncResources": 0.02091666671137015,
    "sendClientPoses": 0.0948333332190911,
    "effectsAndFog": 0.056749999821186066,
    "syncStructures": 0.2099999997764826
  },
  "userAgent": "Mozilla/5.0 (Linux; Android 10; K) AppleWebKit/537.36 (KHTML, like Gecko) Chrome/145.0.0.0 Mobile Safari/537.36",
  "timestamp": "2026-04-13T20:11:00.841Z"
}