{
  "buildNumber": "277",
  "buildId": "CMEduUks",
  "sessionId": "q0WoIYLvG",
  "durationSec": 34.607,
  "avgFps": 35.83797810583651,
  "minFps": 26.803205994891698,
  "maxFps": 39.361938941941844,
  "avgSectionTimingsMs": {
    "hud": 0.022088006665934974,
    "camera": 0.009490940337349775,
    "autoEngage": 0.0060854553919081344,
    "syncPlayers": 0.08480138137344663,
    "syncUnits": 0.66226252187719,
    "syncResources": 0.02642487028102183,
    "sendClientPoses": 0.06632124337919429,
    "effectsAndFog": 0.04948186526953247,
    "syncStructures": 0.17968750034924597
  },
  "userAgent": "Mozilla/5.0 (Linux; Android 10; K) AppleWebKit/537.36 (KHTML, like Gecko) Chrome/145.0.0.0 Mobile Safari/537.36",
  "timestamp": "2026-04-13T20:25:39.447Z"
}