{
  "buildNumber": "273",
  "buildId": "BF-xNiwv",
  "sessionId": "P_6xpY7hD",
  "durationSec": 21.448,
  "avgFps": 34.03102110831881,
  "minFps": 31.135007847593187,
  "maxFps": 40.321994488695054,
  "avgSectionTimingsMs": {
    "hud": 0.023289665297823354,
    "camera": 0.008733624367387708,
    "autoEngage": 0.003860160220042685,
    "syncPlayers": 0.0752186592309885,
    "syncUnits": 0.033381924076608595,
    "syncResources": 0.029591836795514942,
    "sendClientPoses": 0.005247813445833612,
    "effectsAndFog": 10.113994168774727,
    "syncStructures": 0.15448717925793085
  },
  "userAgent": "Mozilla/5.0 (Linux; Android 10; K) AppleWebKit/537.36 (KHTML, like Gecko) Chrome/145.0.0.0 Mobile Safari/537.36",
  "timestamp": "2026-04-13T20:02:18.337Z"
}