{
  "buildNumber": "276",
  "buildId": "BdYYCv-Z",
  "sessionId": "P2QeoMsYc",
  "durationSec": 16.448,
  "avgFps": 40.070276762614775,
  "minFps": 36.559663552824205,
  "maxFps": 42.24570034076106,
  "avgSectionTimingsMs": {
    "hud": 0.0261489701252165,
    "camera": 0.006497622953164029,
    "autoEngage": 0.004678826262136001,
    "syncPlayers": 0.10873015882476927,
    "syncUnits": 0.1846031744328756,
    "syncResources": 0.02714285689686972,
    "sendClientPoses": 0.03698412709765964,
    "effectsAndFog": 0.058095238416913955,
    "syncStructures": 0.2827868852459016
  },
  "userAgent": "Mozilla/5.0 (Linux; Android 10; K) AppleWebKit/537.36 (KHTML, like Gecko) Chrome/145.0.0.0 Mobile Safari/537.36",
  "timestamp": "2026-04-13T20:20:35.420Z"
}