{
  "buildNumber": "276",
  "buildId": "BdYYCv-Z",
  "sessionId": "P2QeoMsYc",
  "durationSec": 23.378,
  "avgFps": 38.90235981197692,
  "minFps": 33.65631007019205,
  "maxFps": 42.24570034076106,
  "avgSectionTimingsMs": {
    "hud": 0.02714617201181133,
    "camera": 0.006728538400612409,
    "autoEngage": 0.00499129416426461,
    "syncPlayers": 0.11312427414142019,
    "syncUnits": 0.262137050066537,
    "syncResources": 0.02636469206605085,
    "sendClientPoses": 0.049593496094181976,
    "effectsAndFog": 0.05958188185846903,
    "syncStructures": 0.2699421964628848
  },
  "userAgent": "Mozilla/5.0 (Linux; Android 10; K) AppleWebKit/537.36 (KHTML, like Gecko) Chrome/145.0.0.0 Mobile Safari/537.36",
  "timestamp": "2026-04-13T20:20:42.350Z"
}