{
  "buildNumber": "273",
  "buildId": "BF-xNiwv",
  "sessionId": "P_6xpY7hD",
  "durationSec": 2.035,
  "avgFps": 38.97273357424524,
  "minFps": 37.010841424918226,
  "maxFps": 40.321994488695054,
  "avgSectionTimingsMs": {
    "hud": 0.026760563044480875,
    "camera": 0.00845070414140191,
    "autoEngage": 0.0035460992907801418,
    "syncPlayers": 0.07142857100282396,
    "syncUnits": 0.029999999914850507,
    "syncResources": 0.03142857083252498,
    "sendClientPoses": 0.001428571343421936,
    "effectsAndFog": 8.907142857994351,
    "syncStructures": 0.0066666662693023685
  },
  "userAgent": "Mozilla/5.0 (Linux; Android 10; K) AppleWebKit/537.36 (KHTML, like Gecko) Chrome/145.0.0.0 Mobile Safari/537.36",
  "timestamp": "2026-04-13T20:01:58.924Z"
}