{
  "buildNumber": "273",
  "buildId": "BF-xNiwv",
  "sessionId": "P_6xpY7hD",
  "durationSec": 8.763,
  "avgFps": 36.47942183618097,
  "minFps": 33.1969979000892,
  "maxFps": 40.321994488695054,
  "avgSectionTimingsMs": {
    "hud": 0.022145328843469852,
    "camera": 0.006920415018669049,
    "autoEngage": 0.0036395147726895286,
    "syncPlayers": 0.06840277835726738,
    "syncUnits": 0.033680555410683155,
    "syncResources": 0.030208333291941218,
    "sendClientPoses": 0.003819444423748387,
    "effectsAndFog": 9.598958332815933,
    "syncStructures": 0.00624999962747097
  },
  "userAgent": "Mozilla/5.0 (Linux; Android 10; K) AppleWebKit/537.36 (KHTML, like Gecko) Chrome/145.0.0.0 Mobile Safari/537.36",
  "timestamp": "2026-04-13T20:02:05.652Z"
}