{
  "buildNumber": "277",
  "buildId": "CMEduUks",
  "sessionId": "q0WoIYLvG",
  "durationSec": 22.367,
  "avgFps": 37.883976710273075,
  "minFps": 35.96194021310538,
  "maxFps": 39.361938941941844,
  "avgSectionTimingsMs": {
    "hud": 0.023386114298498732,
    "camera": 0.007795371323932829,
    "autoEngage": 0.004509445609006121,
    "syncPlayers": 0.07670731718947248,
    "syncUnits": 0.14792682957358477,
    "syncResources": 0.025609755770462317,
    "sendClientPoses": 0.024146341296230875,
    "effectsAndFog": 0.04841463384104938,
    "syncStructures": 0.2398809524519103
  },
  "userAgent": "Mozilla/5.0 (Linux; Android 10; K) AppleWebKit/537.36 (KHTML, like Gecko) Chrome/145.0.0.0 Mobile Safari/537.36",
  "timestamp": "2026-04-13T20:25:27.206Z"
}