{
  "buildNumber": "277",
  "buildId": "CMEduUks",
  "sessionId": "q0WoIYLvG",
  "durationSec": 26.569,
  "avgFps": 37.36791255251745,
  "minFps": 32.03092639555288,
  "maxFps": 39.361938941941844,
  "avgSectionTimingsMs": {
    "hud": 0.023068782923713563,
    "camera": 0.008042327846799579,
    "autoEngage": 0.004923239910394317,
    "syncPlayers": 0.07913135585643477,
    "syncUnits": 0.29894067830074644,
    "syncResources": 0.026059321838162713,
    "sendClientPoses": 0.04110169489631208,
    "effectsAndFog": 0.04978813546693931,
    "syncStructures": 0.2125628139804955
  },
  "userAgent": "Mozilla/5.0 (Linux; Android 10; K) AppleWebKit/537.36 (KHTML, like Gecko) Chrome/145.0.0.0 Mobile Safari/537.36",
  "timestamp": "2026-04-13T20:25:31.409Z"
}