{
  "buildNumber": "273",
  "buildId": "BF-xNiwv",
  "sessionId": "P_6xpY7hD",
  "durationSec": 21.944,
  "avgFps": 33.961088969920574,
  "minFps": 31.135007847593187,
  "maxFps": 40.321994488695054,
  "avgSectionTimingsMs": {
    "hud": 0.023863636422902346,
    "camera": 0.00866477263414047,
    "autoEngage": 0.003909026275904533,
    "syncPlayers": 0.07553342845327993,
    "syncUnits": 0.03328591737774324,
    "syncResources": 0.029018492269651648,
    "sendClientPoses": 0.0052631579201726795,
    "effectsAndFog": 10.047510668190242,
    "syncStructures": 0.15187499970197677
  },
  "userAgent": "Mozilla/5.0 (Linux; Android 10; K) AppleWebKit/537.36 (KHTML, like Gecko) Chrome/145.0.0.0 Mobile Safari/537.36",
  "timestamp": "2026-04-13T20:02:18.833Z"
}