{
  "buildNumber": "275",
  "buildId": "DlwQSAVw",
  "sessionId": "7MiGiHpAI",
  "durationSec": 10.031,
  "avgFps": 19.34965692579798,
  "minFps": 15.453768091335075,
  "maxFps": 21.941039611840484,
  "avgSectionTimingsMs": {
    "hud": 0.02064220279181769,
    "camera": 0.010091742791167093,
    "autoEngage": 0.007126436699395893,
    "syncPlayers": 0.13548387072053372,
    "syncUnits": 1.0152073733268245,
    "syncStructures": 0.08219178000541583,
    "syncResources": 0.03271889384441112,
    "sendClientPoses": 0.19677419376812771,
    "effectsAndFog": 16.939170506555364
  },
  "userAgent": "Mozilla/5.0 (Linux; Android 10; K) AppleWebKit/537.36 (KHTML, like Gecko) Chrome/145.0.0.0 Mobile Safari/537.36",
  "timestamp": "2026-04-13T20:14:31.259Z"
}