{
  "buildNumber": "274",
  "buildId": "CB7E_Olw",
  "sessionId": "PJns0EXEj",
  "durationSec": 29.423,
  "avgFps": 40.91635090445221,
  "minFps": 31.192882327528594,
  "maxFps": 47.48005890965272,
  "avgSectionTimingsMs": {
    "hud": 0.018535262098364116,
    "camera": 0.007956600426334153,
    "autoEngage": 0.004341926713811494,
    "syncPlayers": 0.10135746638699354,
    "syncUnits": 0.6513122174804566,
    "syncResources": 0.02072398185190572,
    "sendClientPoses": 0.0879638007863075,
    "effectsAndFog": 0.05674208130232349,
    "syncStructures": 0.22477064220183487
  },
  "userAgent": "Mozilla/5.0 (Linux; Android 10; K) AppleWebKit/537.36 (KHTML, like Gecko) Chrome/145.0.0.0 Mobile Safari/537.36",
  "timestamp": "2026-04-13T20:10:57.908Z"
}