{
  "buildNumber": "277",
  "buildId": "CMEduUks",
  "sessionId": "q0WoIYLvG",
  "durationSec": 36.381,
  "avgFps": 35.507384750824855,
  "minFps": 26.803205994891698,
  "maxFps": 39.361938941941844,
  "avgSectionTimingsMs": {
    "hud": 0.022323651234638642,
    "camera": 0.009626555887989979,
    "autoEngage": 0.006143628128240988,
    "syncPlayers": 0.0853820594145214,
    "syncUnits": 0.7050664455094606,
    "syncResources": 0.026245846997859867,
    "sendClientPoses": 0.0713455148066001,
    "effectsAndFog": 0.04950166107511204,
    "syncStructures": 0.17360594835423182
  },
  "userAgent": "Mozilla/5.0 (Linux; Android 10; K) AppleWebKit/537.36 (KHTML, like Gecko) Chrome/145.0.0.0 Mobile Safari/537.36",
  "timestamp": "2026-04-13T20:25:41.221Z"
}