{
  "buildNumber": "277",
  "buildId": "CMEduUks",
  "sessionId": "q0WoIYLvG",
  "durationSec": 29.014,
  "avgFps": 36.92407880003941,
  "minFps": 29.45054707312387,
  "maxFps": 39.361938941941844,
  "avgSectionTimingsMs": {
    "hud": 0.023046488460046484,
    "camera": 0.008407517132726078,
    "autoEngage": 0.005541811037747828,
    "syncPlayers": 0.0809900988446604,
    "syncUnits": 0.4304950498708404,
    "syncResources": 0.02574257413939674,
    "sendClientPoses": 0.05128712851812344,
    "effectsAndFog": 0.0497029701671978,
    "syncStructures": 0.2032407409063092
  },
  "userAgent": "Mozilla/5.0 (Linux; Android 10; K) AppleWebKit/537.36 (KHTML, like Gecko) Chrome/145.0.0.0 Mobile Safari/537.36",
  "timestamp": "2026-04-13T20:25:33.853Z"
}