{
  "buildNumber": "277",
  "buildId": "CMEduUks",
  "sessionId": "q0WoIYLvG",
  "durationSec": 7.948,
  "avgFps": 38.40032372081464,
  "minFps": 38.014368527508694,
  "maxFps": 39.361938941941844,
  "avgSectionTimingsMs": {
    "hud": 0.02060810788660436,
    "camera": 0.006756756656073235,
    "autoEngage": 0.003045685450639418,
    "syncPlayers": 0.07254237300258572,
    "syncUnits": 0.031864407102940445,
    "syncResources": 0.028135592351525518,
    "sendClientPoses": 0.004745762732069371,
    "effectsAndFog": 0.054576270560086786,
    "syncStructures": 0.16333333452542623
  },
  "userAgent": "Mozilla/5.0 (Linux; Android 10; K) AppleWebKit/537.36 (KHTML, like Gecko) Chrome/145.0.0.0 Mobile Safari/537.36",
  "timestamp": "2026-04-13T20:25:12.787Z"
}