{
  "buildNumber": "277",
  "buildId": "CMEduUks",
  "sessionId": "q0WoIYLvG",
  "durationSec": 20.615,
  "avgFps": 37.98472898513486,
  "minFps": 36.94121099749357,
  "maxFps": 39.361938941941844,
  "avgSectionTimingsMs": {
    "hud": 0.021989528577365178,
    "camera": 0.007722512901765514,
    "autoEngage": 0.004125736883128478,
    "syncPlayers": 0.07601572739187418,
    "syncUnits": 0.08519003967001429,
    "syncResources": 0.024246395493553632,
    "sendClientPoses": 0.013499344629510203,
    "effectsAndFog": 0.04927916092453903,
    "syncStructures": 0.24709677427045762
  },
  "userAgent": "Mozilla/5.0 (Linux; Android 10; K) AppleWebKit/537.36 (KHTML, like Gecko) Chrome/145.0.0.0 Mobile Safari/537.36",
  "timestamp": "2026-04-13T20:25:25.454Z"
}