{
  "buildNumber": "277",
  "buildId": "CMEduUks",
  "sessionId": "q0WoIYLvG",
  "durationSec": 2.182,
  "avgFps": 29.17030231165542,
  "minFps": 28.64579256230064,
  "maxFps": 30.259186777423363,
  "avgSectionTimingsMs": {
    "hud": 0.023728813660346855,
    "camera": 0.015254237389160414,
    "autoEngage": 0.011965811762035403,
    "syncPlayers": 0.11724138002971123,
    "syncUnits": 1.9068965531628708,
    "syncResources": 0.027586208849117673,
    "sendClientPoses": 0.2034482760676022,
    "effectsAndFog": 0.04655172341856463,
    "syncStructures": 0.0999999980131785
  },
  "userAgent": "Mozilla/5.0 (Linux; Android 10; K) AppleWebKit/537.36 (KHTML, like Gecko) Chrome/145.0.0.0 Mobile Safari/537.36",
  "timestamp": "2026-04-13T20:26:01.797Z"
}