{
  "buildNumber": "277",
  "buildId": "CMEduUks",
  "sessionId": "q0WoIYLvG",
  "durationSec": 27.738,
  "avgFps": 37.16242271414517,
  "minFps": 30.267396097498498,
  "maxFps": 39.361938941941844,
  "avgSectionTimingsMs": {
    "hud": 0.02323439082811408,
    "camera": 0.008393039722891644,
    "autoEngage": 0.005325140888362558,
    "syncPlayers": 0.07930327851142062,
    "syncUnits": 0.3574795085387152,
    "syncResources": 0.026024590017365627,
    "sendClientPoses": 0.04456967203954204,
    "effectsAndFog": 0.04928278678753337,
    "syncStructures": 0.20721153843288237
  },
  "userAgent": "Mozilla/5.0 (Linux; Android 10; K) AppleWebKit/537.36 (KHTML, like Gecko) Chrome/145.0.0.0 Mobile Safari/537.36",
  "timestamp": "2026-04-13T20:25:32.578Z"
}