{
  "buildNumber": "273",
  "buildId": "BF-xNiwv",
  "sessionId": "P_6xpY7hD",
  "durationSec": 64.37,
  "avgFps": 27.954835667834868,
  "minFps": 18.005645273948964,
  "maxFps": 40.321994488695054,
  "avgSectionTimingsMs": {
    "hud": 0.02591170827242631,
    "camera": 0.008061420265406427,
    "autoEngage": 0.005472000026702881,
    "syncPlayers": 0.08854033335299254,
    "syncUnits": 0.5884122917960456,
    "syncResources": 0.027208706671694022,
    "sendClientPoses": 0.1177336750468585,
    "effectsAndFog": 18.390909090771718,
    "syncStructures": 0.1293302541792255
  },
  "userAgent": "Mozilla/5.0 (Linux; Android 10; K) AppleWebKit/537.36 (KHTML, like Gecko) Chrome/145.0.0.0 Mobile Safari/537.36",
  "timestamp": "2026-04-13T20:03:01.259Z"
}