{
  "buildNumber": "277",
  "buildId": "CMEduUks",
  "sessionId": "q0WoIYLvG",
  "durationSec": 32.314,
  "avgFps": 36.29488484115858,
  "minFps": 28.205699546474133,
  "maxFps": 39.361938941941844,
  "avgSectionTimingsMs": {
    "hud": 0.022363636168566618,
    "camera": 0.008999999869953501,
    "autoEngage": 0.005638926855376114,
    "syncPlayers": 0.08298453113726859,
    "syncUnits": 0.5488626027617051,
    "syncResources": 0.02575068228672156,
    "sendClientPoses": 0.060782529474714866,
    "effectsAndFog": 0.050227479407524825,
    "syncStructures": 0.1858333334326744
  },
  "userAgent": "Mozilla/5.0 (Linux; Android 10; K) AppleWebKit/537.36 (KHTML, like Gecko) Chrome/145.0.0.0 Mobile Safari/537.36",
  "timestamp": "2026-04-13T20:25:37.153Z"
}