{
  "buildNumber": "276",
  "buildId": "BdYYCv-Z",
  "sessionId": "P2QeoMsYc",
  "durationSec": 35.089,
  "avgFps": 36.787823683599335,
  "minFps": 28.8095534706126,
  "maxFps": 42.24570034076106,
  "avgSectionTimingsMs": {
    "hud": 0.024792703353548128,
    "camera": 0.008208955228822938,
    "autoEngage": 0.005143094067749568,
    "syncPlayers": 0.12232365145722861,
    "syncUnits": 0.4851452283839467,
    "syncResources": 0.027302904396136272,
    "sendClientPoses": 0.08539419099997683,
    "effectsAndFog": 0.060663900657313495,
    "syncStructures": 0.21007751898710117
  },
  "userAgent": "Mozilla/5.0 (Linux; Android 10; K) AppleWebKit/537.36 (KHTML, like Gecko) Chrome/145.0.0.0 Mobile Safari/537.36",
  "timestamp": "2026-04-13T20:20:54.061Z"
}