{
  "buildNumber": "276",
  "buildId": "BdYYCv-Z",
  "sessionId": "P2QeoMsYc",
  "durationSec": 1.993,
  "avgFps": 41.27159516097163,
  "minFps": 41.125914193165954,
  "maxFps": 41.50832673365585,
  "avgSectionTimingsMs": {
    "hud": 0.03095238088142304,
    "camera": 0.004761905187652225,
    "autoEngage": 0.003592814514023101,
    "syncPlayers": 0.13012048314852886,
    "syncUnits": 0.026506023952759892,
    "syncResources": 0.034939758748893275,
    "sendClientPoses": 0.0012048192052956086,
    "effectsAndFog": 0.06626505916377148,
    "syncStructures": 0.11333333055178324
  },
  "userAgent": "Mozilla/5.0 (Linux; Android 10; K) AppleWebKit/537.36 (KHTML, like Gecko) Chrome/145.0.0.0 Mobile Safari/537.36",
  "timestamp": "2026-04-13T20:20:20.965Z"
}