{
  "buildNumber": "275",
  "buildId": "DlwQSAVw",
  "sessionId": "7MiGiHpAI",
  "durationSec": 1,
  "avgFps": 15.696266368350782,
  "minFps": 15.453768091335075,
  "maxFps": 16.090326068501305,
  "avgSectionTimingsMs": {
    "hud": 0.023809526647840227,
    "camera": 0.01428571343421936,
    "autoEngage": 0.00487804848973344,
    "syncPlayers": 0.14000000208616256,
    "syncUnits": 1.9349999979138375,
    "syncStructures": 0.11428571598870414,
    "syncResources": 0.029999999701976775,
    "sendClientPoses": 0.3049999997019768,
    "effectsAndFog": 17.915000002086163
  },
  "userAgent": "Mozilla/5.0 (Linux; Android 10; K) AppleWebKit/537.36 (KHTML, like Gecko) Chrome/145.0.0.0 Mobile Safari/537.36",
  "timestamp": "2026-04-13T20:14:22.228Z"
}