{
  "buildNumber": "274",
  "buildId": "CB7E_Olw",
  "sessionId": "PJns0EXEj",
  "durationSec": 10.489,
  "avgFps": 45.343075345345795,
  "minFps": 44.012616156154714,
  "maxFps": 47.48005890965272,
  "avgSectionTimingsMs": {
    "hud": 0.018913043711496436,
    "camera": 0.006521739389585412,
    "autoEngage": 0.0023939064070501318,
    "syncPlayers": 0.08344226660032418,
    "syncUnits": 0.017864923591447552,
    "syncResources": 0.01895424834004155,
    "sendClientPoses": 0.0054466230936819175,
    "effectsAndFog": 0.052287581244844755,
    "syncStructures": 0.3700000002980232
  },
  "userAgent": "Mozilla/5.0 (Linux; Android 10; K) AppleWebKit/537.36 (KHTML, like Gecko) Chrome/145.0.0.0 Mobile Safari/537.36",
  "timestamp": "2026-04-13T20:10:38.974Z"
}