{
  "buildNumber": "276",
  "buildId": "BdYYCv-Z",
  "sessionId": "P2QeoMsYc",
  "durationSec": 37.273,
  "avgFps": 36.39515793308392,
  "minFps": 28.01787382721959,
  "maxFps": 42.24570034076106,
  "avgSectionTimingsMs": {
    "hud": 0.024920886311727234,
    "camera": 0.008939873427152634,
    "autoEngage": 0.005461020883855303,
    "syncPlayers": 0.1288202692144746,
    "syncUnits": 0.5589865401729364,
    "syncResources": 0.028345209591367937,
    "sendClientPoses": 0.09121140162810766,
    "effectsAndFog": 0.06215360272242168,
    "syncStructures": 0.2014598535360211
  },
  "userAgent": "Mozilla/5.0 (Linux; Android 10; K) AppleWebKit/537.36 (KHTML, like Gecko) Chrome/145.0.0.0 Mobile Safari/537.36",
  "timestamp": "2026-04-13T20:20:56.245Z"
}