{
  "buildNumber": "277",
  "buildId": "CMEduUks",
  "sessionId": "q0WoIYLvG",
  "durationSec": 2.674,
  "avgFps": 29.0520184539079,
  "minFps": 28.48434442172548,
  "maxFps": 30.259186777423363,
  "avgSectionTimingsMs": {
    "hud": 0.02602739734192417,
    "camera": 0.015068493477285725,
    "autoEngage": 0.01103448251198078,
    "syncPlayers": 0.11527777877118853,
    "syncUnits": 1.8125000004139211,
    "syncResources": 0.0277777798473835,
    "sendClientPoses": 0.1999999996688631,
    "effectsAndFog": 0.047222221891085304,
    "syncStructures": 0.09444444212648603
  },
  "userAgent": "Mozilla/5.0 (Linux; Android 10; K) AppleWebKit/537.36 (KHTML, like Gecko) Chrome/145.0.0.0 Mobile Safari/537.36",
  "timestamp": "2026-04-13T20:26:02.289Z"
}