{
  "buildNumber": "277",
  "buildId": "CMEduUks",
  "sessionId": "q0WoIYLvG",
  "durationSec": 39.822,
  "avgFps": 34.89850383812835,
  "minFps": 26.510727529094936,
  "maxFps": 39.361938941941844,
  "avgSectionTimingsMs": {
    "hud": 0.022359290486955605,
    "camera": 0.009714726171956765,
    "autoEngage": 0.006247589705857448,
    "syncPlayers": 0.08719135767975707,
    "syncUnits": 0.7616512347932582,
    "syncResources": 0.026388888695725688,
    "sendClientPoses": 0.08047839497894417,
    "effectsAndFog": 0.04976851854151414,
    "syncStructures": 0.1648464169315104
  },
  "userAgent": "Mozilla/5.0 (Linux; Android 10; K) AppleWebKit/537.36 (KHTML, like Gecko) Chrome/145.0.0.0 Mobile Safari/537.36",
  "timestamp": "2026-04-13T20:25:44.661Z"
}