{
  "buildNumber": "273",
  "buildId": "BF-xNiwv",
  "sessionId": "P_6xpY7hD",
  "durationSec": 30.44,
  "avgFps": 33.2308878275729,
  "minFps": 28.269634803589767,
  "maxFps": 40.321994488695054,
  "avgSectionTimingsMs": {
    "hud": 0.026588983012963148,
    "camera": 0.00794491512795626,
    "autoEngage": 0.004345521986263419,
    "syncPlayers": 0.07656415734412435,
    "syncUnits": 0.13669141052510048,
    "syncResources": 0.027571580095230457,
    "sendClientPoses": 0.01866383880598042,
    "effectsAndFog": 10.701166489533882,
    "syncStructures": 0.19279279244375658
  },
  "userAgent": "Mozilla/5.0 (Linux; Android 10; K) AppleWebKit/537.36 (KHTML, like Gecko) Chrome/145.0.0.0 Mobile Safari/537.36",
  "timestamp": "2026-04-13T20:02:27.330Z"
}