{
  "buildNumber": "276",
  "buildId": "BdYYCv-Z",
  "sessionId": "P2QeoMsYc",
  "durationSec": 45.89,
  "avgFps": 34.98739107042146,
  "minFps": 24.825465433277753,
  "maxFps": 42.24570034076106,
  "avgSectionTimingsMs": {
    "hud": 0.026033898490970417,
    "camera": 0.00942372879739535,
    "autoEngage": 0.005934214856754767,
    "syncPlayers": 0.1402306648292244,
    "syncUnits": 0.7263229311199978,
    "syncResources": 0.02930800525757157,
    "sendClientPoses": 0.11173677080521914,
    "effectsAndFog": 0.06289009517374647,
    "syncStructures": 0.19376854541039962
  },
  "userAgent": "Mozilla/5.0 (Linux; Android 10; K) AppleWebKit/537.36 (KHTML, like Gecko) Chrome/145.0.0.0 Mobile Safari/537.36",
  "timestamp": "2026-04-13T20:21:04.862Z"
}