{
  "buildNumber": "276",
  "buildId": "BdYYCv-Z",
  "sessionId": "P2QeoMsYc",
  "durationSec": 31.094,
  "avgFps": 37.49339422942468,
  "minFps": 30.805502326874386,
  "maxFps": 42.24570034076106,
  "avgSectionTimingsMs": {
    "hud": 0.02520547963712858,
    "camera": 0.0077625571592757694,
    "autoEngage": 0.004979442616149463,
    "syncPlayers": 0.11800731277226094,
    "syncUnits": 0.3977148081473938,
    "syncResources": 0.026782449545982332,
    "sendClientPoses": 0.07266910439544448,
    "effectsAndFog": 0.05996343714118658,
    "syncStructures": 0.22478260812552078
  },
  "userAgent": "Mozilla/5.0 (Linux; Android 10; K) AppleWebKit/537.36 (KHTML, like Gecko) Chrome/145.0.0.0 Mobile Safari/537.36",
  "timestamp": "2026-04-13T20:20:50.067Z"
}