{
  "buildNumber": "276",
  "buildId": "BdYYCv-Z",
  "sessionId": "P2QeoMsYc",
  "durationSec": 36.234,
  "avgFps": 36.58466008817161,
  "minFps": 28.35716510295945,
  "maxFps": 42.24570034076106,
  "avgSectionTimingsMs": {
    "hud": 0.025000000245941494,
    "camera": 0.008737864087314667,
    "autoEngage": 0.005382436181021721,
    "syncPlayers": 0.12639676112877696,
    "syncUnits": 0.5168421054417305,
    "syncResources": 0.028016194134106037,
    "sendClientPoses": 0.08874493943534882,
    "effectsAndFog": 0.06089068851490252,
    "syncStructures": 0.20526315742417386
  },
  "userAgent": "Mozilla/5.0 (Linux; Android 10; K) AppleWebKit/537.36 (KHTML, like Gecko) Chrome/145.0.0.0 Mobile Safari/537.36",
  "timestamp": "2026-04-13T20:20:55.207Z"
}