{
  "buildNumber": "276",
  "buildId": "BdYYCv-Z",
  "sessionId": "P2QeoMsYc",
  "durationSec": 43.999,
  "avgFps": 35.30017937916159,
  "minFps": 25.13416077027156,
  "maxFps": 42.24570034076106,
  "avgSectionTimingsMs": {
    "hud": 0.026153846345581374,
    "camera": 0.009510489506321353,
    "autoEngage": 0.005771248563264124,
    "syncPlayers": 0.13848845346813188,
    "syncUnits": 0.7114765573165232,
    "syncResources": 0.02953114046176219,
    "sendClientPoses": 0.10846745992891434,
    "effectsAndFog": 0.06354093791472486,
    "syncStructures": 0.18513931827648505
  },
  "userAgent": "Mozilla/5.0 (Linux; Android 10; K) AppleWebKit/537.36 (KHTML, like Gecko) Chrome/145.0.0.0 Mobile Safari/537.36",
  "timestamp": "2026-04-13T20:21:02.971Z"
}