{
  "buildNumber": "273",
  "buildId": "BF-xNiwv",
  "sessionId": "P_6xpY7hD",
  "durationSec": 19.394,
  "avgFps": 34.223360262594134,
  "minFps": 31.245944527628296,
  "maxFps": 40.321994488695054,
  "avgSectionTimingsMs": {
    "hud": 0.02321144687352385,
    "camera": 0.009062003113317566,
    "autoEngage": 0.003818615737564524,
    "syncPlayers": 0.07484076471085761,
    "syncUnits": 0.033917197328843886,
    "syncResources": 0.028980891843130633,
    "sendClientPoses": 0.0042993630383424694,
    "effectsAndFog": 9.862420381776467,
    "syncStructures": 0.16453900721901699
  },
  "userAgent": "Mozilla/5.0 (Linux; Android 10; K) AppleWebKit/537.36 (KHTML, like Gecko) Chrome/145.0.0.0 Mobile Safari/537.36",
  "timestamp": "2026-04-13T20:02:16.284Z"
}