{
  "buildNumber": "276",
  "buildId": "BdYYCv-Z",
  "sessionId": "P2QeoMsYc",
  "durationSec": 15.194,
  "avgFps": 40.330630881095956,
  "minFps": 36.74621807043228,
  "maxFps": 42.24570034076106,
  "avgSectionTimingsMs": {
    "hud": 0.02610921534255096,
    "camera": 0.006143344852297786,
    "autoEngage": 0.004611443165120256,
    "syncPlayers": 0.109059829182095,
    "syncUnits": 0.16991452956810976,
    "syncResources": 0.027350427095706648,
    "sendClientPoses": 0.0324786326314649,
    "effectsAndFog": 0.05914529954266344,
    "syncStructures": 0.27964601791010496
  },
  "userAgent": "Mozilla/5.0 (Linux; Android 10; K) AppleWebKit/537.36 (KHTML, like Gecko) Chrome/145.0.0.0 Mobile Safari/537.36",
  "timestamp": "2026-04-13T20:20:34.167Z"
}