{
  "buildNumber": "274",
  "buildId": "CB7E_Olw",
  "sessionId": "PJns0EXEj",
  "durationSec": 33.069,
  "avgFps": 40.04940874548025,
  "minFps": 31.192882327528594,
  "maxFps": 47.48005890965272,
  "avgSectionTimingsMs": {
    "hud": 0.019281045698067722,
    "camera": 0.007924836688961078,
    "autoEngage": 0.004331834897441576,
    "syncPlayers": 0.10376124316712236,
    "syncUnits": 0.6412919053315922,
    "syncResources": 0.020850367972037875,
    "sendClientPoses": 0.09615699087900893,
    "effectsAndFog": 0.056663940918806235,
    "syncStructures": 0.2065306120989274
  },
  "userAgent": "Mozilla/5.0 (Linux; Android 10; K) AppleWebKit/537.36 (KHTML, like Gecko) Chrome/145.0.0.0 Mobile Safari/537.36",
  "timestamp": "2026-04-13T20:11:01.554Z"
}