{
  "buildNumber": "274",
  "buildId": "CB7E_Olw",
  "sessionId": "PJns0EXEj",
  "durationSec": 8.412,
  "avgFps": 45.62159030733561,
  "minFps": 44.13353983316393,
  "maxFps": 47.48005890965272,
  "avgSectionTimingsMs": {
    "hud": 0.01810810839807665,
    "camera": 0.005675675981753581,
    "autoEngage": 0.0024357239270887776,
    "syncPlayers": 0.0813008138157811,
    "syncUnits": 0.018428183991088455,
    "syncResources": 0.021409214108293943,
    "sendClientPoses": 0.005149051425902824,
    "effectsAndFog": 0.052303522744475986,
    "syncStructures": 0.37656249897554517
  },
  "userAgent": "Mozilla/5.0 (Linux; Android 10; K) AppleWebKit/537.36 (KHTML, like Gecko) Chrome/145.0.0.0 Mobile Safari/537.36",
  "timestamp": "2026-04-13T20:10:36.897Z"
}