{
  "buildNumber": "276",
  "buildId": "BdYYCv-Z",
  "sessionId": "P2QeoMsYc",
  "durationSec": 1.825,
  "avgFps": 41.25007410890942,
  "minFps": 41.125914193165954,
  "maxFps": 41.50832673365585,
  "avgSectionTimingsMs": {
    "hud": 0.032467532467532464,
    "camera": 0.005194805659256972,
    "autoEngage": 0.003921568783280117,
    "syncPlayers": 0.1315789481526927,
    "syncUnits": 0.028947368264198303,
    "syncResources": 0.032894736449969444,
    "sendClientPoses": 0.0013157893952570464,
    "effectsAndFog": 0.06973684108571003,
    "syncStructures": 0.1307692275597499
  },
  "userAgent": "Mozilla/5.0 (Linux; Android 10; K) AppleWebKit/537.36 (KHTML, like Gecko) Chrome/145.0.0.0 Mobile Safari/537.36",
  "timestamp": "2026-04-13T20:20:20.797Z"
}