{
  "buildNumber": "276",
  "buildId": "BdYYCv-Z",
  "sessionId": "P2QeoMsYc",
  "durationSec": 49.302,
  "avgFps": 34.45429520981236,
  "minFps": 23.91074322966405,
  "maxFps": 42.24570034076106,
  "avgSectionTimingsMs": {
    "hud": 0.0262073407960721,
    "camera": 0.010109465542871263,
    "autoEngage": 0.006183574769807899,
    "syncPlayers": 0.14349226797594852,
    "syncUnits": 0.7492268044386328,
    "syncResources": 0.02912371121731001,
    "sendClientPoses": 0.11778350514311765,
    "effectsAndFog": 0.06275773215462867,
    "syncStructures": 0.19889807118200403
  },
  "userAgent": "Mozilla/5.0 (Linux; Android 10; K) AppleWebKit/537.36 (KHTML, like Gecko) Chrome/145.0.0.0 Mobile Safari/537.36",
  "timestamp": "2026-04-13T20:21:08.275Z"
}