{
  "buildNumber": "277",
  "buildId": "CMEduUks",
  "sessionId": "q0WoIYLvG",
  "durationSec": 6.117,
  "avgFps": 28.79263643565656,
  "minFps": 28.48434442172548,
  "maxFps": 30.259186777423363,
  "avgSectionTimingsMs": {
    "hud": 0.028235294187770172,
    "camera": 0.009411765021436355,
    "autoEngage": 0.009439527988433838,
    "syncPlayers": 0.11005917173870922,
    "syncUnits": 1.4059171597280447,
    "syncResources": 0.02426035587604229,
    "sendClientPoses": 0.1893491120733453,
    "effectsAndFog": 0.047337278106508875,
    "syncStructures": 0.06428571329230354
  },
  "userAgent": "Mozilla/5.0 (Linux; Android 10; K) AppleWebKit/537.36 (KHTML, like Gecko) Chrome/145.0.0.0 Mobile Safari/537.36",
  "timestamp": "2026-04-13T20:26:05.732Z"
}