{
  "buildNumber": "274",
  "buildId": "CB7E_Olw",
  "sessionId": "PJns0EXEj",
  "durationSec": 8.949,
  "avgFps": 45.53725930047201,
  "minFps": 44.13353983316393,
  "maxFps": 47.48005890965272,
  "avgSectionTimingsMs": {
    "hud": 0.017557252226895047,
    "camera": 0.006870229356464842,
    "autoEngage": 0.0026751592280758415,
    "syncPlayers": 0.08163265374546148,
    "syncUnits": 0.01913265275711916,
    "syncResources": 0.020663265366943514,
    "sendClientPoses": 0.005102040740300198,
    "effectsAndFog": 0.05229591821529427,
    "syncStructures": 0.3808823525905609
  },
  "userAgent": "Mozilla/5.0 (Linux; Android 10; K) AppleWebKit/537.36 (KHTML, like Gecko) Chrome/145.0.0.0 Mobile Safari/537.36",
  "timestamp": "2026-04-13T20:10:37.434Z"
}