{
  "buildNumber": "274",
  "buildId": "CB7E_Olw",
  "sessionId": "PJns0EXEj",
  "durationSec": 34.627,
  "avgFps": 39.75209370080248,
  "minFps": 31.192882327528594,
  "maxFps": 47.48005890965272,
  "avgSectionTimingsMs": {
    "hud": 0.01976377945246659,
    "camera": 0.008110236300258186,
    "autoEngage": 0.004450571095675829,
    "syncPlayers": 0.10527974803960634,
    "syncUnits": 0.6419227740913043,
    "syncResources": 0.02080378253409203,
    "sendClientPoses": 0.09936958222618433,
    "effectsAndFog": 0.05618597300527977,
    "syncStructures": 0.2194552525935934
  },
  "userAgent": "Mozilla/5.0 (Linux; Android 10; K) AppleWebKit/537.36 (KHTML, like Gecko) Chrome/145.0.0.0 Mobile Safari/537.36",
  "timestamp": "2026-04-13T20:11:03.113Z"
}