{
  "buildNumber": "276",
  "buildId": "BdYYCv-Z",
  "sessionId": "P2QeoMsYc",
  "durationSec": 8.777,
  "avgFps": 41.37098727133397,
  "minFps": 40.13490483125857,
  "maxFps": 42.24570034076106,
  "avgSectionTimingsMs": {
    "hud": 0.028169014336357653,
    "camera": 0.006478873356966905,
    "autoEngage": 0.0032440056585626644,
    "syncPlayers": 0.10536723242977918,
    "syncUnits": 0.03531073404234008,
    "syncResources": 0.025988700194547406,
    "sendClientPoses": 0.0019774010962685623,
    "effectsAndFog": 0.055367231958330015,
    "syncStructures": 0.34545454518361524
  },
  "userAgent": "Mozilla/5.0 (Linux; Android 10; K) AppleWebKit/537.36 (KHTML, like Gecko) Chrome/145.0.0.0 Mobile Safari/537.36",
  "timestamp": "2026-04-13T20:20:27.749Z"
}