{
  "buildNumber": "275",
  "buildId": "DlwQSAVw",
  "sessionId": "7MiGiHpAI",
  "durationSec": 14.8,
  "avgFps": 20.39007791659066,
  "minFps": 15.453768091335075,
  "maxFps": 22.8055633146839,
  "avgSectionTimingsMs": {
    "hud": 0.016871166101262613,
    "camera": 0.010736196044763904,
    "autoEngage": 0.006298003063040761,
    "syncPlayers": 0.1261538462455456,
    "syncUnits": 0.9095384614284222,
    "syncStructures": 0.07889908306095578,
    "syncResources": 0.029846153534375704,
    "sendClientPoses": 0.18646153853489802,
    "effectsAndFog": 16.639692308077446
  },
  "userAgent": "Mozilla/5.0 (Linux; Android 10; K) AppleWebKit/537.36 (KHTML, like Gecko) Chrome/145.0.0.0 Mobile Safari/537.36",
  "timestamp": "2026-04-13T20:14:36.028Z"
}