{
  "buildNumber": "277",
  "buildId": "CMEduUks",
  "sessionId": "q0WoIYLvG",
  "durationSec": 34.999,
  "avgFps": 35.75538280608093,
  "minFps": 26.803205994891698,
  "maxFps": 39.361938941941844,
  "avgSectionTimingsMs": {
    "hud": 0.021965811751846573,
    "camera": 0.009572649435100392,
    "autoEngage": 0.006113723882399547,
    "syncPlayers": 0.08468776696558382,
    "syncUnits": 0.6733960653340542,
    "syncResources": 0.026518391583901985,
    "sendClientPoses": 0.06706586806462095,
    "effectsAndFog": 0.049272882775224305,
    "syncStructures": 0.17799227842953214
  },
  "userAgent": "Mozilla/5.0 (Linux; Android 10; K) AppleWebKit/537.36 (KHTML, like Gecko) Chrome/145.0.0.0 Mobile Safari/537.36",
  "timestamp": "2026-04-13T20:25:39.838Z"
}