{
  "buildNumber": "274",
  "buildId": "CB7E_Olw",
  "sessionId": "PJns0EXEj",
  "durationSec": 35.258,
  "avgFps": 39.629674009116435,
  "minFps": 31.114491799945377,
  "maxFps": 47.48005890965272,
  "avgSectionTimingsMs": {
    "hud": 0.019627618225532693,
    "camera": 0.007990690536328856,
    "autoEngage": 0.004501358189229406,
    "syncPlayers": 0.10613354054852302,
    "syncUnits": 0.6457298139330023,
    "syncResources": 0.020652173954692685,
    "sendClientPoses": 0.1009316768103875,
    "effectsAndFog": 0.05621117996688215,
    "syncStructures": 0.21724137892211534
  },
  "userAgent": "Mozilla/5.0 (Linux; Android 10; K) AppleWebKit/537.36 (KHTML, like Gecko) Chrome/145.0.0.0 Mobile Safari/537.36",
  "timestamp": "2026-04-13T20:11:03.744Z"
}