{
  "buildNumber": "276",
  "buildId": "BdYYCv-Z",
  "sessionId": "P2QeoMsYc",
  "durationSec": 9.39,
  "avgFps": 41.27774056231519,
  "minFps": 39.85117862344393,
  "maxFps": 42.24570034076106,
  "avgSectionTimingsMs": {
    "hud": 0.02770448572402894,
    "camera": 0.006068601693201191,
    "autoEngage": 0.003170409519102331,
    "syncPlayers": 0.1044973552069336,
    "syncUnits": 0.03544973499245114,
    "syncResources": 0.025925925720936407,
    "sendClientPoses": 0.0018518518203150028,
    "effectsAndFog": 0.05476190512457853,
    "syncStructures": 0.3414285710879735
  },
  "userAgent": "Mozilla/5.0 (Linux; Android 10; K) AppleWebKit/537.36 (KHTML, like Gecko) Chrome/145.0.0.0 Mobile Safari/537.36",
  "timestamp": "2026-04-13T20:20:28.362Z"
}