{
  "buildNumber": "274",
  "buildId": "CB7E_Olw",
  "sessionId": "PJns0EXEj",
  "durationSec": 13.12,
  "avgFps": 45.02130481857474,
  "minFps": 41.91157244087777,
  "maxFps": 47.48005890965272,
  "avgSectionTimingsMs": {
    "hud": 0.018650088862881567,
    "camera": 0.006039076598880558,
    "autoEngage": 0.003111111111111111,
    "syncPlayers": 0.08932384429665223,
    "syncUnits": 0.09234875424688821,
    "syncResources": 0.01992882570762227,
    "sendClientPoses": 0.020640569384411986,
    "effectsAndFog": 0.05302491068203678,
    "syncStructures": 0.37600000023841856
  },
  "userAgent": "Mozilla/5.0 (Linux; Android 10; K) AppleWebKit/537.36 (KHTML, like Gecko) Chrome/145.0.0.0 Mobile Safari/537.36",
  "timestamp": "2026-04-13T20:10:41.606Z"
}