{
  "buildNumber": "277",
  "buildId": "CMEduUks",
  "sessionId": "q0WoIYLvG",
  "durationSec": 30.068,
  "avgFps": 36.70975887116936,
  "minFps": 29.45054707312387,
  "maxFps": 39.361938941941844,
  "avgSectionTimingsMs": {
    "hud": 0.023054754871456355,
    "camera": 0.008741594443060136,
    "autoEngage": 0.0057184046876367495,
    "syncPlayers": 0.0815384613779875,
    "syncUnits": 0.464423077324262,
    "syncResources": 0.025769230637412804,
    "sendClientPoses": 0.05413461522414134,
    "effectsAndFog": 0.04951923071191861,
    "syncStructures": 0.19598214301679814
  },
  "userAgent": "Mozilla/5.0 (Linux; Android 10; K) AppleWebKit/537.36 (KHTML, like Gecko) Chrome/145.0.0.0 Mobile Safari/537.36",
  "timestamp": "2026-04-13T20:25:34.908Z"
}