{
  "buildNumber": "274",
  "buildId": "CB7E_Olw",
  "sessionId": "PJns0EXEj",
  "durationSec": 17.982,
  "avgFps": 43.85736133729181,
  "minFps": 37.85108603821611,
  "maxFps": 47.48005890965272,
  "avgSectionTimingsMs": {
    "hud": 0.017948718005024632,
    "camera": 0.006612685809412144,
    "autoEngage": 0.004118838638650816,
    "syncPlayers": 0.09148648707447825,
    "syncUnits": 0.3235135135215682,
    "syncResources": 0.020810811060505946,
    "sendClientPoses": 0.048918918620895695,
    "effectsAndFog": 0.054999999782523595,
    "syncStructures": 0.30441176453057456
  },
  "userAgent": "Mozilla/5.0 (Linux; Android 10; K) AppleWebKit/537.36 (KHTML, like Gecko) Chrome/145.0.0.0 Mobile Safari/537.36",
  "timestamp": "2026-04-13T20:10:46.467Z"
}