{
  "buildNumber": "274",
  "buildId": "CB7E_Olw",
  "sessionId": "PJns0EXEj",
  "durationSec": 17.122,
  "avgFps": 44.09440458034624,
  "minFps": 38.46811471762148,
  "maxFps": 47.48005890965272,
  "avgSectionTimingsMs": {
    "hud": 0.01816901405092696,
    "camera": 0.006760563648922343,
    "autoEngage": 0.0038759690132504033,
    "syncPlayers": 0.09139633346848158,
    "syncUnits": 0.2939351198535376,
    "syncResources": 0.021015515070203664,
    "sendClientPoses": 0.044851903770807264,
    "effectsAndFog": 0.0543018334843376,
    "syncStructures": 0.3170542636120966
  },
  "userAgent": "Mozilla/5.0 (Linux; Android 10; K) AppleWebKit/537.36 (KHTML, like Gecko) Chrome/145.0.0.0 Mobile Safari/537.36",
  "timestamp": "2026-04-13T20:10:45.607Z"
}