{
  "buildNumber": "273",
  "buildId": "BF-xNiwv",
  "sessionId": "P_6xpY7hD",
  "durationSec": 16.427,
  "avgFps": 34.6653580725788,
  "minFps": 31.992790271339192,
  "maxFps": 40.321994488695054,
  "avgSectionTimingsMs": {
    "hud": 0.02228464431753766,
    "camera": 0.008988764011458065,
    "autoEngage": 0.004029990639101152,
    "syncPlayers": 0.07335834929240802,
    "syncUnits": 0.034146341385134615,
    "syncResources": 0.027204502870173213,
    "sendClientPoses": 0.004690431463785512,
    "effectsAndFog": 9.873358348800362,
    "syncStructures": 0.16999999980131786
  },
  "userAgent": "Mozilla/5.0 (Linux; Android 10; K) AppleWebKit/537.36 (KHTML, like Gecko) Chrome/145.0.0.0 Mobile Safari/537.36",
  "timestamp": "2026-04-13T20:02:13.316Z"
}