{
  "buildNumber": "276",
  "buildId": "BdYYCv-Z",
  "sessionId": "P2QeoMsYc",
  "durationSec": 37.686,
  "avgFps": 36.313981576695205,
  "minFps": 27.76340537041469,
  "maxFps": 42.24570034076106,
  "avgSectionTimingsMs": {
    "hud": 0.025156740017445483,
    "camera": 0.008934169283668076,
    "autoEngage": 0.00556644443342238,
    "syncPlayers": 0.12925490197013406,
    "syncUnits": 0.5700392159059936,
    "syncResources": 0.028549019378774305,
    "sendClientPoses": 0.09325490215245415,
    "effectsAndFog": 0.06219607860434289,
    "syncStructures": 0.19927797786595589
  },
  "userAgent": "Mozilla/5.0 (Linux; Android 10; K) AppleWebKit/537.36 (KHTML, like Gecko) Chrome/145.0.0.0 Mobile Safari/537.36",
  "timestamp": "2026-04-13T20:20:56.658Z"
}