{
  "buildNumber": "273",
  "buildId": "BF-xNiwv",
  "sessionId": "P_6xpY7hD",
  "durationSec": 25.247,
  "avgFps": 33.66367212086467,
  "minFps": 31.135007847593187,
  "maxFps": 40.321994488695054,
  "avgSectionTimingsMs": {
    "hud": 0.02496909767352459,
    "camera": 0.008281829330623519,
    "autoEngage": 0.003772418054446219,
    "syncPlayers": 0.075495049800023,
    "syncUnits": 0.03353960391613516,
    "syncResources": 0.027227722772277228,
    "sendClientPoses": 0.0056930693733220055,
    "effectsAndFog": 10.055693068901206,
    "syncStructures": 0.20543478218757588
  },
  "userAgent": "Mozilla/5.0 (Linux; Android 10; K) AppleWebKit/537.36 (KHTML, like Gecko) Chrome/145.0.0.0 Mobile Safari/537.36",
  "timestamp": "2026-04-13T20:02:22.136Z"
}