{
  "buildNumber": "276",
  "buildId": "BdYYCv-Z",
  "sessionId": "P2QeoMsYc",
  "durationSec": 27.209,
  "avgFps": 38.17223377173052,
  "minFps": 32.168598108146696,
  "maxFps": 42.24570034076106,
  "avgSectionTimingsMs": {
    "hud": 0.026476578623845476,
    "camera": 0.00743380862680812,
    "autoEngage": 0.004941416117711391,
    "syncPlayers": 0.1154943934274376,
    "syncUnits": 0.3196738025099495,
    "syncResources": 0.026605504398802854,
    "sendClientPoses": 0.06136595315767963,
    "effectsAndFog": 0.05922528062391719,
    "syncStructures": 0.24356435593402032
  },
  "userAgent": "Mozilla/5.0 (Linux; Android 10; K) AppleWebKit/537.36 (KHTML, like Gecko) Chrome/145.0.0.0 Mobile Safari/537.36",
  "timestamp": "2026-04-13T20:20:46.181Z"
}