{
  "buildNumber": "277",
  "buildId": "CMEduUks",
  "sessionId": "q0WoIYLvG",
  "durationSec": 7.22,
  "avgFps": 28.76472130590392,
  "minFps": 28.48434442172548,
  "maxFps": 30.259186777423363,
  "avgSectionTimingsMs": {
    "hud": 0.02736318393133173,
    "camera": 0.009452736644602534,
    "autoEngage": 0.008478803007382704,
    "syncPlayers": 0.10700000017881393,
    "syncUnits": 1.3674999997019768,
    "syncResources": 0.02500000089406967,
    "sendClientPoses": 0.1839999994635582,
    "effectsAndFog": 0.04649999991059303,
    "syncStructures": 0.06399999916553498
  },
  "userAgent": "Mozilla/5.0 (Linux; Android 10; K) AppleWebKit/537.36 (KHTML, like Gecko) Chrome/145.0.0.0 Mobile Safari/537.36",
  "timestamp": "2026-04-13T20:26:06.835Z"
}