{
  "buildNumber": "274",
  "buildId": "CB7E_Olw",
  "sessionId": "PJns0EXEj",
  "durationSec": 12.384,
  "avgFps": 45.1495899546183,
  "minFps": 42.882096587837026,
  "maxFps": 47.48005890965272,
  "avgSectionTimingsMs": {
    "hud": 0.01794392538961963,
    "camera": 0.006168224544168633,
    "autoEngage": 0.0029934518129832283,
    "syncPlayers": 0.08801498211055213,
    "syncUnits": 0.06498127327429667,
    "syncResources": 0.02003745332862554,
    "sendClientPoses": 0.016104868846886167,
    "effectsAndFog": 0.05337078612618679,
    "syncStructures": 0.38510638348599696
  },
  "userAgent": "Mozilla/5.0 (Linux; Android 10; K) AppleWebKit/537.36 (KHTML, like Gecko) Chrome/145.0.0.0 Mobile Safari/537.36",
  "timestamp": "2026-04-13T20:10:40.869Z"
}