{
  "buildNumber": "273",
  "buildId": "BF-xNiwv",
  "sessionId": "P_6xpY7hD",
  "durationSec": 21.843,
  "avgFps": 33.97723800490531,
  "minFps": 31.135007847593187,
  "maxFps": 40.321994488695054,
  "avgSectionTimingsMs": {
    "hud": 0.02385714292526245,
    "camera": 0.008571428486279078,
    "autoEngage": 0.0038598999114783004,
    "syncPlayers": 0.07539341945163852,
    "syncUnits": 0.03333333322248063,
    "syncResources": 0.029184549450021614,
    "sendClientPoses": 0.005293276134308145,
    "effectsAndFog": 10.075822603335878,
    "syncStructures": 0.15220125759922484
  },
  "userAgent": "Mozilla/5.0 (Linux; Android 10; K) AppleWebKit/537.36 (KHTML, like Gecko) Chrome/145.0.0.0 Mobile Safari/537.36",
  "timestamp": "2026-04-13T20:02:18.732Z"
}