{
  "buildNumber": "274",
  "buildId": "CB7E_Olw",
  "sessionId": "PJns0EXEj",
  "durationSec": 5.838,
  "avgFps": 46.041888915950764,
  "minFps": 44.792959703402545,
  "maxFps": 47.48005890965272,
  "avgSectionTimingsMs": {
    "hud": 0.01860465155553448,
    "camera": 0.005813953719397848,
    "autoEngage": 0.002330097064231206,
    "syncPlayers": 0.08365758870826157,
    "syncUnits": 0.019455252570400906,
    "syncResources": 0.024902723642638683,
    "sendClientPoses": 0.006225680910659671,
    "effectsAndFog": 0.05369649763701027,
    "syncStructures": 0.273333332935969
  },
  "userAgent": "Mozilla/5.0 (Linux; Android 10; K) AppleWebKit/537.36 (KHTML, like Gecko) Chrome/145.0.0.0 Mobile Safari/537.36",
  "timestamp": "2026-04-13T20:10:34.324Z"
}