{
  "buildNumber": "273",
  "buildId": "BF-xNiwv",
  "sessionId": "P_6xpY7hD",
  "durationSec": 19.768,
  "avgFps": 34.19927729128157,
  "minFps": 31.245944527628296,
  "maxFps": 40.321994488695054,
  "avgSectionTimingsMs": {
    "hud": 0.02300469500358116,
    "camera": 0.008920187728132627,
    "autoEngage": 0.0037588096962557606,
    "syncPlayers": 0.07523511018498938,
    "syncUnits": 0.03432601867798354,
    "syncResources": 0.029937304159316898,
    "sendClientPoses": 0.004231974902945253,
    "effectsAndFog": 9.924921629757717,
    "syncStructures": 0.16250000004139212
  },
  "userAgent": "Mozilla/5.0 (Linux; Android 10; K) AppleWebKit/537.36 (KHTML, like Gecko) Chrome/145.0.0.0 Mobile Safari/537.36",
  "timestamp": "2026-04-13T20:02:16.657Z"
}