{
  "buildNumber": "276",
  "buildId": "BdYYCv-Z",
  "sessionId": "P2QeoMsYc",
  "durationSec": 34.512,
  "avgFps": 36.895094543605836,
  "minFps": 28.8095534706126,
  "maxFps": 42.24570034076106,
  "avgSectionTimingsMs": {
    "hud": 0.02512605062552861,
    "camera": 0.008151260519228062,
    "autoEngage": 0.005086170582272216,
    "syncPlayers": 0.12169890670940794,
    "syncUnits": 0.4744322961423455,
    "syncResources": 0.027165685309593773,
    "sendClientPoses": 0.08376787228179239,
    "effectsAndFog": 0.06055508851002404,
    "syncStructures": 0.21141732231838498
  },
  "userAgent": "Mozilla/5.0 (Linux; Android 10; K) AppleWebKit/537.36 (KHTML, like Gecko) Chrome/145.0.0.0 Mobile Safari/537.36",
  "timestamp": "2026-04-13T20:20:53.484Z"
}