{
  "buildNumber": "274",
  "buildId": "CB7E_Olw",
  "sessionId": "PJns0EXEj",
  "durationSec": 13.979,
  "avgFps": 44.84545775851653,
  "minFps": 41.18367933065833,
  "maxFps": 47.48005890965272,
  "avgSectionTimingsMs": {
    "hud": 0.018456375838926176,
    "camera": 0.006208053971296989,
    "autoEngage": 0.0034424852764376266,
    "syncPlayers": 0.09058823595527841,
    "syncUnits": 0.13512605053036153,
    "syncResources": 0.020504201860988842,
    "sendClientPoses": 0.025546218317095973,
    "effectsAndFog": 0.05310924328675791,
    "syncStructures": 0.36355140164633776
  },
  "userAgent": "Mozilla/5.0 (Linux; Android 10; K) AppleWebKit/537.36 (KHTML, like Gecko) Chrome/145.0.0.0 Mobile Safari/537.36",
  "timestamp": "2026-04-13T20:10:42.464Z"
}