{
  "buildNumber": "274",
  "buildId": "CB7E_Olw",
  "sessionId": "PJns0EXEj",
  "durationSec": 16.002,
  "avgFps": 44.3821821476462,
  "minFps": 39.29081962349531,
  "maxFps": 47.48005890965272,
  "avgSectionTimingsMs": {
    "hud": 0.017138599061397433,
    "camera": 0.006706408612241333,
    "autoEngage": 0.0035048471201186214,
    "syncPlayers": 0.09074626916380071,
    "syncUnits": 0.2411940299308122,
    "syncResources": 0.021343283822287375,
    "sendClientPoses": 0.037761193825237786,
    "effectsAndFog": 0.05358208916080532,
    "syncStructures": 0.3319672131147541
  },
  "userAgent": "Mozilla/5.0 (Linux; Android 10; K) AppleWebKit/537.36 (KHTML, like Gecko) Chrome/145.0.0.0 Mobile Safari/537.36",
  "timestamp": "2026-04-13T20:10:44.487Z"
}