{
  "buildNumber": "276",
  "buildId": "BdYYCv-Z",
  "sessionId": "P2QeoMsYc",
  "durationSec": 9.969,
  "avgFps": 41.197883338817014,
  "minFps": 39.638383967582946,
  "maxFps": 42.24570034076106,
  "avgSectionTimingsMs": {
    "hud": 0.027431421669344057,
    "camera": 0.005735660951928308,
    "autoEngage": 0.0032459425643439894,
    "syncPlayers": 0.10325000070035457,
    "syncUnits": 0.03599999949336052,
    "syncResources": 0.025749999731779098,
    "sendClientPoses": 0.002499999925494194,
    "effectsAndFog": 0.05525000043213368,
    "syncStructures": 0.3399999996026357
  },
  "userAgent": "Mozilla/5.0 (Linux; Android 10; K) AppleWebKit/537.36 (KHTML, like Gecko) Chrome/145.0.0.0 Mobile Safari/537.36",
  "timestamp": "2026-04-13T20:20:28.941Z"
}