{
  "buildNumber": "273",
  "buildId": "BF-xNiwv",
  "sessionId": "P_6xpY7hD",
  "durationSec": 40.513,
  "avgFps": 31.46681599351716,
  "minFps": 20.10517374564855,
  "maxFps": 40.321994488695054,
  "avgSectionTimingsMs": {
    "hud": 0.026334208349126115,
    "camera": 0.008048993787114702,
    "autoEngage": 0.004770240715869929,
    "syncPlayers": 0.08012259241369685,
    "syncUnits": 0.32556917689310066,
    "syncResources": 0.0269702276289985,
    "sendClientPoses": 0.05008756553333403,
    "effectsAndFog": 13.415761821272076,
    "syncStructures": 0.16055363344486198
  },
  "userAgent": "Mozilla/5.0 (Linux; Android 10; K) AppleWebKit/537.36 (KHTML, like Gecko) Chrome/145.0.0.0 Mobile Safari/537.36",
  "timestamp": "2026-04-13T20:02:37.402Z"
}