{
  "buildNumber": "273",
  "buildId": "BF-xNiwv",
  "sessionId": "P_6xpY7hD",
  "durationSec": 10.15,
  "avgFps": 35.966204650084705,
  "minFps": 32.298311318800174,
  "maxFps": 40.321994488695054,
  "avgSectionTimingsMs": {
    "hud": 0.02222222232961798,
    "camera": 0.007207207046113572,
    "autoEngage": 0.004511278285119767,
    "syncPlayers": 0.06957831404295313,
    "syncUnits": 0.0340361444346876,
    "syncResources": 0.02951807241482907,
    "sendClientPoses": 0.0033132529940949865,
    "effectsAndFog": 9.748192770743227,
    "syncStructures": 0.1364864860032056
  },
  "userAgent": "Mozilla/5.0 (Linux; Android 10; K) AppleWebKit/537.36 (KHTML, like Gecko) Chrome/145.0.0.0 Mobile Safari/537.36",
  "timestamp": "2026-04-13T20:02:07.040Z"
}