{
  "buildNumber": "273",
  "buildId": "BF-xNiwv",
  "sessionId": "P_6xpY7hD",
  "durationSec": 34.276,
  "avgFps": 32.615165376793904,
  "minFps": 23.839220387073325,
  "maxFps": 40.321994488695054,
  "avgSectionTimingsMs": {
    "hud": 0.026634146294942717,
    "camera": 0.007902438931348846,
    "autoEngage": 0.004636408003904344,
    "syncPlayers": 0.07812500049476512,
    "syncUnits": 0.2220703126222361,
    "syncResources": 0.027539062459254637,
    "sendClientPoses": 0.029492187401046976,
    "effectsAndFog": 11.663378905970603,
    "syncStructures": 0.17751004011276736
  },
  "userAgent": "Mozilla/5.0 (Linux; Android 10; K) AppleWebKit/537.36 (KHTML, like Gecko) Chrome/145.0.0.0 Mobile Safari/537.36",
  "timestamp": "2026-04-13T20:02:31.165Z"
}