{
  "buildNumber": "277",
  "buildId": "CMEduUks",
  "sessionId": "q0WoIYLvG",
  "durationSec": 27.029,
  "avgFps": 37.28497086563916,
  "minFps": 31.02319479666466,
  "maxFps": 39.361938941941844,
  "avgSectionTimingsMs": {
    "hud": 0.023590814034475913,
    "camera": 0.008037578089003274,
    "autoEngage": 0.005013054920550115,
    "syncPlayers": 0.07899686510410926,
    "syncUnits": 0.3167189136069646,
    "syncResources": 0.026123301798522534,
    "sendClientPoses": 0.04190177637830673,
    "effectsAndFog": 0.049529780477067395,
    "syncStructures": 0.20985221657259712
  },
  "userAgent": "Mozilla/5.0 (Linux; Android 10; K) AppleWebKit/537.36 (KHTML, like Gecko) Chrome/145.0.0.0 Mobile Safari/537.36",
  "timestamp": "2026-04-13T20:25:31.868Z"
}