{
  "buildNumber": "277",
  "buildId": "CMEduUks",
  "sessionId": "q0WoIYLvG",
  "durationSec": 3.313,
  "avgFps": 28.939731282706962,
  "minFps": 28.48434442172548,
  "maxFps": 30.259186777423363,
  "avgSectionTimingsMs": {
    "hud": 0.02857142850592896,
    "camera": 0.013186813383312016,
    "autoEngage": 0.011049723427598648,
    "syncPlayers": 0.11444444490803612,
    "syncUnits": 1.692222222685814,
    "syncResources": 0.025555557012557982,
    "sendClientPoses": 0.1933333330684238,
    "effectsAndFog": 0.05000000066227383,
    "syncStructures": 0.07391304166420647
  },
  "userAgent": "Mozilla/5.0 (Linux; Android 10; K) AppleWebKit/537.36 (KHTML, like Gecko) Chrome/145.0.0.0 Mobile Safari/537.36",
  "timestamp": "2026-04-13T20:26:02.928Z"
}