{
  "buildNumber": "273",
  "buildId": "BF-xNiwv",
  "sessionId": "P_6xpY7hD",
  "durationSec": 6.502,
  "avgFps": 37.138166555034275,
  "minFps": 35.905774044603035,
  "maxFps": 40.321994488695054,
  "avgSectionTimingsMs": {
    "hud": 0.023893805599845615,
    "camera": 0.007079645859456695,
    "autoEngage": 0.0024390243109472577,
    "syncPlayers": 0.06444444510671828,
    "syncUnits": 0.03288888904783461,
    "syncResources": 0.032444444364971584,
    "sendClientPoses": 0.0031111110581292047,
    "effectsAndFog": 8.824444443914626,
    "syncStructures": 0.00624999962747097
  },
  "userAgent": "Mozilla/5.0 (Linux; Android 10; K) AppleWebKit/537.36 (KHTML, like Gecko) Chrome/145.0.0.0 Mobile Safari/537.36",
  "timestamp": "2026-04-13T20:02:03.391Z"
}