{
  "buildNumber": "277",
  "buildId": "CMEduUks",
  "sessionId": "q0WoIYLvG",
  "durationSec": 14.758,
  "avgFps": 38.104474642051656,
  "minFps": 36.94121099749357,
  "maxFps": 39.361938941941844,
  "avgSectionTimingsMs": {
    "hud": 0.021206581178487328,
    "camera": 0.008043875478521343,
    "autoEngage": 0.0032936872306048924,
    "syncPlayers": 0.07545787521771022,
    "syncUnits": 0.03534798591564863,
    "syncResources": 0.02564102514977857,
    "sendClientPoses": 0.005128205150038332,
    "effectsAndFog": 0.04963369929528499,
    "syncStructures": 0.2354545452378013
  },
  "userAgent": "Mozilla/5.0 (Linux; Android 10; K) AppleWebKit/537.36 (KHTML, like Gecko) Chrome/145.0.0.0 Mobile Safari/537.36",
  "timestamp": "2026-04-13T20:25:19.597Z"
}