{
  "buildNumber": "277",
  "buildId": "CMEduUks",
  "sessionId": "q0WoIYLvG",
  "durationSec": 6.9,
  "avgFps": 28.770129647484428,
  "minFps": 28.48434442172548,
  "maxFps": 30.259186777423363,
  "avgSectionTimingsMs": {
    "hud": 0.028124999875823658,
    "camera": 0.009375000217308601,
    "autoEngage": 0.008877284610862832,
    "syncPlayers": 0.10732984324400338,
    "syncUnits": 1.391099476065311,
    "syncResources": 0.024607330872750407,
    "sendClientPoses": 0.18429319334279803,
    "effectsAndFog": 0.04816753920460247,
    "syncStructures": 0.06666666579743226
  },
  "userAgent": "Mozilla/5.0 (Linux; Android 10; K) AppleWebKit/537.36 (KHTML, like Gecko) Chrome/145.0.0.0 Mobile Safari/537.36",
  "timestamp": "2026-04-13T20:26:06.516Z"
}