{
  "buildNumber": "276",
  "buildId": "BdYYCv-Z",
  "sessionId": "P2QeoMsYc",
  "durationSec": 38.678,
  "avgFps": 36.13466819693921,
  "minFps": 27.76340537041469,
  "maxFps": 42.24570034076106,
  "avgSectionTimingsMs": {
    "hud": 0.025383435783942053,
    "camera": 0.00927914109972357,
    "autoEngage": 0.005600306772390087,
    "syncPlayers": 0.13077513435576754,
    "syncUnits": 0.5831158866538328,
    "syncResources": 0.028396008980795685,
    "sendClientPoses": 0.09455103631305035,
    "effectsAndFog": 0.06239447443648109,
    "syncStructures": 0.19683098530685397
  },
  "userAgent": "Mozilla/5.0 (Linux; Android 10; K) AppleWebKit/537.36 (KHTML, like Gecko) Chrome/145.0.0.0 Mobile Safari/537.36",
  "timestamp": "2026-04-13T20:20:57.651Z"
}