{
  "buildNumber": "276",
  "buildId": "BdYYCv-Z",
  "sessionId": "P2QeoMsYc",
  "durationSec": 6.623,
  "avgFps": 41.64266648420568,
  "minFps": 41.125914193165954,
  "maxFps": 42.24570034076106,
  "avgSectionTimingsMs": {
    "hud": 0.026838235666646677,
    "camera": 0.0073529413956053115,
    "autoEngage": 0.0031307550425028934,
    "syncPlayers": 0.10516605243031829,
    "syncUnits": 0.035793357449703994,
    "syncResources": 0.02730627286478162,
    "sendClientPoses": 0.002583025786269635,
    "effectsAndFog": 0.05645756472960609,
    "syncStructures": 0.1938775504121975
  },
  "userAgent": "Mozilla/5.0 (Linux; Android 10; K) AppleWebKit/537.36 (KHTML, like Gecko) Chrome/145.0.0.0 Mobile Safari/537.36",
  "timestamp": "2026-04-13T20:20:25.595Z"
}