{
  "buildNumber": "277",
  "buildId": "CMEduUks",
  "sessionId": "q0WoIYLvG",
  "durationSec": 25.344,
  "avgFps": 37.544668370808786,
  "minFps": 33.37456852740384,
  "maxFps": 39.361938941941844,
  "avgSectionTimingsMs": {
    "hud": 0.02300109519232534,
    "camera": 0.008105147674859288,
    "autoEngage": 0.004712328878167558,
    "syncPlayers": 0.07752192977881223,
    "syncUnits": 0.24934210556379535,
    "syncResources": 0.025657894514631806,
    "sendClientPoses": 0.036513157842452064,
    "effectsAndFog": 0.04989035071380306,
    "syncStructures": 0.21780104708921222
  },
  "userAgent": "Mozilla/5.0 (Linux; Android 10; K) AppleWebKit/537.36 (KHTML, like Gecko) Chrome/145.0.0.0 Mobile Safari/537.36",
  "timestamp": "2026-04-13T20:25:30.187Z"
}