{
  "buildNumber": "276",
  "buildId": "BdYYCv-Z",
  "sessionId": "P2QeoMsYc",
  "durationSec": 0.817,
  "avgFps": 41.13215766321477,
  "minFps": 41.125914193165954,
  "maxFps": 41.344435644874466,
  "avgSectionTimingsMs": {
    "hud": 0.025714285033089774,
    "camera": 0.005714286225182669,
    "autoEngage": 0.004347826259723608,
    "syncPlayers": 0.14705882440595067,
    "syncUnits": 0.02941176382934346,
    "syncResources": 0.026470587534063002,
    "sendClientPoses": 0.0029411762952804565,
    "effectsAndFog": 0.07647058805998634,
    "syncStructures": 0.09999999900658925
  },
  "userAgent": "Mozilla/5.0 (Linux; Android 10; K) AppleWebKit/537.36 (KHTML, like Gecko) Chrome/145.0.0.0 Mobile Safari/537.36",
  "timestamp": "2026-04-13T20:20:19.789Z"
}