{
  "buildNumber": "277",
  "buildId": "CMEduUks",
  "sessionId": "q0WoIYLvG",
  "durationSec": 36.073,
  "avgFps": 35.56414719947113,
  "minFps": 26.803205994891698,
  "maxFps": 39.361938941941844,
  "avgSectionTimingsMs": {
    "hud": 0.022138679834236775,
    "camera": 0.009607351588127309,
    "autoEngage": 0.006142916910527792,
    "syncPlayers": 0.08536789262274834,
    "syncUnits": 0.6979096993106265,
    "syncResources": 0.026254180382725388,
    "sendClientPoses": 0.07048494966831495,
    "effectsAndFog": 0.04941471566424322,
    "syncStructures": 0.1745318356301454
  },
  "userAgent": "Mozilla/5.0 (Linux; Android 10; K) AppleWebKit/537.36 (KHTML, like Gecko) Chrome/145.0.0.0 Mobile Safari/537.36",
  "timestamp": "2026-04-13T20:25:40.912Z"
}