{
  "buildNumber": "276",
  "buildId": "BdYYCv-Z",
  "sessionId": "P2QeoMsYc",
  "durationSec": 29.818,
  "avgFps": 37.71449331657599,
  "minFps": 31.407336435832516,
  "maxFps": 42.24570034076106,
  "avgSectionTimingsMs": {
    "hud": 0.025306893503812263,
    "camera": 0.00764872531940399,
    "autoEngage": 0.004912612105406958,
    "syncPlayers": 0.11758034035478963,
    "syncUnits": 0.36644612494961754,
    "syncResources": 0.02655954608281754,
    "sendClientPoses": 0.06947069960190352,
    "effectsAndFog": 0.059546313996801756,
    "syncStructures": 0.2307692302298222
  },
  "userAgent": "Mozilla/5.0 (Linux; Android 10; K) AppleWebKit/537.36 (KHTML, like Gecko) Chrome/145.0.0.0 Mobile Safari/537.36",
  "timestamp": "2026-04-13T20:20:48.790Z"
}