{
  "buildNumber": "273",
  "buildId": "BF-xNiwv",
  "sessionId": "P_6xpY7hD",
  "durationSec": 10.306,
  "avgFps": 35.9119458729947,
  "minFps": 32.298311318800174,
  "maxFps": 40.321994488695054,
  "avgSectionTimingsMs": {
    "hud": 0.022485207171129756,
    "camera": 0.007396449527796909,
    "autoEngage": 0.004444444532747622,
    "syncPlayers": 0.06913946661821813,
    "syncUnits": 0.03382789301589264,
    "syncResources": 0.029376854705527557,
    "sendClientPoses": 0.003264094937802776,
    "effectsAndFog": 9.75192878304674,
    "syncStructures": 0.13866666595141092
  },
  "userAgent": "Mozilla/5.0 (Linux; Android 10; K) AppleWebKit/537.36 (KHTML, like Gecko) Chrome/145.0.0.0 Mobile Safari/537.36",
  "timestamp": "2026-04-13T20:02:07.195Z"
}