{
  "buildNumber": "277",
  "buildId": "CMEduUks",
  "sessionId": "q0WoIYLvG",
  "durationSec": 9.308,
  "avgFps": 38.36689951208765,
  "minFps": 38.014368527508694,
  "maxFps": 39.361938941941844,
  "avgSectionTimingsMs": {
    "hud": 0.021037463925413852,
    "camera": 0.007780979620963764,
    "autoEngage": 0.003607503779522784,
    "syncPlayers": 0.07427745669907918,
    "syncUnits": 0.030635838477597762,
    "syncResources": 0.029768785386416266,
    "sendClientPoses": 0.004624277439420623,
    "effectsAndFog": 0.05375722507176372,
    "syncStructures": 0.18571428656578065
  },
  "userAgent": "Mozilla/5.0 (Linux; Android 10; K) AppleWebKit/537.36 (KHTML, like Gecko) Chrome/145.0.0.0 Mobile Safari/537.36",
  "timestamp": "2026-04-13T20:25:14.148Z"
}