{
  "buildNumber": "276",
  "buildId": "BdYYCv-Z",
  "sessionId": "P2QeoMsYc",
  "durationSec": 3.738,
  "avgFps": 41.4693044619136,
  "minFps": 41.125914193165954,
  "maxFps": 41.88124505024189,
  "avgSectionTimingsMs": {
    "hud": 0.025641026023106698,
    "camera": 0.005769230807438875,
    "autoEngage": 0.0028938907902340415,
    "syncPlayers": 0.11290322676781685,
    "syncUnits": 0.03161290268744192,
    "syncResources": 0.02774193536850714,
    "sendClientPoses": 0.001935483947876961,
    "effectsAndFog": 0.06322580575942993,
    "syncStructures": 0.06296296141765735
  },
  "userAgent": "Mozilla/5.0 (Linux; Android 10; K) AppleWebKit/537.36 (KHTML, like Gecko) Chrome/145.0.0.0 Mobile Safari/537.36",
  "timestamp": "2026-04-13T20:20:22.710Z"
}