{
  "buildNumber": "273",
  "buildId": "BF-xNiwv",
  "sessionId": "P_6xpY7hD",
  "durationSec": 58.2,
  "avgFps": 28.689309641643767,
  "minFps": 18.005645273948964,
  "maxFps": 40.321994488695054,
  "avgSectionTimingsMs": {
    "hud": 0.02613480063219346,
    "camera": 0.00777166434134545,
    "autoEngage": 0.005194358453333972,
    "syncPlayers": 0.08664831432981156,
    "syncUnits": 0.5702684100996767,
    "syncResources": 0.027322780384495596,
    "sendClientPoses": 0.10454232632826709,
    "effectsAndFog": 17.34783207155964,
    "syncStructures": 0.1376262628520378
  },
  "userAgent": "Mozilla/5.0 (Linux; Android 10; K) AppleWebKit/537.36 (KHTML, like Gecko) Chrome/145.0.0.0 Mobile Safari/537.36",
  "timestamp": "2026-04-13T20:02:55.089Z"
}