{
  "buildNumber": "276",
  "buildId": "BdYYCv-Z",
  "sessionId": "P2QeoMsYc",
  "durationSec": 8.366,
  "avgFps": 41.42932744549682,
  "minFps": 40.13490483125857,
  "maxFps": 42.24570034076106,
  "avgSectionTimingsMs": {
    "hud": 0.027433628617486418,
    "camera": 0.00678466089003909,
    "autoEngage": 0.003101920227532549,
    "syncPlayers": 0.10591716050396305,
    "syncUnits": 0.034911241933438905,
    "syncResources": 0.025739644670627525,
    "sendClientPoses": 0.0020710058818907426,
    "effectsAndFog": 0.05591716004546578,
    "syncStructures": 0.3419354836786947
  },
  "userAgent": "Mozilla/5.0 (Linux; Android 10; K) AppleWebKit/537.36 (KHTML, like Gecko) Chrome/145.0.0.0 Mobile Safari/537.36",
  "timestamp": "2026-04-13T20:20:27.339Z"
}