{
  "buildNumber": "277",
  "buildId": "CMEduUks",
  "sessionId": "q0WoIYLvG",
  "durationSec": 41.198,
  "avgFps": 34.67843602832386,
  "minFps": 26.510727529094936,
  "maxFps": 39.361938941941844,
  "avgSectionTimingsMs": {
    "hud": 0.022546816318669123,
    "camera": 0.00973782760373662,
    "autoEngage": 0.006257025132066706,
    "syncPlayers": 0.08763118409949622,
    "syncUnits": 0.7794602699633659,
    "syncResources": 0.026461768923313363,
    "sendClientPoses": 0.08335832083064398,
    "effectsAndFog": 0.050000000058085484,
    "syncStructures": 0.1617161720105917
  },
  "userAgent": "Mozilla/5.0 (Linux; Android 10; K) AppleWebKit/537.36 (KHTML, like Gecko) Chrome/145.0.0.0 Mobile Safari/537.36",
  "timestamp": "2026-04-13T20:25:46.037Z"
}