{
  "buildNumber": "277",
  "buildId": "CMEduUks",
  "sessionId": "q0WoIYLvG",
  "durationSec": 19.879,
  "avgFps": 37.98650134063225,
  "minFps": 36.94121099749357,
  "maxFps": 39.361938941941844,
  "avgSectionTimingsMs": {
    "hud": 0.02165087936534288,
    "camera": 0.007983761646750815,
    "autoEngage": 0.004129993386904614,
    "syncPlayers": 0.07547425472639441,
    "syncUnits": 0.059756097997107155,
    "syncResources": 0.02452574496669821,
    "sendClientPoses": 0.01043360431989034,
    "effectsAndFog": 0.04932249295033091,
    "syncStructures": 0.24765100655139693
  },
  "userAgent": "Mozilla/5.0 (Linux; Android 10; K) AppleWebKit/537.36 (KHTML, like Gecko) Chrome/145.0.0.0 Mobile Safari/537.36",
  "timestamp": "2026-04-13T20:25:24.718Z"
}