{
  "buildNumber": "277",
  "buildId": "CMEduUks",
  "sessionId": "q0WoIYLvG",
  "durationSec": 23.679,
  "avgFps": 37.76384401667837,
  "minFps": 34.16609136987178,
  "maxFps": 39.361938941941844,
  "avgSectionTimingsMs": {
    "hud": 0.022969837427969046,
    "camera": 0.0077726216576215566,
    "autoEngage": 0.004585026241774069,
    "syncPlayers": 0.07735191640399751,
    "syncUnits": 0.19442508732261835,
    "syncResources": 0.02601625989261543,
    "sendClientPoses": 0.028687572472325323,
    "effectsAndFog": 0.048896631608856676,
    "syncStructures": 0.22977528093236216
  },
  "userAgent": "Mozilla/5.0 (Linux; Android 10; K) AppleWebKit/537.36 (KHTML, like Gecko) Chrome/145.0.0.0 Mobile Safari/537.36",
  "timestamp": "2026-04-13T20:25:28.519Z"
}