{
  "buildNumber": "276",
  "buildId": "BdYYCv-Z",
  "sessionId": "P2QeoMsYc",
  "durationSec": 6.952,
  "avgFps": 41.632054156088444,
  "minFps": 40.51320644167809,
  "maxFps": 42.24570034076106,
  "avgSectionTimingsMs": {
    "hud": 0.027112676434113945,
    "camera": 0.00704225373100227,
    "autoEngage": 0.0031746031430663255,
    "syncPlayers": 0.10565371100557146,
    "syncUnits": 0.034628974780598294,
    "syncResources": 0.026501766573835177,
    "sendClientPoses": 0.0024734981910921237,
    "effectsAndFog": 0.057243816422910654,
    "syncStructures": 0.18823529341641596
  },
  "userAgent": "Mozilla/5.0 (Linux; Android 10; K) AppleWebKit/537.36 (KHTML, like Gecko) Chrome/145.0.0.0 Mobile Safari/537.36",
  "timestamp": "2026-04-13T20:20:25.924Z"
}