{
  "buildNumber": "273",
  "buildId": "BF-xNiwv",
  "sessionId": "P_6xpY7hD",
  "durationSec": 52.502,
  "avgFps": 29.486247970071954,
  "minFps": 18.00752703193195,
  "maxFps": 40.321994488695054,
  "avgSectionTimingsMs": {
    "hud": 0.026183432023200764,
    "camera": 0.008062130137837145,
    "autoEngage": 0.005216426201939274,
    "syncPlayers": 0.08534418998339897,
    "syncUnits": 0.5444115469360422,
    "syncResources": 0.02753515904431516,
    "sendClientPoses": 0.08919319031769747,
    "effectsAndFog": 16.245891931849354,
    "syncStructures": 0.14392265208189
  },
  "userAgent": "Mozilla/5.0 (Linux; Android 10; K) AppleWebKit/537.36 (KHTML, like Gecko) Chrome/145.0.0.0 Mobile Safari/537.36",
  "timestamp": "2026-04-13T20:02:49.391Z"
}