{
  "buildNumber": "276",
  "buildId": "BdYYCv-Z",
  "sessionId": "P2QeoMsYc",
  "durationSec": 44.234,
  "avgFps": 35.25770297828878,
  "minFps": 25.13416077027156,
  "maxFps": 42.24570034076106,
  "avgSectionTimingsMs": {
    "hud": 0.026044568436059446,
    "camera": 0.009470752084985748,
    "autoEngage": 0.005851619513929202,
    "syncPlayers": 0.13860627178115711,
    "syncUnits": 0.713170732002225,
    "syncResources": 0.029407665310005694,
    "sendClientPoses": 0.1087804879461016,
    "effectsAndFog": 0.06348432074025118,
    "syncStructures": 0.18487654267637818
  },
  "userAgent": "Mozilla/5.0 (Linux; Android 10; K) AppleWebKit/537.36 (KHTML, like Gecko) Chrome/145.0.0.0 Mobile Safari/537.36",
  "timestamp": "2026-04-13T20:21:03.207Z"
}