{
  "buildNumber": "273",
  "buildId": "BF-xNiwv",
  "sessionId": "P_6xpY7hD",
  "durationSec": 30.761,
  "avgFps": 33.1846726518903,
  "minFps": 26.952226102692325,
  "maxFps": 40.321994488695054,
  "avgSectionTimingsMs": {
    "hud": 0.026498422669060724,
    "camera": 0.007991587670694265,
    "autoEngage": 0.004313519194149958,
    "syncPlayers": 0.0764210530644969,
    "syncUnits": 0.14273684222447244,
    "syncResources": 0.027684210570235002,
    "sendClientPoses": 0.019263157875914323,
    "effectsAndFog": 10.775368420669906,
    "syncStructures": 0.19111111084620158
  },
  "userAgent": "Mozilla/5.0 (Linux; Android 10; K) AppleWebKit/537.36 (KHTML, like Gecko) Chrome/145.0.0.0 Mobile Safari/537.36",
  "timestamp": "2026-04-13T20:02:27.651Z"
}