{
  "buildNumber": "274",
  "buildId": "CB7E_Olw",
  "sessionId": "PJns0EXEj",
  "durationSec": 28.807,
  "avgFps": 41.06482173132342,
  "minFps": 31.192882327528594,
  "maxFps": 47.48005890965272,
  "avgSectionTimingsMs": {
    "hud": 0.018457300160542006,
    "camera": 0.00798898078740683,
    "autoEngage": 0.004409738155368495,
    "syncPlayers": 0.1009191179593258,
    "syncUnits": 0.6243566178223666,
    "syncResources": 0.02086397054988672,
    "sendClientPoses": 0.08658088228720076,
    "effectsAndFog": 0.05652573512976661,
    "syncStructures": 0.22803738309401217
  },
  "userAgent": "Mozilla/5.0 (Linux; Android 10; K) AppleWebKit/537.36 (KHTML, like Gecko) Chrome/145.0.0.0 Mobile Safari/537.36",
  "timestamp": "2026-04-13T20:10:57.293Z"
}