{
  "buildNumber": "276",
  "buildId": "BdYYCv-Z",
  "sessionId": "P2QeoMsYc",
  "durationSec": 51.059,
  "avgFps": 34.18325926836084,
  "minFps": 23.512293066686027,
  "maxFps": 42.24570034076106,
  "avgSectionTimingsMs": {
    "hud": 0.026365348605038006,
    "camera": 0.010169491499232108,
    "autoEngage": 0.006279434757292551,
    "syncPlayers": 0.14491206031273957,
    "syncUnits": 0.7584798997782882,
    "syncResources": 0.029396984838510876,
    "sendClientPoses": 0.12154522611193322,
    "effectsAndFog": 0.06268844238702376,
    "syncStructures": 0.21973333295186362
  },
  "userAgent": "Mozilla/5.0 (Linux; Android 10; K) AppleWebKit/537.36 (KHTML, like Gecko) Chrome/145.0.0.0 Mobile Safari/537.36",
  "timestamp": "2026-04-13T20:21:10.031Z"
}