{
  "buildNumber": "276",
  "buildId": "BdYYCv-Z",
  "sessionId": "P2QeoMsYc",
  "durationSec": 42.106,
  "avgFps": 35.621158447224026,
  "minFps": 25.682952480482772,
  "maxFps": 42.24570034076106,
  "avgSectionTimingsMs": {
    "hud": 0.025848375610496164,
    "camera": 0.009530685911970448,
    "autoEngage": 0.0057060309440575595,
    "syncPlayers": 0.13684971098696566,
    "syncUnits": 0.6790462430415815,
    "syncResources": 0.029046242550618388,
    "sendClientPoses": 0.10498554935689607,
    "effectsAndFog": 0.0638005782370967,
    "syncStructures": 0.19058441506190735
  },
  "userAgent": "Mozilla/5.0 (Linux; Android 10; K) AppleWebKit/537.36 (KHTML, like Gecko) Chrome/145.0.0.0 Mobile Safari/537.36",
  "timestamp": "2026-04-13T20:21:01.078Z"
}