{
  "buildNumber": "274",
  "buildId": "CB7E_Olw",
  "sessionId": "PJns0EXEj",
  "durationSec": 11.404,
  "avgFps": 45.26099659336715,
  "minFps": 44.012616156154714,
  "maxFps": 47.48005890965272,
  "avgSectionTimingsMs": {
    "hud": 0.01863727469243602,
    "camera": 0.006212425136375045,
    "autoEngage": 0.0023069207443516615,
    "syncPlayers": 0.08433735023540666,
    "syncUnits": 0.017068272972681438,
    "syncResources": 0.019076305280727554,
    "sendClientPoses": 0.005220883522167742,
    "effectsAndFog": 0.052409638123339916,
    "syncStructures": 0.39885057491817694
  },
  "userAgent": "Mozilla/5.0 (Linux; Android 10; K) AppleWebKit/537.36 (KHTML, like Gecko) Chrome/145.0.0.0 Mobile Safari/537.36",
  "timestamp": "2026-04-13T20:10:39.889Z"
}