{
  "buildNumber": "273",
  "buildId": "BF-xNiwv",
  "sessionId": "P_6xpY7hD",
  "durationSec": 49.366,
  "avgFps": 29.972813862703873,
  "minFps": 18.017841853468326,
  "maxFps": 40.321994488695054,
  "avgSectionTimingsMs": {
    "hud": 0.025597532827668495,
    "camera": 0.008172706194629831,
    "autoEngage": 0.0052063247433878305,
    "syncPlayers": 0.08348765479469741,
    "syncUnits": 0.5074845677770582,
    "syncResources": 0.027623456684343607,
    "sendClientPoses": 0.07962962966642262,
    "effectsAndFog": 15.566589506159042,
    "syncStructures": 0.14927113733903313
  },
  "userAgent": "Mozilla/5.0 (Linux; Android 10; K) AppleWebKit/537.36 (KHTML, like Gecko) Chrome/145.0.0.0 Mobile Safari/537.36",
  "timestamp": "2026-04-13T20:02:46.255Z"
}