{
  "buildNumber": "277",
  "buildId": "CMEduUks",
  "sessionId": "q0WoIYLvG",
  "durationSec": 10.601,
  "avgFps": 38.32682778844419,
  "minFps": 38.014368527508694,
  "maxFps": 39.361938941941844,
  "avgSectionTimingsMs": {
    "hud": 0.020403022730080246,
    "camera": 0.008564231527842563,
    "autoEngage": 0.003404792064676369,
    "syncPlayers": 0.07323232300654807,
    "syncUnits": 0.031060606241226196,
    "syncResources": 0.02853535288813138,
    "sendClientPoses": 0.004545454500299512,
    "effectsAndFog": 0.05353535312895823,
    "syncStructures": 0.20625000037252902
  },
  "userAgent": "Mozilla/5.0 (Linux; Android 10; K) AppleWebKit/537.36 (KHTML, like Gecko) Chrome/145.0.0.0 Mobile Safari/537.36",
  "timestamp": "2026-04-13T20:25:15.440Z"
}