{
  "buildNumber": "274",
  "buildId": "CB7E_Olw",
  "sessionId": "PJns0EXEj",
  "durationSec": 13.353,
  "avgFps": 44.97237546298159,
  "minFps": 41.91157244087777,
  "maxFps": 47.48005890965272,
  "avgSectionTimingsMs": {
    "hud": 0.018706293737554884,
    "camera": 0.006118881327288968,
    "autoEngage": 0.003149606293997844,
    "syncPlayers": 0.08931698868028337,
    "syncUnits": 0.10700525366905066,
    "syncResources": 0.020140105235388735,
    "sendClientPoses": 0.022416812578141168,
    "effectsAndFog": 0.05288966686420808,
    "syncStructures": 0.37745098039215685
  },
  "userAgent": "Mozilla/5.0 (Linux; Android 10; K) AppleWebKit/537.36 (KHTML, like Gecko) Chrome/145.0.0.0 Mobile Safari/537.36",
  "timestamp": "2026-04-13T20:10:41.838Z"
}