{
  "buildNumber": "274",
  "buildId": "CB7E_Olw",
  "sessionId": "PJns0EXEj",
  "durationSec": 18.161,
  "avgFps": 43.80115287861062,
  "minFps": 37.85108603821611,
  "maxFps": 47.48005890965272,
  "avgSectionTimingsMs": {
    "hud": 0.017780748718881353,
    "camera": 0.006684492217665688,
    "autoEngage": 0.004080267574476159,
    "syncPlayers": 0.09103079042441076,
    "syncUnits": 0.33025435076021603,
    "syncResources": 0.020749665567354664,
    "sendClientPoses": 0.05006693413299091,
    "effectsAndFog": 0.05515394891441427,
    "syncStructures": 0.3021897808478696
  },
  "userAgent": "Mozilla/5.0 (Linux; Android 10; K) AppleWebKit/537.36 (KHTML, like Gecko) Chrome/145.0.0.0 Mobile Safari/537.36",
  "timestamp": "2026-04-13T20:10:46.646Z"
}