{
  "buildNumber": "274",
  "buildId": "CB7E_Olw",
  "sessionId": "PJns0EXEj",
  "durationSec": 19.31,
  "avgFps": 43.488454817672206,
  "minFps": 37.63831452866208,
  "maxFps": 47.48005890965272,
  "avgSectionTimingsMs": {
    "hud": 0.01825095061566893,
    "camera": 0.006717363993326823,
    "autoEngage": 0.004058338621408031,
    "syncPlayers": 0.0918781730880592,
    "syncUnits": 0.36763959396914175,
    "syncResources": 0.02106598999143252,
    "sendClientPoses": 0.05329949223450598,
    "effectsAndFog": 0.05494923832906684,
    "syncStructures": 0.29241379293902164
  },
  "userAgent": "Mozilla/5.0 (Linux; Android 10; K) AppleWebKit/537.36 (KHTML, like Gecko) Chrome/145.0.0.0 Mobile Safari/537.36",
  "timestamp": "2026-04-13T20:10:47.796Z"
}