{
  "buildNumber": "276",
  "buildId": "BdYYCv-Z",
  "sessionId": "P2QeoMsYc",
  "durationSec": 38.121,
  "avgFps": 36.22774613008417,
  "minFps": 27.76340537041469,
  "maxFps": 42.24570034076106,
  "avgSectionTimingsMs": {
    "hud": 0.02529092342285707,
    "camera": 0.00899922420018583,
    "autoEngage": 0.005626697606433488,
    "syncPlayers": 0.13012422357471834,
    "syncUnits": 0.5767080748210782,
    "syncResources": 0.028338509085385696,
    "sendClientPoses": 0.09402173933405314,
    "effectsAndFog": 0.062344720668118934,
    "syncStructures": 0.19857142801795688
  },
  "userAgent": "Mozilla/5.0 (Linux; Android 10; K) AppleWebKit/537.36 (KHTML, like Gecko) Chrome/145.0.0.0 Mobile Safari/537.36",
  "timestamp": "2026-04-13T20:20:57.094Z"
}