{
  "buildNumber": "274",
  "buildId": "CB7E_Olw",
  "sessionId": "PJns0EXEj",
  "durationSec": 5.614,
  "avgFps": 46.08372251642018,
  "minFps": 45.05727960453673,
  "maxFps": 47.48005890965272,
  "avgSectionTimingsMs": {
    "hud": 0.01895161321566951,
    "camera": 0.005645161554698021,
    "autoEngage": 0.00222222221018088,
    "syncPlayers": 0.0829959526235758,
    "syncUnits": 0.019433198066858146,
    "syncResources": 0.02550607280209962,
    "sendClientPoses": 0.006072874493927126,
    "effectsAndFog": 0.054251011566594544,
    "syncStructures": 0.2860465112120606
  },
  "userAgent": "Mozilla/5.0 (Linux; Android 10; K) AppleWebKit/537.36 (KHTML, like Gecko) Chrome/145.0.0.0 Mobile Safari/537.36",
  "timestamp": "2026-04-13T20:10:34.100Z"
}