{
  "buildNumber": "273",
  "buildId": "BF-xNiwv",
  "sessionId": "P_6xpY7hD",
  "durationSec": 59.706,
  "avgFps": 28.49575078889427,
  "minFps": 18.005645273948964,
  "maxFps": 40.321994488695054,
  "avgSectionTimingsMs": {
    "hud": 0.026063470684298786,
    "camera": 0.00783254553304179,
    "autoEngage": 0.005234718010740399,
    "syncPlayers": 0.08702702749822591,
    "syncUnits": 0.5725675674910481,
    "syncResources": 0.027229729657237595,
    "sendClientPoses": 0.1077702704313639,
    "effectsAndFog": 17.619797297224807,
    "syncStructures": 0.1358024693565604
  },
  "userAgent": "Mozilla/5.0 (Linux; Android 10; K) AppleWebKit/537.36 (KHTML, like Gecko) Chrome/145.0.0.0 Mobile Safari/537.36",
  "timestamp": "2026-04-13T20:02:56.595Z"
}