{
  "buildNumber": "274",
  "buildId": "CB7E_Olw",
  "sessionId": "PJns0EXEj",
  "durationSec": 10.975,
  "avgFps": 45.28750299605652,
  "minFps": 44.012616156154714,
  "maxFps": 47.48005890965272,
  "avgSectionTimingsMs": {
    "hud": 0.018879668222918054,
    "camera": 0.006224066637363671,
    "autoEngage": 0.002388369659520879,
    "syncPlayers": 0.08357588448048629,
    "syncUnits": 0.017255717156582712,
    "syncResources": 0.01891891896848619,
    "sendClientPoses": 0.005405405393013587,
    "effectsAndFog": 0.05197505147937925,
    "syncStructures": 0.35833333361716496
  },
  "userAgent": "Mozilla/5.0 (Linux; Android 10; K) AppleWebKit/537.36 (KHTML, like Gecko) Chrome/145.0.0.0 Mobile Safari/537.36",
  "timestamp": "2026-04-13T20:10:39.460Z"
}