{
  "buildNumber": "277",
  "buildId": "CMEduUks",
  "sessionId": "q0WoIYLvG",
  "durationSec": 2.496,
  "avgFps": 38.55570242441699,
  "minFps": 38.293317991131715,
  "maxFps": 39.361938941941844,
  "avgSectionTimingsMs": {
    "hud": 0.021739129786906036,
    "camera": 0.006521739065647125,
    "autoEngage": 0.0043715852531579025,
    "syncPlayers": 0.07802197697398426,
    "syncUnits": 0.026373626766624032,
    "syncResources": 0.02417582371732691,
    "sendClientPoses": 0.0032967031002044678,
    "effectsAndFog": 0.038461537806542365,
    "syncStructures": 0.005555556880103217
  },
  "userAgent": "Mozilla/5.0 (Linux; Android 10; K) AppleWebKit/537.36 (KHTML, like Gecko) Chrome/145.0.0.0 Mobile Safari/537.36",
  "timestamp": "2026-04-13T20:25:07.335Z"
}