{
  "buildNumber": "273",
  "buildId": "BF-xNiwv",
  "sessionId": "P_6xpY7hD",
  "durationSec": 28.523,
  "avgFps": 33.452555307201656,
  "minFps": 29.359513071453023,
  "maxFps": 40.321994488695054,
  "avgSectionTimingsMs": {
    "hud": 0.025583982169296637,
    "camera": 0.008231368060902309,
    "autoEngage": 0.004229271003917382,
    "syncPlayers": 0.07639198260742731,
    "syncUnits": 0.08463251670378619,
    "syncResources": 0.027728285117775933,
    "sendClientPoses": 0.013251670451631524,
    "effectsAndFog": 10.3154788413531,
    "syncStructures": 0.19807692287633052
  },
  "userAgent": "Mozilla/5.0 (Linux; Android 10; K) AppleWebKit/537.36 (KHTML, like Gecko) Chrome/145.0.0.0 Mobile Safari/537.36",
  "timestamp": "2026-04-13T20:02:25.413Z"
}