{
  "buildNumber": "275",
  "buildId": "DlwQSAVw",
  "sessionId": "7MiGiHpAI",
  "durationSec": 14.851,
  "avgFps": 20.397464722089417,
  "minFps": 15.453768091335075,
  "maxFps": 22.8055633146839,
  "avgSectionTimingsMs": {
    "hud": 0.016819572321136428,
    "camera": 0.010703363640957288,
    "autoEngage": 0.00627871362027494,
    "syncPlayers": 0.12638036824442858,
    "syncUnits": 0.9085889569272293,
    "syncStructures": 0.07889908306095578,
    "syncResources": 0.0297546009161721,
    "sendClientPoses": 0.18588957062528177,
    "effectsAndFog": 16.657975460488373
  },
  "userAgent": "Mozilla/5.0 (Linux; Android 10; K) AppleWebKit/537.36 (KHTML, like Gecko) Chrome/145.0.0.0 Mobile Safari/537.36",
  "timestamp": "2026-04-13T20:14:36.079Z"
}