{
  "buildNumber": "277",
  "buildId": "CMEduUks",
  "sessionId": "q0WoIYLvG",
  "durationSec": 7.467,
  "avgFps": 38.40137427353707,
  "minFps": 38.014368527508694,
  "maxFps": 39.361938941941844,
  "avgSectionTimingsMs": {
    "hud": 0.020430107270517656,
    "camera": 0.006810035756839219,
    "autoEngage": 0.0030520648245751535,
    "syncPlayers": 0.06978417300491882,
    "syncUnits": 0.03093525188432323,
    "syncResources": 0.026618704199790955,
    "sendClientPoses": 0.004676259035686795,
    "effectsAndFog": 0.05107913611175345,
    "syncStructures": 0.16071428677865437
  },
  "userAgent": "Mozilla/5.0 (Linux; Android 10; K) AppleWebKit/537.36 (KHTML, like Gecko) Chrome/145.0.0.0 Mobile Safari/537.36",
  "timestamp": "2026-04-13T20:25:12.306Z"
}