{
  "buildNumber": "276",
  "buildId": "BdYYCv-Z",
  "sessionId": "P2QeoMsYc",
  "durationSec": 53.172,
  "avgFps": 33.86621552655267,
  "minFps": 23.47566485001089,
  "maxFps": 42.24570034076106,
  "avgSectionTimingsMs": {
    "hud": 0.02649208304362233,
    "camera": 0.0101705237079625,
    "autoEngage": 0.006335668517727697,
    "syncPlayers": 0.14741011575036916,
    "syncUnits": 0.7873248021679634,
    "syncResources": 0.02943327231134023,
    "sendClientPoses": 0.12449725772243386,
    "effectsAndFog": 0.06307129822512504,
    "syncStructures": 0.2138107413678523
  },
  "userAgent": "Mozilla/5.0 (Linux; Android 10; K) AppleWebKit/537.36 (KHTML, like Gecko) Chrome/145.0.0.0 Mobile Safari/537.36",
  "timestamp": "2026-04-13T20:21:12.145Z"
}