{
  "buildNumber": "274",
  "buildId": "CB7E_Olw",
  "sessionId": "PJns0EXEj",
  "durationSec": 31.31,
  "avgFps": 40.42206626851439,
  "minFps": 31.192882327528594,
  "maxFps": 47.48005890965272,
  "avgSectionTimingsMs": {
    "hud": 0.01924721976954066,
    "camera": 0.007698888014890477,
    "autoEngage": 0.004321780057355385,
    "syncPlayers": 0.10222602770855166,
    "syncUnits": 0.6457191782250796,
    "syncResources": 0.020633561664248165,
    "sendClientPoses": 0.09280821905560689,
    "effectsAndFog": 0.056506849187490056,
    "syncStructures": 0.2137931034225842
  },
  "userAgent": "Mozilla/5.0 (Linux; Android 10; K) AppleWebKit/537.36 (KHTML, like Gecko) Chrome/145.0.0.0 Mobile Safari/537.36",
  "timestamp": "2026-04-13T20:10:59.796Z"
}