{
  "buildNumber": "276",
  "buildId": "BdYYCv-Z",
  "sessionId": "P2QeoMsYc",
  "durationSec": 8.647,
  "avgFps": 41.388645591906474,
  "minFps": 40.13490483125857,
  "maxFps": 42.24570034076106,
  "avgSectionTimingsMs": {
    "hud": 0.02771428602082389,
    "camera": 0.006571428690637861,
    "autoEngage": 0.0032904148954519727,
    "syncPlayers": 0.10487106092338234,
    "syncUnits": 0.03524355253039253,
    "syncResources": 0.025501432340261247,
    "sendClientPoses": 0.0020057306248683986,
    "effectsAndFog": 0.05558739282340238,
    "syncStructures": 0.3507692304941324
  },
  "userAgent": "Mozilla/5.0 (Linux; Android 10; K) AppleWebKit/537.36 (KHTML, like Gecko) Chrome/145.0.0.0 Mobile Safari/537.36",
  "timestamp": "2026-04-13T20:20:27.619Z"
}