{
  "buildNumber": "276",
  "buildId": "BdYYCv-Z",
  "sessionId": "P2QeoMsYc",
  "durationSec": 46.716,
  "avgFps": 34.857465756567834,
  "minFps": 24.619099074958314,
  "maxFps": 42.24570034076106,
  "avgSectionTimingsMs": {
    "hud": 0.026104417850214792,
    "camera": 0.009638554220857071,
    "autoEngage": 0.0060261130572403,
    "syncPlayers": 0.14132618882156264,
    "syncUnits": 0.7378432689220891,
    "syncResources": 0.029202946922719998,
    "sendClientPoses": 0.1137307435373931,
    "effectsAndFog": 0.06282652398522716,
    "syncStructures": 0.19825072834165033
  },
  "userAgent": "Mozilla/5.0 (Linux; Android 10; K) AppleWebKit/537.36 (KHTML, like Gecko) Chrome/145.0.0.0 Mobile Safari/537.36",
  "timestamp": "2026-04-13T20:21:05.689Z"
}