{
  "buildNumber": "277",
  "buildId": "CMEduUks",
  "sessionId": "q0WoIYLvG",
  "durationSec": 24.218,
  "avgFps": 37.69426290746824,
  "minFps": 34.16609136987178,
  "maxFps": 39.361938941941844,
  "avgSectionTimingsMs": {
    "hud": 0.023208191031346415,
    "camera": 0.00807736046078262,
    "autoEngage": 0.004667046213258581,
    "syncPlayers": 0.07756264236223182,
    "syncUnits": 0.21230068361569102,
    "syncResources": 0.02585421387182553,
    "sendClientPoses": 0.03097949874564021,
    "effectsAndFog": 0.04931662851151138,
    "syncStructures": 0.22637362647187578
  },
  "userAgent": "Mozilla/5.0 (Linux; Android 10; K) AppleWebKit/537.36 (KHTML, like Gecko) Chrome/145.0.0.0 Mobile Safari/537.36",
  "timestamp": "2026-04-13T20:25:29.057Z"
}