{
  "buildNumber": "276",
  "buildId": "BdYYCv-Z",
  "sessionId": "P2QeoMsYc",
  "durationSec": 22.855,
  "avgFps": 38.99320295896048,
  "minFps": 34.54174676025607,
  "maxFps": 42.24570034076106,
  "avgSectionTimingsMs": {
    "hud": 0.027186761546360405,
    "camera": 0.006619385476653457,
    "autoEngage": 0.0049083381803130205,
    "syncPlayers": 0.113017751585097,
    "syncUnits": 0.251597633305386,
    "syncResources": 0.026745561946778608,
    "sendClientPoses": 0.047573964624009896,
    "effectsAndFog": 0.059644970738676174,
    "syncStructures": 0.27396449693561303
  },
  "userAgent": "Mozilla/5.0 (Linux; Android 10; K) AppleWebKit/537.36 (KHTML, like Gecko) Chrome/145.0.0.0 Mobile Safari/537.36",
  "timestamp": "2026-04-13T20:20:41.827Z"
}