{
  "buildNumber": "273",
  "buildId": "BF-xNiwv",
  "sessionId": "P_6xpY7hD",
  "durationSec": 59.039,
  "avgFps": 28.58098219001845,
  "minFps": 18.005645273948964,
  "maxFps": 40.321994488695054,
  "avgSectionTimingsMs": {
    "hud": 0.026072157999542475,
    "camera": 0.007896528205878075,
    "autoEngage": 0.0052093973482876844,
    "syncPlayers": 0.08685286150235247,
    "syncUnits": 0.5715940054049284,
    "syncResources": 0.02731607620901243,
    "sendClientPoses": 0.10660762954960078,
    "effectsAndFog": 17.501089918191166,
    "syncStructures": 0.13640897782366174
  },
  "userAgent": "Mozilla/5.0 (Linux; Android 10; K) AppleWebKit/537.36 (KHTML, like Gecko) Chrome/145.0.0.0 Mobile Safari/537.36",
  "timestamp": "2026-04-13T20:02:55.929Z"
}