{
  "buildNumber": "274",
  "buildId": "CB7E_Olw",
  "sessionId": "PJns0EXEj",
  "durationSec": 15.359,
  "avgFps": 44.53073072857214,
  "minFps": 40.38775949799375,
  "maxFps": 47.48005890965272,
  "avgSectionTimingsMs": {
    "hud": 0.017746913534255674,
    "camera": 0.006327160806567581,
    "autoEngage": 0.0035521235475208766,
    "syncPlayers": 0.09057187071355086,
    "syncUnits": 0.21066460593774847,
    "syncResources": 0.02132921199525895,
    "sendClientPoses": 0.033848531463599466,
    "effectsAndFog": 0.05301391009753786,
    "syncStructures": 0.3418803416256212
  },
  "userAgent": "Mozilla/5.0 (Linux; Android 10; K) AppleWebKit/537.36 (KHTML, like Gecko) Chrome/145.0.0.0 Mobile Safari/537.36",
  "timestamp": "2026-04-13T20:10:43.845Z"
}