{
  "buildNumber": "277",
  "buildId": "CMEduUks",
  "sessionId": "q0WoIYLvG",
  "durationSec": 42.08,
  "avgFps": 34.55270024104104,
  "minFps": 26.510727529094936,
  "maxFps": 39.361938941941844,
  "avgSectionTimingsMs": {
    "hud": 0.022810890228981653,
    "camera": 0.009639440651234675,
    "autoEngage": 0.006183290431110745,
    "syncPlayers": 0.08777614100253284,
    "syncUnits": 0.7954344625676679,
    "syncResources": 0.026362297285638957,
    "sendClientPoses": 0.08505154639175258,
    "effectsAndFog": 0.05000000004828064,
    "syncStructures": 0.15954692589426503
  },
  "userAgent": "Mozilla/5.0 (Linux; Android 10; K) AppleWebKit/537.36 (KHTML, like Gecko) Chrome/145.0.0.0 Mobile Safari/537.36",
  "timestamp": "2026-04-13T20:25:46.920Z"
}