{
  "buildNumber": "276",
  "buildId": "BdYYCv-Z",
  "sessionId": "P2QeoMsYc",
  "durationSec": 47.194,
  "avgFps": 34.78263384062253,
  "minFps": 24.619099074958314,
  "maxFps": 42.24570034076106,
  "avgSectionTimingsMs": {
    "hud": 0.02604651181800817,
    "camera": 0.009767441872346442,
    "autoEngage": 0.006081754640710437,
    "syncPlayers": 0.1414893616506077,
    "syncUnits": 0.7414228726931392,
    "syncResources": 0.029188829632674124,
    "sendClientPoses": 0.11409574469670336,
    "effectsAndFog": 0.06276595764892533,
    "syncStructures": 0.2034582127239931
  },
  "userAgent": "Mozilla/5.0 (Linux; Android 10; K) AppleWebKit/537.36 (KHTML, like Gecko) Chrome/145.0.0.0 Mobile Safari/537.36",
  "timestamp": "2026-04-13T20:21:06.166Z"
}