{
  "buildNumber": "275",
  "buildId": "DlwQSAVw",
  "sessionId": "7MiGiHpAI",
  "durationSec": 20.831,
  "avgFps": 21.129353005884877,
  "minFps": 15.453768091335075,
  "maxFps": 23.285890513152527,
  "avgSectionTimingsMs": {
    "hud": 0.017353579304999228,
    "camera": 0.010629066999460248,
    "autoEngage": 0.00651465794809737,
    "syncPlayers": 0.1226086957299191,
    "syncUnits": 0.8560869560941405,
    "syncStructures": 0.07337662345403201,
    "syncResources": 0.02891304330981296,
    "sendClientPoses": 0.1923913044774014,
    "effectsAndFog": 16.47739130485317
  },
  "userAgent": "Mozilla/5.0 (Linux; Android 10; K) AppleWebKit/537.36 (KHTML, like Gecko) Chrome/145.0.0.0 Mobile Safari/537.36",
  "timestamp": "2026-04-13T20:14:42.059Z"
}