{
  "buildNumber": "276",
  "buildId": "BdYYCv-Z",
  "sessionId": "P2QeoMsYc",
  "durationSec": 33.509,
  "avgFps": 37.06041260997239,
  "minFps": 29.746071294150134,
  "maxFps": 42.24570034076106,
  "avgSectionTimingsMs": {
    "hud": 0.02525773216871052,
    "camera": 0.00807560140529449,
    "autoEngage": 0.005027932891735049,
    "syncPlayers": 0.12037833205401026,
    "syncUnits": 0.44926913163319604,
    "syncResources": 0.027085124549431117,
    "sendClientPoses": 0.08039552895856744,
    "effectsAndFog": 0.060533104251400724,
    "syncStructures": 0.2153225801885128
  },
  "userAgent": "Mozilla/5.0 (Linux; Android 10; K) AppleWebKit/537.36 (KHTML, like Gecko) Chrome/145.0.0.0 Mobile Safari/537.36",
  "timestamp": "2026-04-13T20:20:52.481Z"
}