{
  "buildNumber": "276",
  "buildId": "BdYYCv-Z",
  "sessionId": "P2QeoMsYc",
  "durationSec": 3.995,
  "avgFps": 41.48720366930096,
  "minFps": 41.125914193165954,
  "maxFps": 41.88124505024189,
  "avgSectionTimingsMs": {
    "hud": 0.025748503600765846,
    "camera": 0.005988023952095809,
    "autoEngage": 0.002702702810098459,
    "syncPlayers": 0.11265060359455016,
    "syncUnits": 0.031325300594410264,
    "syncResources": 0.02831325294023537,
    "sendClientPoses": 0.0018072289874754757,
    "effectsAndFog": 0.06325301150959659,
    "syncStructures": 0.058620688216439606
  },
  "userAgent": "Mozilla/5.0 (Linux; Android 10; K) AppleWebKit/537.36 (KHTML, like Gecko) Chrome/145.0.0.0 Mobile Safari/537.36",
  "timestamp": "2026-04-13T20:20:22.967Z"
}