{
  "buildNumber": "277",
  "buildId": "CMEduUks",
  "sessionId": "q0WoIYLvG",
  "durationSec": 20.441,
  "avgFps": 37.985143688262845,
  "minFps": 36.94121099749357,
  "maxFps": 39.361938941941844,
  "avgSectionTimingsMs": {
    "hud": 0.02203166205681723,
    "camera": 0.007783640972228037,
    "autoEngage": 0.004158415987153258,
    "syncPlayers": 0.07595772787318363,
    "syncUnits": 0.07992074011654016,
    "syncResources": 0.024306472612340667,
    "sendClientPoses": 0.012945838813895121,
    "effectsAndFog": 0.04927344756050815,
    "syncStructures": 0.24967320253646452
  },
  "userAgent": "Mozilla/5.0 (Linux; Android 10; K) AppleWebKit/537.36 (KHTML, like Gecko) Chrome/145.0.0.0 Mobile Safari/537.36",
  "timestamp": "2026-04-13T20:25:25.280Z"
}