{
  "buildNumber": "277",
  "buildId": "CMEduUks",
  "sessionId": "q0WoIYLvG",
  "durationSec": 34.535,
  "avgFps": 35.85359568943366,
  "minFps": 26.803205994891698,
  "maxFps": 39.361938941941844,
  "avgSectionTimingsMs": {
    "hud": 0.022126188181347133,
    "camera": 0.009420916038849484,
    "autoEngage": 0.006095979309576804,
    "syncPlayers": 0.08486159138097896,
    "syncUnits": 0.6602941179409572,
    "syncResources": 0.02638408286451881,
    "sendClientPoses": 0.06626297561870727,
    "effectsAndFog": 0.04939446366266396,
    "syncStructures": 0.17968750034924597
  },
  "userAgent": "Mozilla/5.0 (Linux; Android 10; K) AppleWebKit/537.36 (KHTML, like Gecko) Chrome/145.0.0.0 Mobile Safari/537.36",
  "timestamp": "2026-04-13T20:25:39.375Z"
}