{
  "buildNumber": "273",
  "buildId": "BF-xNiwv",
  "sessionId": "P_6xpY7hD",
  "durationSec": 55.365,
  "avgFps": 29.06503028705674,
  "minFps": 18.005645273948964,
  "maxFps": 40.321994488695054,
  "avgSectionTimingsMs": {
    "hud": 0.0262820513499768,
    "camera": 0.00783475781353111,
    "autoEngage": 0.005201282505892246,
    "syncPlayers": 0.08595866051981131,
    "syncUnits": 0.561368496011855,
    "syncResources": 0.027227369785648707,
    "sendClientPoses": 0.0972202424058214,
    "effectsAndFog": 16.81168923737828,
    "syncStructures": 0.14089709779832482
  },
  "userAgent": "Mozilla/5.0 (Linux; Android 10; K) AppleWebKit/537.36 (KHTML, like Gecko) Chrome/145.0.0.0 Mobile Safari/537.36",
  "timestamp": "2026-04-13T20:02:52.254Z"
}