{
  "buildNumber": "273",
  "buildId": "BF-xNiwv",
  "sessionId": "P_6xpY7hD",
  "durationSec": 10.838,
  "avgFps": 35.72923401351295,
  "minFps": 32.298311318800174,
  "maxFps": 40.321994488695054,
  "avgSectionTimingsMs": {
    "hud": 0.021910112393036318,
    "camera": 0.007303370602345199,
    "autoEngage": 0.004360056334239353,
    "syncPlayers": 0.06845070484658362,
    "syncUnits": 0.033521126525502806,
    "syncResources": 0.02873239450051751,
    "sendClientPoses": 0.0033802816565607634,
    "effectsAndFog": 9.750985915056416,
    "syncStructures": 0.1329113916505741
  },
  "userAgent": "Mozilla/5.0 (Linux; Android 10; K) AppleWebKit/537.36 (KHTML, like Gecko) Chrome/145.0.0.0 Mobile Safari/537.36",
  "timestamp": "2026-04-13T20:02:07.727Z"
}