{
  "buildNumber": "274",
  "buildId": "CB7E_Olw",
  "sessionId": "PJns0EXEj",
  "durationSec": 5.124,
  "avgFps": 46.183641737931005,
  "minFps": 45.05727960453673,
  "maxFps": 47.48005890965272,
  "avgSectionTimingsMs": {
    "hud": 0.019911504820384812,
    "camera": 0.0057522125739966875,
    "autoEngage": 0.001995565291254589,
    "syncPlayers": 0.08266666730244955,
    "syncUnits": 0.02044444415304396,
    "syncResources": 0.02577777769830492,
    "sendClientPoses": 0.005333333412806193,
    "effectsAndFog": 0.055555554893281726,
    "syncStructures": 0.25
  },
  "userAgent": "Mozilla/5.0 (Linux; Android 10; K) AppleWebKit/537.36 (KHTML, like Gecko) Chrome/145.0.0.0 Mobile Safari/537.36",
  "timestamp": "2026-04-13T20:10:33.609Z"
}