{
  "buildNumber": "273",
  "buildId": "BF-xNiwv",
  "sessionId": "P_6xpY7hD",
  "durationSec": 61.384,
  "avgFps": 28.291786748808452,
  "minFps": 18.005645273948964,
  "maxFps": 40.321994488695054,
  "avgSectionTimingsMs": {
    "hud": 0.026273990746446985,
    "camera": 0.008007941697308119,
    "autoEngage": 0.005230056276703386,
    "syncPlayers": 0.08781456998641918,
    "syncUnits": 0.5766225164299769,
    "syncResources": 0.02701986747861698,
    "sendClientPoses": 0.11172185447437084,
    "effectsAndFog": 17.901589403898512,
    "syncStructures": 0.13301204837948444
  },
  "userAgent": "Mozilla/5.0 (Linux; Android 10; K) AppleWebKit/537.36 (KHTML, like Gecko) Chrome/145.0.0.0 Mobile Safari/537.36",
  "timestamp": "2026-04-13T20:02:58.273Z"
}