{
  "buildNumber": "275",
  "buildId": "DlwQSAVw",
  "sessionId": "7MiGiHpAI",
  "durationSec": 2.026,
  "avgFps": 16.172746862916117,
  "minFps": 15.453768091335075,
  "maxFps": 17.56774455137598,
  "avgSectionTimingsMs": {
    "hud": 0.023255815339642903,
    "camera": 0.01395348823347757,
    "autoEngage": 0.005882352590560913,
    "syncPlayers": 0.13571428543045408,
    "syncUnits": 1.533333332056091,
    "syncStructures": 0.10714285927159446,
    "syncResources": 0.035714286423864816,
    "sendClientPoses": 0.2499999985808418,
    "effectsAndFog": 17.61190476091135
  },
  "userAgent": "Mozilla/5.0 (Linux; Android 10; K) AppleWebKit/537.36 (KHTML, like Gecko) Chrome/145.0.0.0 Mobile Safari/537.36",
  "timestamp": "2026-04-13T20:14:23.254Z"
}