{
  "buildNumber": "273",
  "buildId": "BF-xNiwv",
  "sessionId": "P_6xpY7hD",
  "durationSec": 0.68,
  "avgFps": 39.28305350583567,
  "minFps": 39.24149586652129,
  "maxFps": 40.321994488695054,
  "avgSectionTimingsMs": {
    "hud": 0.023076921701431274,
    "camera": 0.015384615613864018,
    "autoEngage": 0.0058823531749201755,
    "syncPlayers": 0.08799999713897705,
    "syncUnits": 0.02399999976158142,
    "syncResources": 0.03600000023841858,
    "sendClientPoses": 0,
    "effectsAndFog": 7.192000000476837,
    "syncStructures": 0.019999998807907104
  },
  "userAgent": "Mozilla/5.0 (Linux; Android 10; K) AppleWebKit/537.36 (KHTML, like Gecko) Chrome/145.0.0.0 Mobile Safari/537.36",
  "timestamp": "2026-04-13T20:01:57.569Z"
}