{
  "buildNumber": "276",
  "buildId": "BdYYCv-Z",
  "sessionId": "P2QeoMsYc",
  "durationSec": 45.098,
  "avgFps": 35.111422244280895,
  "minFps": 25.10062057770367,
  "maxFps": 42.24570034076106,
  "avgSectionTimingsMs": {
    "hud": 0.025943720164819377,
    "camera": 0.009402882627370674,
    "autoEngage": 0.005904565602694432,
    "syncPlayers": 0.1394917582171959,
    "syncUnits": 0.7199175826959557,
    "syncResources": 0.029258241590399008,
    "sendClientPoses": 0.11092032977267281,
    "effectsAndFog": 0.06318681337103084,
    "syncStructures": 0.18217522608189424
  },
  "userAgent": "Mozilla/5.0 (Linux; Android 10; K) AppleWebKit/537.36 (KHTML, like Gecko) Chrome/145.0.0.0 Mobile Safari/537.36",
  "timestamp": "2026-04-13T20:21:04.073Z"
}