{
  "buildNumber": "274",
  "buildId": "CB7E_Olw",
  "sessionId": "PJns0EXEj",
  "durationSec": 31.989,
  "avgFps": 40.278737844339354,
  "minFps": 31.192882327528594,
  "maxFps": 47.48005890965272,
  "avgSectionTimingsMs": {
    "hud": 0.019243697408868485,
    "camera": 0.007731092527133076,
    "autoEngage": 0.004245481292156173,
    "syncPlayers": 0.10302775469119053,
    "syncUnits": 0.6445752734943435,
    "syncResources": 0.02077375952690163,
    "sendClientPoses": 0.0941968038866157,
    "effectsAndFog": 0.05677039513976961,
    "syncStructures": 0.21223628671863412
  },
  "userAgent": "Mozilla/5.0 (Linux; Android 10; K) AppleWebKit/537.36 (KHTML, like Gecko) Chrome/145.0.0.0 Mobile Safari/537.36",
  "timestamp": "2026-04-13T20:11:00.475Z"
}