{
  "buildNumber": "276",
  "buildId": "BdYYCv-Z",
  "sessionId": "P2QeoMsYc",
  "durationSec": 22.795,
  "avgFps": 39.003751433365004,
  "minFps": 34.54174676025607,
  "maxFps": 42.24570034076106,
  "avgSectionTimingsMs": {
    "hud": 0.027132701746660385,
    "camera": 0.006635071224228466,
    "autoEngage": 0.004919976208007894,
    "syncPlayers": 0.1130486359446357,
    "syncUnits": 0.25065243194677367,
    "syncResources": 0.026809015237281048,
    "sendClientPoses": 0.047449584922190945,
    "effectsAndFog": 0.05954922928363261,
    "syncStructures": 0.27396449693561303
  },
  "userAgent": "Mozilla/5.0 (Linux; Android 10; K) AppleWebKit/537.36 (KHTML, like Gecko) Chrome/145.0.0.0 Mobile Safari/537.36",
  "timestamp": "2026-04-13T20:20:41.768Z"
}