{
  "buildNumber": "274",
  "buildId": "CB7E_Olw",
  "sessionId": "PJns0EXEj",
  "durationSec": 3.628,
  "avgFps": 46.47732996402802,
  "minFps": 45.86004418223954,
  "maxFps": 47.48005890965272,
  "avgSectionTimingsMs": {
    "hud": 0.01925465853317924,
    "camera": 0.004968944358529511,
    "autoEngage": 0.0015576323059117683,
    "syncPlayers": 0.08187500033527613,
    "syncUnits": 0.023749999701976776,
    "syncResources": 0.026874999701976775,
    "sendClientPoses": 0.005000000074505806,
    "effectsAndFog": 0.05749999973922968,
    "syncStructures": 0.0035714294229234967
  },
  "userAgent": "Mozilla/5.0 (Linux; Android 10; K) AppleWebKit/537.36 (KHTML, like Gecko) Chrome/145.0.0.0 Mobile Safari/537.36",
  "timestamp": "2026-04-13T20:10:32.113Z"
}