{
  "buildNumber": "276",
  "buildId": "BdYYCv-Z",
  "sessionId": "P2QeoMsYc",
  "durationSec": 11.974,
  "avgFps": 40.956994077429094,
  "minFps": 38.546590981765405,
  "maxFps": 42.24570034076106,
  "avgSectionTimingsMs": {
    "hud": 0.02673684226839166,
    "camera": 0.006315789599167673,
    "autoEngage": 0.00410958898456883,
    "syncPlayers": 0.10928270095008336,
    "syncUnits": 0.08586497862630756,
    "syncResources": 0.027426159897434056,
    "sendClientPoses": 0.014135021386267264,
    "effectsAndFog": 0.05801687801437539,
    "syncStructures": 0.3299999992052714
  },
  "userAgent": "Mozilla/5.0 (Linux; Android 10; K) AppleWebKit/537.36 (KHTML, like Gecko) Chrome/145.0.0.0 Mobile Safari/537.36",
  "timestamp": "2026-04-13T20:20:30.947Z"
}