{
  "buildNumber": "277",
  "buildId": "CMEduUks",
  "sessionId": "q0WoIYLvG",
  "durationSec": 10.476,
  "avgFps": 38.32815994093039,
  "minFps": 38.014368527508694,
  "maxFps": 39.361938941941844,
  "avgSectionTimingsMs": {
    "hud": 0.020408163341332455,
    "camera": 0.008418367149270311,
    "autoEngage": 0.0034482759990911373,
    "syncPlayers": 0.07365728872816277,
    "syncUnits": 0.030946291773520467,
    "syncResources": 0.02864450063851788,
    "sendClientPoses": 0.004603580516927382,
    "effectsAndFog": 0.05345268490369363,
    "syncStructures": 0.20886075987091549
  },
  "userAgent": "Mozilla/5.0 (Linux; Android 10; K) AppleWebKit/537.36 (KHTML, like Gecko) Chrome/145.0.0.0 Mobile Safari/537.36",
  "timestamp": "2026-04-13T20:25:15.315Z"
}