{
  "buildNumber": "274",
  "buildId": "CB7E_Olw",
  "sessionId": "PJns0EXEj",
  "durationSec": 24.253,
  "avgFps": 42.33683430419963,
  "minFps": 33.33799846725086,
  "maxFps": 47.48005890965272,
  "avgSectionTimingsMs": {
    "hud": 0.018210526265596088,
    "camera": 0.007578947481356169,
    "autoEngage": 0.0043180621159961815,
    "syncPlayers": 0.09863013729405981,
    "syncUnits": 0.5425711277915505,
    "syncResources": 0.020231823021795273,
    "sendClientPoses": 0.07207586931102017,
    "effectsAndFog": 0.05605900925127799,
    "syncStructures": 0.25414364591487865
  },
  "userAgent": "Mozilla/5.0 (Linux; Android 10; K) AppleWebKit/537.36 (KHTML, like Gecko) Chrome/145.0.0.0 Mobile Safari/537.36",
  "timestamp": "2026-04-13T20:10:52.738Z"
}