{
  "buildNumber": "277",
  "buildId": "CMEduUks",
  "sessionId": "q0WoIYLvG",
  "durationSec": 0.088,
  "avgFps": 30.259186777423363,
  "minFps": 30.259186777423363,
  "maxFps": 30.259186777423363,
  "avgSectionTimingsMs": {
    "hud": 0,
    "camera": 0,
    "autoEngage": 0.019999998807907104,
    "syncPlayers": 0.09999999403953552,
    "syncUnits": 1.7500000149011612,
    "syncResources": 0.050000011920928955,
    "sendClientPoses": 0.19999998807907104,
    "effectsAndFog": 0
  },
  "userAgent": "Mozilla/5.0 (Linux; Android 10; K) AppleWebKit/537.36 (KHTML, like Gecko) Chrome/145.0.0.0 Mobile Safari/537.36",
  "timestamp": "2026-04-13T20:25:59.703Z"
}