{
  "buildNumber": "277",
  "buildId": "CMEduUks",
  "sessionId": "q0WoIYLvG",
  "durationSec": 12.062,
  "avgFps": 38.28396444828827,
  "minFps": 37.45324088294771,
  "maxFps": 39.361938941941844,
  "avgSectionTimingsMs": {
    "hud": 0.02053571425910507,
    "camera": 0.00848214261765991,
    "autoEngage": 0.0035754191808860395,
    "syncPlayers": 0.07561521242128923,
    "syncUnits": 0.033557047313225084,
    "syncResources": 0.028187918783034255,
    "sendClientPoses": 0.0044742729306487695,
    "effectsAndFog": 0.0521252793353676,
    "syncStructures": 0.20111111137602064
  },
  "userAgent": "Mozilla/5.0 (Linux; Android 10; K) AppleWebKit/537.36 (KHTML, like Gecko) Chrome/145.0.0.0 Mobile Safari/537.36",
  "timestamp": "2026-04-13T20:25:16.901Z"
}