{
  "buildNumber": "273",
  "buildId": "BF-xNiwv",
  "sessionId": "P_6xpY7hD",
  "durationSec": 15.877,
  "avgFps": 34.742797539946096,
  "minFps": 32.098293815714115,
  "maxFps": 40.321994488695054,
  "avgSectionTimingsMs": {
    "hud": 0.022393822554916027,
    "camera": 0.008301158209104795,
    "autoEngage": 0.0038647343283114226,
    "syncPlayers": 0.07253384941781743,
    "syncUnits": 0.03384912953616572,
    "syncResources": 0.026692456445103686,
    "sendClientPoses": 0.004642166298178225,
    "effectsAndFog": 9.824564796985925,
    "syncStructures": 0.17586206875998397
  },
  "userAgent": "Mozilla/5.0 (Linux; Android 10; K) AppleWebKit/537.36 (KHTML, like Gecko) Chrome/145.0.0.0 Mobile Safari/537.36",
  "timestamp": "2026-04-13T20:02:12.766Z"
}