{
  "buildNumber": "274",
  "buildId": "CB7E_Olw",
  "sessionId": "PJns0EXEj",
  "durationSec": 2.206,
  "avgFps": 46.47540009778107,
  "minFps": 45.86004418223954,
  "maxFps": 47.48005890965272,
  "avgSectionTimingsMs": {
    "hud": 0.023232323051703096,
    "camera": 0.004040404401644312,
    "autoEngage": 0.0010152283658836094,
    "syncPlayers": 0.08571428638331745,
    "syncUnits": 0.02244897916608927,
    "syncResources": 0.028571428997176036,
    "sendClientPoses": 0.00510204081632653,
    "effectsAndFog": 0.05714285738614141,
    "syncStructures": 0
  },
  "userAgent": "Mozilla/5.0 (Linux; Android 10; K) AppleWebKit/537.36 (KHTML, like Gecko) Chrome/145.0.0.0 Mobile Safari/537.36",
  "timestamp": "2026-04-13T20:10:30.691Z"
}