{
  "buildNumber": "275",
  "buildId": "DlwQSAVw",
  "sessionId": "7MiGiHpAI",
  "durationSec": 2.501,
  "avgFps": 16.435953973946283,
  "minFps": 15.453768091335075,
  "maxFps": 17.56774455137598,
  "avgSectionTimingsMs": {
    "hud": 0.02452830323633158,
    "camera": 0.013207546944888134,
    "autoEngage": 0.0066666662693023685,
    "syncPlayers": 0.1307692309984794,
    "syncUnits": 1.4346153827813954,
    "syncStructures": 0.09444444543785518,
    "syncResources": 0.03653846165308586,
    "sendClientPoses": 0.2365384611945886,
    "effectsAndFog": 17.755769229852238
  },
  "userAgent": "Mozilla/5.0 (Linux; Android 10; K) AppleWebKit/537.36 (KHTML, like Gecko) Chrome/145.0.0.0 Mobile Safari/537.36",
  "timestamp": "2026-04-13T20:14:23.729Z"
}