{
  "buildNumber": "274",
  "buildId": "CB7E_Olw",
  "sessionId": "PJns0EXEj",
  "durationSec": 6.238,
  "avgFps": 45.960437010784524,
  "minFps": 44.792959703402545,
  "maxFps": 47.48005890965272,
  "avgSectionTimingsMs": {
    "hud": 0.019565217628859093,
    "camera": 0.0054347828246545105,
    "autoEngage": 0.002177858417566372,
    "syncPlayers": 0.0821818191354925,
    "syncUnits": 0.020363636016845703,
    "syncResources": 0.02472727266224948,
    "sendClientPoses": 0.005818181796507402,
    "effectsAndFog": 0.05272727240215648,
    "syncStructures": 0.25833333283662796
  },
  "userAgent": "Mozilla/5.0 (Linux; Android 10; K) AppleWebKit/537.36 (KHTML, like Gecko) Chrome/145.0.0.0 Mobile Safari/537.36",
  "timestamp": "2026-04-13T20:10:34.724Z"
}