{
  "buildNumber": "277",
  "buildId": "CMEduUks",
  "sessionId": "q0WoIYLvG",
  "durationSec": 39.238,
  "avgFps": 34.99200853262346,
  "minFps": 26.510727529094936,
  "maxFps": 39.361938941941844,
  "avgSectionTimingsMs": {
    "hud": 0.02248243542037654,
    "camera": 0.009679937437118542,
    "autoEngage": 0.006247559593599879,
    "syncPlayers": 0.0869531246367842,
    "syncUnits": 0.7587500001769513,
    "syncResources": 0.026406249823048712,
    "sendClientPoses": 0.07890624988358468,
    "effectsAndFog": 0.049843750055879356,
    "syncStructures": 0.16539792443229254
  },
  "userAgent": "Mozilla/5.0 (Linux; Android 10; K) AppleWebKit/537.36 (KHTML, like Gecko) Chrome/145.0.0.0 Mobile Safari/537.36",
  "timestamp": "2026-04-13T20:25:44.077Z"
}