{
  "buildNumber": "274",
  "buildId": "CB7E_Olw",
  "sessionId": "PJns0EXEj",
  "durationSec": 34.657,
  "avgFps": 39.74559007795889,
  "minFps": 31.192882327528594,
  "maxFps": 47.48005890965272,
  "avgSectionTimingsMs": {
    "hud": 0.019748229665328534,
    "camera": 0.00810385531182368,
    "autoEngage": 0.004447068088123152,
    "syncPlayers": 0.1052755907529921,
    "syncUnits": 0.6420472443573119,
    "syncResources": 0.020787401602962826,
    "sendClientPoses": 0.09960629909526644,
    "effectsAndFog": 0.0562204722344406,
    "syncStructures": 0.2194552525935934
  },
  "userAgent": "Mozilla/5.0 (Linux; Android 10; K) AppleWebKit/537.36 (KHTML, like Gecko) Chrome/145.0.0.0 Mobile Safari/537.36",
  "timestamp": "2026-04-13T20:11:03.142Z"
}