{
  "buildNumber": "274",
  "buildId": "CB7E_Olw",
  "sessionId": "PJns0EXEj",
  "durationSec": 25.056,
  "avgFps": 42.10549543697856,
  "minFps": 32.75349885043815,
  "maxFps": 47.48005890965272,
  "avgSectionTimingsMs": {
    "hud": 0.018153846111053074,
    "camera": 0.007794871911024436,
    "autoEngage": 0.004361210846790844,
    "syncPlayers": 0.09979466145410675,
    "syncUnits": 0.563244353390817,
    "syncResources": 0.020328542167890734,
    "sendClientPoses": 0.0758726899751158,
    "effectsAndFog": 0.05636550281082091,
    "syncStructures": 0.2510638292482559
  },
  "userAgent": "Mozilla/5.0 (Linux; Android 10; K) AppleWebKit/537.36 (KHTML, like Gecko) Chrome/145.0.0.0 Mobile Safari/537.36",
  "timestamp": "2026-04-13T20:10:53.541Z"
}