{
  "buildNumber": "275",
  "buildId": "DlwQSAVw",
  "sessionId": "7MiGiHpAI",
  "durationSec": 19.266,
  "avgFps": 20.97118961492956,
  "minFps": 15.453768091335075,
  "maxFps": 23.285890513152527,
  "avgSectionTimingsMs": {
    "hud": 0.017330210996176654,
    "camera": 0.010538641407004007,
    "autoEngage": 0.006330597861850108,
    "syncPlayers": 0.12347417859963968,
    "syncUnits": 0.864553990218561,
    "syncStructures": 0.07464788749184408,
    "syncResources": 0.029342722794819327,
    "sendClientPoses": 0.19037558691042689,
    "effectsAndFog": 16.35563380337657
  },
  "userAgent": "Mozilla/5.0 (Linux; Android 10; K) AppleWebKit/537.36 (KHTML, like Gecko) Chrome/145.0.0.0 Mobile Safari/537.36",
  "timestamp": "2026-04-13T20:14:40.494Z"
}