{
  "buildNumber": "277",
  "buildId": "CMEduUks",
  "sessionId": "q0WoIYLvG",
  "durationSec": 41.451,
  "avgFps": 34.64122426750234,
  "minFps": 26.510727529094936,
  "maxFps": 39.361938941941844,
  "avgSectionTimingsMs": {
    "hud": 0.022503725618079593,
    "camera": 0.009687034166161243,
    "autoEngage": 0.006224375727724949,
    "syncPlayers": 0.0873974642586477,
    "syncUnits": 0.7844146160515807,
    "syncResources": 0.02654735251738899,
    "sendClientPoses": 0.08404175989402042,
    "effectsAndFog": 0.05003728564775852,
    "syncStructures": 0.16118421091845161
  },
  "userAgent": "Mozilla/5.0 (Linux; Android 10; K) AppleWebKit/537.36 (KHTML, like Gecko) Chrome/145.0.0.0 Mobile Safari/537.36",
  "timestamp": "2026-04-13T20:25:46.290Z"
}