{
  "buildNumber": "276",
  "buildId": "BdYYCv-Z",
  "sessionId": "P2QeoMsYc",
  "durationSec": 9.81,
  "avgFps": 41.219955774917835,
  "minFps": 39.85117862344393,
  "maxFps": 42.24570034076106,
  "avgSectionTimingsMs": {
    "hud": 0.027594936874848378,
    "camera": 0.0058227849157550665,
    "autoEngage": 0.0030418251026114885,
    "syncPlayers": 0.10380710737051697,
    "syncUnits": 0.03553299447001539,
    "syncResources": 0.025634517524448144,
    "sendClientPoses": 0.002284263898878533,
    "effectsAndFog": 0.05558375681414822,
    "syncStructures": 0.3445945941918605
  },
  "userAgent": "Mozilla/5.0 (Linux; Android 10; K) AppleWebKit/537.36 (KHTML, like Gecko) Chrome/145.0.0.0 Mobile Safari/537.36",
  "timestamp": "2026-04-13T20:20:28.782Z"
}