{
  "buildNumber": "275",
  "buildId": "DlwQSAVw",
  "sessionId": "7MiGiHpAI",
  "durationSec": 14.712,
  "avgFps": 20.375167512898724,
  "minFps": 15.453768091335075,
  "maxFps": 22.8055633146839,
  "avgSectionTimingsMs": {
    "hud": 0.01697530910188769,
    "camera": 0.01080246885985504,
    "autoEngage": 0.006336939712580426,
    "syncPlayers": 0.12631578960285836,
    "syncUnits": 0.9089783280626539,
    "syncStructures": 0.079629630126335,
    "syncResources": 0.030030959438613326,
    "sendClientPoses": 0.1866873065384549,
    "effectsAndFog": 16.643962848666284
  },
  "userAgent": "Mozilla/5.0 (Linux; Android 10; K) AppleWebKit/537.36 (KHTML, like Gecko) Chrome/145.0.0.0 Mobile Safari/537.36",
  "timestamp": "2026-04-13T20:14:35.940Z"
}