{
  "buildNumber": "274",
  "buildId": "CB7E_Olw",
  "sessionId": "PJns0EXEj",
  "durationSec": 32.78,
  "avgFps": 40.109218501565714,
  "minFps": 31.192882327528594,
  "maxFps": 47.48005890965272,
  "avgSectionTimingsMs": {
    "hud": 0.01934156371242225,
    "camera": 0.007901234661110144,
    "autoEngage": 0.004322766570605188,
    "syncPlayers": 0.10313014860404579,
    "syncUnits": 0.6422570017849201,
    "syncResources": 0.02084019772794337,
    "sendClientPoses": 0.09546952212269263,
    "effectsAndFog": 0.05683690257971919,
    "syncStructures": 0.20781892991850895
  },
  "userAgent": "Mozilla/5.0 (Linux; Android 10; K) AppleWebKit/537.36 (KHTML, like Gecko) Chrome/145.0.0.0 Mobile Safari/537.36",
  "timestamp": "2026-04-13T20:11:01.266Z"
}