{
  "buildNumber": "274",
  "buildId": "CB7E_Olw",
  "sessionId": "PJns0EXEj",
  "durationSec": 18.892,
  "avgFps": 43.601279832292455,
  "minFps": 37.85108603821611,
  "maxFps": 47.48005890965272,
  "avgSectionTimingsMs": {
    "hud": 0.017700258459539684,
    "camera": 0.006589147548650895,
    "autoEngage": 0.004007756960492174,
    "syncPlayers": 0.09146183760015036,
    "syncUnits": 0.3548512289934294,
    "syncResources": 0.020698577165603638,
    "sendClientPoses": 0.05213454053442043,
    "effectsAndFog": 0.055109960951132735,
    "syncStructures": 0.29507042236731085
  },
  "userAgent": "Mozilla/5.0 (Linux; Android 10; K) AppleWebKit/537.36 (KHTML, like Gecko) Chrome/145.0.0.0 Mobile Safari/537.36",
  "timestamp": "2026-04-13T20:10:47.378Z"
}