{
  "buildNumber": "277",
  "buildId": "CMEduUks",
  "sessionId": "q0WoIYLvG",
  "durationSec": 20.164,
  "avgFps": 37.98577820065895,
  "minFps": 36.94121099749357,
  "maxFps": 39.361938941941844,
  "avgSectionTimingsMs": {
    "hud": 0.021628838236405153,
    "camera": 0.007877169368423033,
    "autoEngage": 0.004208416980986764,
    "syncPlayers": 0.07553475939813145,
    "syncUnits": 0.06751336938238399,
    "syncResources": 0.02419786067569957,
    "sendClientPoses": 0.01149732619524002,
    "effectsAndFog": 0.04946524040265517,
    "syncStructures": 0.25165562894170646
  },
  "userAgent": "Mozilla/5.0 (Linux; Android 10; K) AppleWebKit/537.36 (KHTML, like Gecko) Chrome/145.0.0.0 Mobile Safari/537.36",
  "timestamp": "2026-04-13T20:25:25.003Z"
}