{
  "buildNumber": "277",
  "buildId": "CMEduUks",
  "sessionId": "q0WoIYLvG",
  "durationSec": 6.333,
  "avgFps": 38.390364747564654,
  "minFps": 38.014368527508694,
  "maxFps": 39.361938941941844,
  "avgSectionTimingsMs": {
    "hud": 0.021518986939377927,
    "camera": 0.006329113924050633,
    "autoEngage": 0.002748414653552259,
    "syncPlayers": 0.06864406761981673,
    "syncUnits": 0.027966101795940074,
    "syncResources": 0.025847456970457303,
    "sendClientPoses": 0.0025423727298186996,
    "effectsAndFog": 0.04152542327420186,
    "syncStructures": 0.16250000149011612
  },
  "userAgent": "Mozilla/5.0 (Linux; Android 10; K) AppleWebKit/537.36 (KHTML, like Gecko) Chrome/145.0.0.0 Mobile Safari/537.36",
  "timestamp": "2026-04-13T20:25:11.173Z"
}