{
  "buildNumber": "273",
  "buildId": "BF-xNiwv",
  "sessionId": "P_6xpY7hD",
  "durationSec": 21.964,
  "avgFps": 33.95708034421514,
  "minFps": 31.135007847593187,
  "maxFps": 40.321994488695054,
  "avgSectionTimingsMs": {
    "hud": 0.023971631256401116,
    "camera": 0.008652482176503391,
    "autoEngage": 0.00390347762256755,
    "syncPlayers": 0.0755681820975786,
    "syncUnits": 0.0332386362451044,
    "syncResources": 0.028977272820404985,
    "sendClientPoses": 0.005255681843581525,
    "effectsAndFog": 10.033380681437187,
    "syncStructures": 0.15187499970197677
  },
  "userAgent": "Mozilla/5.0 (Linux; Android 10; K) AppleWebKit/537.36 (KHTML, like Gecko) Chrome/145.0.0.0 Mobile Safari/537.36",
  "timestamp": "2026-04-13T20:02:18.853Z"
}