{
  "buildNumber": "276",
  "buildId": "BdYYCv-Z",
  "sessionId": "P2QeoMsYc",
  "durationSec": 25.065,
  "avgFps": 38.57671723072977,
  "minFps": 32.99223255264404,
  "maxFps": 42.24570034076106,
  "avgSectionTimingsMs": {
    "hud": 0.027103825377636268,
    "camera": 0.00688524597980937,
    "autoEngage": 0.004975396306740254,
    "syncPlayers": 0.11433260390612437,
    "syncUnits": 0.2899343546488092,
    "syncResources": 0.026258205526245502,
    "sendClientPoses": 0.05514223211703728,
    "effectsAndFog": 0.06006564581420281,
    "syncStructures": 0.25752688159224807
  },
  "userAgent": "Mozilla/5.0 (Linux; Android 10; K) AppleWebKit/537.36 (KHTML, like Gecko) Chrome/145.0.0.0 Mobile Safari/537.36",
  "timestamp": "2026-04-13T20:20:44.037Z"
}