{
  "buildNumber": "277",
  "buildId": "CMEduUks",
  "sessionId": "q0WoIYLvG",
  "durationSec": 4.026,
  "avgFps": 28.87742316548204,
  "minFps": 28.48434442172548,
  "maxFps": 30.259186777423363,
  "avgSectionTimingsMs": {
    "hud": 0.026126125911334612,
    "camera": 0.01171171208759686,
    "autoEngage": 0.011312217059717999,
    "syncPlayers": 0.11090909107164904,
    "syncUnits": 1.6063636367971248,
    "syncResources": 0.025454546917568554,
    "sendClientPoses": 0.19090909090909092,
    "effectsAndFog": 0.04909090914509513,
    "syncStructures": 0.07499999872275762
  },
  "userAgent": "Mozilla/5.0 (Linux; Android 10; K) AppleWebKit/537.36 (KHTML, like Gecko) Chrome/145.0.0.0 Mobile Safari/537.36",
  "timestamp": "2026-04-13T20:26:03.641Z"
}