{
  "buildNumber": "276",
  "buildId": "BdYYCv-Z",
  "sessionId": "P2QeoMsYc",
  "durationSec": 5.612,
  "avgFps": 41.611916979232184,
  "minFps": 41.125914193165954,
  "maxFps": 42.24570034076106,
  "avgSectionTimingsMs": {
    "hud": 0.026068376424985055,
    "camera": 0.007692307870612185,
    "autoEngage": 0.0027837259355908543,
    "syncPlayers": 0.10557940026721217,
    "syncUnits": 0.03347639438932034,
    "syncResources": 0.024892703785916768,
    "sendClientPoses": 0.0025751072705559467,
    "effectsAndFog": 0.0566523607196726,
    "syncStructures": 0.0463414621062395
  },
  "userAgent": "Mozilla/5.0 (Linux; Android 10; K) AppleWebKit/537.36 (KHTML, like Gecko) Chrome/145.0.0.0 Mobile Safari/537.36",
  "timestamp": "2026-04-13T20:20:24.584Z"
}