{
  "buildNumber": "273",
  "buildId": "BF-xNiwv",
  "sessionId": "P_6xpY7hD",
  "durationSec": 29.183,
  "avgFps": 33.380982983953594,
  "minFps": 29.359513071453023,
  "maxFps": 40.321994488695054,
  "avgSectionTimingsMs": {
    "hud": 0.02633879774255179,
    "camera": 0.008087431570219863,
    "autoEngage": 0.004264625468626904,
    "syncPlayers": 0.07625820610011955,
    "syncUnits": 0.10251641143072616,
    "syncResources": 0.02757111599330568,
    "sendClientPoses": 0.015098468284377385,
    "effectsAndFog": 10.429868708586797,
    "syncStructures": 0.19999999969218257
  },
  "userAgent": "Mozilla/5.0 (Linux; Android 10; K) AppleWebKit/537.36 (KHTML, like Gecko) Chrome/145.0.0.0 Mobile Safari/537.36",
  "timestamp": "2026-04-13T20:02:26.072Z"
}