{
  "buildNumber": "276",
  "buildId": "BdYYCv-Z",
  "sessionId": "P2QeoMsYc",
  "durationSec": 10.231,
  "avgFps": 41.15993931518604,
  "minFps": 39.638383967582946,
  "maxFps": 42.24570034076106,
  "avgSectionTimingsMs": {
    "hud": 0.02725060846103659,
    "camera": 0.006082725205850717,
    "autoEngage": 0.0031668696638727594,
    "syncPlayers": 0.10365853716687458,
    "syncUnits": 0.03707317033918892,
    "syncResources": 0.026341463080266626,
    "sendClientPoses": 0.0026829267420419834,
    "effectsAndFog": 0.05585365898725463,
    "syncStructures": 0.3428571421604652
  },
  "userAgent": "Mozilla/5.0 (Linux; Android 10; K) AppleWebKit/537.36 (KHTML, like Gecko) Chrome/145.0.0.0 Mobile Safari/537.36",
  "timestamp": "2026-04-13T20:20:29.203Z"
}