{
  "buildNumber": "274",
  "buildId": "CB7E_Olw",
  "sessionId": "PJns0EXEj",
  "durationSec": 8.973,
  "avgFps": 45.53424634507709,
  "minFps": 44.13353983316393,
  "maxFps": 47.48005890965272,
  "avgSectionTimingsMs": {
    "hud": 0.01751269067301968,
    "camera": 0.006852792226118485,
    "autoEngage": 0.0026683608564670083,
    "syncPlayers": 0.08167938998030645,
    "syncUnits": 0.01908396916231733,
    "syncResources": 0.02061068708356707,
    "sendClientPoses": 0.005089058448340147,
    "effectsAndFog": 0.05241730263214985,
    "syncStructures": 0.37536231849504553
  },
  "userAgent": "Mozilla/5.0 (Linux; Android 10; K) AppleWebKit/537.36 (KHTML, like Gecko) Chrome/145.0.0.0 Mobile Safari/537.36",
  "timestamp": "2026-04-13T20:10:37.458Z"
}