{
  "buildNumber": "277",
  "buildId": "CMEduUks",
  "sessionId": "q0WoIYLvG",
  "durationSec": 8.333,
  "avgFps": 38.39949214087453,
  "minFps": 38.014368527508694,
  "maxFps": 39.361938941941844,
  "avgSectionTimingsMs": {
    "hud": 0.020578777962558907,
    "camera": 0.007073954849764465,
    "autoEngage": 0.0033816426944425523,
    "syncPlayers": 0.07354838723136532,
    "syncUnits": 0.030967742204666138,
    "syncResources": 0.02806451541762198,
    "sendClientPoses": 0.00451612905148537,
    "effectsAndFog": 0.05483870929287326,
    "syncStructures": 0.1587301596762642
  },
  "userAgent": "Mozilla/5.0 (Linux; Android 10; K) AppleWebKit/537.36 (KHTML, like Gecko) Chrome/145.0.0.0 Mobile Safari/537.36",
  "timestamp": "2026-04-13T20:25:13.172Z"
}