{
  "buildNumber": "274",
  "buildId": "CB7E_Olw",
  "sessionId": "PJns0EXEj",
  "durationSec": 4.303,
  "avgFps": 46.35129470880562,
  "minFps": 45.40970613938231,
  "maxFps": 47.48005890965272,
  "avgSectionTimingsMs": {
    "hud": 0.019371728154377165,
    "camera": 0.005759162428491403,
    "autoEngage": 0.002099737407654289,
    "syncPlayers": 0.0800000007215299,
    "syncUnits": 0.022631578696401495,
    "syncResources": 0.02736842083303552,
    "sendClientPoses": 0.00526315805159117,
    "effectsAndFog": 0.058421051972790766,
    "syncStructures": 0.14848484866546863
  },
  "userAgent": "Mozilla/5.0 (Linux; Android 10; K) AppleWebKit/537.36 (KHTML, like Gecko) Chrome/145.0.0.0 Mobile Safari/537.36",
  "timestamp": "2026-04-13T20:10:32.788Z"
}