{
  "buildNumber": "274",
  "buildId": "CB7E_Olw",
  "sessionId": "PJns0EXEj",
  "durationSec": 21.179,
  "avgFps": 43.00903758987096,
  "minFps": 37.171551922372416,
  "maxFps": 47.48005890965272,
  "avgSectionTimingsMs": {
    "hud": 0.018341121481400782,
    "camera": 0.007242990814358275,
    "autoEngage": 0.004032729401496473,
    "syncPlayers": 0.09321637460362842,
    "syncUnits": 0.4173099417435496,
    "syncResources": 0.020467836396736012,
    "sendClientPoses": 0.060584795161297444,
    "effectsAndFog": 0.054853800967422844,
    "syncStructures": 0.2729559746928185
  },
  "userAgent": "Mozilla/5.0 (Linux; Android 10; K) AppleWebKit/537.36 (KHTML, like Gecko) Chrome/145.0.0.0 Mobile Safari/537.36",
  "timestamp": "2026-04-13T20:10:49.666Z"
}