{
  "buildNumber": "274",
  "buildId": "CB7E_Olw",
  "sessionId": "PJns0EXEj",
  "durationSec": 1.34,
  "avgFps": 46.72591412275351,
  "minFps": 45.86004418223954,
  "maxFps": 47.48005890965272,
  "avgSectionTimingsMs": {
    "hud": 0.024137930623416244,
    "camera": 0.0034482756565357075,
    "autoEngage": 0,
    "syncPlayers": 0.09473684220983271,
    "syncUnits": 0.021052630846960504,
    "syncResources": 0.03508771982109338,
    "sendClientPoses": 0.003508772243533218,
    "effectsAndFog": 0.06491228101546304,
    "syncStructures": 0
  },
  "userAgent": "Mozilla/5.0 (Linux; Android 10; K) AppleWebKit/537.36 (KHTML, like Gecko) Chrome/145.0.0.0 Mobile Safari/537.36",
  "timestamp": "2026-04-13T20:10:29.825Z"
}