{
  "buildNumber": "276",
  "buildId": "BdYYCv-Z",
  "sessionId": "P2QeoMsYc",
  "durationSec": 18.698,
  "avgFps": 39.68346383691785,
  "minFps": 36.502310748463614,
  "maxFps": 42.24570034076106,
  "avgSectionTimingsMs": {
    "hud": 0.02704225396606284,
    "camera": 0.006338028252964288,
    "autoEngage": 0.004862579201375035,
    "syncPlayers": 0.1101551482976744,
    "syncUnits": 0.19365303228873293,
    "syncResources": 0.027644569598064772,
    "sendClientPoses": 0.03399153745224849,
    "effectsAndFog": 0.05937940802829726,
    "syncStructures": 0.29640287782648483
  },
  "userAgent": "Mozilla/5.0 (Linux; Android 10; K) AppleWebKit/537.36 (KHTML, like Gecko) Chrome/145.0.0.0 Mobile Safari/537.36",
  "timestamp": "2026-04-13T20:20:37.670Z"
}