{
  "buildNumber": "273",
  "buildId": "BF-xNiwv",
  "sessionId": "P_6xpY7hD",
  "durationSec": 34.64,
  "avgFps": 32.552848487047456,
  "minFps": 22.879415290304994,
  "maxFps": 40.321994488695054,
  "avgSectionTimingsMs": {
    "hud": 0.026453488325887873,
    "camera": 0.007848837116892023,
    "autoEngage": 0.004653417350479658,
    "syncPlayers": 0.07837051450917144,
    "syncUnits": 0.23220174602810095,
    "syncResources": 0.027449078518250517,
    "sendClientPoses": 0.030552861184084103,
    "effectsAndFog": 11.766246362465544,
    "syncStructures": 0.17579365084095608
  },
  "userAgent": "Mozilla/5.0 (Linux; Android 10; K) AppleWebKit/537.36 (KHTML, like Gecko) Chrome/145.0.0.0 Mobile Safari/537.36",
  "timestamp": "2026-04-13T20:02:31.529Z"
}