{
  "buildNumber": "274",
  "buildId": "CB7E_Olw",
  "sessionId": "PJns0EXEj",
  "durationSec": 27.111,
  "avgFps": 41.530845785895366,
  "minFps": 31.92384310337146,
  "maxFps": 47.48005890965272,
  "avgSectionTimingsMs": {
    "hud": 0.018497109728971197,
    "camera": 0.008092485641009086,
    "autoEngage": 0.00443373493401401,
    "syncPlayers": 0.10048216041051779,
    "syncUnits": 0.5899710706080398,
    "syncResources": 0.02015429125917337,
    "sendClientPoses": 0.08244937310568277,
    "effectsAndFog": 0.0560270007573995,
    "syncStructures": 0.23743842343978694
  },
  "userAgent": "Mozilla/5.0 (Linux; Android 10; K) AppleWebKit/537.36 (KHTML, like Gecko) Chrome/145.0.0.0 Mobile Safari/537.36",
  "timestamp": "2026-04-13T20:10:55.597Z"
}