{
  "buildNumber": "273",
  "buildId": "BF-xNiwv",
  "sessionId": "P_6xpY7hD",
  "durationSec": 56.432,
  "avgFps": 28.91960061477614,
  "minFps": 18.005645273948964,
  "maxFps": 40.321994488695054,
  "avgSectionTimingsMs": {
    "hud": 0.026423049995116757,
    "camera": 0.0077301475546013194,
    "autoEngage": 0.005202108967283279,
    "syncPlayers": 0.08600562634850353,
    "syncUnits": 0.5652601968093596,
    "syncResources": 0.02728551328601381,
    "sendClientPoses": 0.09985935312870015,
    "effectsAndFog": 17.017088607624277,
    "syncStructures": 0.13911917118519698
  },
  "userAgent": "Mozilla/5.0 (Linux; Android 10; K) AppleWebKit/537.36 (KHTML, like Gecko) Chrome/145.0.0.0 Mobile Safari/537.36",
  "timestamp": "2026-04-13T20:02:53.321Z"
}