{
  "buildNumber": "274",
  "buildId": "CB7E_Olw",
  "sessionId": "PJns0EXEj",
  "durationSec": 2.412,
  "avgFps": 46.46802698208368,
  "minFps": 45.86004418223954,
  "maxFps": 47.48005890965272,
  "avgSectionTimingsMs": {
    "hud": 0.022018348678536373,
    "camera": 0.005504587374695944,
    "autoEngage": 0.0009216589312399587,
    "syncPlayers": 0.08333333416117562,
    "syncUnits": 0.024074073742937158,
    "syncResources": 0.027777778053725208,
    "sendClientPoses": 0.00555555550036607,
    "effectsAndFog": 0.05833333316776487,
    "syncStructures": 0
  },
  "userAgent": "Mozilla/5.0 (Linux; Android 10; K) AppleWebKit/537.36 (KHTML, like Gecko) Chrome/145.0.0.0 Mobile Safari/537.36",
  "timestamp": "2026-04-13T20:10:30.897Z"
}