{
  "buildNumber": "276",
  "buildId": "BdYYCv-Z",
  "sessionId": "P2QeoMsYc",
  "durationSec": 5.956,
  "avgFps": 41.638639828912225,
  "minFps": 41.125914193165954,
  "maxFps": 42.24570034076106,
  "avgSectionTimingsMs": {
    "hud": 0.026612903562284285,
    "camera": 0.007661290466785431,
    "autoEngage": 0.0028282828403241706,
    "syncPlayers": 0.1048583008258449,
    "syncUnits": 0.03481781325842205,
    "syncResources": 0.025101214526635916,
    "sendClientPoses": 0.002429149773439415,
    "effectsAndFog": 0.05546558723758589,
    "syncStructures": 0.10454545305533842
  },
  "userAgent": "Mozilla/5.0 (Linux; Android 10; K) AppleWebKit/537.36 (KHTML, like Gecko) Chrome/145.0.0.0 Mobile Safari/537.36",
  "timestamp": "2026-04-13T20:20:24.929Z"
}