{
  "buildNumber": "273",
  "buildId": "BF-xNiwv",
  "sessionId": "P_6xpY7hD",
  "durationSec": 17.436,
  "avgFps": 34.51874394016591,
  "minFps": 31.992790271339192,
  "maxFps": 40.321994488695054,
  "avgSectionTimingsMs": {
    "hud": 0.02247787624333812,
    "camera": 0.00867256638223091,
    "autoEngage": 0.0041629760744721625,
    "syncPlayers": 0.07358156060073393,
    "syncUnits": 0.03439716302545358,
    "syncResources": 0.027836879517169708,
    "sendClientPoses": 0.00443262406063418,
    "effectsAndFog": 9.896276595533317,
    "syncStructures": 0.17007874011054752
  },
  "userAgent": "Mozilla/5.0 (Linux; Android 10; K) AppleWebKit/537.36 (KHTML, like Gecko) Chrome/145.0.0.0 Mobile Safari/537.36",
  "timestamp": "2026-04-13T20:02:14.325Z"
}