{
  "buildNumber": "273",
  "buildId": "BF-xNiwv",
  "sessionId": "P_6xpY7hD",
  "durationSec": 15.666,
  "avgFps": 34.77593558348253,
  "minFps": 32.098293815714115,
  "maxFps": 40.321994488695054,
  "avgSectionTimingsMs": {
    "hud": 0.02230919783829243,
    "camera": 0.00841487270511993,
    "autoEngage": 0.0038197845600027296,
    "syncPlayers": 0.07156862774316003,
    "syncUnits": 0.03333333327489741,
    "syncResources": 0.02627450975717283,
    "sendClientPoses": 0.004705882306192436,
    "effectsAndFog": 9.832549019713028,
    "syncStructures": 0.17719298209014692
  },
  "userAgent": "Mozilla/5.0 (Linux; Android 10; K) AppleWebKit/537.36 (KHTML, like Gecko) Chrome/145.0.0.0 Mobile Safari/537.36",
  "timestamp": "2026-04-13T20:02:12.555Z"
}