{
  "buildNumber": "276",
  "buildId": "BdYYCv-Z",
  "sessionId": "P2QeoMsYc",
  "durationSec": 3.231,
  "avgFps": 41.40872496363003,
  "minFps": 41.125914193165954,
  "maxFps": 41.88124505024189,
  "avgSectionTimingsMs": {
    "hud": 0.027205882703556734,
    "camera": 0.00588235302883036,
    "autoEngage": 0.0025830260062129737,
    "syncPlayers": 0.11481481636012042,
    "syncUnits": 0.02888888849152459,
    "syncResources": 0.028888888712282533,
    "sendClientPoses": 0.0022222223105253995,
    "effectsAndFog": 0.06444444369386744,
    "syncStructures": 0.07083333159486453
  },
  "userAgent": "Mozilla/5.0 (Linux; Android 10; K) AppleWebKit/537.36 (KHTML, like Gecko) Chrome/145.0.0.0 Mobile Safari/537.36",
  "timestamp": "2026-04-13T20:20:22.203Z"
}