{
  "buildNumber": "276",
  "buildId": "BdYYCv-Z",
  "sessionId": "P2QeoMsYc",
  "durationSec": 18.933,
  "avgFps": 39.64801923426097,
  "minFps": 36.502310748463614,
  "maxFps": 42.24570034076106,
  "avgSectionTimingsMs": {
    "hud": 0.02674094751518749,
    "camera": 0.006545961069197376,
    "autoEngage": 0.004808362290418937,
    "syncPlayers": 0.10976290116749049,
    "syncUnits": 0.1944211992841718,
    "syncResources": 0.027475592523106638,
    "sendClientPoses": 0.034170153541711254,
    "effectsAndFog": 0.05927475638469393,
    "syncStructures": 0.2950000000851495
  },
  "userAgent": "Mozilla/5.0 (Linux; Android 10; K) AppleWebKit/537.36 (KHTML, like Gecko) Chrome/145.0.0.0 Mobile Safari/537.36",
  "timestamp": "2026-04-13T20:20:37.906Z"
}