{
  "buildNumber": "276",
  "buildId": "BdYYCv-Z",
  "sessionId": "P2QeoMsYc",
  "durationSec": 28.523,
  "avgFps": 37.934113349674995,
  "minFps": 31.876448581110022,
  "maxFps": 42.24570034076106,
  "avgSectionTimingsMs": {
    "hud": 0.025831702753988963,
    "camera": 0.007436399298871334,
    "autoEngage": 0.004845814907953427,
    "syncPlayers": 0.11674828598244767,
    "syncUnits": 0.34025465251182835,
    "syncResources": 0.026542605107958472,
    "sendClientPoses": 0.06591576895330842,
    "effectsAndFog": 0.059255631967109285,
    "syncStructures": 0.23632075412655776
  },
  "userAgent": "Mozilla/5.0 (Linux; Android 10; K) AppleWebKit/537.36 (KHTML, like Gecko) Chrome/145.0.0.0 Mobile Safari/537.36",
  "timestamp": "2026-04-13T20:20:47.495Z"
}