{
  "buildNumber": "277",
  "buildId": "CMEduUks",
  "sessionId": "q0WoIYLvG",
  "durationSec": 18.649,
  "avgFps": 37.97427961631848,
  "minFps": 36.94121099749357,
  "maxFps": 39.361938941941844,
  "avgSectionTimingsMs": {
    "hud": 0.021151078990895113,
    "camera": 0.008057553776734167,
    "autoEngage": 0.0037437006455689906,
    "syncPlayers": 0.07420749275244622,
    "syncUnits": 0.03472622529058704,
    "syncResources": 0.024927953521181597,
    "sendClientPoses": 0.0048991354123316165,
    "effectsAndFog": 0.047406339679740006,
    "syncStructures": 0.2578571428145681
  },
  "userAgent": "Mozilla/5.0 (Linux; Android 10; K) AppleWebKit/537.36 (KHTML, like Gecko) Chrome/145.0.0.0 Mobile Safari/537.36",
  "timestamp": "2026-04-13T20:25:23.488Z"
}