{
  "buildNumber": "273",
  "buildId": "BF-xNiwv",
  "sessionId": "P_6xpY7hD",
  "durationSec": 28.198,
  "avgFps": 33.48302124371521,
  "minFps": 30.47935076193736,
  "maxFps": 40.321994488695054,
  "avgSectionTimingsMs": {
    "hud": 0.025589225569156684,
    "camera": 0.008193041405961436,
    "autoEngage": 0.0042672655777874985,
    "syncPlayers": 0.07662921393855235,
    "syncUnits": 0.07775280890839824,
    "syncResources": 0.02752808995461196,
    "sendClientPoses": 0.012247191051418862,
    "effectsAndFog": 10.26696629169282,
    "syncStructures": 0.1960975607720817
  },
  "userAgent": "Mozilla/5.0 (Linux; Android 10; K) AppleWebKit/537.36 (KHTML, like Gecko) Chrome/145.0.0.0 Mobile Safari/537.36",
  "timestamp": "2026-04-13T20:02:25.087Z"
}