{
  "buildNumber": "276",
  "buildId": "BdYYCv-Z",
  "sessionId": "P2QeoMsYc",
  "durationSec": 54.36,
  "avgFps": 33.69341557998491,
  "minFps": 23.47566485001089,
  "maxFps": 42.24570034076106,
  "avgSectionTimingsMs": {
    "hud": 0.026467066075273618,
    "camera": 0.010179640665025767,
    "autoEngage": 0.006319257189464198,
    "syncPlayers": 0.14865188730055875,
    "syncUnits": 0.8107249851781069,
    "syncResources": 0.02923906522642859,
    "sendClientPoses": 0.12750149782079648,
    "effectsAndFog": 0.0634511686178508,
    "syncStructures": 0.21047381525325062
  },
  "userAgent": "Mozilla/5.0 (Linux; Android 10; K) AppleWebKit/537.36 (KHTML, like Gecko) Chrome/145.0.0.0 Mobile Safari/537.36",
  "timestamp": "2026-04-13T20:21:13.332Z"
}