{
  "buildNumber": "276",
  "buildId": "BdYYCv-Z",
  "sessionId": "P2QeoMsYc",
  "durationSec": 4.247,
  "avgFps": 41.49793980021212,
  "minFps": 41.125914193165954,
  "maxFps": 41.88124505024189,
  "avgSectionTimingsMs": {
    "hud": 0.025280899378690828,
    "camera": 0.0056179775280898875,
    "autoEngage": 0.0025352113683458784,
    "syncPlayers": 0.11016949270404665,
    "syncUnits": 0.032203389089659785,
    "syncResources": 0.02711864396677179,
    "sendClientPoses": 0.002259887039324658,
    "effectsAndFog": 0.061016948546393446,
    "syncStructures": 0.058064514590847875
  },
  "userAgent": "Mozilla/5.0 (Linux; Android 10; K) AppleWebKit/537.36 (KHTML, like Gecko) Chrome/145.0.0.0 Mobile Safari/537.36",
  "timestamp": "2026-04-13T20:20:23.219Z"
}