{
  "buildNumber": "277",
  "buildId": "CMEduUks",
  "sessionId": "q0WoIYLvG",
  "durationSec": 20.044,
  "avgFps": 37.98606512706983,
  "minFps": 36.94121099749357,
  "maxFps": 39.361938941941844,
  "avgSectionTimingsMs": {
    "hud": 0.021610738047017346,
    "camera": 0.007919462895233358,
    "autoEngage": 0.0042310276833695,
    "syncPlayers": 0.07567204302677544,
    "syncUnits": 0.06451612943282692,
    "syncResources": 0.02432795670083774,
    "sendClientPoses": 0.011155913954460493,
    "effectsAndFog": 0.049327956772940135,
    "syncStructures": 0.24666666646798452
  },
  "userAgent": "Mozilla/5.0 (Linux; Android 10; K) AppleWebKit/537.36 (KHTML, like Gecko) Chrome/145.0.0.0 Mobile Safari/537.36",
  "timestamp": "2026-04-13T20:25:24.883Z"
}