{
  "buildNumber": "277",
  "buildId": "CMEduUks",
  "sessionId": "q0WoIYLvG",
  "durationSec": 2.252,
  "avgFps": 29.15310527069297,
  "minFps": 28.64579256230064,
  "maxFps": 30.259186777423363,
  "avgSectionTimingsMs": {
    "hud": 0.02622950809900878,
    "camera": 0.01475409845836827,
    "autoEngage": 0.012396693968575848,
    "syncPlayers": 0.11500000059604645,
    "syncUnits": 1.9183333347241083,
    "syncResources": 0.026666668554147083,
    "sendClientPoses": 0.20333333363135656,
    "effectsAndFog": 0.046666665871938066,
    "syncStructures": 0.0999999980131785
  },
  "userAgent": "Mozilla/5.0 (Linux; Android 10; K) AppleWebKit/537.36 (KHTML, like Gecko) Chrome/145.0.0.0 Mobile Safari/537.36",
  "timestamp": "2026-04-13T20:26:01.867Z"
}