{
  "buildNumber": "276",
  "buildId": "BdYYCv-Z",
  "sessionId": "P2QeoMsYc",
  "durationSec": 17.462,
  "avgFps": 39.878463374929815,
  "minFps": 36.559663552824205,
  "maxFps": 42.24570034076106,
  "avgSectionTimingsMs": {
    "hud": 0.02664670687235758,
    "camera": 0.006137724675818117,
    "autoEngage": 0.004794007428129961,
    "syncPlayers": 0.1095952025239078,
    "syncUnits": 0.18905547216556956,
    "syncResources": 0.027436281608856063,
    "sendClientPoses": 0.035532233999229446,
    "effectsAndFog": 0.05817091496273138,
    "syncStructures": 0.2969230768772272
  },
  "userAgent": "Mozilla/5.0 (Linux; Android 10; K) AppleWebKit/537.36 (KHTML, like Gecko) Chrome/145.0.0.0 Mobile Safari/537.36",
  "timestamp": "2026-04-13T20:20:36.434Z"
}