{
  "buildNumber": "277",
  "buildId": "CMEduUks",
  "sessionId": "q0WoIYLvG",
  "durationSec": 3.958,
  "avgFps": 28.88227022693503,
  "minFps": 28.48434442172548,
  "maxFps": 30.259186777423363,
  "avgSectionTimingsMs": {
    "hud": 0.02660550436842332,
    "camera": 0.011926605887369279,
    "autoEngage": 0.01152073718985105,
    "syncPlayers": 0.1101851855163221,
    "syncUnits": 1.618518518904845,
    "syncResources": 0.025925927416042046,
    "sendClientPoses": 0.1916666665562877,
    "effectsAndFog": 0.05000000005518949,
    "syncStructures": 0.07407407297028436
  },
  "userAgent": "Mozilla/5.0 (Linux; Android 10; K) AppleWebKit/537.36 (KHTML, like Gecko) Chrome/145.0.0.0 Mobile Safari/537.36",
  "timestamp": "2026-04-13T20:26:03.573Z"
}