{
  "buildNumber": "273",
  "buildId": "BF-xNiwv",
  "sessionId": "P_6xpY7hD",
  "durationSec": 35.615,
  "avgFps": 32.3766021137047,
  "minFps": 22.159561467728746,
  "maxFps": 40.321994488695054,
  "avgSectionTimingsMs": {
    "hud": 0.026355851501878618,
    "camera": 0.0078020931481180816,
    "autoEngage": 0.004712041873468892,
    "syncPlayers": 0.07866666705835433,
    "syncUnits": 0.2492380953686578,
    "syncResources": 0.02704761899652935,
    "sendClientPoses": 0.033904761785552615,
    "effectsAndFog": 12.040571428310303,
    "syncStructures": 0.1732558140227961
  },
  "userAgent": "Mozilla/5.0 (Linux; Android 10; K) AppleWebKit/537.36 (KHTML, like Gecko) Chrome/145.0.0.0 Mobile Safari/537.36",
  "timestamp": "2026-04-13T20:02:32.504Z"
}