{
  "buildNumber": "277",
  "buildId": "CMEduUks",
  "sessionId": "q0WoIYLvG",
  "durationSec": 7.083,
  "avgFps": 38.396027553284355,
  "minFps": 38.014368527508694,
  "maxFps": 39.361938941941844,
  "avgSectionTimingsMs": {
    "hud": 0.02030075156599059,
    "camera": 0.005639097744360902,
    "autoEngage": 0.0028248589815617507,
    "syncPlayers": 0.06830188676996052,
    "syncUnits": 0.029433962421597175,
    "syncResources": 0.02754716895661264,
    "sendClientPoses": 0.0041509433737340964,
    "effectsAndFog": 0.046792452177911434,
    "syncStructures": 0.16415094485822715
  },
  "userAgent": "Mozilla/5.0 (Linux; Android 10; K) AppleWebKit/537.36 (KHTML, like Gecko) Chrome/145.0.0.0 Mobile Safari/537.36",
  "timestamp": "2026-04-13T20:25:11.923Z"
}