{
  "buildNumber": "273",
  "buildId": "BF-xNiwv",
  "sessionId": "P_6xpY7hD",
  "durationSec": 21.191,
  "avgFps": 34.05972025674041,
  "minFps": 31.245944527628296,
  "maxFps": 40.321994488695054,
  "avgSectionTimingsMs": {
    "hud": 0.023235294222831725,
    "camera": 0.008823529324110816,
    "autoEngage": 0.0038999264033249496,
    "syncPlayers": 0.07540500774123707,
    "syncUnits": 0.03313696599498238,
    "syncResources": 0.02960235644159331,
    "sendClientPoses": 0.005301914615378289,
    "effectsAndFog": 10.05802650927444,
    "syncStructures": 0.15584415565063428
  },
  "userAgent": "Mozilla/5.0 (Linux; Android 10; K) AppleWebKit/537.36 (KHTML, like Gecko) Chrome/145.0.0.0 Mobile Safari/537.36",
  "timestamp": "2026-04-13T20:02:18.080Z"
}