{
  "buildNumber": "273",
  "buildId": "BF-xNiwv",
  "sessionId": "P_6xpY7hD",
  "durationSec": 41.832,
  "avgFps": 31.208593049780877,
  "minFps": 19.82888030923641,
  "maxFps": 40.321994488695054,
  "avgSectionTimingsMs": {
    "hud": 0.026432848695611424,
    "camera": 0.007955517470071824,
    "autoEngage": 0.004792468984972782,
    "syncPlayers": 0.08039383605530817,
    "syncUnits": 0.33339041101503863,
    "syncResources": 0.027054794464413435,
    "sendClientPoses": 0.05333904102954962,
    "effectsAndFog": 13.731335616326087,
    "syncStructures": 0.1575757577162399
  },
  "userAgent": "Mozilla/5.0 (Linux; Android 10; K) AppleWebKit/537.36 (KHTML, like Gecko) Chrome/145.0.0.0 Mobile Safari/537.36",
  "timestamp": "2026-04-13T20:02:38.722Z"
}