{
  "buildNumber": "274",
  "buildId": "CB7E_Olw",
  "sessionId": "PJns0EXEj",
  "durationSec": 10.639,
  "avgFps": 45.32313270225296,
  "minFps": 44.012616156154714,
  "maxFps": 47.48005890965272,
  "avgSectionTimingsMs": {
    "hud": 0.019057816050037327,
    "camera": 0.00642398312464516,
    "autoEngage": 0.002357984981863956,
    "syncPlayers": 0.08304721117019653,
    "syncUnits": 0.01781115869595769,
    "syncResources": 0.01909871252309611,
    "sendClientPoses": 0.00536480686695279,
    "effectsAndFog": 0.05214592226073465,
    "syncStructures": 0.3679012350830031
  },
  "userAgent": "Mozilla/5.0 (Linux; Android 10; K) AppleWebKit/537.36 (KHTML, like Gecko) Chrome/145.0.0.0 Mobile Safari/537.36",
  "timestamp": "2026-04-13T20:10:39.124Z"
}