{
  "buildNumber": "277",
  "buildId": "CMEduUks",
  "sessionId": "q0WoIYLvG",
  "durationSec": 3.243,
  "avgFps": 28.949964695313287,
  "minFps": 28.48434442172548,
  "maxFps": 30.259186777423363,
  "avgSectionTimingsMs": {
    "hud": 0.028089887640449437,
    "camera": 0.013483146268330264,
    "autoEngage": 0.011299434691499181,
    "syncPlayers": 0.11590909145095131,
    "syncUnits": 1.6977272731336681,
    "syncResources": 0.026136365126479755,
    "sendClientPoses": 0.1943181814117865,
    "effectsAndFog": 0.04659090970050205,
    "syncStructures": 0.07727272537621585
  },
  "userAgent": "Mozilla/5.0 (Linux; Android 10; K) AppleWebKit/537.36 (KHTML, like Gecko) Chrome/145.0.0.0 Mobile Safari/537.36",
  "timestamp": "2026-04-13T20:26:02.858Z"
}