{
  "buildNumber": "273",
  "buildId": "BF-xNiwv",
  "sessionId": "P_6xpY7hD",
  "durationSec": 1.309,
  "avgFps": 39.137748621403745,
  "minFps": 38.68112189989097,
  "maxFps": 40.321994488695054,
  "avgSectionTimingsMs": {
    "hud": 0.028571428693070704,
    "camera": 0.01224489783754154,
    "autoEngage": 0.003092783628050814,
    "syncPlayers": 0.08124999888241291,
    "syncUnits": 0.027083334202567737,
    "syncResources": 0.03333333320915699,
    "sendClientPoses": 0,
    "effectsAndFog": 7.34375,
    "syncStructures": 0.01111111044883728
  },
  "userAgent": "Mozilla/5.0 (Linux; Android 10; K) AppleWebKit/537.36 (KHTML, like Gecko) Chrome/145.0.0.0 Mobile Safari/537.36",
  "timestamp": "2026-04-13T20:01:58.198Z"
}