{
  "buildNumber": "277",
  "buildId": "CMEduUks",
  "sessionId": "q0WoIYLvG",
  "durationSec": 29.344,
  "avgFps": 36.850880644046114,
  "minFps": 29.45054707312387,
  "maxFps": 39.361938941941844,
  "avgSectionTimingsMs": {
    "hud": 0.022918706980554877,
    "camera": 0.008521057599672024,
    "autoEngage": 0.005536501764491865,
    "syncPlayers": 0.08166666650304608,
    "syncUnits": 0.44127451020712943,
    "syncResources": 0.025784313591087564,
    "sendClientPoses": 0.05205882340669632,
    "effectsAndFog": 0.04950980377547881,
    "syncStructures": 0.2004566211678666
  },
  "userAgent": "Mozilla/5.0 (Linux; Android 10; K) AppleWebKit/537.36 (KHTML, like Gecko) Chrome/145.0.0.0 Mobile Safari/537.36",
  "timestamp": "2026-04-13T20:25:34.184Z"
}