{
  "buildNumber": "275",
  "buildId": "DlwQSAVw",
  "sessionId": "7MiGiHpAI",
  "durationSec": 3.376,
  "avgFps": 16.965467569828284,
  "minFps": 15.453768091335075,
  "maxFps": 18.675808413531986,
  "avgSectionTimingsMs": {
    "hud": 0.022222223381201427,
    "camera": 0.009722222056653764,
    "autoEngage": 0.0062937059185721655,
    "syncPlayers": 0.12394366130022935,
    "syncUnits": 1.3197183088517526,
    "syncStructures": 0.07916666815678279,
    "syncResources": 0.036619718225908954,
    "sendClientPoses": 0.2253521118365543,
    "effectsAndFog": 17.621126761738683
  },
  "userAgent": "Mozilla/5.0 (Linux; Android 10; K) AppleWebKit/537.36 (KHTML, like Gecko) Chrome/145.0.0.0 Mobile Safari/537.36",
  "timestamp": "2026-04-13T20:14:24.604Z"
}