{
  "buildNumber": "275",
  "buildId": "DlwQSAVw",
  "sessionId": "7MiGiHpAI",
  "durationSec": 8.179,
  "avgFps": 18.83822448058426,
  "minFps": 15.453768091335075,
  "maxFps": 21.11740375438308,
  "avgSectionTimingsMs": {
    "hud": 0.023863637481223453,
    "camera": 0.009659090672026981,
    "autoEngage": 0.007407407305519126,
    "syncPlayers": 0.13942857095173428,
    "syncUnits": 1.0719999999659402,
    "syncStructures": 0.0779661000785181,
    "syncResources": 0.03599999989782061,
    "sendClientPoses": 0.20800000054495676,
    "effectsAndFog": 17.18800000003406
  },
  "userAgent": "Mozilla/5.0 (Linux; Android 10; K) AppleWebKit/537.36 (KHTML, like Gecko) Chrome/145.0.0.0 Mobile Safari/537.36",
  "timestamp": "2026-04-13T20:14:29.407Z"
}