{
  "buildNumber": "276",
  "buildId": "BdYYCv-Z",
  "sessionId": "P2QeoMsYc",
  "durationSec": 17.605,
  "avgFps": 39.85462447663627,
  "minFps": 36.559663552824205,
  "maxFps": 42.24570034076106,
  "avgSectionTimingsMs": {
    "hud": 0.027043090931196622,
    "camera": 0.006092124938256319,
    "autoEngage": 0.0047583642502256485,
    "syncPlayers": 0.10952380964798587,
    "syncUnits": 0.18913690466433764,
    "syncResources": 0.027529761638669742,
    "sendClientPoses": 0.03526785725816375,
    "effectsAndFog": 0.0583333337147321,
    "syncStructures": 0.2999999998635008
  },
  "userAgent": "Mozilla/5.0 (Linux; Android 10; K) AppleWebKit/537.36 (KHTML, like Gecko) Chrome/145.0.0.0 Mobile Safari/537.36",
  "timestamp": "2026-04-13T20:20:36.577Z"
}