{
  "buildNumber": "273",
  "buildId": "BF-xNiwv",
  "sessionId": "P_6xpY7hD",
  "durationSec": 25.495,
  "avgFps": 33.647506200525626,
  "minFps": 31.135007847593187,
  "maxFps": 40.321994488695054,
  "avgSectionTimingsMs": {
    "hud": 0.02484700127505906,
    "camera": 0.008323133320090529,
    "autoEngage": 0.0037966931953944097,
    "syncPlayers": 0.07598039252208728,
    "syncUnits": 0.03370098031911196,
    "syncResources": 0.027328431387158,
    "sendClientPoses": 0.005637254967701202,
    "effectsAndFog": 10.049509803527126,
    "syncStructures": 0.20376344041157796
  },
  "userAgent": "Mozilla/5.0 (Linux; Android 10; K) AppleWebKit/537.36 (KHTML, like Gecko) Chrome/145.0.0.0 Mobile Safari/537.36",
  "timestamp": "2026-04-13T20:02:22.384Z"
}