{
  "buildNumber": "274",
  "buildId": "CB7E_Olw",
  "sessionId": "PJns0EXEj",
  "durationSec": 5.592,
  "avgFps": 46.087878155739546,
  "minFps": 45.05727960453673,
  "maxFps": 47.48005890965272,
  "avgSectionTimingsMs": {
    "hud": 0.019028340394680317,
    "camera": 0.00566801645977777,
    "autoEngage": 0.0022312373104250213,
    "syncPlayers": 0.08211382230122884,
    "syncUnits": 0.019512194806967323,
    "syncResources": 0.025203251984061266,
    "sendClientPoses": 0.006097560975609756,
    "effectsAndFog": 0.05447154413393843,
    "syncStructures": 0.2860465112120606
  },
  "userAgent": "Mozilla/5.0 (Linux; Android 10; K) AppleWebKit/537.36 (KHTML, like Gecko) Chrome/145.0.0.0 Mobile Safari/537.36",
  "timestamp": "2026-04-13T20:10:34.077Z"
}