{
  "buildNumber": "273",
  "buildId": "BF-xNiwv",
  "sessionId": "P_6xpY7hD",
  "durationSec": 23.557,
  "avgFps": 33.81068567455165,
  "minFps": 31.135007847593187,
  "maxFps": 40.321994488695054,
  "avgSectionTimingsMs": {
    "hud": 0.024568393094289508,
    "camera": 0.008366533761638727,
    "autoEngage": 0.0037209302087954903,
    "syncPlayers": 0.07539893639214496,
    "syncUnits": 0.032978723340846124,
    "syncResources": 0.028058510670002472,
    "sendClientPoses": 0.005851063916974879,
    "effectsAndFog": 10.112499999476874,
    "syncStructures": 0.17777777728978653
  },
  "userAgent": "Mozilla/5.0 (Linux; Android 10; K) AppleWebKit/537.36 (KHTML, like Gecko) Chrome/145.0.0.0 Mobile Safari/537.36",
  "timestamp": "2026-04-13T20:02:20.447Z"
}