{
  "buildNumber": "273",
  "buildId": "BF-xNiwv",
  "sessionId": "P_6xpY7hD",
  "durationSec": 33.783,
  "avgFps": 32.70162788900788,
  "minFps": 23.839220387073325,
  "maxFps": 40.321994488695054,
  "avgSectionTimingsMs": {
    "hud": 0.026798029515543595,
    "camera": 0.007980295472544403,
    "autoEngage": 0.0045342533061984965,
    "syncPlayers": 0.07820512862835645,
    "syncUnits": 0.213214990273265,
    "syncResources": 0.027416173552385213,
    "sendClientPoses": 0.028007889464056704,
    "effectsAndFog": 11.533727810345223,
    "syncStructures": 0.17926829253754964
  },
  "userAgent": "Mozilla/5.0 (Linux; Android 10; K) AppleWebKit/537.36 (KHTML, like Gecko) Chrome/145.0.0.0 Mobile Safari/537.36",
  "timestamp": "2026-04-13T20:02:30.672Z"
}