{
  "buildNumber": "277",
  "buildId": "CMEduUks",
  "sessionId": "q0WoIYLvG",
  "durationSec": 41.089,
  "avgFps": 34.69450365477897,
  "minFps": 26.510727529094936,
  "maxFps": 39.361938941941844,
  "avgSectionTimingsMs": {
    "hud": 0.02252252236590371,
    "camera": 0.00968468457728893,
    "autoEngage": 0.006271122822938805,
    "syncPlayers": 0.08760330548956374,
    "syncUnits": 0.7777610819963116,
    "syncResources": 0.02644628080365176,
    "sendClientPoses": 0.08332081140207223,
    "effectsAndFog": 0.04988730285151573,
    "syncStructures": 0.16225165602387182
  },
  "userAgent": "Mozilla/5.0 (Linux; Android 10; K) AppleWebKit/537.36 (KHTML, like Gecko) Chrome/145.0.0.0 Mobile Safari/537.36",
  "timestamp": "2026-04-13T20:25:45.928Z"
}