{
  "buildNumber": "277",
  "buildId": "CMEduUks",
  "sessionId": "q0WoIYLvG",
  "durationSec": 0.519,
  "avgFps": 29.954959150464543,
  "minFps": 29.19439008306752,
  "maxFps": 30.259186777423363,
  "avgSectionTimingsMs": {
    "hud": 0.02857142686843872,
    "camera": 0.00714285671710968,
    "autoEngage": 0.014814815035572759,
    "syncPlayers": 0.15384615155366752,
    "syncUnits": 2.0461538502803216,
    "syncResources": 0.03076923581270071,
    "sendClientPoses": 0.2538461501781757,
    "effectsAndFog": 0.04615384569534889,
    "syncStructures": 0.06666666269302368
  },
  "userAgent": "Mozilla/5.0 (Linux; Android 10; K) AppleWebKit/537.36 (KHTML, like Gecko) Chrome/145.0.0.0 Mobile Safari/537.36",
  "timestamp": "2026-04-13T20:26:00.134Z"
}