{
  "buildNumber": "277",
  "buildId": "CMEduUks",
  "sessionId": "q0WoIYLvG",
  "durationSec": 18.782,
  "avgFps": 37.976199887217476,
  "minFps": 36.94121099749357,
  "maxFps": 39.361938941941844,
  "avgSectionTimingsMs": {
    "hud": 0.021142856989588055,
    "camera": 0.007999999821186066,
    "autoEngage": 0.00378842043655101,
    "syncPlayers": 0.07424892700451809,
    "syncUnits": 0.034620887475975595,
    "syncResources": 0.024892703487467187,
    "sendClientPoses": 0.005007153033186949,
    "effectsAndFog": 0.047639484654509796,
    "syncStructures": 0.2560283687520534
  },
  "userAgent": "Mozilla/5.0 (Linux; Android 10; K) AppleWebKit/537.36 (KHTML, like Gecko) Chrome/145.0.0.0 Mobile Safari/537.36",
  "timestamp": "2026-04-13T20:25:23.622Z"
}