{
  "buildNumber": "276",
  "buildId": "BdYYCv-Z",
  "sessionId": "P2QeoMsYc",
  "durationSec": 36.86,
  "avgFps": 36.47545139096758,
  "minFps": 28.01787382721959,
  "maxFps": 42.24570034076106,
  "avgSectionTimingsMs": {
    "hud": 0.02492012804784714,
    "camera": 0.00894568691524073,
    "autoEngage": 0.005433479738483132,
    "syncPlayers": 0.12837729818052906,
    "syncUnits": 0.5442845725374733,
    "syncResources": 0.0282174258304538,
    "sendClientPoses": 0.09048761009312362,
    "effectsAndFog": 0.06195043986268657,
    "syncStructures": 0.20295202908040852
  },
  "userAgent": "Mozilla/5.0 (Linux; Android 10; K) AppleWebKit/537.36 (KHTML, like Gecko) Chrome/145.0.0.0 Mobile Safari/537.36",
  "timestamp": "2026-04-13T20:20:55.833Z"
}