{
  "buildNumber": "274",
  "buildId": "CB7E_Olw",
  "sessionId": "PJns0EXEj",
  "durationSec": 11.122,
  "avgFps": 45.2779369196761,
  "minFps": 44.012616156154714,
  "maxFps": 47.48005890965272,
  "avgSectionTimingsMs": {
    "hud": 0.01864754115460349,
    "camera": 0.0061475412278878885,
    "autoEngage": 0.0023589743406344683,
    "syncPlayers": 0.08398357376425662,
    "syncUnits": 0.017043121051984158,
    "syncResources": 0.018891170529124673,
    "sendClientPoses": 0.00533880902266845,
    "effectsAndFog": 0.05154004056595679,
    "syncStructures": 0.4070588238099042
  },
  "userAgent": "Mozilla/5.0 (Linux; Android 10; K) AppleWebKit/537.36 (KHTML, like Gecko) Chrome/145.0.0.0 Mobile Safari/537.36",
  "timestamp": "2026-04-13T20:10:39.607Z"
}