{
  "buildNumber": "273",
  "buildId": "BF-xNiwv",
  "sessionId": "P_6xpY7hD",
  "durationSec": 62.955,
  "avgFps": 28.11453113504011,
  "minFps": 18.005645273948964,
  "maxFps": 40.321994488695054,
  "avgSectionTimingsMs": {
    "hud": 0.02626788038736202,
    "camera": 0.007867360146054986,
    "autoEngage": 0.00536585367792021,
    "syncPlayers": 0.08809368943501077,
    "syncUnits": 0.5849056602610189,
    "syncResources": 0.02719583595504835,
    "sendClientPoses": 0.1150292780155785,
    "effectsAndFog": 18.159271307614382,
    "syncStructures": 0.13105882371173186
  },
  "userAgent": "Mozilla/5.0 (Linux; Android 10; K) AppleWebKit/537.36 (KHTML, like Gecko) Chrome/145.0.0.0 Mobile Safari/537.36",
  "timestamp": "2026-04-13T20:02:59.845Z"
}