{
  "buildNumber": "274",
  "buildId": "CB7E_Olw",
  "sessionId": "PJns0EXEj",
  "durationSec": 8.057,
  "avgFps": 45.6888468259422,
  "minFps": 44.13353983316393,
  "maxFps": 47.48005890965272,
  "avgSectionTimingsMs": {
    "hud": 0.018644068116522104,
    "camera": 0.005932203709742444,
    "autoEngage": 0.002263083400618406,
    "syncPlayers": 0.08073654500688439,
    "syncUnits": 0.01898016960019768,
    "syncResources": 0.021246458923512748,
    "sendClientPoses": 0.005099150090987554,
    "effectsAndFog": 0.052407931758053916,
    "syncStructures": 0.30645161194186055
  },
  "userAgent": "Mozilla/5.0 (Linux; Android 10; K) AppleWebKit/537.36 (KHTML, like Gecko) Chrome/145.0.0.0 Mobile Safari/537.36",
  "timestamp": "2026-04-13T20:10:36.542Z"
}