{
  "buildNumber": "277",
  "buildId": "CMEduUks",
  "sessionId": "q0WoIYLvG",
  "durationSec": 13.46,
  "avgFps": 38.18963748204136,
  "minFps": 37.33993066221078,
  "maxFps": 39.361938941941844,
  "avgSectionTimingsMs": {
    "hud": 0.020799999952316284,
    "camera": 0.00799999976158142,
    "autoEngage": 0.0033033034643969376,
    "syncPlayers": 0.07595190358066367,
    "syncUnits": 0.034669339059588904,
    "syncResources": 0.027254508468574416,
    "sendClientPoses": 0.004609218460763385,
    "effectsAndFog": 0.05130260489985556,
    "syncStructures": 0.19801980227527052
  },
  "userAgent": "Mozilla/5.0 (Linux; Android 10; K) AppleWebKit/537.36 (KHTML, like Gecko) Chrome/145.0.0.0 Mobile Safari/537.36",
  "timestamp": "2026-04-13T20:25:18.300Z"
}