{
  "buildNumber": "274",
  "buildId": "CB7E_Olw",
  "sessionId": "PJns0EXEj",
  "durationSec": 33.79,
  "avgFps": 39.91330547557265,
  "minFps": 31.192882327528594,
  "maxFps": 47.48005890965272,
  "avgSectionTimingsMs": {
    "hud": 0.019598393531209495,
    "camera": 0.00803212858586905,
    "autoEngage": 0.004339092009610659,
    "syncPlayers": 0.10458199380390897,
    "syncUnits": 0.6402733121366746,
    "syncResources": 0.02090032156736521,
    "sendClientPoses": 0.09782958186420214,
    "effectsAndFog": 0.056270096271367705,
    "syncStructures": 0.20279999983310698
  },
  "userAgent": "Mozilla/5.0 (Linux; Android 10; K) AppleWebKit/537.36 (KHTML, like Gecko) Chrome/145.0.0.0 Mobile Safari/537.36",
  "timestamp": "2026-04-13T20:11:02.275Z"
}