{
  "buildNumber": "274",
  "buildId": "CB7E_Olw",
  "sessionId": "PJns0EXEj",
  "durationSec": 10.224,
  "avgFps": 45.37871264505632,
  "minFps": 44.012616156154714,
  "maxFps": 47.48005890965272,
  "avgSectionTimingsMs": {
    "hud": 0.018526786006987095,
    "camera": 0.006696428837520736,
    "autoEngage": 0.0024581005453397442,
    "syncPlayers": 0.08232662275066845,
    "syncUnits": 0.017897091455907628,
    "syncResources": 0.019239373588455337,
    "sendClientPoses": 0.005592841163310962,
    "effectsAndFog": 0.052125279268695736,
    "syncStructures": 0.3782051282051282
  },
  "userAgent": "Mozilla/5.0 (Linux; Android 10; K) AppleWebKit/537.36 (KHTML, like Gecko) Chrome/145.0.0.0 Mobile Safari/537.36",
  "timestamp": "2026-04-13T20:10:38.709Z"
}