{
  "buildNumber": "274",
  "buildId": "CB7E_Olw",
  "sessionId": "PJns0EXEj",
  "durationSec": 3.334,
  "avgFps": 46.47127399409383,
  "minFps": 45.86004418223954,
  "maxFps": 47.48005890965272,
  "avgSectionTimingsMs": {
    "hud": 0.020270270471637312,
    "camera": 0.005405405687319266,
    "autoEngage": 0.0016949151532124665,
    "syncPlayers": 0.08231292553499442,
    "syncUnits": 0.022448979267457717,
    "syncResources": 0.02653061208270845,
    "sendClientPoses": 0.0047619048835468945,
    "effectsAndFog": 0.059183673388293,
    "syncStructures": 0.0038461547631483814
  },
  "userAgent": "Mozilla/5.0 (Linux; Android 10; K) AppleWebKit/537.36 (KHTML, like Gecko) Chrome/145.0.0.0 Mobile Safari/537.36",
  "timestamp": "2026-04-13T20:10:31.819Z"
}