{
  "buildNumber": "275",
  "buildId": "DlwQSAVw",
  "sessionId": "7MiGiHpAI",
  "durationSec": 20.426,
  "avgFps": 21.092814103427312,
  "minFps": 15.453768091335075,
  "maxFps": 23.285890513152527,
  "avgSectionTimingsMs": {
    "hud": 0.017477876251250243,
    "camera": 0.010398229864318815,
    "autoEngage": 0.006423034310208867,
    "syncPlayers": 0.12261640800869386,
    "syncUnits": 0.8616407978164647,
    "syncStructures": 0.0728476821192053,
    "syncResources": 0.029046562981446936,
    "sendClientPoses": 0.19179600906742122,
    "effectsAndFog": 16.458536585920932
  },
  "userAgent": "Mozilla/5.0 (Linux; Android 10; K) AppleWebKit/537.36 (KHTML, like Gecko) Chrome/145.0.0.0 Mobile Safari/537.36",
  "timestamp": "2026-04-13T20:14:41.654Z"
}