{
  "buildNumber": "276",
  "buildId": "BdYYCv-Z",
  "sessionId": "P2QeoMsYc",
  "durationSec": 3.3,
  "avgFps": 41.418923238880645,
  "minFps": 41.125914193165954,
  "maxFps": 41.88124505024189,
  "avgSectionTimingsMs": {
    "hud": 0.027338129796570153,
    "camera": 0.005755395769215316,
    "autoEngage": 0.0025270759844177467,
    "syncPlayers": 0.1144927550053251,
    "syncUnits": 0.028985506814459095,
    "syncResources": 0.028260869392450306,
    "sendClientPoses": 0.002173913129861804,
    "effectsAndFog": 0.0637681151645771,
    "syncStructures": 0.07083333159486453
  },
  "userAgent": "Mozilla/5.0 (Linux; Android 10; K) AppleWebKit/537.36 (KHTML, like Gecko) Chrome/145.0.0.0 Mobile Safari/537.36",
  "timestamp": "2026-04-13T20:20:22.273Z"
}