{
  "buildNumber": "273",
  "buildId": "BF-xNiwv",
  "sessionId": "P_6xpY7hD",
  "durationSec": 19.428,
  "avgFps": 34.22091756121815,
  "minFps": 31.245944527628296,
  "maxFps": 40.321994488695054,
  "avgSectionTimingsMs": {
    "hud": 0.02317460330705794,
    "camera": 0.009047618981391664,
    "autoEngage": 0.003812549628370617,
    "syncPlayers": 0.07503974598807257,
    "syncUnits": 0.03402225741900397,
    "syncResources": 0.02909379979574813,
    "sendClientPoses": 0.004292527802987394,
    "effectsAndFog": 9.866136724600162,
    "syncStructures": 0.16338028181606615
  },
  "userAgent": "Mozilla/5.0 (Linux; Android 10; K) AppleWebKit/537.36 (KHTML, like Gecko) Chrome/145.0.0.0 Mobile Safari/537.36",
  "timestamp": "2026-04-13T20:02:16.317Z"
}