{
  "buildNumber": "274",
  "buildId": "CB7E_Olw",
  "sessionId": "PJns0EXEj",
  "durationSec": 7.311,
  "avgFps": 45.79408186584427,
  "minFps": 44.792959703402545,
  "maxFps": 47.48005890965272,
  "avgSectionTimingsMs": {
    "hud": 0.019504644276556952,
    "camera": 0.005263158226898949,
    "autoEngage": 0.0023255813491436864,
    "syncPlayers": 0.0810559017132528,
    "syncUnits": 0.019565216965556884,
    "syncResources": 0.022360248502737247,
    "sendClientPoses": 0.005279503068568544,
    "effectsAndFog": 0.053105589765939654,
    "syncStructures": 0.2249999993613788
  },
  "userAgent": "Mozilla/5.0 (Linux; Android 10; K) AppleWebKit/537.36 (KHTML, like Gecko) Chrome/145.0.0.0 Mobile Safari/537.36",
  "timestamp": "2026-04-13T20:10:35.796Z"
}