{
  "buildNumber": "273",
  "buildId": "BF-xNiwv",
  "sessionId": "P_6xpY7hD",
  "durationSec": 9.765,
  "avgFps": 36.09991465571239,
  "minFps": 32.3977484250669,
  "maxFps": 40.321994488695054,
  "avgSectionTimingsMs": {
    "hud": 0.022118380136578998,
    "camera": 0.0074766353469028655,
    "autoEngage": 0.004524181023030868,
    "syncPlayers": 0.07000000057742,
    "syncUnits": 0.03406249983236194,
    "syncResources": 0.029374999925494194,
    "sendClientPoses": 0.0034374999813735485,
    "effectsAndFog": 9.67499999953434,
    "syncStructures": 0.07499999966886309
  },
  "userAgent": "Mozilla/5.0 (Linux; Android 10; K) AppleWebKit/537.36 (KHTML, like Gecko) Chrome/145.0.0.0 Mobile Safari/537.36",
  "timestamp": "2026-04-13T20:02:06.654Z"
}