{
  "buildNumber": "274",
  "buildId": "CB7E_Olw",
  "sessionId": "PJns0EXEj",
  "durationSec": 24.794,
  "avgFps": 42.17863346735564,
  "minFps": 33.33799846725086,
  "maxFps": 47.48005890965272,
  "avgSectionTimingsMs": {
    "hud": 0.0182006204387148,
    "camera": 0.007549121097546945,
    "autoEngage": 0.0043455767958385,
    "syncPlayers": 0.09937888223438776,
    "syncUnits": 0.555486542683704,
    "syncResources": 0.02028985509714478,
    "sendClientPoses": 0.07494824020265299,
    "effectsAndFog": 0.05641821918403633,
    "syncStructures": 0.25268817156232815
  },
  "userAgent": "Mozilla/5.0 (Linux; Android 10; K) AppleWebKit/537.36 (KHTML, like Gecko) Chrome/145.0.0.0 Mobile Safari/537.36",
  "timestamp": "2026-04-13T20:10:53.279Z"
}