{
  "buildNumber": "274",
  "buildId": "CB7E_Olw",
  "sessionId": "PJns0EXEj",
  "durationSec": 11.477,
  "avgFps": 45.2565053514772,
  "minFps": 44.012616156154714,
  "maxFps": 47.48005890965272,
  "avgSectionTimingsMs": {
    "hud": 0.01852589655682385,
    "camera": 0.006175299089743322,
    "autoEngage": 0.002293120620257833,
    "syncPlayers": 0.08403193700813248,
    "syncUnits": 0.017365269318312226,
    "syncResources": 0.018962075907789068,
    "sendClientPoses": 0.005389221533091958,
    "effectsAndFog": 0.052095807954936686,
    "syncStructures": 0.39431818202137947
  },
  "userAgent": "Mozilla/5.0 (Linux; Android 10; K) AppleWebKit/537.36 (KHTML, like Gecko) Chrome/145.0.0.0 Mobile Safari/537.36",
  "timestamp": "2026-04-13T20:10:39.963Z"
}