{
  "buildNumber": "277",
  "buildId": "CMEduUks",
  "sessionId": "q0WoIYLvG",
  "durationSec": 15.684,
  "avgFps": 38.0372477622308,
  "minFps": 36.94121099749357,
  "maxFps": 39.361938941941844,
  "avgSectionTimingsMs": {
    "hud": 0.020962199138611862,
    "camera": 0.00824742249606811,
    "autoEngage": 0.00343938101393748,
    "syncPlayers": 0.07573149721306491,
    "syncUnits": 0.03442340843033257,
    "syncResources": 0.02581755547638399,
    "sendClientPoses": 0.0051635111876075735,
    "effectsAndFog": 0.04802065369594528,
    "syncStructures": 0.2324786323767442
  },
  "userAgent": "Mozilla/5.0 (Linux; Android 10; K) AppleWebKit/537.36 (KHTML, like Gecko) Chrome/145.0.0.0 Mobile Safari/537.36",
  "timestamp": "2026-04-13T20:25:20.523Z"
}