{
  "buildNumber": "275",
  "buildId": "DlwQSAVw",
  "sessionId": "7MiGiHpAI",
  "durationSec": 17.067,
  "avgFps": 20.69803664416187,
  "minFps": 15.453768091335075,
  "maxFps": 22.854172486012928,
  "avgSectionTimingsMs": {
    "hud": 0.016000000397364298,
    "camera": 0.010933333079020183,
    "autoEngage": 0.006275033361921323,
    "syncPlayers": 0.1264705881874829,
    "syncUnits": 0.8828877007419412,
    "syncStructures": 0.07760000014305114,
    "syncResources": 0.029946523713555565,
    "sendClientPoses": 0.18663101599496953,
    "effectsAndFog": 16.556417112841327
  },
  "userAgent": "Mozilla/5.0 (Linux; Android 10; K) AppleWebKit/537.36 (KHTML, like Gecko) Chrome/145.0.0.0 Mobile Safari/537.36",
  "timestamp": "2026-04-13T20:14:38.295Z"
}