{
  "buildNumber": "276",
  "buildId": "BdYYCv-Z",
  "sessionId": "P2QeoMsYc",
  "durationSec": 10.904,
  "avgFps": 41.06614480745712,
  "minFps": 39.638383967582946,
  "maxFps": 42.24570034076106,
  "avgSectionTimingsMs": {
    "hud": 0.026484018455357312,
    "camera": 0.005936073181836028,
    "autoEngage": 0.003314285687037877,
    "syncPlayers": 0.10297482871627371,
    "syncUnits": 0.037299770853339395,
    "syncResources": 0.02585812318788786,
    "sendClientPoses": 0.003203661340870628,
    "effectsAndFog": 0.05560640782731621,
    "syncStructures": 0.3341463408092173
  },
  "userAgent": "Mozilla/5.0 (Linux; Android 10; K) AppleWebKit/537.36 (KHTML, like Gecko) Chrome/145.0.0.0 Mobile Safari/537.36",
  "timestamp": "2026-04-13T20:20:29.876Z"
}