{
  "buildNumber": "273",
  "buildId": "BF-xNiwv",
  "sessionId": "P_6xpY7hD",
  "durationSec": 18.032,
  "avgFps": 34.44081131193279,
  "minFps": 31.992790271339192,
  "maxFps": 40.321994488695054,
  "avgSectionTimingsMs": {
    "hud": 0.022813036194387473,
    "camera": 0.008747855907443458,
    "autoEngage": 0.004120171658470907,
    "syncPlayers": 0.07474226850209777,
    "syncUnits": 0.03367697583236236,
    "syncResources": 0.02800687297512985,
    "sendClientPoses": 0.004467353941648686,
    "effectsAndFog": 9.919415807293863,
    "syncStructures": 0.17251908392396592
  },
  "userAgent": "Mozilla/5.0 (Linux; Android 10; K) AppleWebKit/537.36 (KHTML, like Gecko) Chrome/145.0.0.0 Mobile Safari/537.36",
  "timestamp": "2026-04-13T20:02:14.921Z"
}