{
  "buildNumber": "277",
  "buildId": "CMEduUks",
  "sessionId": "q0WoIYLvG",
  "durationSec": 5.778,
  "avgFps": 38.42883877938432,
  "minFps": 38.014368527508694,
  "maxFps": 39.361938941941844,
  "avgSectionTimingsMs": {
    "hud": 0.02186046478360198,
    "camera": 0.006511627934699835,
    "autoEngage": 0.0030303033359678753,
    "syncPlayers": 0.06822429875904154,
    "syncUnits": 0.028037383456096472,
    "syncResources": 0.02570093374386012,
    "sendClientPoses": 0.0018691587670941218,
    "effectsAndFog": 0.041588784378265665,
    "syncStructures": 0.16279069906057314
  },
  "userAgent": "Mozilla/5.0 (Linux; Android 10; K) AppleWebKit/537.36 (KHTML, like Gecko) Chrome/145.0.0.0 Mobile Safari/537.36",
  "timestamp": "2026-04-13T20:25:10.617Z"
}