{
  "buildNumber": "277",
  "buildId": "CMEduUks",
  "sessionId": "q0WoIYLvG",
  "durationSec": 36.963,
  "avgFps": 35.40860389206284,
  "minFps": 26.510727529094936,
  "maxFps": 39.361938941941844,
  "avgSectionTimingsMs": {
    "hud": 0.02247744030987659,
    "camera": 0.009762099940235053,
    "autoEngage": 0.006237176913045007,
    "syncPlayers": 0.0858784889793161,
    "syncUnits": 0.7359605913825811,
    "syncResources": 0.02627257784990646,
    "sendClientPoses": 0.07323481100924888,
    "effectsAndFog": 0.04958949094922672,
    "syncStructures": 0.17179487214420305
  },
  "userAgent": "Mozilla/5.0 (Linux; Android 10; K) AppleWebKit/537.36 (KHTML, like Gecko) Chrome/145.0.0.0 Mobile Safari/537.36",
  "timestamp": "2026-04-13T20:25:41.803Z"
}