{
  "buildNumber": "273",
  "buildId": "BF-xNiwv",
  "sessionId": "P_6xpY7hD",
  "durationSec": 22.789,
  "avgFps": 33.86864320104689,
  "minFps": 31.135007847593187,
  "maxFps": 40.321994488695054,
  "avgSectionTimingsMs": {
    "hud": 0.02445355192071102,
    "camera": 0.008469945257478724,
    "autoEngage": 0.003827751171727418,
    "syncPlayers": 0.07523939828866158,
    "syncUnits": 0.03351573175183725,
    "syncResources": 0.028317373526243115,
    "sendClientPoses": 0.005608755203343612,
    "effectsAndFog": 10.021477427797343,
    "syncStructures": 0.16445783085851784
  },
  "userAgent": "Mozilla/5.0 (Linux; Android 10; K) AppleWebKit/537.36 (KHTML, like Gecko) Chrome/145.0.0.0 Mobile Safari/537.36",
  "timestamp": "2026-04-13T20:02:19.678Z"
}