{
  "buildNumber": "277",
  "buildId": "CMEduUks",
  "sessionId": "q0WoIYLvG",
  "durationSec": 5.73,
  "avgFps": 38.432730518838554,
  "minFps": 38.014368527508694,
  "maxFps": 39.361938941941844,
  "avgSectionTimingsMs": {
    "hud": 0.0220657273637297,
    "camera": 0.006572769981035045,
    "autoEngage": 0.0028235297343310187,
    "syncPlayers": 0.06839622613394035,
    "syncUnits": 0.028301887073606816,
    "syncResources": 0.025471697157284,
    "sendClientPoses": 0.0018867923403685948,
    "effectsAndFog": 0.04150943317503299,
    "syncStructures": 0.16279069906057314
  },
  "userAgent": "Mozilla/5.0 (Linux; Android 10; K) AppleWebKit/537.36 (KHTML, like Gecko) Chrome/145.0.0.0 Mobile Safari/537.36",
  "timestamp": "2026-04-13T20:25:10.569Z"
}