{
  "buildNumber": "273",
  "buildId": "BF-xNiwv",
  "sessionId": "P_6xpY7hD",
  "durationSec": 2.871,
  "avgFps": 38.417854986556726,
  "minFps": 37.010841424918226,
  "maxFps": 40.321994488695054,
  "avgSectionTimingsMs": {
    "hud": 0.02727272715231385,
    "camera": 0.008080807900187946,
    "autoEngage": 0.003553299431873457,
    "syncPlayers": 0.072448979835121,
    "syncUnits": 0.0275510199824158,
    "syncResources": 0.044897958940389206,
    "sendClientPoses": 0.00102040810244424,
    "effectsAndFog": 8.97857142924046,
    "syncStructures": 0.00476190447807312
  },
  "userAgent": "Mozilla/5.0 (Linux; Android 10; K) AppleWebKit/537.36 (KHTML, like Gecko) Chrome/145.0.0.0 Mobile Safari/537.36",
  "timestamp": "2026-04-13T20:01:59.760Z"
}