{
  "buildNumber": "275",
  "buildId": "DlwQSAVw",
  "sessionId": "7MiGiHpAI",
  "durationSec": 1.34,
  "avgFps": 15.79478129338842,
  "minFps": 15.453768091335075,
  "maxFps": 16.090326068501305,
  "avgSectionTimingsMs": {
    "hud": 0.02500000170298985,
    "camera": 0.014285714498588018,
    "autoEngage": 0.009090908549048683,
    "syncPlayers": 0.13333333421636512,
    "syncUnits": 1.7333333304634801,
    "syncStructures": 0.12222222487131755,
    "syncResources": 0.03333333465788099,
    "sendClientPoses": 0.2814814801569338,
    "effectsAndFog": 18.022222223105253
  },
  "userAgent": "Mozilla/5.0 (Linux; Android 10; K) AppleWebKit/537.36 (KHTML, like Gecko) Chrome/145.0.0.0 Mobile Safari/537.36",
  "timestamp": "2026-04-13T20:14:22.568Z"
}