{
  "buildNumber": "277",
  "buildId": "CMEduUks",
  "sessionId": "q0WoIYLvG",
  "durationSec": 32.043,
  "avgFps": 36.346691151371566,
  "minFps": 28.205699546474133,
  "maxFps": 39.361938941941844,
  "avgSectionTimingsMs": {
    "hud": 0.022415370348932977,
    "camera": 0.008966148090493429,
    "autoEngage": 0.005629290691502307,
    "syncPlayers": 0.08269230740301775,
    "syncUnits": 0.5367216121528174,
    "syncResources": 0.025732600590684912,
    "sendClientPoses": 0.05979853472757689,
    "effectsAndFog": 0.05027472517101756,
    "syncStructures": 0.18739495808336915
  },
  "userAgent": "Mozilla/5.0 (Linux; Android 10; K) AppleWebKit/537.36 (KHTML, like Gecko) Chrome/145.0.0.0 Mobile Safari/537.36",
  "timestamp": "2026-04-13T20:25:36.882Z"
}