{
  "buildNumber": "277",
  "buildId": "CMEduUks",
  "sessionId": "q0WoIYLvG",
  "durationSec": 26.219,
  "avgFps": 37.42499261836738,
  "minFps": 32.03092639555288,
  "maxFps": 39.361938941941844,
  "avgSectionTimingsMs": {
    "hud": 0.022994652278920547,
    "camera": 0.008021390183086702,
    "autoEngage": 0.004815409405464919,
    "syncPlayers": 0.07847965733652706,
    "syncUnits": 0.28201284825929485,
    "syncResources": 0.025802997660841116,
    "sendClientPoses": 0.04004282659075245,
    "effectsAndFog": 0.049678800671463096,
    "syncStructures": 0.2131979695431472
  },
  "userAgent": "Mozilla/5.0 (Linux; Android 10; K) AppleWebKit/537.36 (KHTML, like Gecko) Chrome/145.0.0.0 Mobile Safari/537.36",
  "timestamp": "2026-04-13T20:25:31.058Z"
}