{
  "buildNumber": "273",
  "buildId": "BF-xNiwv",
  "sessionId": "P_6xpY7hD",
  "durationSec": 8.36,
  "avgFps": 36.60930191998314,
  "minFps": 33.1969979000892,
  "maxFps": 40.321994488695054,
  "avgSectionTimingsMs": {
    "hud": 0.022302158444905452,
    "camera": 0.0071942443899113495,
    "autoEngage": 0.0032432432647223944,
    "syncPlayers": 0.06787003678965654,
    "syncUnits": 0.034296028665687206,
    "syncResources": 0.030685920577617327,
    "sendClientPoses": 0.0032490973868524987,
    "effectsAndFog": 9.411913356948846,
    "syncStructures": 0.006557376658330198
  },
  "userAgent": "Mozilla/5.0 (Linux; Android 10; K) AppleWebKit/537.36 (KHTML, like Gecko) Chrome/145.0.0.0 Mobile Safari/537.36",
  "timestamp": "2026-04-13T20:02:05.249Z"
}