{
  "buildNumber": "276",
  "buildId": "BdYYCv-Z",
  "sessionId": "P2QeoMsYc",
  "durationSec": 11.037,
  "avgFps": 41.05105048655679,
  "minFps": 39.638383967582946,
  "maxFps": 42.24570034076106,
  "avgSectionTimingsMs": {
    "hud": 0.026185101768502264,
    "camera": 0.005869074613192281,
    "autoEngage": 0.003276836131252138,
    "syncPlayers": 0.10339366560338309,
    "syncUnits": 0.0373303164049511,
    "syncResources": 0.025791854812548712,
    "sendClientPoses": 0.003167420827964852,
    "effectsAndFog": 0.05633484211442697,
    "syncStructures": 0.33975903564188853
  },
  "userAgent": "Mozilla/5.0 (Linux; Android 10; K) AppleWebKit/537.36 (KHTML, like Gecko) Chrome/145.0.0.0 Mobile Safari/537.36",
  "timestamp": "2026-04-13T20:20:30.009Z"
}