{
  "buildNumber": "277",
  "buildId": "CMEduUks",
  "sessionId": "q0WoIYLvG",
  "durationSec": 9.111,
  "avgFps": 38.374677395026765,
  "minFps": 38.014368527508694,
  "maxFps": 39.361938941941844,
  "avgSectionTimingsMs": {
    "hud": 0.02094395278477739,
    "camera": 0.007964601558921612,
    "autoEngage": 0.003692762362199837,
    "syncPlayers": 0.07396449712959267,
    "syncUnits": 0.031065089021914103,
    "syncResources": 0.029881656081718805,
    "sendClientPoses": 0.0047337277930163775,
    "effectsAndFog": 0.05443786948742951,
    "syncStructures": 0.16323529490653207
  },
  "userAgent": "Mozilla/5.0 (Linux; Android 10; K) AppleWebKit/537.36 (KHTML, like Gecko) Chrome/145.0.0.0 Mobile Safari/537.36",
  "timestamp": "2026-04-13T20:25:13.951Z"
}