{
  "buildNumber": "275",
  "buildId": "DlwQSAVw",
  "sessionId": "7MiGiHpAI",
  "durationSec": 12.693,
  "avgFps": 19.990137246851518,
  "minFps": 15.453768091335075,
  "maxFps": 22.654334781660275,
  "avgSectionTimingsMs": {
    "hud": 0.01720430175890632,
    "camera": 0.010394265040701864,
    "autoEngage": 0.00664272888344537,
    "syncPlayers": 0.1280575540425966,
    "syncUnits": 0.9402877694840054,
    "syncStructures": 0.08387096819057259,
    "syncResources": 0.03165467598026605,
    "sendClientPoses": 0.1866906477178601,
    "effectsAndFog": 16.65719424477584
  },
  "userAgent": "Mozilla/5.0 (Linux; Android 10; K) AppleWebKit/537.36 (KHTML, like Gecko) Chrome/145.0.0.0 Mobile Safari/537.36",
  "timestamp": "2026-04-13T20:14:33.922Z"
}