{
  "buildNumber": "273",
  "buildId": "BF-xNiwv",
  "sessionId": "P_6xpY7hD",
  "durationSec": 16.582,
  "avgFps": 34.63566287478724,
  "minFps": 31.992790271339192,
  "maxFps": 40.321994488695054,
  "avgSectionTimingsMs": {
    "hud": 0.022592592736085257,
    "camera": 0.008888888855775197,
    "autoEngage": 0.004077849866506455,
    "syncPlayers": 0.0736549168216939,
    "syncUnits": 0.033766233688825135,
    "syncResources": 0.02745825610709323,
    "sendClientPoses": 0.004638218868641331,
    "effectsAndFog": 9.825974025786033,
    "syncStructures": 0.1685950411252739
  },
  "userAgent": "Mozilla/5.0 (Linux; Android 10; K) AppleWebKit/537.36 (KHTML, like Gecko) Chrome/145.0.0.0 Mobile Safari/537.36",
  "timestamp": "2026-04-13T20:02:13.471Z"
}