{
  "buildNumber": "277",
  "buildId": "CMEduUks",
  "sessionId": "q0WoIYLvG",
  "durationSec": 14.995,
  "avgFps": 38.08564483485559,
  "minFps": 36.94121099749357,
  "maxFps": 39.361938941941844,
  "avgSectionTimingsMs": {
    "hud": 0.02104316528538148,
    "camera": 0.008093524965450918,
    "autoEngage": 0.00342034215223242,
    "syncPlayers": 0.07531531517570084,
    "syncUnits": 0.0353153158952524,
    "syncResources": 0.025765765303964013,
    "sendClientPoses": 0.005225225235964801,
    "effectsAndFog": 0.049009008665342586,
    "syncStructures": 0.2339285710560424
  },
  "userAgent": "Mozilla/5.0 (Linux; Android 10; K) AppleWebKit/537.36 (KHTML, like Gecko) Chrome/145.0.0.0 Mobile Safari/537.36",
  "timestamp": "2026-04-13T20:25:19.834Z"
}