{
  "buildNumber": "273",
  "buildId": "BF-xNiwv",
  "sessionId": "P_6xpY7hD",
  "durationSec": 4.776,
  "avgFps": 37.49893326751055,
  "minFps": 35.9435983015165,
  "maxFps": 40.321994488695054,
  "avgSectionTimingsMs": {
    "hud": 0.024999999929042088,
    "camera": 0.007738094954263596,
    "autoEngage": 0.0026865670930093792,
    "syncPlayers": 0.06526946147044975,
    "syncUnits": 0.03293413191498397,
    "syncResources": 0.03652694625055005,
    "sendClientPoses": 0.002994011797590884,
    "effectsAndFog": 8.519161676396866,
    "syncStructures": 0.005714285373687744
  },
  "userAgent": "Mozilla/5.0 (Linux; Android 10; K) AppleWebKit/537.36 (KHTML, like Gecko) Chrome/145.0.0.0 Mobile Safari/537.36",
  "timestamp": "2026-04-13T20:02:01.665Z"
}