{
  "buildNumber": "275",
  "buildId": "DlwQSAVw",
  "sessionId": "7MiGiHpAI",
  "durationSec": 3.563,
  "avgFps": 17.055485508970584,
  "minFps": 15.453768091335075,
  "maxFps": 18.675808413531986,
  "avgSectionTimingsMs": {
    "hud": 0.022368422464320536,
    "camera": 0.009210526158935145,
    "autoEngage": 0.005960264545402779,
    "syncPlayers": 0.12133333245913187,
    "syncUnits": 1.3266666662693023,
    "syncStructures": 0.08400000095367431,
    "syncResources": 0.03733333309491475,
    "sendClientPoses": 0.2199999992052714,
    "effectsAndFog": 17.660000001192092
  },
  "userAgent": "Mozilla/5.0 (Linux; Android 10; K) AppleWebKit/537.36 (KHTML, like Gecko) Chrome/145.0.0.0 Mobile Safari/537.36",
  "timestamp": "2026-04-13T20:14:24.791Z"
}