{
  "buildNumber": "276",
  "buildId": "BdYYCv-Z",
  "sessionId": "P2QeoMsYc",
  "durationSec": 40.789,
  "avgFps": 35.8273683137039,
  "minFps": 27.243936640643696,
  "maxFps": 42.24570034076106,
  "avgSectionTimingsMs": {
    "hud": 0.025682657033315005,
    "camera": 0.009446494451748048,
    "autoEngage": 0.005721668402353923,
    "syncPlayers": 0.13471196455388512,
    "syncUnits": 0.6395864109653138,
    "syncResources": 0.02932053155085537,
    "sendClientPoses": 0.10118168414167322,
    "effectsAndFog": 0.0633677993206365,
    "syncStructures": 0.19163879532877817
  },
  "userAgent": "Mozilla/5.0 (Linux; Android 10; K) AppleWebKit/537.36 (KHTML, like Gecko) Chrome/145.0.0.0 Mobile Safari/537.36",
  "timestamp": "2026-04-13T20:20:59.762Z"
}