{
  "buildNumber": "277",
  "buildId": "CMEduUks",
  "sessionId": "q0WoIYLvG",
  "durationSec": 7.058,
  "avgFps": 38.395594538784934,
  "minFps": 38.014368527508694,
  "maxFps": 39.361938941941844,
  "avgSectionTimingsMs": {
    "hud": 0.020377358175673575,
    "camera": 0.005660377358490566,
    "autoEngage": 0.0028355389777113224,
    "syncPlayers": 0.0681818180689306,
    "syncUnits": 0.029166666847286804,
    "syncResources": 0.027651514293569508,
    "sendClientPoses": 0.0041666666440891495,
    "effectsAndFog": 0.046969696314948975,
    "syncStructures": 0.16415094485822715
  },
  "userAgent": "Mozilla/5.0 (Linux; Android 10; K) AppleWebKit/537.36 (KHTML, like Gecko) Chrome/145.0.0.0 Mobile Safari/537.36",
  "timestamp": "2026-04-13T20:25:11.897Z"
}