{
  "buildNumber": "275",
  "buildId": "DlwQSAVw",
  "sessionId": "7MiGiHpAI",
  "durationSec": 15.334,
  "avgFps": 20.470219821400722,
  "minFps": 15.453768091335075,
  "maxFps": 22.854172486012928,
  "avgSectionTimingsMs": {
    "hud": 0.016320475219619025,
    "camera": 0.010682492298612963,
    "autoEngage": 0.0062407132509381775,
    "syncPlayers": 0.125,
    "syncUnits": 0.9020833333155939,
    "syncStructures": 0.07787610656392258,
    "syncResources": 0.029761904495812598,
    "sendClientPoses": 0.1857142857320252,
    "effectsAndFog": 16.653273810055992
  },
  "userAgent": "Mozilla/5.0 (Linux; Android 10; K) AppleWebKit/537.36 (KHTML, like Gecko) Chrome/145.0.0.0 Mobile Safari/537.36",
  "timestamp": "2026-04-13T20:14:36.562Z"
}