{
  "buildNumber": "277",
  "buildId": "CMEduUks",
  "sessionId": "q0WoIYLvG",
  "durationSec": 28.23,
  "avgFps": 37.071881960593274,
  "minFps": 30.267396097498498,
  "maxFps": 39.361938941941844,
  "avgSectionTimingsMs": {
    "hud": 0.023030302891827593,
    "camera": 0.00848484831024902,
    "autoEngage": 0.005255179461835309,
    "syncPlayers": 0.07947421622348627,
    "syncUnits": 0.38998988909596016,
    "syncResources": 0.026086956383123677,
    "sendClientPoses": 0.04782608687817388,
    "effectsAndFog": 0.04944388256516567,
    "syncStructures": 0.20568720381971783
  },
  "userAgent": "Mozilla/5.0 (Linux; Android 10; K) AppleWebKit/537.36 (KHTML, like Gecko) Chrome/145.0.0.0 Mobile Safari/537.36",
  "timestamp": "2026-04-13T20:25:33.069Z"
}