{
  "buildNumber": "274",
  "buildId": "CB7E_Olw",
  "sessionId": "PJns0EXEj",
  "durationSec": 13.149,
  "avgFps": 45.01579110868521,
  "minFps": 41.91157244087777,
  "maxFps": 47.48005890965272,
  "avgSectionTimingsMs": {
    "hud": 0.018617021329436743,
    "camera": 0.0062056739702292365,
    "autoEngage": 0.003105590062111801,
    "syncPlayers": 0.0893428073153826,
    "syncUnits": 0.09715808147223762,
    "syncResources": 0.019893428148638925,
    "sendClientPoses": 0.020603907627068447,
    "effectsAndFog": 0.05310834777503411,
    "syncStructures": 0.37600000023841856
  },
  "userAgent": "Mozilla/5.0 (Linux; Android 10; K) AppleWebKit/537.36 (KHTML, like Gecko) Chrome/145.0.0.0 Mobile Safari/537.36",
  "timestamp": "2026-04-13T20:10:41.634Z"
}