{
  "buildNumber": "276",
  "buildId": "BdYYCv-Z",
  "sessionId": "P2QeoMsYc",
  "durationSec": 11.496,
  "avgFps": 41.0077449458078,
  "minFps": 39.638383967582946,
  "maxFps": 42.24570034076106,
  "avgSectionTimingsMs": {
    "hud": 0.026855895352675924,
    "camera": 0.005895196610663135,
    "autoEngage": 0.0040437158013953535,
    "syncPlayers": 0.1070021887185537,
    "syncUnits": 0.07636761456662769,
    "syncResources": 0.026477023665701534,
    "sendClientPoses": 0.010284464064520871,
    "effectsAndFog": 0.05864332645675025,
    "syncStructures": 0.33023255751576536
  },
  "userAgent": "Mozilla/5.0 (Linux; Android 10; K) AppleWebKit/537.36 (KHTML, like Gecko) Chrome/145.0.0.0 Mobile Safari/537.36",
  "timestamp": "2026-04-13T20:20:30.468Z"
}