{
  "buildNumber": "277",
  "buildId": "CMEduUks",
  "sessionId": "q0WoIYLvG",
  "durationSec": 15.375,
  "avgFps": 38.057535933587076,
  "minFps": 36.94121099749357,
  "maxFps": 39.361938941941844,
  "avgSectionTimingsMs": {
    "hud": 0.02087719278377399,
    "camera": 0.00824561385731948,
    "autoEngage": 0.0034240562995344636,
    "syncPlayers": 0.07557117734726368,
    "syncUnits": 0.03497363849557766,
    "syncResources": 0.025834797398696256,
    "sendClientPoses": 0.005272407732864675,
    "effectsAndFog": 0.0483304039036662,
    "syncStructures": 0.23043478234954504
  },
  "userAgent": "Mozilla/5.0 (Linux; Android 10; K) AppleWebKit/537.36 (KHTML, like Gecko) Chrome/145.0.0.0 Mobile Safari/537.36",
  "timestamp": "2026-04-13T20:25:20.214Z"
}