{
  "buildNumber": "274",
  "buildId": "CB7E_Olw",
  "sessionId": "PJns0EXEj",
  "durationSec": 20.371,
  "avgFps": 43.20499016865519,
  "minFps": 37.22873589649656,
  "maxFps": 47.48005890965272,
  "avgSectionTimingsMs": {
    "hud": 0.01811594206497865,
    "camera": 0.007004831112237368,
    "autoEngage": 0.003987915404253496,
    "syncPlayers": 0.09310761825637633,
    "syncUnits": 0.39915356728301227,
    "syncResources": 0.02055622747183711,
    "sendClientPoses": 0.05755743633014259,
    "effectsAndFog": 0.055501813611788214,
    "syncStructures": 0.28104575163398693
  },
  "userAgent": "Mozilla/5.0 (Linux; Android 10; K) AppleWebKit/537.36 (KHTML, like Gecko) Chrome/145.0.0.0 Mobile Safari/537.36",
  "timestamp": "2026-04-13T20:10:48.856Z"
}