{
  "buildNumber": "276",
  "buildId": "BdYYCv-Z",
  "sessionId": "P2QeoMsYc",
  "durationSec": 0.188,
  "avgFps": 41.125914193165954,
  "minFps": 41.125914193165954,
  "maxFps": 41.125914193165954,
  "avgSectionTimingsMs": {
    "hud": 0.03749999776482582,
    "camera": 0.01249999925494194,
    "autoEngage": 0.0066666662693023685,
    "syncPlayers": 0.18571428741727555,
    "syncUnits": 0.04285714456013271,
    "syncResources": 0.07142857142857142,
    "sendClientPoses": 0,
    "effectsAndFog": 0.1714285739830562,
    "syncStructures": 0.09999999403953552
  },
  "userAgent": "Mozilla/5.0 (Linux; Android 10; K) AppleWebKit/537.36 (KHTML, like Gecko) Chrome/145.0.0.0 Mobile Safari/537.36",
  "timestamp": "2026-04-13T20:20:19.160Z"
}