{
  "buildNumber": "275",
  "buildId": "DlwQSAVw",
  "sessionId": "7MiGiHpAI",
  "durationSec": 10.547,
  "avgFps": 19.484859500721917,
  "minFps": 15.453768091335075,
  "maxFps": 21.941039611840484,
  "avgSectionTimingsMs": {
    "hud": 0.01956521829833155,
    "camera": 0.009999999792679496,
    "autoEngage": 0.006971677469012524,
    "syncPlayers": 0.13362445399230224,
    "syncUnits": 0.9995633190636031,
    "syncStructures": 0.08441558364149812,
    "syncResources": 0.032314410376236426,
    "sendClientPoses": 0.19388646303826546,
    "effectsAndFog": 16.857205239966447
  },
  "userAgent": "Mozilla/5.0 (Linux; Android 10; K) AppleWebKit/537.36 (KHTML, like Gecko) Chrome/145.0.0.0 Mobile Safari/537.36",
  "timestamp": "2026-04-13T20:14:31.776Z"
}