{
  "buildNumber": "273",
  "buildId": "BF-xNiwv",
  "sessionId": "P_6xpY7hD",
  "durationSec": 4.484,
  "avgFps": 37.60790578105154,
  "minFps": 35.9435983015165,
  "maxFps": 40.321994488695054,
  "avgSectionTimingsMs": {
    "hud": 0.024840764179351223,
    "camera": 0.007643311836157635,
    "autoEngage": 0.002555910486001938,
    "syncPlayers": 0.06538461569028023,
    "syncUnits": 0.03076923084564698,
    "syncResources": 0.03717948744694392,
    "sendClientPoses": 0.003205128014087677,
    "effectsAndFog": 8.64358974343691,
    "syncStructures": 0.006060605699365789
  },
  "userAgent": "Mozilla/5.0 (Linux; Android 10; K) AppleWebKit/537.36 (KHTML, like Gecko) Chrome/145.0.0.0 Mobile Safari/537.36",
  "timestamp": "2026-04-13T20:02:01.373Z"
}