{
  "buildNumber": "276",
  "buildId": "BdYYCv-Z",
  "sessionId": "P2QeoMsYc",
  "durationSec": 30.439,
  "avgFps": 37.605169581556424,
  "minFps": 30.805502326874386,
  "maxFps": 42.24570034076106,
  "avgSectionTimingsMs": {
    "hud": 0.025162488581853104,
    "camera": 0.007799442985485081,
    "autoEngage": 0.0049233626915142804,
    "syncPlayers": 0.11719330868313303,
    "syncUnits": 0.3805762083169253,
    "syncResources": 0.02657992542343955,
    "sendClientPoses": 0.07109665449667155,
    "effectsAndFog": 0.05985130131466238,
    "syncStructures": 0.22699114983588192
  },
  "userAgent": "Mozilla/5.0 (Linux; Android 10; K) AppleWebKit/537.36 (KHTML, like Gecko) Chrome/145.0.0.0 Mobile Safari/537.36",
  "timestamp": "2026-04-13T20:20:49.411Z"
}