{
  "buildNumber": "274",
  "buildId": "CB7E_Olw",
  "sessionId": "PJns0EXEj",
  "durationSec": 28.926,
  "avgFps": 41.02869386525281,
  "minFps": 31.192882327528594,
  "maxFps": 47.48005890965272,
  "avgSectionTimingsMs": {
    "hud": 0.018481244161820478,
    "camera": 0.007959743895229679,
    "autoEngage": 0.00439359266097813,
    "syncPlayers": 0.10109890140456594,
    "syncUnits": 0.6240842492752896,
    "syncResources": 0.020787545749337683,
    "sendClientPoses": 0.08699633694175399,
    "effectsAndFog": 0.056593406413282664,
    "syncStructures": 0.22744186035422392
  },
  "userAgent": "Mozilla/5.0 (Linux; Android 10; K) AppleWebKit/537.36 (KHTML, like Gecko) Chrome/145.0.0.0 Mobile Safari/537.36",
  "timestamp": "2026-04-13T20:10:57.411Z"
}