{
  "buildNumber": "277",
  "buildId": "CMEduUks",
  "sessionId": "q0WoIYLvG",
  "durationSec": 16.782,
  "avgFps": 37.98776129884795,
  "minFps": 36.94121099749357,
  "maxFps": 39.361938941941844,
  "avgSectionTimingsMs": {
    "hud": 0.021314102487686355,
    "camera": 0.008012820321779985,
    "autoEngage": 0.003849238324566851,
    "syncPlayers": 0.0744783305719997,
    "syncUnits": 0.03483146113339052,
    "syncResources": 0.025521669016603864,
    "sendClientPoses": 0.005136436577976037,
    "effectsAndFog": 0.04719101091066486,
    "syncStructures": 0.2373015871123662
  },
  "userAgent": "Mozilla/5.0 (Linux; Android 10; K) AppleWebKit/537.36 (KHTML, like Gecko) Chrome/145.0.0.0 Mobile Safari/537.36",
  "timestamp": "2026-04-13T20:25:21.621Z"
}