{
  "buildNumber": "273",
  "buildId": "BF-xNiwv",
  "sessionId": "P_6xpY7hD",
  "durationSec": 21.914,
  "avgFps": 33.96510899996656,
  "minFps": 31.135007847593187,
  "maxFps": 40.321994488695054,
  "avgSectionTimingsMs": {
    "hud": 0.02389758185166892,
    "camera": 0.008534850555327675,
    "autoEngage": 0.003914590726119343,
    "syncPlayers": 0.07549857579574966,
    "syncUnits": 0.03333333321446367,
    "syncResources": 0.029059829153226652,
    "sendClientPoses": 0.005270655296127341,
    "effectsAndFog": 10.046153845780255,
    "syncStructures": 0.15187499970197677
  },
  "userAgent": "Mozilla/5.0 (Linux; Android 10; K) AppleWebKit/537.36 (KHTML, like Gecko) Chrome/145.0.0.0 Mobile Safari/537.36",
  "timestamp": "2026-04-13T20:02:18.803Z"
}