{
  "buildNumber": "273",
  "buildId": "BF-xNiwv",
  "sessionId": "P_6xpY7hD",
  "durationSec": 53.269,
  "avgFps": 29.368596797360468,
  "minFps": 18.005645273948964,
  "maxFps": 40.321994488695054,
  "avgSectionTimingsMs": {
    "hud": 0.026134699932129107,
    "camera": 0.00797950215692227,
    "autoEngage": 0.005236177228824947,
    "syncPlayers": 0.08534798587198222,
    "syncUnits": 0.5498901097765773,
    "syncResources": 0.02732600722557459,
    "sendClientPoses": 0.09120879131795723,
    "effectsAndFog": 16.403223443205977,
    "syncStructures": 0.14305177136078193
  },
  "userAgent": "Mozilla/5.0 (Linux; Android 10; K) AppleWebKit/537.36 (KHTML, like Gecko) Chrome/145.0.0.0 Mobile Safari/537.36",
  "timestamp": "2026-04-13T20:02:50.159Z"
}