{
  "buildNumber": "274",
  "buildId": "CB7E_Olw",
  "sessionId": "PJns0EXEj",
  "durationSec": 14.899,
  "avgFps": 44.64234802004574,
  "minFps": 41.18367933065833,
  "maxFps": 47.48005890965272,
  "avgSectionTimingsMs": {
    "hud": 0.01806656097647883,
    "camera": 0.006339144546143038,
    "autoEngage": 0.0034099920556055563,
    "syncPlayers": 0.0909523816335769,
    "syncUnits": 0.1888888890308047,
    "syncResources": 0.020793651020716106,
    "sendClientPoses": 0.030317459976862346,
    "effectsAndFog": 0.05349206318930974,
    "syncStructures": 0.35087719272103224
  },
  "userAgent": "Mozilla/5.0 (Linux; Android 10; K) AppleWebKit/537.36 (KHTML, like Gecko) Chrome/145.0.0.0 Mobile Safari/537.36",
  "timestamp": "2026-04-13T20:10:43.384Z"
}