{
  "buildNumber": "276",
  "buildId": "BdYYCv-Z",
  "sessionId": "P2QeoMsYc",
  "durationSec": 50.802,
  "avgFps": 34.223603185947525,
  "minFps": 23.512293066686027,
  "maxFps": 42.24570034076106,
  "avgSectionTimingsMs": {
    "hud": 0.02633900460613998,
    "camera": 0.010207939482215973,
    "autoEngage": 0.006271667099885673,
    "syncPlayers": 0.1447667087349585,
    "syncUnits": 0.7569356875078375,
    "syncResources": 0.029382093237597884,
    "sendClientPoses": 0.12156368218935452,
    "effectsAndFog": 0.06261034065582713,
    "syncStructures": 0.2201072382703224
  },
  "userAgent": "Mozilla/5.0 (Linux; Android 10; K) AppleWebKit/537.36 (KHTML, like Gecko) Chrome/145.0.0.0 Mobile Safari/537.36",
  "timestamp": "2026-04-13T20:21:09.775Z"
}