{
  "buildNumber": "277",
  "buildId": "CMEduUks",
  "sessionId": "q0WoIYLvG",
  "durationSec": 19.903,
  "avgFps": 37.98642814714036,
  "minFps": 36.94121099749357,
  "maxFps": 39.361938941941844,
  "avgSectionTimingsMs": {
    "hud": 0.021621621420254578,
    "camera": 0.007972972779660612,
    "autoEngage": 0.004192021789383131,
    "syncPlayers": 0.07550744246565441,
    "syncUnits": 0.06075778123651693,
    "syncResources": 0.02449255721978793,
    "sendClientPoses": 0.010419485775479121,
    "effectsAndFog": 0.04925575074065522,
    "syncStructures": 0.24765100655139693
  },
  "userAgent": "Mozilla/5.0 (Linux; Android 10; K) AppleWebKit/537.36 (KHTML, like Gecko) Chrome/145.0.0.0 Mobile Safari/537.36",
  "timestamp": "2026-04-13T20:25:24.743Z"
}