{
  "buildNumber": "273",
  "buildId": "BF-xNiwv",
  "sessionId": "P_6xpY7hD",
  "durationSec": 55.696,
  "avgFps": 29.018756436756913,
  "minFps": 18.005645273948964,
  "maxFps": 40.321994488695054,
  "avgSectionTimingsMs": {
    "hud": 0.026241134815182247,
    "camera": 0.007801418418579913,
    "autoEngage": 0.005214615118084922,
    "syncPlayers": 0.08587650864829909,
    "syncUnits": 0.5628105038188721,
    "syncResources": 0.027253371062559636,
    "sendClientPoses": 0.09808374741468301,
    "effectsAndFog": 16.875656494018116,
    "syncStructures": 0.14015748048704754
  },
  "userAgent": "Mozilla/5.0 (Linux; Android 10; K) AppleWebKit/537.36 (KHTML, like Gecko) Chrome/145.0.0.0 Mobile Safari/537.36",
  "timestamp": "2026-04-13T20:02:52.587Z"
}