{
  "buildNumber": "274",
  "buildId": "CB7E_Olw",
  "sessionId": "PJns0EXEj",
  "durationSec": 1.682,
  "avgFps": 46.53869900048022,
  "minFps": 45.86004418223954,
  "maxFps": 47.48005890965272,
  "avgSectionTimingsMs": {
    "hud": 0.022972972409145254,
    "camera": 0.004054054215147688,
    "autoEngage": 0,
    "syncPlayers": 0.08904109589041095,
    "syncUnits": 0.019178081865180028,
    "syncResources": 0.031506850294870874,
    "sendClientPoses": 0.0054794521364447185,
    "effectsAndFog": 0.06301369936498877,
    "syncStructures": 0
  },
  "userAgent": "Mozilla/5.0 (Linux; Android 10; K) AppleWebKit/537.36 (KHTML, like Gecko) Chrome/145.0.0.0 Mobile Safari/537.36",
  "timestamp": "2026-04-13T20:10:30.167Z"
}