{
  "buildNumber": "276",
  "buildId": "BdYYCv-Z",
  "sessionId": "P2QeoMsYc",
  "durationSec": 25.763,
  "avgFps": 38.44030332925577,
  "minFps": 32.74417441448303,
  "maxFps": 42.24570034076106,
  "avgSectionTimingsMs": {
    "hud": 0.02689434392347916,
    "camera": 0.0071504803388324845,
    "autoEngage": 0.005072076802449753,
    "syncPlayers": 0.11431623931623931,
    "syncUnits": 0.2992521370004894,
    "syncResources": 0.026495726349262092,
    "sendClientPoses": 0.058119658221546404,
    "effectsAndFog": 0.059615384882841356,
    "syncStructures": 0.2528795809021795
  },
  "userAgent": "Mozilla/5.0 (Linux; Android 10; K) AppleWebKit/537.36 (KHTML, like Gecko) Chrome/145.0.0.0 Mobile Safari/537.36",
  "timestamp": "2026-04-13T20:20:44.735Z"
}