{
  "buildNumber": "273",
  "buildId": "BF-xNiwv",
  "sessionId": "P_6xpY7hD",
  "durationSec": 58.421,
  "avgFps": 28.660204378463597,
  "minFps": 18.005645273948964,
  "maxFps": 40.321994488695054,
  "avgSectionTimingsMs": {
    "hud": 0.02620027442200848,
    "camera": 0.00775034290282324,
    "autoEngage": 0.005180102924130997,
    "syncPlayers": 0.08675360378944146,
    "syncUnits": 0.5706245709586487,
    "syncResources": 0.027385037671071498,
    "sendClientPoses": 0.10494166107397007,
    "effectsAndFog": 17.38949897046685,
    "syncStructures": 0.13753148635628842
  },
  "userAgent": "Mozilla/5.0 (Linux; Android 10; K) AppleWebKit/537.36 (KHTML, like Gecko) Chrome/145.0.0.0 Mobile Safari/537.36",
  "timestamp": "2026-04-13T20:02:55.311Z"
}