{
  "buildNumber": "274",
  "buildId": "CB7E_Olw",
  "sessionId": "PJns0EXEj",
  "durationSec": 6.261,
  "avgFps": 45.95622229126329,
  "minFps": 44.792959703402545,
  "maxFps": 47.48005890965272,
  "avgSectionTimingsMs": {
    "hud": 0.01949458507424227,
    "camera": 0.005415162670052869,
    "autoEngage": 0.0021699818952605264,
    "syncPlayers": 0.08224637774021729,
    "syncUnits": 0.020289854726929596,
    "syncResources": 0.024637681094632633,
    "sendClientPoses": 0.005797101427679477,
    "effectsAndFog": 0.05289855037910351,
    "syncStructures": 0.25833333283662796
  },
  "userAgent": "Mozilla/5.0 (Linux; Android 10; K) AppleWebKit/537.36 (KHTML, like Gecko) Chrome/145.0.0.0 Mobile Safari/537.36",
  "timestamp": "2026-04-13T20:10:34.746Z"
}