{
  "buildNumber": "277",
  "buildId": "CMEduUks",
  "sessionId": "q0WoIYLvG",
  "durationSec": 28.567,
  "avgFps": 37.010580286151004,
  "minFps": 30.267396097498498,
  "maxFps": 39.361938941941844,
  "avgSectionTimingsMs": {
    "hud": 0.022922922779728582,
    "camera": 0.008408408235381913,
    "autoEngage": 0.005508262453284571,
    "syncPlayers": 0.07995991970231395,
    "syncUnits": 0.4057114231801463,
    "syncResources": 0.025951903694139453,
    "sendClientPoses": 0.049999999856662175,
    "effectsAndFog": 0.04989979946183298,
    "syncStructures": 0.20469483565276778
  },
  "userAgent": "Mozilla/5.0 (Linux; Android 10; K) AppleWebKit/537.36 (KHTML, like Gecko) Chrome/145.0.0.0 Mobile Safari/537.36",
  "timestamp": "2026-04-13T20:25:33.406Z"
}