{
  "buildNumber": "275",
  "buildId": "DlwQSAVw",
  "sessionId": "7MiGiHpAI",
  "durationSec": 21.711,
  "avgFps": 21.19484013828666,
  "minFps": 15.453768091335075,
  "maxFps": 23.285890513152527,
  "avgSectionTimingsMs": {
    "hud": 0.0171548118152379,
    "camera": 0.010878660875883062,
    "autoEngage": 0.006701570655662976,
    "syncPlayers": 0.12389937105668666,
    "syncUnits": 0.8490566035236703,
    "syncStructures": 0.07375000026077032,
    "syncResources": 0.02851153019839113,
    "sendClientPoses": 0.1955974843641997,
    "effectsAndFog": 16.548637317036683
  },
  "userAgent": "Mozilla/5.0 (Linux; Android 10; K) AppleWebKit/537.36 (KHTML, like Gecko) Chrome/145.0.0.0 Mobile Safari/537.36",
  "timestamp": "2026-04-13T20:14:42.940Z"
}