{
  "buildNumber": "277",
  "buildId": "CMEduUks",
  "sessionId": "q0WoIYLvG",
  "durationSec": 38.516,
  "avgFps": 35.11073784017014,
  "minFps": 26.510727529094936,
  "maxFps": 39.361938941941844,
  "avgSectionTimingsMs": {
    "hud": 0.022503961780936516,
    "camera": 0.009746434122749063,
    "autoEngage": 0.006262386088516804,
    "syncPlayers": 0.08651863564393711,
    "syncUnits": 0.754718477625775,
    "syncResources": 0.026169706393006677,
    "sendClientPoses": 0.07747819175992478,
    "effectsAndFog": 0.04964314040733083,
    "syncStructures": 0.16725352165144933
  },
  "userAgent": "Mozilla/5.0 (Linux; Android 10; K) AppleWebKit/537.36 (KHTML, like Gecko) Chrome/145.0.0.0 Mobile Safari/537.36",
  "timestamp": "2026-04-13T20:25:43.355Z"
}