{
  "buildNumber": "276",
  "buildId": "BdYYCv-Z",
  "sessionId": "P2QeoMsYc",
  "durationSec": 15.848,
  "avgFps": 40.19525896870633,
  "minFps": 36.74621807043228,
  "maxFps": 42.24570034076106,
  "avgSectionTimingsMs": {
    "hud": 0.025779967433321848,
    "camera": 0.006403941043296275,
    "autoEngage": 0.004601478992962113,
    "syncPlayers": 0.10805921065375994,
    "syncUnits": 0.18009868386740746,
    "syncResources": 0.027302631324059086,
    "sendClientPoses": 0.0355263159757382,
    "effectsAndFog": 0.05904605303351816,
    "syncStructures": 0.27033898310135984
  },
  "userAgent": "Mozilla/5.0 (Linux; Android 10; K) AppleWebKit/537.36 (KHTML, like Gecko) Chrome/145.0.0.0 Mobile Safari/537.36",
  "timestamp": "2026-04-13T20:20:34.820Z"
}