{
  "buildNumber": "276",
  "buildId": "BdYYCv-Z",
  "sessionId": "P2QeoMsYc",
  "durationSec": 18.073,
  "avgFps": 39.78042205877206,
  "minFps": 36.502310748463614,
  "maxFps": 42.24570034076106,
  "avgSectionTimingsMs": {
    "hud": 0.026995646244209633,
    "camera": 0.005950653241576927,
    "autoEngage": 0.004793028253182693,
    "syncPlayers": 0.11031976762379325,
    "syncUnits": 0.19098837192841742,
    "syncResources": 0.027470930024634962,
    "sendClientPoses": 0.034883721016867215,
    "effectsAndFog": 0.05872093063107757,
    "syncStructures": 0.2962686566274558
  },
  "userAgent": "Mozilla/5.0 (Linux; Android 10; K) AppleWebKit/537.36 (KHTML, like Gecko) Chrome/145.0.0.0 Mobile Safari/537.36",
  "timestamp": "2026-04-13T20:20:37.045Z"
}