{
  "buildNumber": "274",
  "buildId": "CB7E_Olw",
  "sessionId": "PJns0EXEj",
  "durationSec": 13.847,
  "avgFps": 44.87397401218634,
  "minFps": 41.91157244087777,
  "maxFps": 47.48005890965272,
  "avgSectionTimingsMs": {
    "hud": 0.018443316422944948,
    "camera": 0.006091370800424953,
    "autoEngage": 0.003302286177949316,
    "syncPlayers": 0.09000000069707127,
    "syncUnits": 0.12830508477607017,
    "syncResources": 0.020000000171742197,
    "sendClientPoses": 0.025084745580867186,
    "effectsAndFog": 0.05355932161969654,
    "syncStructures": 0.36603773568036424
  },
  "userAgent": "Mozilla/5.0 (Linux; Android 10; K) AppleWebKit/537.36 (KHTML, like Gecko) Chrome/145.0.0.0 Mobile Safari/537.36",
  "timestamp": "2026-04-13T20:10:42.333Z"
}