{
  "buildNumber": "273",
  "buildId": "BF-xNiwv",
  "sessionId": "P_6xpY7hD",
  "durationSec": 25.658,
  "avgFps": 33.63928915293592,
  "minFps": 31.135007847593187,
  "maxFps": 40.321994488695054,
  "avgSectionTimingsMs": {
    "hud": 0.024817518291682224,
    "camera": 0.008272505988459808,
    "autoEngage": 0.003834449167448939,
    "syncPlayers": 0.07588306984134771,
    "syncUnits": 0.033739342214709804,
    "syncResources": 0.02740560295956434,
    "sendClientPoses": 0.005602923329651864,
    "effectsAndFog": 10.059196101943991,
    "syncStructures": 0.20374331499803514
  },
  "userAgent": "Mozilla/5.0 (Linux; Android 10; K) AppleWebKit/537.36 (KHTML, like Gecko) Chrome/145.0.0.0 Mobile Safari/537.36",
  "timestamp": "2026-04-13T20:02:22.547Z"
}