{
  "buildNumber": "276",
  "buildId": "BdYYCv-Z",
  "sessionId": "P2QeoMsYc",
  "durationSec": 26.266,
  "avgFps": 38.34388964924436,
  "minFps": 32.55813081086227,
  "maxFps": 42.24570034076106,
  "avgSectionTimingsMs": {
    "hud": 0.026547744229107564,
    "camera": 0.007345225697174152,
    "autoEngage": 0.004986876562198629,
    "syncPlayers": 0.11512605041390707,
    "syncUnits": 0.30535714303245065,
    "syncResources": 0.026575630108098023,
    "sendClientPoses": 0.05913865553731678,
    "effectsAndFog": 0.059453781819393654,
    "syncStructures": 0.2492307688945379
  },
  "userAgent": "Mozilla/5.0 (Linux; Android 10; K) AppleWebKit/537.36 (KHTML, like Gecko) Chrome/145.0.0.0 Mobile Safari/537.36",
  "timestamp": "2026-04-13T20:20:45.240Z"
}