{
  "buildNumber": "273",
  "buildId": "BF-xNiwv",
  "sessionId": "P_6xpY7hD",
  "durationSec": 65.165,
  "avgFps": 27.86728979455113,
  "minFps": 18.005645273948964,
  "maxFps": 40.321994488695054,
  "avgSectionTimingsMs": {
    "hud": 0.025808497176717637,
    "camera": 0.00798985407408386,
    "autoEngage": 0.0054234063061993345,
    "syncPlayers": 0.08889593949853467,
    "syncUnits": 0.5895304567166392,
    "syncResources": 0.027157360281284692,
    "sendClientPoses": 0.11922588861230667,
    "effectsAndFog": 18.52284263942372,
    "syncStructures": 0.12831050239197195
  },
  "userAgent": "Mozilla/5.0 (Linux; Android 10; K) AppleWebKit/537.36 (KHTML, like Gecko) Chrome/145.0.0.0 Mobile Safari/537.36",
  "timestamp": "2026-04-13T20:03:02.054Z"
}