{
  "buildNumber": "273",
  "buildId": "BF-xNiwv",
  "sessionId": "P_6xpY7hD",
  "durationSec": 23.594,
  "avgFps": 33.80780471465738,
  "minFps": 31.135007847593187,
  "maxFps": 40.321994488695054,
  "avgSectionTimingsMs": {
    "hud": 0.024668435005357474,
    "camera": 0.008355437563015865,
    "autoEngage": 0.0037159920134288075,
    "syncPlayers": 0.07529880500251396,
    "syncUnits": 0.033067729052002844,
    "syncResources": 0.028021248371635932,
    "sendClientPoses": 0.005843293579767741,
    "effectsAndFog": 10.11912350544575,
    "syncStructures": 0.17674418556135754
  },
  "userAgent": "Mozilla/5.0 (Linux; Android 10; K) AppleWebKit/537.36 (KHTML, like Gecko) Chrome/145.0.0.0 Mobile Safari/537.36",
  "timestamp": "2026-04-13T20:02:20.484Z"
}