{
  "buildNumber": "277",
  "buildId": "CMEduUks",
  "sessionId": "q0WoIYLvG",
  "durationSec": 27.094,
  "avgFps": 37.2719254988288,
  "minFps": 31.02319479666466,
  "maxFps": 39.361938941941844,
  "avgSectionTimingsMs": {
    "hud": 0.02354166650523742,
    "camera": 0.008020833134651184,
    "autoEngage": 0.005002605613785028,
    "syncPlayers": 0.07893639196941825,
    "syncUnits": 0.3194994789716225,
    "syncResources": 0.026068821502800904,
    "sendClientPoses": 0.042022940544440675,
    "effectsAndFog": 0.04963503642798216,
    "syncStructures": 0.20985221657259712
  },
  "userAgent": "Mozilla/5.0 (Linux; Android 10; K) AppleWebKit/537.36 (KHTML, like Gecko) Chrome/145.0.0.0 Mobile Safari/537.36",
  "timestamp": "2026-04-13T20:25:31.933Z"
}