{
  "buildNumber": "277",
  "buildId": "CMEduUks",
  "sessionId": "q0WoIYLvG",
  "durationSec": 4.271,
  "avgFps": 38.48180537751791,
  "minFps": 38.293317991131715,
  "maxFps": 39.361938941941844,
  "avgSectionTimingsMs": {
    "hud": 0.020754716868670482,
    "camera": 0.007547169923782349,
    "autoEngage": 0.0031545744145330193,
    "syncPlayers": 0.07278481031520458,
    "syncUnits": 0.027848101303547243,
    "syncResources": 0.02468354358703275,
    "sendClientPoses": 0.0018987340640418137,
    "effectsAndFog": 0.04303797362725946,
    "syncStructures": 0.17812500149011612
  },
  "userAgent": "Mozilla/5.0 (Linux; Android 10; K) AppleWebKit/537.36 (KHTML, like Gecko) Chrome/145.0.0.0 Mobile Safari/537.36",
  "timestamp": "2026-04-13T20:25:09.110Z"
}