{
  "buildNumber": "277",
  "buildId": "CMEduUks",
  "sessionId": "q0WoIYLvG",
  "durationSec": 2.816,
  "avgFps": 29.022528893794522,
  "minFps": 28.48434442172548,
  "maxFps": 30.259186777423363,
  "avgSectionTimingsMs": {
    "hud": 0.025974025974025976,
    "camera": 0.014285714595348805,
    "autoEngage": 0.011764705570694667,
    "syncPlayers": 0.11578947423320067,
    "syncUnits": 1.8118421058905751,
    "syncResources": 0.02763158082962036,
    "sendClientPoses": 0.19605263126523872,
    "effectsAndFog": 0.04736842097420441,
    "syncStructures": 0.08947368201456572
  },
  "userAgent": "Mozilla/5.0 (Linux; Android 10; K) AppleWebKit/537.36 (KHTML, like Gecko) Chrome/145.0.0.0 Mobile Safari/537.36",
  "timestamp": "2026-04-13T20:26:02.431Z"
}