{
  "buildNumber": "276",
  "buildId": "BdYYCv-Z",
  "sessionId": "P2QeoMsYc",
  "durationSec": 54.107,
  "avgFps": 33.7297857732871,
  "minFps": 23.47566485001089,
  "maxFps": 42.24570034076106,
  "avgSectionTimingsMs": {
    "hud": 0.02650240405749243,
    "camera": 0.010096153799587717,
    "autoEngage": 0.006311992705674511,
    "syncPlayers": 0.14834636193546127,
    "syncUnits": 0.8065544198918472,
    "syncResources": 0.02928442565776896,
    "sendClientPoses": 0.1257967527774322,
    "effectsAndFog": 0.06313890586111535,
    "syncStructures": 0.21127819521982866
  },
  "userAgent": "Mozilla/5.0 (Linux; Android 10; K) AppleWebKit/537.36 (KHTML, like Gecko) Chrome/145.0.0.0 Mobile Safari/537.36",
  "timestamp": "2026-04-13T20:21:13.079Z"
}