{
  "buildNumber": "277",
  "buildId": "CMEduUks",
  "sessionId": "q0WoIYLvG",
  "durationSec": 22.802,
  "avgFps": 37.84731690640875,
  "minFps": 35.221455159829034,
  "maxFps": 39.361938941941844,
  "avgSectionTimingsMs": {
    "hud": 0.023233532762812998,
    "camera": 0.007784430959267531,
    "autoEngage": 0.004673457292113352,
    "syncPlayers": 0.07661870511458646,
    "syncUnits": 0.1641486813481763,
    "syncResources": 0.025779376177193163,
    "sendClientPoses": 0.025659472250538193,
    "effectsAndFog": 0.0485611507575289,
    "syncStructures": 0.23684210543744047
  },
  "userAgent": "Mozilla/5.0 (Linux; Android 10; K) AppleWebKit/537.36 (KHTML, like Gecko) Chrome/145.0.0.0 Mobile Safari/537.36",
  "timestamp": "2026-04-13T20:25:27.641Z"
}