{
  "buildNumber": "276",
  "buildId": "BdYYCv-Z",
  "sessionId": "P2QeoMsYc",
  "durationSec": 7.832,
  "avgFps": 41.51242892876149,
  "minFps": 40.51320644167809,
  "maxFps": 42.24570034076106,
  "avgSectionTimingsMs": {
    "hud": 0.02767295629348395,
    "camera": 0.006918239143659484,
    "autoEngage": 0.0033070866047866703,
    "syncPlayers": 0.10504731930768828,
    "syncUnits": 0.03564668707667089,
    "syncResources": 0.025236592777896003,
    "sendClientPoses": 0.0022082018551390255,
    "effectsAndFog": 0.05646687727245247,
    "syncStructures": 0.30862068873027276
  },
  "userAgent": "Mozilla/5.0 (Linux; Android 10; K) AppleWebKit/537.36 (KHTML, like Gecko) Chrome/145.0.0.0 Mobile Safari/537.36",
  "timestamp": "2026-04-13T20:20:26.804Z"
}