{
  "buildNumber": "276",
  "buildId": "BdYYCv-Z",
  "sessionId": "P2QeoMsYc",
  "durationSec": 0.353,
  "avgFps": 41.125914193165954,
  "minFps": 41.125914193165954,
  "maxFps": 41.125914193165954,
  "avgSectionTimingsMs": {
    "hud": 0.03999999761581421,
    "camera": 0.013333334525426229,
    "autoEngage": 0.0034482756565357075,
    "syncPlayers": 0.16428571513720922,
    "syncUnits": 0.028571428997176036,
    "syncResources": 0.04285714243139539,
    "sendClientPoses": 0,
    "effectsAndFog": 0.1214285705770765,
    "syncStructures": 0.06666666269302368
  },
  "userAgent": "Mozilla/5.0 (Linux; Android 10; K) AppleWebKit/537.36 (KHTML, like Gecko) Chrome/145.0.0.0 Mobile Safari/537.36",
  "timestamp": "2026-04-13T20:20:19.325Z"
}