{
  "buildNumber": "273",
  "buildId": "BF-xNiwv",
  "sessionId": "P_6xpY7hD",
  "durationSec": 24.38,
  "avgFps": 33.73560850531299,
  "minFps": 31.135007847593187,
  "maxFps": 40.321994488695054,
  "avgSectionTimingsMs": {
    "hud": 0.025128205120563508,
    "camera": 0.008333333218709016,
    "autoEngage": 0.003592046160511362,
    "syncPlayers": 0.07560975633475532,
    "syncUnits": 0.033504492893757655,
    "syncResources": 0.027342747165241658,
    "sendClientPoses": 0.005648267093151617,
    "effectsAndFog": 10.093068035446175,
    "syncStructures": 0.20505617910556578
  },
  "userAgent": "Mozilla/5.0 (Linux; Android 10; K) AppleWebKit/537.36 (KHTML, like Gecko) Chrome/145.0.0.0 Mobile Safari/537.36",
  "timestamp": "2026-04-13T20:02:21.269Z"
}