{
  "buildNumber": "274",
  "buildId": "CB7E_Olw",
  "sessionId": "PJns0EXEj",
  "durationSec": 21.865,
  "avgFps": 42.856293368764625,
  "minFps": 37.171551922372416,
  "maxFps": 47.48005890965272,
  "avgSectionTimingsMs": {
    "hud": 0.018316268446231188,
    "camera": 0.007622298221946169,
    "autoEngage": 0.004097894130949955,
    "syncPlayers": 0.09373576345096145,
    "syncUnits": 0.43405466983285745,
    "syncResources": 0.020501139087937686,
    "sendClientPoses": 0.06252847364117181,
    "effectsAndFog": 0.05466970366877684,
    "syncStructures": 0.2658536583185196
  },
  "userAgent": "Mozilla/5.0 (Linux; Android 10; K) AppleWebKit/537.36 (KHTML, like Gecko) Chrome/145.0.0.0 Mobile Safari/537.36",
  "timestamp": "2026-04-13T20:10:50.351Z"
}