{
  "buildNumber": "276",
  "buildId": "BdYYCv-Z",
  "sessionId": "P2QeoMsYc",
  "durationSec": 23.853,
  "avgFps": 38.81263262141044,
  "minFps": 33.65631007019205,
  "maxFps": 42.24570034076106,
  "avgSectionTimingsMs": {
    "hud": 0.027023945560205213,
    "camera": 0.00672748015435283,
    "autoEngage": 0.005019965694757169,
    "syncPlayers": 0.11312785387447435,
    "syncUnits": 0.2721461188983699,
    "syncResources": 0.026255707592452496,
    "sendClientPoses": 0.0517123288827944,
    "effectsAndFog": 0.059817351911165946,
    "syncStructures": 0.266101695049954
  },
  "userAgent": "Mozilla/5.0 (Linux; Android 10; K) AppleWebKit/537.36 (KHTML, like Gecko) Chrome/145.0.0.0 Mobile Safari/537.36",
  "timestamp": "2026-04-13T20:20:42.825Z"
}