{
  "buildNumber": "276",
  "buildId": "BdYYCv-Z",
  "sessionId": "P2QeoMsYc",
  "durationSec": 6.352,
  "avgFps": 41.64124260990039,
  "minFps": 41.125914193165954,
  "maxFps": 42.24570034076106,
  "avgSectionTimingsMs": {
    "hud": 0.026235741920797542,
    "camera": 0.007604562964276216,
    "autoEngage": 0.003047619036265782,
    "syncPlayers": 0.10458015360450017,
    "syncUnits": 0.03473282394973376,
    "syncResources": 0.026717557138159074,
    "sendClientPoses": 0.002290076313127998,
    "effectsAndFog": 0.055343511564131004,
    "syncStructures": 0.19999999949272643
  },
  "userAgent": "Mozilla/5.0 (Linux; Android 10; K) AppleWebKit/537.36 (KHTML, like Gecko) Chrome/145.0.0.0 Mobile Safari/537.36",
  "timestamp": "2026-04-13T20:20:25.324Z"
}