{
  "buildNumber": "276",
  "buildId": "BdYYCv-Z",
  "sessionId": "P2QeoMsYc",
  "durationSec": 54.445,
  "avgFps": 33.68135018890539,
  "minFps": 23.47566485001089,
  "maxFps": 42.24570034076106,
  "avgSectionTimingsMs": {
    "hud": 0.026435406905327117,
    "camera": 0.010167464061359469,
    "autoEngage": 0.006311696008262326,
    "syncPlayers": 0.14853381202793065,
    "syncUnits": 0.8113704370139674,
    "syncResources": 0.029323758157265536,
    "sendClientPoses": 0.12752842601725328,
    "effectsAndFog": 0.06343506907075554,
    "syncStructures": 0.21047381525325062
  },
  "userAgent": "Mozilla/5.0 (Linux; Android 10; K) AppleWebKit/537.36 (KHTML, like Gecko) Chrome/145.0.0.0 Mobile Safari/537.36",
  "timestamp": "2026-04-13T20:21:13.418Z"
}