{
  "buildNumber": "277",
  "buildId": "CMEduUks",
  "sessionId": "q0WoIYLvG",
  "durationSec": 0.775,
  "avgFps": 38.86387391350601,
  "minFps": 38.52145420645638,
  "maxFps": 39.361938941941844,
  "avgSectionTimingsMs": {
    "hud": 0.02222222089767456,
    "camera": 0.0037037034829457602,
    "autoEngage": 0.003773585243045159,
    "syncPlayers": 0.09615384271511665,
    "syncUnits": 0.019230770377012398,
    "syncResources": 0.015384615613864018,
    "sendClientPoses": 0,
    "effectsAndFog": 0.07692307692307693,
    "syncStructures": 0.020000004768371583
  },
  "userAgent": "Mozilla/5.0 (Linux; Android 10; K) AppleWebKit/537.36 (KHTML, like Gecko) Chrome/145.0.0.0 Mobile Safari/537.36",
  "timestamp": "2026-04-13T20:25:05.614Z"
}