{
  "buildNumber": "274",
  "buildId": "CB7E_Olw",
  "sessionId": "PJns0EXEj",
  "durationSec": 30.502,
  "avgFps": 40.625006950902346,
  "minFps": 31.192882327528594,
  "maxFps": 47.48005890965272,
  "avgSectionTimingsMs": {
    "hud": 0.01873905413935773,
    "camera": 0.007880910761302073,
    "autoEngage": 0.004336399463932607,
    "syncPlayers": 0.10184049112665142,
    "syncUnits": 0.6476774761334101,
    "syncResources": 0.020595968448729185,
    "sendClientPoses": 0.09088518829015553,
    "effectsAndFog": 0.05661700251957077,
    "syncStructures": 0.21858407069096522
  },
  "userAgent": "Mozilla/5.0 (Linux; Android 10; K) AppleWebKit/537.36 (KHTML, like Gecko) Chrome/145.0.0.0 Mobile Safari/537.36",
  "timestamp": "2026-04-13T20:10:58.987Z"
}