{
  "buildNumber": "276",
  "buildId": "BdYYCv-Z",
  "sessionId": "P2QeoMsYc",
  "durationSec": 44.393,
  "avgFps": 35.229582027710954,
  "minFps": 25.13416077027156,
  "maxFps": 42.24570034076106,
  "avgSectionTimingsMs": {
    "hud": 0.025972222412625947,
    "camera": 0.009444444440305233,
    "autoEngage": 0.0059048279307293535,
    "syncPlayers": 0.13870743573581784,
    "syncUnits": 0.7138985409307513,
    "syncResources": 0.029464906002598722,
    "sendClientPoses": 0.10903405157371558,
    "effectsAndFog": 0.06330785285772095,
    "syncStructures": 0.1846153840651879
  },
  "userAgent": "Mozilla/5.0 (Linux; Android 10; K) AppleWebKit/537.36 (KHTML, like Gecko) Chrome/145.0.0.0 Mobile Safari/537.36",
  "timestamp": "2026-04-13T20:21:03.365Z"
}