{
  "buildNumber": "276",
  "buildId": "BdYYCv-Z",
  "sessionId": "P2QeoMsYc",
  "durationSec": 18.605,
  "avgFps": 39.69696236487452,
  "minFps": 36.502310748463614,
  "maxFps": 42.24570034076106,
  "avgSectionTimingsMs": {
    "hud": 0.027015559111828513,
    "camera": 0.006223479583543295,
    "autoEngage": 0.004883227096073018,
    "syncPlayers": 0.11033994352007047,
    "syncUnits": 0.1927762037887114,
    "syncResources": 0.027337110245194043,
    "sendClientPoses": 0.03413597741309374,
    "effectsAndFog": 0.05920679926365698,
    "syncStructures": 0.28913043504175934
  },
  "userAgent": "Mozilla/5.0 (Linux; Android 10; K) AppleWebKit/537.36 (KHTML, like Gecko) Chrome/145.0.0.0 Mobile Safari/537.36",
  "timestamp": "2026-04-13T20:20:37.577Z"
}