{
  "buildNumber": "273",
  "buildId": "BF-xNiwv",
  "sessionId": "P_6xpY7hD",
  "durationSec": 35.154,
  "avgFps": 32.460013235639195,
  "minFps": 22.879415290304994,
  "maxFps": 40.321994488695054,
  "avgSectionTimingsMs": {
    "hud": 0.026295585361186008,
    "camera": 0.00786948166859127,
    "autoEngage": 0.004656745073489712,
    "syncPlayers": 0.0784822290442977,
    "syncUnits": 0.24121037480581506,
    "syncResources": 0.02728146008295468,
    "sendClientPoses": 0.03256484144702768,
    "effectsAndFog": 11.90806916390441,
    "syncStructures": 0.1741176470821979
  },
  "userAgent": "Mozilla/5.0 (Linux; Android 10; K) AppleWebKit/537.36 (KHTML, like Gecko) Chrome/145.0.0.0 Mobile Safari/537.36",
  "timestamp": "2026-04-13T20:02:32.043Z"
}