{
  "buildNumber": "276",
  "buildId": "BdYYCv-Z",
  "sessionId": "P2QeoMsYc",
  "durationSec": 7.295,
  "avgFps": 41.58308102380783,
  "minFps": 40.51320644167809,
  "maxFps": 42.24570034076106,
  "avgSectionTimingsMs": {
    "hud": 0.027946128287299313,
    "camera": 0.006734006934695774,
    "autoEngage": 0.0033726812313620196,
    "syncPlayers": 0.10540540617060017,
    "syncUnits": 0.034797296733469575,
    "syncResources": 0.02601351327187306,
    "sendClientPoses": 0.0023648648245914563,
    "effectsAndFog": 0.05641891908001255,
    "syncStructures": 0.24629629541326453
  },
  "userAgent": "Mozilla/5.0 (Linux; Android 10; K) AppleWebKit/537.36 (KHTML, like Gecko) Chrome/145.0.0.0 Mobile Safari/537.36",
  "timestamp": "2026-04-13T20:20:26.267Z"
}