{
  "buildNumber": "274",
  "buildId": "CB7E_Olw",
  "sessionId": "PJns0EXEj",
  "durationSec": 16.515,
  "avgFps": 44.24917122538975,
  "minFps": 39.29081962349531,
  "maxFps": 47.48005890965272,
  "avgSectionTimingsMs": {
    "hud": 0.017561683547514098,
    "camera": 0.006966618564201543,
    "autoEngage": 0.0036310820624546117,
    "syncPlayers": 0.09156976804830307,
    "syncUnits": 0.26584302330779475,
    "syncResources": 0.02107558161193548,
    "sendClientPoses": 0.041860464917019356,
    "effectsAndFog": 0.053779069507537886,
    "syncStructures": 0.3247999999523163
  },
  "userAgent": "Mozilla/5.0 (Linux; Android 10; K) AppleWebKit/537.36 (KHTML, like Gecko) Chrome/145.0.0.0 Mobile Safari/537.36",
  "timestamp": "2026-04-13T20:10:45.000Z"
}