{
  "buildNumber": "277",
  "buildId": "CMEduUks",
  "sessionId": "q0WoIYLvG",
  "durationSec": 11.158,
  "avgFps": 38.32427740636306,
  "minFps": 38.014368527508694,
  "maxFps": 39.361938941941844,
  "avgSectionTimingsMs": {
    "hud": 0.020192307706635732,
    "camera": 0.00865384592459752,
    "autoEngage": 0.003489771510432917,
    "syncPlayers": 0.07373493960104793,
    "syncUnits": 0.032289156856307066,
    "syncResources": 0.028433734250355915,
    "sendClientPoses": 0.004337349354502667,
    "effectsAndFog": 0.05253012000796307,
    "syncStructures": 0.20833333404291243
  },
  "userAgent": "Mozilla/5.0 (Linux; Android 10; K) AppleWebKit/537.36 (KHTML, like Gecko) Chrome/145.0.0.0 Mobile Safari/537.36",
  "timestamp": "2026-04-13T20:25:15.997Z"
}