{
  "buildNumber": "274",
  "buildId": "CB7E_Olw",
  "sessionId": "PJns0EXEj",
  "durationSec": 11.743,
  "avgFps": 45.241914663306076,
  "minFps": 44.012616156154714,
  "maxFps": 47.48005890965272,
  "avgSectionTimingsMs": {
    "hud": 0.018359375128056854,
    "camera": 0.00625000026775524,
    "autoEngage": 0.002346041061544931,
    "syncPlayers": 0.08395303415458963,
    "syncUnits": 0.036203522329927657,
    "syncResources": 0.019569471799230857,
    "sendClientPoses": 0.00919765164007646,
    "effectsAndFog": 0.05303326768184595,
    "syncStructures": 0.38988764065035275
  },
  "userAgent": "Mozilla/5.0 (Linux; Android 10; K) AppleWebKit/537.36 (KHTML, like Gecko) Chrome/145.0.0.0 Mobile Safari/537.36",
  "timestamp": "2026-04-13T20:10:40.228Z"
}