{
  "buildNumber": "276",
  "buildId": "BdYYCv-Z",
  "sessionId": "P2QeoMsYc",
  "durationSec": 10.737,
  "avgFps": 41.089333498591955,
  "minFps": 39.638383967582946,
  "maxFps": 42.24570034076106,
  "avgSectionTimingsMs": {
    "hud": 0.02668213477820642,
    "camera": 0.006032482723072344,
    "autoEngage": 0.0033681765112173545,
    "syncPlayers": 0.10372093063454295,
    "syncUnits": 0.03697674385336942,
    "syncResources": 0.026046511253645255,
    "sendClientPoses": 0.0032558139673499174,
    "effectsAndFog": 0.05558139584785284,
    "syncStructures": 0.3382716042759978
  },
  "userAgent": "Mozilla/5.0 (Linux; Android 10; K) AppleWebKit/537.36 (KHTML, like Gecko) Chrome/145.0.0.0 Mobile Safari/537.36",
  "timestamp": "2026-04-13T20:20:29.709Z"
}