{
  "buildNumber": "276",
  "buildId": "BdYYCv-Z",
  "sessionId": "P2QeoMsYc",
  "durationSec": 45.549,
  "avgFps": 35.0428071611489,
  "minFps": 24.825465433277753,
  "maxFps": 42.24570034076106,
  "avgSectionTimingsMs": {
    "hud": 0.02610770298578175,
    "camera": 0.009406952953046084,
    "autoEngage": 0.005932492198612436,
    "syncPlayers": 0.13983628918171578,
    "syncUnits": 0.723669850220459,
    "syncResources": 0.029331514162060996,
    "sendClientPoses": 0.11139154171959928,
    "effectsAndFog": 0.06296043677349533,
    "syncStructures": 0.1952095802672609
  },
  "userAgent": "Mozilla/5.0 (Linux; Android 10; K) AppleWebKit/537.36 (KHTML, like Gecko) Chrome/145.0.0.0 Mobile Safari/537.36",
  "timestamp": "2026-04-13T20:21:04.522Z"
}