{
  "buildNumber": "273",
  "buildId": "BF-xNiwv",
  "sessionId": "P_6xpY7hD",
  "durationSec": 14.954,
  "avgFps": 34.89474487840367,
  "minFps": 32.098293815714115,
  "maxFps": 40.321994488695054,
  "avgSectionTimingsMs": {
    "hud": 0.022131147687552404,
    "camera": 0.008606557291550715,
    "autoEngage": 0.004000000036679782,
    "syncPlayers": 0.07104722834220902,
    "syncUnits": 0.03429158108435128,
    "syncResources": 0.02566735112936345,
    "sendClientPoses": 0.0041067760583066845,
    "effectsAndFog": 9.83223819304296,
    "syncStructures": 0.1715596326447408
  },
  "userAgent": "Mozilla/5.0 (Linux; Android 10; K) AppleWebKit/537.36 (KHTML, like Gecko) Chrome/145.0.0.0 Mobile Safari/537.36",
  "timestamp": "2026-04-13T20:02:11.843Z"
}