{
  "buildNumber": "276",
  "buildId": "BdYYCv-Z",
  "sessionId": "P2QeoMsYc",
  "durationSec": 19.508,
  "avgFps": 39.54920702191708,
  "minFps": 35.87673306134771,
  "maxFps": 42.24570034076106,
  "avgSectionTimingsMs": {
    "hud": 0.026693767325341865,
    "camera": 0.0065040651375685285,
    "autoEngage": 0.00474576263104455,
    "syncPlayers": 0.11004070571675553,
    "syncUnits": 0.19647218446718628,
    "syncResources": 0.027679782669126907,
    "sendClientPoses": 0.03419267310378024,
    "effectsAndFog": 0.05915875217322578,
    "syncStructures": 0.2958333332919412
  },
  "userAgent": "Mozilla/5.0 (Linux; Android 10; K) AppleWebKit/537.36 (KHTML, like Gecko) Chrome/145.0.0.0 Mobile Safari/537.36",
  "timestamp": "2026-04-13T20:20:38.480Z"
}