{
  "buildNumber": "277",
  "buildId": "CMEduUks",
  "sessionId": "q0WoIYLvG",
  "durationSec": 13.74,
  "avgFps": 38.16984957791591,
  "minFps": 37.25494799665809,
  "maxFps": 39.361938941941844,
  "avgSectionTimingsMs": {
    "hud": 0.020939334556314578,
    "camera": 0.008023483120998525,
    "autoEngage": 0.003428011899129884,
    "syncPlayers": 0.0758823526840584,
    "syncUnits": 0.03450980431893293,
    "syncResources": 0.026862744607177434,
    "sendClientPoses": 0.004509803944942998,
    "effectsAndFog": 0.05137254870405384,
    "syncStructures": 0.21359223300970873
  },
  "userAgent": "Mozilla/5.0 (Linux; Android 10; K) AppleWebKit/537.36 (KHTML, like Gecko) Chrome/145.0.0.0 Mobile Safari/537.36",
  "timestamp": "2026-04-13T20:25:18.579Z"
}