{
  "buildNumber": "276",
  "buildId": "BdYYCv-Z",
  "sessionId": "P2QeoMsYc",
  "durationSec": 4.176,
  "avgFps": 41.49514561756979,
  "minFps": 41.125914193165954,
  "maxFps": 41.88124505024189,
  "avgSectionTimingsMs": {
    "hud": 0.025142857687813894,
    "camera": 0.005714285714285714,
    "autoEngage": 0.002578796664076753,
    "syncPlayers": 0.11091954149734015,
    "syncUnits": 0.03160919471718799,
    "syncResources": 0.027011494184362477,
    "sendClientPoses": 0.0022988506089681865,
    "effectsAndFog": 0.061494252291218986,
    "syncStructures": 0.058064514590847875
  },
  "userAgent": "Mozilla/5.0 (Linux; Android 10; K) AppleWebKit/537.36 (KHTML, like Gecko) Chrome/145.0.0.0 Mobile Safari/537.36",
  "timestamp": "2026-04-13T20:20:23.148Z"
}