{
  "buildNumber": "277",
  "buildId": "CMEduUks",
  "sessionId": "q0WoIYLvG",
  "durationSec": 5.617,
  "avgFps": 28.815985800133294,
  "minFps": 28.48434442172548,
  "maxFps": 30.259186777423363,
  "avgSectionTimingsMs": {
    "hud": 0.028205128243336312,
    "camera": 0.010256410600283207,
    "autoEngage": 0.00900321537658716,
    "syncPlayers": 0.10967741935483871,
    "syncUnits": 1.4458064513821756,
    "syncResources": 0.02322580737452353,
    "sendClientPoses": 0.19032258045288825,
    "effectsAndFog": 0.04774193552232558,
    "syncStructures": 0.06410256333840199
  },
  "userAgent": "Mozilla/5.0 (Linux; Android 10; K) AppleWebKit/537.36 (KHTML, like Gecko) Chrome/145.0.0.0 Mobile Safari/537.36",
  "timestamp": "2026-04-13T20:26:05.232Z"
}