{
  "buildNumber": "273",
  "buildId": "BF-xNiwv",
  "sessionId": "P_6xpY7hD",
  "durationSec": 40.461,
  "avgFps": 31.476764892158023,
  "minFps": 20.10517374564855,
  "maxFps": 40.321994488695054,
  "avgSectionTimingsMs": {
    "hud": 0.026357268076226924,
    "camera": 0.008056041942795187,
    "autoEngage": 0.004774419638967493,
    "syncPlayers": 0.08001752893826504,
    "syncUnits": 0.32541630150036893,
    "syncResources": 0.026906222575176816,
    "sendClientPoses": 0.04995617863381776,
    "effectsAndFog": 13.402979842149616,
    "syncStructures": 0.16076388913724157
  },
  "userAgent": "Mozilla/5.0 (Linux; Android 10; K) AppleWebKit/537.36 (KHTML, like Gecko) Chrome/145.0.0.0 Mobile Safari/537.36",
  "timestamp": "2026-04-13T20:02:37.351Z"
}