{
  "buildNumber": "274",
  "buildId": "CB7E_Olw",
  "sessionId": "PJns0EXEj",
  "durationSec": 30.292,
  "avgFps": 40.67984446146769,
  "minFps": 31.192882327528594,
  "maxFps": 47.48005890965272,
  "avgSectionTimingsMs": {
    "hud": 0.01885462539836699,
    "camera": 0.007929515497274862,
    "autoEngage": 0.0043631555646355845,
    "syncPlayers": 0.10185185219350106,
    "syncUnits": 0.6480599649946946,
    "syncResources": 0.020546737197635456,
    "sendClientPoses": 0.0905643737557914,
    "effectsAndFog": 0.056790123330642726,
    "syncStructures": 0.21911111103163824
  },
  "userAgent": "Mozilla/5.0 (Linux; Android 10; K) AppleWebKit/537.36 (KHTML, like Gecko) Chrome/145.0.0.0 Mobile Safari/537.36",
  "timestamp": "2026-04-13T20:10:58.777Z"
}