{
  "buildNumber": "273",
  "buildId": "BF-xNiwv",
  "sessionId": "P_6xpY7hD",
  "durationSec": 32.342,
  "avgFps": 32.94566122380858,
  "minFps": 25.714169577019245,
  "maxFps": 40.321994488695054,
  "avgSectionTimingsMs": {
    "hud": 0.027106598942412942,
    "camera": 0.008121827290142854,
    "autoEngage": 0.0045708481311313755,
    "syncPlayers": 0.07733739879194314,
    "syncUnits": 0.1850609757854202,
    "syncResources": 0.027743902451139155,
    "sendClientPoses": 0.024288617831662418,
    "effectsAndFog": 11.145630080979771,
    "syncStructures": 0.18474576243404614
  },
  "userAgent": "Mozilla/5.0 (Linux; Android 10; K) AppleWebKit/537.36 (KHTML, like Gecko) Chrome/145.0.0.0 Mobile Safari/537.36",
  "timestamp": "2026-04-13T20:02:29.231Z"
}