{
  "buildNumber": "277",
  "buildId": "CMEduUks",
  "sessionId": "q0WoIYLvG",
  "durationSec": 25.375,
  "avgFps": 37.54010589833241,
  "minFps": 33.37456852740384,
  "maxFps": 39.361938941941844,
  "avgSectionTimingsMs": {
    "hud": 0.022975929880298722,
    "camera": 0.00809627989840977,
    "autoEngage": 0.004707170335334314,
    "syncPlayers": 0.07765607883478438,
    "syncUnits": 0.2498357067494638,
    "syncResources": 0.02573932069154846,
    "sendClientPoses": 0.0366922234065692,
    "effectsAndFog": 0.04983570629900152,
    "syncStructures": 0.21780104708921222
  },
  "userAgent": "Mozilla/5.0 (Linux; Android 10; K) AppleWebKit/537.36 (KHTML, like Gecko) Chrome/145.0.0.0 Mobile Safari/537.36",
  "timestamp": "2026-04-13T20:25:30.215Z"
}