{
  "buildNumber": "277",
  "buildId": "CMEduUks",
  "sessionId": "q0WoIYLvG",
  "durationSec": 10.452,
  "avgFps": 38.32892765486651,
  "minFps": 38.014368527508694,
  "maxFps": 39.361938941941844,
  "avgSectionTimingsMs": {
    "hud": 0.02046035813248676,
    "camera": 0.008439897500035707,
    "autoEngage": 0.0034571064113807434,
    "syncPlayers": 0.07333333308880145,
    "syncUnits": 0.031025641239606418,
    "syncResources": 0.028717948076052543,
    "sendClientPoses": 0.004615384569534889,
    "effectsAndFog": 0.053589743070113355,
    "syncStructures": 0.20886075987091549
  },
  "userAgent": "Mozilla/5.0 (Linux; Android 10; K) AppleWebKit/537.36 (KHTML, like Gecko) Chrome/145.0.0.0 Mobile Safari/537.36",
  "timestamp": "2026-04-13T20:25:15.291Z"
}