{
  "buildNumber": "277",
  "buildId": "CMEduUks",
  "sessionId": "q0WoIYLvG",
  "durationSec": 4.88,
  "avgFps": 28.839054785264317,
  "minFps": 28.48434442172548,
  "maxFps": 30.259186777423363,
  "avgSectionTimingsMs": {
    "hud": 0.025925925705167982,
    "camera": 0.010370370635279902,
    "autoEngage": 0.009665427376346517,
    "syncPlayers": 0.10895522383611593,
    "syncUnits": 1.520149253642381,
    "syncResources": 0.023880598260395562,
    "sendClientPoses": 0.1873134330137452,
    "effectsAndFog": 0.05000000013344323,
    "syncStructures": 0.06764705742106718
  },
  "userAgent": "Mozilla/5.0 (Linux; Android 10; K) AppleWebKit/537.36 (KHTML, like Gecko) Chrome/145.0.0.0 Mobile Safari/537.36",
  "timestamp": "2026-04-13T20:26:04.495Z"
}