{
  "buildNumber": "276",
  "buildId": "BdYYCv-Z",
  "sessionId": "P2QeoMsYc",
  "durationSec": 20.459,
  "avgFps": 39.393230331114715,
  "minFps": 35.407549796010784,
  "maxFps": 42.24570034076106,
  "avgSectionTimingsMs": {
    "hud": 0.026788036790718804,
    "camera": 0.006631989744146717,
    "autoEngage": 0.004749511966630865,
    "syncPlayers": 0.1101562501086543,
    "syncUnits": 0.20846354158129543,
    "syncResources": 0.027604166534729302,
    "sendClientPoses": 0.03750000009313226,
    "effectsAndFog": 0.059114583767950535,
    "syncStructures": 0.29013157871208695
  },
  "userAgent": "Mozilla/5.0 (Linux; Android 10; K) AppleWebKit/537.36 (KHTML, like Gecko) Chrome/145.0.0.0 Mobile Safari/537.36",
  "timestamp": "2026-04-13T20:20:39.431Z"
}