{
  "buildNumber": "275",
  "buildId": "DlwQSAVw",
  "sessionId": "7MiGiHpAI",
  "durationSec": 17.992,
  "avgFps": 20.810665304975096,
  "minFps": 15.453768091335075,
  "maxFps": 22.854172486012928,
  "avgSectionTimingsMs": {
    "hud": 0.015365239655040674,
    "camera": 0.010831233986679192,
    "autoEngage": 0.006052963445045308,
    "syncPlayers": 0.1260101010251527,
    "syncUnits": 0.8762626261873678,
    "syncStructures": 0.07669172968183245,
    "syncResources": 0.029797979527049594,
    "sendClientPoses": 0.18888888891899225,
    "effectsAndFog": 16.45934343465952
  },
  "userAgent": "Mozilla/5.0 (Linux; Android 10; K) AppleWebKit/537.36 (KHTML, like Gecko) Chrome/145.0.0.0 Mobile Safari/537.36",
  "timestamp": "2026-04-13T20:14:39.220Z"
}