{
  "buildNumber": "273",
  "buildId": "BF-xNiwv",
  "sessionId": "P_6xpY7hD",
  "durationSec": 39.346,
  "avgFps": 31.688148886657483,
  "minFps": 20.473564994198064,
  "maxFps": 40.321994488695054,
  "avgSectionTimingsMs": {
    "hud": 0.026315789580026127,
    "camera": 0.008028545861367559,
    "autoEngage": 0.004819277113753203,
    "syncPlayers": 0.07964285755796092,
    "syncUnits": 0.3169642857408949,
    "syncResources": 0.026964285677032813,
    "sendClientPoses": 0.04651785708431687,
    "effectsAndFog": 13.113482142665557,
    "syncStructures": 0.1629893239918977
  },
  "userAgent": "Mozilla/5.0 (Linux; Android 10; K) AppleWebKit/537.36 (KHTML, like Gecko) Chrome/145.0.0.0 Mobile Safari/537.36",
  "timestamp": "2026-04-13T20:02:36.235Z"
}