{
  "buildNumber": "277",
  "buildId": "CMEduUks",
  "sessionId": "q0WoIYLvG",
  "durationSec": 3.599,
  "avgFps": 28.90944314720181,
  "minFps": 28.48434442172548,
  "maxFps": 30.259186777423363,
  "avgSectionTimingsMs": {
    "hud": 0.02626262620241955,
    "camera": 0.012121212301832256,
    "autoEngage": 0.010659898295620371,
    "syncPlayers": 0.11326530697394391,
    "syncUnits": 1.6734693877551021,
    "syncResources": 0.023469389093165496,
    "sendClientPoses": 0.19285714261385858,
    "effectsAndFog": 0.05102040846737064,
    "syncStructures": 0.07199999809265137
  },
  "userAgent": "Mozilla/5.0 (Linux; Android 10; K) AppleWebKit/537.36 (KHTML, like Gecko) Chrome/145.0.0.0 Mobile Safari/537.36",
  "timestamp": "2026-04-13T20:26:03.214Z"
}