{
  "buildNumber": "276",
  "buildId": "BdYYCv-Z",
  "sessionId": "P2QeoMsYc",
  "durationSec": 2.318,
  "avgFps": 41.305413957069376,
  "minFps": 41.125914193165954,
  "maxFps": 41.50832673365585,
  "avgSectionTimingsMs": {
    "hud": 0.030612244593853852,
    "camera": 0.005102041120431861,
    "autoEngage": 0.0030769231991890147,
    "syncPlayers": 0.12268041366154385,
    "syncUnits": 0.024742267795444764,
    "syncResources": 0.03195876282514985,
    "sendClientPoses": 0.001030927773603459,
    "effectsAndFog": 0.06597938089026618,
    "syncStructures": 0.0999999975456911
  },
  "userAgent": "Mozilla/5.0 (Linux; Android 10; K) AppleWebKit/537.36 (KHTML, like Gecko) Chrome/145.0.0.0 Mobile Safari/537.36",
  "timestamp": "2026-04-13T20:20:21.290Z"
}