{
  "buildNumber": "273",
  "buildId": "BF-xNiwv",
  "sessionId": "P_6xpY7hD",
  "durationSec": 43,
  "avgFps": 31.02365263405095,
  "minFps": 19.15374517394548,
  "maxFps": 40.321994488695054,
  "avgSectionTimingsMs": {
    "hud": 0.02626262635293633,
    "camera": 0.007996632921374607,
    "autoEngage": 0.004842105275706241,
    "syncPlayers": 0.08171861876734386,
    "syncUnits": 0.400842460018301,
    "syncResources": 0.026790227398916563,
    "sendClientPoses": 0.05838247679217884,
    "effectsAndFog": 13.980202190345741,
    "syncStructures": 0.15657894764291613
  },
  "userAgent": "Mozilla/5.0 (Linux; Android 10; K) AppleWebKit/537.36 (KHTML, like Gecko) Chrome/145.0.0.0 Mobile Safari/537.36",
  "timestamp": "2026-04-13T20:02:39.890Z"
}