{
  "buildNumber": "273",
  "buildId": "BF-xNiwv",
  "sessionId": "P_6xpY7hD",
  "durationSec": 10.816,
  "avgFps": 35.73889858448398,
  "minFps": 32.298311318800174,
  "maxFps": 40.321994488695054,
  "avgSectionTimingsMs": {
    "hud": 0.021971831019495576,
    "camera": 0.007323943477281382,
    "autoEngage": 0.004372355505845106,
    "syncPlayers": 0.06864406841959657,
    "syncUnits": 0.03361581897331496,
    "syncResources": 0.02881355945673366,
    "sendClientPoses": 0.0033898304747996357,
    "effectsAndFog": 9.778248587149685,
    "syncStructures": 0.1329113916505741
  },
  "userAgent": "Mozilla/5.0 (Linux; Android 10; K) AppleWebKit/537.36 (KHTML, like Gecko) Chrome/145.0.0.0 Mobile Safari/537.36",
  "timestamp": "2026-04-13T20:02:07.705Z"
}