{
  "buildNumber": "274",
  "buildId": "CB7E_Olw",
  "sessionId": "PJns0EXEj",
  "durationSec": 15.304,
  "avgFps": 44.54355726488972,
  "minFps": 40.38775949799375,
  "maxFps": 47.48005890965272,
  "avgSectionTimingsMs": {
    "hud": 0.01780185753900569,
    "camera": 0.006191950787331667,
    "autoEngage": 0.003563129352470593,
    "syncPlayers": 0.09069767497306647,
    "syncUnits": 0.20868217062580494,
    "syncResources": 0.021395349086717117,
    "sendClientPoses": 0.03348837185275647,
    "effectsAndFog": 0.053023255518240525,
    "syncStructures": 0.3418803416256212
  },
  "userAgent": "Mozilla/5.0 (Linux; Android 10; K) AppleWebKit/537.36 (KHTML, like Gecko) Chrome/145.0.0.0 Mobile Safari/537.36",
  "timestamp": "2026-04-13T20:10:43.789Z"
}