{
  "buildNumber": "274",
  "buildId": "CB7E_Olw",
  "sessionId": "PJns0EXEj",
  "durationSec": 1.578,
  "avgFps": 46.58787688585998,
  "minFps": 45.86004418223954,
  "maxFps": 47.48005890965272,
  "avgSectionTimingsMs": {
    "hud": 0.02318840527880019,
    "camera": 0.004347826259723608,
    "autoEngage": 0,
    "syncPlayers": 0.08970588270355673,
    "syncUnits": 0.02058823494350209,
    "syncResources": 0.0294117651441518,
    "sendClientPoses": 0.00588235302883036,
    "effectsAndFog": 0.06470588287886452,
    "syncStructures": 0
  },
  "userAgent": "Mozilla/5.0 (Linux; Android 10; K) AppleWebKit/537.36 (KHTML, like Gecko) Chrome/145.0.0.0 Mobile Safari/537.36",
  "timestamp": "2026-04-13T20:10:30.063Z"
}