{
  "buildNumber": "273",
  "buildId": "BF-xNiwv",
  "sessionId": "P_6xpY7hD",
  "durationSec": 46.545,
  "avgFps": 30.425563708777073,
  "minFps": 18.48673624525825,
  "maxFps": 40.321994488695054,
  "avgSectionTimingsMs": {
    "hud": 0.025860688608106943,
    "camera": 0.008086469098985243,
    "autoEngage": 0.00512615138643209,
    "syncPlayers": 0.08261218000776492,
    "syncUnits": 0.4711538460583259,
    "syncResources": 0.027483974296886187,
    "sendClientPoses": 0.06947115381272176,
    "effectsAndFog": 14.89391025635772,
    "syncStructures": 0.15061349727990436
  },
  "userAgent": "Mozilla/5.0 (Linux; Android 10; K) AppleWebKit/537.36 (KHTML, like Gecko) Chrome/145.0.0.0 Mobile Safari/537.36",
  "timestamp": "2026-04-13T20:02:43.434Z"
}