{
  "buildNumber": "277",
  "buildId": "CMEduUks",
  "sessionId": "q0WoIYLvG",
  "durationSec": 22.962,
  "avgFps": 37.83168677696483,
  "minFps": 35.221455159829034,
  "maxFps": 39.361938941941844,
  "avgSectionTimingsMs": {
    "hud": 0.02321428553689094,
    "camera": 0.007738095060700462,
    "autoEngage": 0.004705181783547779,
    "syncPlayers": 0.07699642434307731,
    "syncUnits": 0.16948748537127253,
    "syncResources": 0.025744934118973342,
    "sendClientPoses": 0.02622169234897582,
    "effectsAndFog": 0.048629320314302775,
    "syncStructures": 0.23546511645233908
  },
  "userAgent": "Mozilla/5.0 (Linux; Android 10; K) AppleWebKit/537.36 (KHTML, like Gecko) Chrome/145.0.0.0 Mobile Safari/537.36",
  "timestamp": "2026-04-13T20:25:27.801Z"
}