{
  "buildNumber": "275",
  "buildId": "DlwQSAVw",
  "sessionId": "7MiGiHpAI",
  "durationSec": 8.702,
  "avgFps": 18.98370400869909,
  "minFps": 15.453768091335075,
  "maxFps": 21.11740375438308,
  "avgSectionTimingsMs": {
    "hud": 0.02287234144007906,
    "camera": 0.009042552969557173,
    "autoEngage": 0.006933333237965902,
    "syncPlayers": 0.13796791402413883,
    "syncUnits": 1.0518716576902625,
    "syncStructures": 0.07936507794592115,
    "syncResources": 0.03475935812939934,
    "sendClientPoses": 0.204278075280674,
    "effectsAndFog": 17.053475935828878
  },
  "userAgent": "Mozilla/5.0 (Linux; Android 10; K) AppleWebKit/537.36 (KHTML, like Gecko) Chrome/145.0.0.0 Mobile Safari/537.36",
  "timestamp": "2026-04-13T20:14:29.930Z"
}