{
  "buildNumber": "274",
  "buildId": "CB7E_Olw",
  "sessionId": "PJns0EXEj",
  "durationSec": 27.335,
  "avgFps": 41.466492657878476,
  "minFps": 31.92384310337146,
  "maxFps": 47.48005890965272,
  "avgSectionTimingsMs": {
    "hud": 0.018564593193063327,
    "camera": 0.008038277603222423,
    "autoEngage": 0.004451890848309529,
    "syncPlayers": 0.10057471298623359,
    "syncUnits": 0.5916666668265259,
    "syncResources": 0.02021072799218569,
    "sendClientPoses": 0.08285440604462935,
    "effectsAndFog": 0.05622605345715052,
    "syncStructures": 0.23676470579469905
  },
  "userAgent": "Mozilla/5.0 (Linux; Android 10; K) AppleWebKit/537.36 (KHTML, like Gecko) Chrome/145.0.0.0 Mobile Safari/537.36",
  "timestamp": "2026-04-13T20:10:55.821Z"
}