{
  "buildNumber": "275",
  "buildId": "DlwQSAVw",
  "sessionId": "7MiGiHpAI",
  "durationSec": 21.006,
  "avgFps": 21.14513851022019,
  "minFps": 15.453768091335075,
  "maxFps": 23.285890513152527,
  "avgSectionTimingsMs": {
    "hud": 0.017204301203450848,
    "camera": 0.01053763416505629,
    "autoEngage": 0.006458557556725164,
    "syncPlayers": 0.12262931042190256,
    "syncUnits": 0.8534482755409233,
    "syncStructures": 0.07354838713522881,
    "syncResources": 0.028879310164985985,
    "sendClientPoses": 0.19267241387017842,
    "effectsAndFog": 16.478017241918835
  },
  "userAgent": "Mozilla/5.0 (Linux; Android 10; K) AppleWebKit/537.36 (KHTML, like Gecko) Chrome/145.0.0.0 Mobile Safari/537.36",
  "timestamp": "2026-04-13T20:14:42.234Z"
}