{
  "buildNumber": "277",
  "buildId": "CMEduUks",
  "sessionId": "q0WoIYLvG",
  "durationSec": 40.051,
  "avgFps": 34.86294773540142,
  "minFps": 26.510727529094936,
  "maxFps": 39.361938941941844,
  "avgSectionTimingsMs": {
    "hud": 0.02225633135961736,
    "camera": 0.009823484138992322,
    "autoEngage": 0.006257197735634509,
    "syncPlayers": 0.08725038365376526,
    "syncUnits": 0.763364055510124,
    "syncResources": 0.02642089075848071,
    "sendClientPoses": 0.08095238086540028,
    "effectsAndFog": 0.04976958528550173,
    "syncStructures": 0.16496598690140005
  },
  "userAgent": "Mozilla/5.0 (Linux; Android 10; K) AppleWebKit/537.36 (KHTML, like Gecko) Chrome/145.0.0.0 Mobile Safari/537.36",
  "timestamp": "2026-04-13T20:25:44.891Z"
}