{
  "buildNumber": "275",
  "buildId": "DlwQSAVw",
  "sessionId": "7MiGiHpAI",
  "durationSec": 16.171,
  "avgFps": 20.588088644937365,
  "minFps": 15.453768091335075,
  "maxFps": 22.854172486012928,
  "avgSectionTimingsMs": {
    "hud": 0.01661971866245001,
    "camera": 0.010140844801781883,
    "autoEngage": 0.006205923844796141,
    "syncPlayers": 0.1248587571126593,
    "syncUnits": 0.8957627118475693,
    "syncStructures": 0.07815126060437755,
    "syncResources": 0.02966101669659049,
    "sendClientPoses": 0.18559322038949547,
    "effectsAndFog": 16.573446328272926
  },
  "userAgent": "Mozilla/5.0 (Linux; Android 10; K) AppleWebKit/537.36 (KHTML, like Gecko) Chrome/145.0.0.0 Mobile Safari/537.36",
  "timestamp": "2026-04-13T20:14:37.399Z"
}