{
  "buildNumber": "273",
  "buildId": "BF-xNiwv",
  "sessionId": "P_6xpY7hD",
  "durationSec": 6.766,
  "avgFps": 37.09603347775455,
  "minFps": 35.905774044603035,
  "maxFps": 40.321994488695054,
  "avgSectionTimingsMs": {
    "hud": 0.023504273886354562,
    "camera": 0.007692307488531129,
    "autoEngage": 0.0025695931222249916,
    "syncPlayers": 0.06480686782255705,
    "syncUnits": 0.033905579424723026,
    "syncResources": 0.03133047202626012,
    "sendClientPoses": 0.003004291794330777,
    "effectsAndFog": 8.919742488809922,
    "syncStructures": 0.005999999642372131
  },
  "userAgent": "Mozilla/5.0 (Linux; Android 10; K) AppleWebKit/537.36 (KHTML, like Gecko) Chrome/145.0.0.0 Mobile Safari/537.36",
  "timestamp": "2026-04-13T20:02:03.655Z"
}