{
  "buildNumber": "274",
  "buildId": "CB7E_Olw",
  "sessionId": "PJns0EXEj",
  "durationSec": 10.752,
  "avgFps": 45.30925011172224,
  "minFps": 44.012616156154714,
  "maxFps": 47.48005890965272,
  "avgSectionTimingsMs": {
    "hud": 0.018855932405439473,
    "camera": 0.006355932455951885,
    "autoEngage": 0.0024390243712816614,
    "syncPlayers": 0.08386411984508457,
    "syncUnits": 0.017622080578166208,
    "syncResources": 0.01910828031805164,
    "sendClientPoses": 0.005307855626326964,
    "effectsAndFog": 0.051804670419409525,
    "syncStructures": 0.364634146777595
  },
  "userAgent": "Mozilla/5.0 (Linux; Android 10; K) AppleWebKit/537.36 (KHTML, like Gecko) Chrome/145.0.0.0 Mobile Safari/537.36",
  "timestamp": "2026-04-13T20:10:39.237Z"
}