{
  "buildNumber": "273",
  "buildId": "BF-xNiwv",
  "sessionId": "P_6xpY7hD",
  "durationSec": 20.832,
  "avgFps": 34.097725875545606,
  "minFps": 31.245944527628296,
  "maxFps": 40.321994488695054,
  "avgSectionTimingsMs": {
    "hud": 0.023283582214099256,
    "camera": 0.00880597006918779,
    "autoEngage": 0.0038834951367282084,
    "syncPlayers": 0.07518684650215868,
    "syncUnits": 0.033333333217509656,
    "syncResources": 0.02989536626278374,
    "sendClientPoses": 0.00523168908819133,
    "effectsAndFog": 9.998953661932894,
    "syncStructures": 0.15789473664603734
  },
  "userAgent": "Mozilla/5.0 (Linux; Android 10; K) AppleWebKit/537.36 (KHTML, like Gecko) Chrome/145.0.0.0 Mobile Safari/537.36",
  "timestamp": "2026-04-13T20:02:17.722Z"
}