{
  "buildNumber": "274",
  "buildId": "CB7E_Olw",
  "sessionId": "PJns0EXEj",
  "durationSec": 1.051,
  "avgFps": 47.001418194735216,
  "minFps": 45.86004418223954,
  "maxFps": 47.48005890965272,
  "avgSectionTimingsMs": {
    "hud": 0.02954545413905924,
    "camera": 0.004545454274524342,
    "autoEngage": 0,
    "syncPlayers": 0.10465116279069768,
    "syncUnits": 0.01860465074694434,
    "syncResources": 0.034883720237155295,
    "sendClientPoses": 0,
    "effectsAndFog": 0.06976744255354238,
    "syncStructures": 0
  },
  "userAgent": "Mozilla/5.0 (Linux; Android 10; K) AppleWebKit/537.36 (KHTML, like Gecko) Chrome/145.0.0.0 Mobile Safari/537.36",
  "timestamp": "2026-04-13T20:10:29.536Z"
}