{
  "buildNumber": "276",
  "buildId": "BdYYCv-Z",
  "sessionId": "P2QeoMsYc",
  "durationSec": 27.718,
  "avgFps": 38.07598309976925,
  "minFps": 32.168598108146696,
  "maxFps": 42.24570034076106,
  "avgSectionTimingsMs": {
    "hud": 0.026152304812280352,
    "camera": 0.007314629330185946,
    "autoEngage": 0.004912280618098744,
    "syncPlayers": 0.11524573718772131,
    "syncUnits": 0.32788365113818896,
    "syncResources": 0.02637913721494952,
    "sendClientPoses": 0.06369107330933498,
    "effectsAndFog": 0.05927783376355109,
    "syncStructures": 0.2407766985661775
  },
  "userAgent": "Mozilla/5.0 (Linux; Android 10; K) AppleWebKit/537.36 (KHTML, like Gecko) Chrome/145.0.0.0 Mobile Safari/537.36",
  "timestamp": "2026-04-13T20:20:46.690Z"
}