{
  "buildNumber": "273",
  "buildId": "BF-xNiwv",
  "sessionId": "P_6xpY7hD",
  "durationSec": 13.023,
  "avgFps": 35.23183857092651,
  "minFps": 32.298311318800174,
  "maxFps": 40.321994488695054,
  "avgSectionTimingsMs": {
    "hud": 0.02196261690598782,
    "camera": 0.008177569954194755,
    "autoEngage": 0.00432748540103087,
    "syncPlayers": 0.07049180361370293,
    "syncUnits": 0.03419203745676706,
    "syncResources": 0.026463700401699236,
    "sendClientPoses": 0.003278688468754431,
    "effectsAndFog": 9.708430913279152,
    "syncStructures": 0.19157894692922894
  },
  "userAgent": "Mozilla/5.0 (Linux; Android 10; K) AppleWebKit/537.36 (KHTML, like Gecko) Chrome/145.0.0.0 Mobile Safari/537.36",
  "timestamp": "2026-04-13T20:02:09.912Z"
}