{
  "buildNumber": "273",
  "buildId": "BF-xNiwv",
  "sessionId": "P_6xpY7hD",
  "durationSec": 5.516,
  "avgFps": 37.32072773936909,
  "minFps": 35.9435983015165,
  "maxFps": 40.321994488695054,
  "avgSectionTimingsMs": {
    "hud": 0.024352331544451145,
    "camera": 0.007253885732413573,
    "autoEngage": 0.0028571427642525016,
    "syncPlayers": 0.06614583420256774,
    "syncUnits": 0.03281250006208817,
    "syncResources": 0.03541666672875484,
    "sendClientPoses": 0.003124999813735485,
    "effectsAndFog": 8.61666666623205,
    "syncStructures": 0.00731707273460016
  },
  "userAgent": "Mozilla/5.0 (Linux; Android 10; K) AppleWebKit/537.36 (KHTML, like Gecko) Chrome/145.0.0.0 Mobile Safari/537.36",
  "timestamp": "2026-04-13T20:02:02.405Z"
}