{
  "buildNumber": "274",
  "buildId": "CB7E_Olw",
  "sessionId": "PJns0EXEj",
  "durationSec": 4.346,
  "avgFps": 46.34153731430382,
  "minFps": 45.40970613938231,
  "maxFps": 47.48005890965272,
  "avgSectionTimingsMs": {
    "hud": 0.019689119541583283,
    "camera": 0.005699481988817917,
    "autoEngage": 0.0020779219540682705,
    "syncPlayers": 0.07968750083819032,
    "syncUnits": 0.022395833084980648,
    "syncResources": 0.02760416641831398,
    "sendClientPoses": 0.0052083334885537624,
    "effectsAndFog": 0.05885416595265269,
    "syncStructures": 0.14705882352941177
  },
  "userAgent": "Mozilla/5.0 (Linux; Android 10; K) AppleWebKit/537.36 (KHTML, like Gecko) Chrome/145.0.0.0 Mobile Safari/537.36",
  "timestamp": "2026-04-13T20:10:32.831Z"
}