{
  "buildNumber": "273",
  "buildId": "BF-xNiwv",
  "sessionId": "P_6xpY7hD",
  "durationSec": 37.598,
  "avgFps": 32.00956788995724,
  "minFps": 20.96475332559742,
  "maxFps": 40.321994488695054,
  "avgSectionTimingsMs": {
    "hud": 0.026538108389130198,
    "camera": 0.007897153264125408,
    "autoEngage": 0.004731281571942401,
    "syncPlayers": 0.07886029448469772,
    "syncUnits": 0.28814338240772486,
    "syncResources": 0.026746323523933396,
    "sendClientPoses": 0.04090073523933396,
    "effectsAndFog": 12.618566176087102,
    "syncStructures": 0.167896679186733
  },
  "userAgent": "Mozilla/5.0 (Linux; Android 10; K) AppleWebKit/537.36 (KHTML, like Gecko) Chrome/145.0.0.0 Mobile Safari/537.36",
  "timestamp": "2026-04-13T20:02:34.487Z"
}