{
  "buildNumber": "273",
  "buildId": "BF-xNiwv",
  "sessionId": "P_6xpY7hD",
  "durationSec": 4.753,
  "avgFps": 37.50824665054046,
  "minFps": 35.9435983015165,
  "maxFps": 40.321994488695054,
  "avgSectionTimingsMs": {
    "hud": 0.02455089816790141,
    "camera": 0.007784430852193319,
    "autoEngage": 0.002702702631105532,
    "syncPlayers": 0.06506024139473238,
    "syncUnits": 0.03313253030001399,
    "syncResources": 0.03674698809543288,
    "sendClientPoses": 0.0030120480132390217,
    "effectsAndFog": 8.570481927459499,
    "syncStructures": 0.005714285373687744
  },
  "userAgent": "Mozilla/5.0 (Linux; Android 10; K) AppleWebKit/537.36 (KHTML, like Gecko) Chrome/145.0.0.0 Mobile Safari/537.36",
  "timestamp": "2026-04-13T20:02:01.642Z"
}