{
  "buildNumber": "276",
  "buildId": "BdYYCv-Z",
  "sessionId": "P2QeoMsYc",
  "durationSec": 43.773,
  "avgFps": 35.34301372723276,
  "minFps": 25.13416077027156,
  "maxFps": 42.24570034076106,
  "avgSectionTimingsMs": {
    "hud": 0.02612359570653251,
    "camera": 0.00955056179356709,
    "autoEngage": 0.005795574163109284,
    "syncPlayers": 0.1385804637795339,
    "syncUnits": 0.7084328885323048,
    "syncResources": 0.02944483467163708,
    "sendClientPoses": 0.10815179216049124,
    "effectsAndFog": 0.06345748438520157,
    "syncStructures": 0.18535825489466065
  },
  "userAgent": "Mozilla/5.0 (Linux; Android 10; K) AppleWebKit/537.36 (KHTML, like Gecko) Chrome/145.0.0.0 Mobile Safari/537.36",
  "timestamp": "2026-04-13T20:21:02.745Z"
}