{
  "buildNumber": "277",
  "buildId": "CMEduUks",
  "sessionId": "q0WoIYLvG",
  "durationSec": 7.859,
  "avgFps": 28.747084331541235,
  "minFps": 28.48434442172548,
  "maxFps": 30.259186777423363,
  "avgSectionTimingsMs": {
    "hud": 0.027853881115238417,
    "camera": 0.009132420363491529,
    "autoEngage": 0.008695652132994523,
    "syncPlayers": 0.10733945011545759,
    "syncUnits": 1.3266055038489333,
    "syncResources": 0.026146790029805734,
    "sendClientPoses": 0.1821100912783124,
    "effectsAndFog": 0.04633027506530832,
    "syncStructures": 0.06181818084283309
  },
  "userAgent": "Mozilla/5.0 (Linux; Android 10; K) AppleWebKit/537.36 (KHTML, like Gecko) Chrome/145.0.0.0 Mobile Safari/537.36",
  "timestamp": "2026-04-13T20:26:07.474Z"
}