{
  "buildNumber": "276",
  "buildId": "BdYYCv-Z",
  "sessionId": "P2QeoMsYc",
  "durationSec": 54.492,
  "avgFps": 33.67532831111018,
  "minFps": 23.47566485001089,
  "maxFps": 42.24570034076106,
  "avgSectionTimingsMs": {
    "hud": 0.026419605705742342,
    "camera": 0.010161386676983283,
    "autoEngage": 0.0063079221989898225,
    "syncPlayers": 0.14874401907815318,
    "syncUnits": 0.814354067124676,
    "syncResources": 0.029366028633271677,
    "sendClientPoses": 0.1276315788618115,
    "effectsAndFog": 0.06345693806284353,
    "syncStructures": 0.20995024854864053
  },
  "userAgent": "Mozilla/5.0 (Linux; Android 10; K) AppleWebKit/537.36 (KHTML, like Gecko) Chrome/145.0.0.0 Mobile Safari/537.36",
  "timestamp": "2026-04-13T20:21:13.464Z"
}