{
  "buildNumber": "274",
  "buildId": "CB7E_Olw",
  "sessionId": "PJns0EXEj",
  "durationSec": 30.532,
  "avgFps": 40.61722785147832,
  "minFps": 31.192882327528594,
  "maxFps": 47.48005890965272,
  "avgSectionTimingsMs": {
    "hud": 0.01881014860103971,
    "camera": 0.007874015826252814,
    "autoEngage": 0.00433260392829678,
    "syncPlayers": 0.10175131381393106,
    "syncUnits": 0.6476357270247465,
    "syncResources": 0.020577933450087564,
    "sendClientPoses": 0.09106830109543641,
    "effectsAndFog": 0.056654991128607515,
    "syncStructures": 0.21858407069096522
  },
  "userAgent": "Mozilla/5.0 (Linux; Android 10; K) AppleWebKit/537.36 (KHTML, like Gecko) Chrome/145.0.0.0 Mobile Safari/537.36",
  "timestamp": "2026-04-13T20:10:59.018Z"
}