{
  "buildNumber": "276",
  "buildId": "BdYYCv-Z",
  "sessionId": "P2QeoMsYc",
  "durationSec": 8.75,
  "avgFps": 41.37447902963927,
  "minFps": 40.13490483125857,
  "maxFps": 42.24570034076106,
  "avgSectionTimingsMs": {
    "hud": 0.027966101964314777,
    "camera": 0.0064971752591052295,
    "autoEngage": 0.003253182477964539,
    "syncPlayers": 0.10538243707111132,
    "syncUnits": 0.035410764450392034,
    "syncResources": 0.02606232257470193,
    "sendClientPoses": 0.0019830027990908527,
    "effectsAndFog": 0.05524079353883651,
    "syncStructures": 0.3507692304941324
  },
  "userAgent": "Mozilla/5.0 (Linux; Android 10; K) AppleWebKit/537.36 (KHTML, like Gecko) Chrome/145.0.0.0 Mobile Safari/537.36",
  "timestamp": "2026-04-13T20:20:27.722Z"
}