{
  "buildNumber": "277",
  "buildId": "CMEduUks",
  "sessionId": "q0WoIYLvG",
  "durationSec": 29.443,
  "avgFps": 36.82919997928755,
  "minFps": 29.45054707312387,
  "maxFps": 39.361938941941844,
  "avgSectionTimingsMs": {
    "hud": 0.02304687484866008,
    "camera": 0.008593749807914719,
    "autoEngage": 0.005520273620580311,
    "syncPlayers": 0.08162267822207826,
    "syncUnits": 0.44418377360057737,
    "syncResources": 0.025806451473068284,
    "sendClientPoses": 0.05210166167420493,
    "effectsAndFog": 0.04956011717387075,
    "syncStructures": 0.2004566211678666
  },
  "userAgent": "Mozilla/5.0 (Linux; Android 10; K) AppleWebKit/537.36 (KHTML, like Gecko) Chrome/145.0.0.0 Mobile Safari/537.36",
  "timestamp": "2026-04-13T20:25:34.283Z"
}