{
  "buildNumber": "273",
  "buildId": "BF-xNiwv",
  "sessionId": "P_6xpY7hD",
  "durationSec": 13.693,
  "avgFps": 35.12257078175393,
  "minFps": 32.298311318800174,
  "maxFps": 40.321994488695054,
  "avgSectionTimingsMs": {
    "hud": 0.021875000093132257,
    "camera": 0.008482142750705992,
    "autoEngage": 0.004245810069185395,
    "syncPlayers": 0.07136465365721342,
    "syncUnits": 0.03422818794613183,
    "syncResources": 0.025950783117772217,
    "sendClientPoses": 0.004250559164106979,
    "effectsAndFog": 9.825503355504683,
    "syncStructures": 0.1839999994635582
  },
  "userAgent": "Mozilla/5.0 (Linux; Android 10; K) AppleWebKit/537.36 (KHTML, like Gecko) Chrome/145.0.0.0 Mobile Safari/537.36",
  "timestamp": "2026-04-13T20:02:10.582Z"
}