{
  "buildNumber": "273",
  "buildId": "BF-xNiwv",
  "sessionId": "P_6xpY7hD",
  "durationSec": 52.107,
  "avgFps": 29.54598852514036,
  "minFps": 18.00752703193195,
  "maxFps": 40.321994488695054,
  "avgSectionTimingsMs": {
    "hud": 0.026245353235188028,
    "camera": 0.008104089179446706,
    "autoEngage": 0.005243584984693885,
    "syncPlayers": 0.084970238574204,
    "syncUnits": 0.5398065475746989,
    "syncResources": 0.027678571331004303,
    "sendClientPoses": 0.08809523818837035,
    "effectsAndFog": 16.163764880881423,
    "syncStructures": 0.1444444446100129
  },
  "userAgent": "Mozilla/5.0 (Linux; Android 10; K) AppleWebKit/537.36 (KHTML, like Gecko) Chrome/145.0.0.0 Mobile Safari/537.36",
  "timestamp": "2026-04-13T20:02:48.996Z"
}