{
  "buildNumber": "274",
  "buildId": "CB7E_Olw",
  "sessionId": "PJns0EXEj",
  "durationSec": 30.94,
  "avgFps": 40.509732396343146,
  "minFps": 31.192882327528594,
  "maxFps": 47.48005890965272,
  "avgSectionTimingsMs": {
    "hud": 0.019014693043205175,
    "camera": 0.007778738193091588,
    "autoEngage": 0.00432338953739732,
    "syncPlayers": 0.10198961966590485,
    "syncUnits": 0.6466262977583186,
    "syncResources": 0.02058823530442987,
    "sendClientPoses": 0.09204152234182225,
    "effectsAndFog": 0.056574394365701705,
    "syncStructures": 0.21615720524017468
  },
  "userAgent": "Mozilla/5.0 (Linux; Android 10; K) AppleWebKit/537.36 (KHTML, like Gecko) Chrome/145.0.0.0 Mobile Safari/537.36",
  "timestamp": "2026-04-13T20:10:59.425Z"
}