{
  "buildNumber": "273",
  "buildId": "BF-xNiwv",
  "sessionId": "P_6xpY7hD",
  "durationSec": 29.353,
  "avgFps": 33.36347930642367,
  "minFps": 29.359513071453023,
  "maxFps": 40.321994488695054,
  "avgSectionTimingsMs": {
    "hud": 0.02644178452896475,
    "camera": 0.008052230562297253,
    "autoEngage": 0.004409363088753149,
    "syncPlayers": 0.0764705886443456,
    "syncUnits": 0.10675381270109438,
    "syncResources": 0.027450980411635503,
    "sendClientPoses": 0.015468409605535288,
    "effectsAndFog": 10.467320261048336,
    "syncStructures": 0.19906542025436866
  },
  "userAgent": "Mozilla/5.0 (Linux; Android 10; K) AppleWebKit/537.36 (KHTML, like Gecko) Chrome/145.0.0.0 Mobile Safari/537.36",
  "timestamp": "2026-04-13T20:02:26.243Z"
}