{
  "buildNumber": "273",
  "buildId": "BF-xNiwv",
  "sessionId": "P_6xpY7hD",
  "durationSec": 9.918,
  "avgFps": 36.04313296505831,
  "minFps": 32.3977484250669,
  "maxFps": 40.321994488695054,
  "avgSectionTimingsMs": {
    "hud": 0.02239263807337708,
    "camera": 0.007361963025631349,
    "autoEngage": 0.00460829502243417,
    "syncPlayers": 0.0698461545430697,
    "syncUnits": 0.03384615366275494,
    "syncResources": 0.029846153901173518,
    "sendClientPoses": 0.003384615366275494,
    "effectsAndFog": 9.69692307646458,
    "syncStructures": 0.07397260241312524
  },
  "userAgent": "Mozilla/5.0 (Linux; Android 10; K) AppleWebKit/537.36 (KHTML, like Gecko) Chrome/145.0.0.0 Mobile Safari/537.36",
  "timestamp": "2026-04-13T20:02:06.807Z"
}