{
  "buildNumber": "273",
  "buildId": "BF-xNiwv",
  "sessionId": "P_6xpY7hD",
  "durationSec": 16.375,
  "avgFps": 34.675405319951885,
  "minFps": 31.992790271339192,
  "maxFps": 40.321994488695054,
  "avgSectionTimingsMs": {
    "hud": 0.022368421175874266,
    "camera": 0.009022556357365801,
    "autoEngage": 0.004045155232286857,
    "syncPlayers": 0.07344632802036523,
    "syncUnits": 0.03389830497249596,
    "syncResources": 0.027118644135146492,
    "sendClientPoses": 0.0047080978723120104,
    "effectsAndFog": 9.890018832212114,
    "syncStructures": 0.1714285712282197
  },
  "userAgent": "Mozilla/5.0 (Linux; Android 10; K) AppleWebKit/537.36 (KHTML, like Gecko) Chrome/145.0.0.0 Mobile Safari/537.36",
  "timestamp": "2026-04-13T20:02:13.265Z"
}