{
  "buildNumber": "274",
  "buildId": "CB7E_Olw",
  "sessionId": "PJns0EXEj",
  "durationSec": 26.959,
  "avgFps": 41.56676981748258,
  "minFps": 32.56512413782861,
  "maxFps": 47.48005890965272,
  "avgSectionTimingsMs": {
    "hud": 0.01837524166420765,
    "camera": 0.008123791194746065,
    "autoEngage": 0.004402515720386809,
    "syncPlayers": 0.10019361118841033,
    "syncUnits": 0.5810261376541097,
    "syncResources": 0.020135527629935385,
    "sendClientPoses": 0.08189738619015963,
    "effectsAndFog": 0.056243949453459126,
    "syncStructures": 0.23861386117958786
  },
  "userAgent": "Mozilla/5.0 (Linux; Android 10; K) AppleWebKit/537.36 (KHTML, like Gecko) Chrome/145.0.0.0 Mobile Safari/537.36",
  "timestamp": "2026-04-13T20:10:55.444Z"
}