{
  "buildNumber": "276",
  "buildId": "BdYYCv-Z",
  "sessionId": "P2QeoMsYc",
  "durationSec": 11.154,
  "avgFps": 41.042156344107,
  "minFps": 39.638383967582946,
  "maxFps": 42.24570034076106,
  "avgSectionTimingsMs": {
    "hud": 0.026457399263510255,
    "camera": 0.005829596532834485,
    "autoEngage": 0.003367003333555194,
    "syncPlayers": 0.1040449443158139,
    "syncUnits": 0.055280898528152635,
    "syncResources": 0.026292134469814515,
    "sendClientPoses": 0.005842696682790692,
    "effectsAndFog": 0.0582022476062346,
    "syncStructures": 0.3369047613370986
  },
  "userAgent": "Mozilla/5.0 (Linux; Android 10; K) AppleWebKit/537.36 (KHTML, like Gecko) Chrome/145.0.0.0 Mobile Safari/537.36",
  "timestamp": "2026-04-13T20:20:30.126Z"
}