{
  "buildNumber": "274",
  "buildId": "CB7E_Olw",
  "sessionId": "PJns0EXEj",
  "durationSec": 3.788,
  "avgFps": 46.480202667714764,
  "minFps": 45.86004418223954,
  "maxFps": 47.48005890965272,
  "avgSectionTimingsMs": {
    "hud": 0.018452381094296772,
    "camera": 0.004761905010257449,
    "autoEngage": 0.0017910446693648154,
    "syncPlayers": 0.08143712642663967,
    "syncUnits": 0.023353293091951017,
    "syncResources": 0.02694610760597412,
    "sendClientPoses": 0.004790419233059455,
    "effectsAndFog": 0.05808383190703249,
    "syncStructures": 0.15000000099341074
  },
  "userAgent": "Mozilla/5.0 (Linux; Android 10; K) AppleWebKit/537.36 (KHTML, like Gecko) Chrome/145.0.0.0 Mobile Safari/537.36",
  "timestamp": "2026-04-13T20:10:32.273Z"
}