{
  "buildNumber": "277",
  "buildId": "CMEduUks",
  "sessionId": "q0WoIYLvG",
  "durationSec": 17.507,
  "avgFps": 37.97344650872946,
  "minFps": 36.94121099749357,
  "maxFps": 39.361938941941844,
  "avgSectionTimingsMs": {
    "hud": 0.02085889560496149,
    "camera": 0.008435582639249557,
    "autoEngage": 0.0036838067465348144,
    "syncPlayers": 0.07373271884822992,
    "syncUnits": 0.034715822307012416,
    "syncResources": 0.025192011931707965,
    "sendClientPoses": 0.004915514574622229,
    "effectsAndFog": 0.04700460791954064,
    "syncStructures": 0.2488549615590627
  },
  "userAgent": "Mozilla/5.0 (Linux; Android 10; K) AppleWebKit/537.36 (KHTML, like Gecko) Chrome/145.0.0.0 Mobile Safari/537.36",
  "timestamp": "2026-04-13T20:25:22.346Z"
}