{
  "buildNumber": "273",
  "buildId": "BF-xNiwv",
  "sessionId": "P_6xpY7hD",
  "durationSec": 19.647,
  "avgFps": 34.20642266343044,
  "minFps": 31.245944527628296,
  "maxFps": 40.321994488695054,
  "avgSectionTimingsMs": {
    "hud": 0.023113207715862203,
    "camera": 0.0089622640853408,
    "autoEngage": 0.003776553880502444,
    "syncPlayers": 0.07511811068677526,
    "syncUnits": 0.034015747881311134,
    "syncResources": 0.029606299325237125,
    "sendClientPoses": 0.004251968485163892,
    "effectsAndFog": 9.906614172881044,
    "syncStructures": 0.1636363636780452
  },
  "userAgent": "Mozilla/5.0 (Linux; Android 10; K) AppleWebKit/537.36 (KHTML, like Gecko) Chrome/145.0.0.0 Mobile Safari/537.36",
  "timestamp": "2026-04-13T20:02:16.536Z"
}